Data_Status,State,MSN,1960,1961,1962,1963,1964,1965,1966,1967,1968,1969,1970,1971,1972,1973,1974,1975,1976,1977,1978,1979,1980,1981,1982,1983,1984,1985,1986,1987,1988,1989,1990,1991,1992,1993,1994,1995,1996,1997,1998,1999,2000,2001,2002,2003,2004,2005,2006,2007,2008,2009,2010,2011,2012,2013,2014,2015,2016,2017,2018,2019,2020,2021,2022,2023
2023F,AK,CDEGR,,,,,,,,,,,,,,,,,,,,,,,,,,,,,,,,,,,,,,1007.6,1053.2,1082.1,1140.2,1070.7,1025.3,1049.5,1083.9,1075.7,958.8,873.1,785.4,682.2,694.9,689.3,636.9,627.2,640.3,652.8,625.1,630.2,658.1,654.9,716.3,773.4,830.2,798.3
2023F,AK,CDTCR,68.1,69.2,69.5,68.4,67.9,67,67.8,69.3,68.1,64.9,63.3,63.7,63.4,64.1,64.2,63.3,63.4,62,60.8,59.1,59.7,62,59.3,60,60.1,61.9,63.1,60.6,59,58.7,59.1,58.1,58,58.4,58.2,57.9,58.2,59,59.3,59.8,59.6,59,59.4,59.9,60.7,60.6,61.7,61.2,61,59.4,59.2,59,58.6,58.3,58.3,58.1,57.4,57.1,58.2,57.6,57.6,58.1,57.7,57.8
2023F,AK,CDTPR,17.6,20.4,21.7,21,21.4,21.1,25.1,28.1,28.7,33.8,37.4,40.1,41.4,37.8,37.5,38.7,39.8,44.5,48.2,43.5,43,40.8,53.4,53.3,55.9,54.6,57.8,55.4,56,61.2,61.7,60.8,61.2,59.8,59.2,66.5,67.8,67.5,68.4,68.9,69.8,67.6,66.9,66.7,70.5,71.6,67.5,64.3,57,53.6,52.2,51.6,49.8,46.4,46.3,47.5,45,45.5,46.9,46.8,49.2,54.2,57.4,58.6
2023F,AK,CLACE,0,0,0,0,0,0,0,0,0,0,0,0,0,0,0,0,0,0,0,0,0,0,0,0,0,0,0,0,0,0,0,0,0,0,0,0,0,0,0,0,0,0,0,0,0,0,0,0,0,0,0,0,0,0,0,0,0,0,0,0,0,0,0,0
2023F,AK,CLCCE,0,0,0.1,0,0,0,0,0,0,0,0,0,0,0,0,0,0,0,0,0,0,0.6,0.6,0.6,0.6,0.5,0.6,0,0,0,0.6,0.6,0.6,0.7,0.7,0.7,0.6,0.7,0.7,0.7,0.7,0.6,0.6,0.6,0.7,0.7,0.8,0.6,0.8,0.8,0.8,0.9,0.9,0.8,0.8,0.8,0.7,0.7,0.7,0.6,0.7,0.7,0.7,0.7
2023F,AK,CLEIE,0.1,0.1,0.1,0.1,0.2,0.3,0.3,0.2,0.2,0.3,0.4,0.4,0.4,0.4,0.4,0.4,0.4,0.4,0.4,0.4,0.4,0.5,0.5,0.5,0.5,0.4,0.4,0.4,0.4,0.4,0.4,0.4,0.4,0.4,0.4,0.4,0.3,0.4,0.8,0.7,0.8,0.8,0.9,0.5,0.6,0.6,0.6,0.6,0.6,0.6,0.6,0.6,0.6,0.6,0.9,1.1,0.9,0.9,1,1.1,1.1,1.1,1.1,1
2023F,AK,CLICE,0.5,0.9,1,0.9,0.9,0.6,1.2,1.5,1.2,0.9,0.8,0.9,0.8,0.8,0.7,1,0.9,0.5,0,0,0,0,0,0,0,0,0,0,0,0,0,0,0,0,0,0,0,0,0,0,0,0,0,0,0,0,0,0,0,0,0,0,0,0,0,0,0,0,0,0,0,0,0,0
2023F,AK,CLRCE,0.1,0.1,0.1,0.1,0,0,0,0,0,0,0,0,0,0,0,0,0,0,0,0,0,0.1,0.1,0.1,0.1,0.1,0.2,0,0,0,0.1,0.1,0.1,0.2,0.1,0.1,0.1,0.1,0.1,0.1,0.1,0.1,0.1,0.1,0.1,0.1,0.1,0.1,0,0,0,0,0,0,0,0,0,0,0,0,0,0,0,0
2023F,AK,CLTCE,0.7,1.1,1.3,1.1,1.1,0.9,1.6,1.7,1.5,1.3,1.2,1.3,1.2,1.3,1.2,1.4,1.3,1,0.4,0.4,0.4,1.2,1.3,1.2,1.2,1.1,1.2,0.4,0.4,0.4,1.2,1.2,1.2,1.3,1.2,1.2,1.1,1.1,1.6,1.6,1.6,1.5,1.6,1.2,1.3,1.3,1.4,1.3,1.4,1.4,1.4,1.5,1.5,1.4,1.7,1.9,1.6,1.6,1.7,1.7,1.8,1.8,1.8,1.8
2023F,AK,FFACE,1.9,2.3,2.4,2.3,2.3,2.5,2.6,3.1,3.4,4,5.1,5.8,5.8,5.1,5.5,5.7,6.4,6.7,7,6.1,6.4,7.2,7.3,8.3,10.1,10.9,10.7,9.5,10.7,12.4,12.1,11.1,10.8,11,11.2,12.3,12,13.5,13.7,14.8,15.7,14.7,15,15.8,19.2,19,19.2,18,15.5,13.7,13.9,13.3,12.1,11,11,11.7,11.1,11.2,11.8,11.9,11.9,14,14.4,14.7
2023F,AK,FFCCE,0.4,0.4,0.4,0.5,0.7,0.8,0.8,0.9,0.9,1.3,1.3,1.4,1.6,1.4,1.4,1.4,1.4,1.5,1.5,1.1,1.2,1.8,2.3,2.5,2.6,2.1,5,4.4,1.7,1.6,2.2,2.2,2.5,2.6,2.6,2.5,2.7,2.5,2.7,2.8,2.7,2.5,2.1,1.9,2.2,2.1,2.4,2.2,2.4,2.2,2.6,2.8,2.7,2.4,2.4,2.6,2,2.1,2,2,2.1,2.3,2.2,2.3
2023F,AK,FFEIE,0.1,0.2,0.2,0.3,0.4,0.5,0.6,0.6,0.7,0.8,1,1.2,1.3,1.4,1.6,1.8,2,2.1,2.1,2.3,2.3,2.4,2.6,2.6,2.6,2.7,2.7,2.4,2.4,2.6,2.6,2.5,2.3,2.3,2.3,2.4,2.5,2.7,2.9,3,3.2,3.3,3.3,3,3.2,3.2,3.5,3.3,3.3,3.2,3,3.2,3.1,2.6,2.9,3,2.8,2.8,2.7,2.7,2.7,2.8,2.8,2.9
2023F,AK,FFICE,1.1,1.5,1.7,1.7,1.7,1.4,2.2,2.5,2.4,3.1,2.9,3.1,3.6,3.5,3.3,4.3,4.8,6,7,6.9,6.5,4.8,10.7,11.5,12.1,11.9,11.8,12.3,14.3,15.6,15.7,17.3,18.6,18.3,17.9,21.2,22.3,20.9,21.4,20.5,20.5,20.6,21,20.9,20.1,21.6,18.4,18.4,16.3,16.7,16.1,16.3,16.7,16.7,16.4,16.2,16,16,16.5,16.2,17.6,18.9,21.1,21.5
2023F,AK,FFRCE,0.5,0.5,0.5,0.5,0.6,0.6,0.7,0.7,0.8,0.9,1,1.2,1.1,1,1,1.3,1.5,1.6,1.8,1.1,0.9,0.9,1.2,1.2,1.4,1.4,1.3,1.3,1.2,1.4,1.6,1.6,1.7,1.7,1.8,1.8,1.8,1.7,1.6,1.9,1.7,1.8,1.6,1.7,1.8,1.8,2.2,1.8,1.8,1.8,1.7,1.7,1.8,1.6,1.5,1.6,1.5,1.7,1.5,1.4,1.7,1.7,1.6,1.7
2023F,AK,FFTCE,4,4.8,5.3,5.4,5.6,5.7,6.8,7.8,8.2,10,11.4,12.6,13.4,12.5,12.8,14.5,16,18,19.5,17.5,17.4,17.1,24,26,28.7,29.1,31.5,29.9,30.4,33.5,34.1,34.7,36,35.9,35.7,40.2,41.3,41.4,42.4,43.1,43.8,42.8,43,43.3,46.5,47.8,45.6,43.8,39.2,37.5,37.3,37.3,36.4,34.3,34.1,35,33.4,33.7,34.5,34.3,36.1,39.8,42.1,43.2
2023F,AK,NNACE,0,0,0,0,0,0,0,0,0,0,0.9,0.9,0.5,0,0,0,0,0,0,0,0,0,0,0,0.3,0.3,0.3,0.1,0.1,0.1,0.1,0.1,0.2,0.2,0.2,0.1,0.1,0.3,0.3,0.4,0.4,0.3,0.2,0.2,0.2,0.1,0.2,0.1,0.1,0.1,0.2,0.2,0.2,0,0,0,0,0,0,0,0,0,0,0
2023F,AK,NNCCE,0,0,0,0.1,0.1,0.1,0.1,0.1,0.3,0.6,0.7,0.8,0.9,0.7,0.7,0.8,0.8,0.8,0.8,0.8,0.9,0.9,1.3,1.3,1.3,1.1,1.1,1.1,1.1,1.1,1.1,1.1,1.1,1.1,1.1,1.3,1.4,1.4,1.4,1.5,1.4,0.8,0.8,0.9,1,0.9,1,1,0.9,0.9,0.8,1,1.1,1,1,1,0.8,0.8,0.7,0.8,0.9,0.9,0.8,0.9
2023F,AK,NNEIE,0,0,0,0.1,0.1,0.1,0.2,0.2,0.3,0.4,0.4,0.5,0.7,0.8,0.9,1,1.2,1.3,1.3,1.5,1.5,1.5,1.7,1.7,1.7,1.8,1.8,1.6,1.6,1.8,1.9,1.7,1.5,1.5,1.5,1.6,1.7,1.8,1.5,1.6,1.9,1.7,1.7,1.8,2,2.1,2.3,2.2,2.3,2,2.1,2.2,2.1,1.8,1.7,1.6,1.5,1.5,1.3,1.3,1.2,1.4,1.4,1.5
2023F,AK,NNICE,0.1,0.1,0.2,0.1,0.1,0.1,0.2,0.1,0.3,1.1,1,1,1.5,1.5,1.5,2.1,2.2,3.4,4.8,5.4,5.1,3.5,8.8,8.9,9.4,7.2,6.9,9.5,11.4,12.9,13.2,15.4,16.2,16,15.4,18.4,18.8,17.7,18.3,17.4,18,17.5,18.1,17.8,17.1,18.5,15,15,13.4,13.8,13.3,13.1,13.5,13.4,13.5,13.5,13.6,14.2,14.6,14.6,16,16.9,19,19.5
2023F,AK,NNRCE,0,0,0,0,0.1,0.1,0.1,0.1,0.1,0.2,0.3,0.4,0.4,0.3,0.2,0.6,0.6,0.6,0.6,0.4,0.4,0.4,0.6,0.6,0.6,0.7,0.6,0.7,0.7,0.7,0.7,0.7,0.8,0.7,0.8,0.8,0.8,0.8,0.8,0.9,0.9,0.9,0.9,0.9,1,1,1.1,1.1,1.1,1.1,1,1.1,1.1,1,0.9,1,0.9,1.1,1,0.9,1.1,1.1,1.1,1.1
2023F,AK,NNTCE,0.1,0.1,0.2,0.3,0.4,0.4,0.6,0.6,0.9,2.2,3.4,3.6,3.9,3.3,3.3,4.4,4.7,6.1,7.5,8.2,8,6.4,12.3,12.4,13.4,11.1,10.8,13,14.9,16.6,16.9,19,19.8,19.4,19,22.3,22.9,21.9,22.4,21.8,22.6,21.3,21.7,21.6,21.3,22.6,19.6,19.3,17.9,17.9,17.4,17.7,18.1,17.3,17.1,17.1,16.9,17.6,17.7,17.6,19.1,20.2,22.4,22.9
2023F,AK,PMACE,1.9,2.3,2.4,2.3,2.3,2.4,2.6,3.1,3.4,4,4.2,4.8,5.3,5.1,5.5,5.7,6.4,6.7,7,6.1,6.4,7.2,7.3,8.3,9.8,10.7,10.3,9.4,10.6,12.3,12,11,10.7,10.8,11,12.2,11.9,13.2,13.4,14.4,15.3,14.5,14.8,15.6,19,18.9,19,17.9,15.4,13.6,13.7,13.1,11.9,10.9,11,11.7,11,11.2,11.8,11.9,11.9,14,14.3,14.7
2023F,AK,PMCCE,0.4,0.4,0.4,0.4,0.5,0.6,0.6,0.7,0.6,0.7,0.7,0.7,0.8,0.7,0.7,0.6,0.6,0.8,0.7,0.3,0.4,0.3,0.4,0.6,0.6,0.5,3.3,3.3,0.6,0.4,0.5,0.5,0.7,0.8,0.8,0.5,0.6,0.4,0.5,0.6,0.5,1,0.6,0.4,0.6,0.5,0.7,0.6,0.6,0.5,0.9,0.8,0.7,0.6,0.6,0.8,0.5,0.6,0.6,0.6,0.6,0.7,0.7,0.7
2023F,AK,PMEIE,0,0.1,0.1,0.1,0.1,0.1,0.1,0.2,0.2,0.2,0.2,0.2,0.2,0.2,0.2,0.3,0.4,0.4,0.4,0.4,0.4,0.3,0.4,0.4,0.5,0.4,0.4,0.3,0.3,0.3,0.3,0.3,0.3,0.4,0.4,0.4,0.5,0.6,0.6,0.7,0.5,0.7,0.7,0.6,0.6,0.6,0.6,0.5,0.4,0.5,0.4,0.4,0.4,0.3,0.3,0.3,0.3,0.4,0.4,0.4,0.4,0.4,0.3,0.4
2023F,AK,PMICE,0.5,0.5,0.5,0.7,0.7,0.7,0.8,0.9,1,1.1,1.1,1.2,1.4,1.2,1.1,1.3,1.7,2,2.2,1.5,1.4,1.2,1.9,2.6,2.6,4.6,4.9,2.7,2.9,2.7,2.5,1.9,2.4,2.3,2.5,2.8,3.5,3.3,3.2,3.1,2.5,3,2.9,3.1,3,3.1,3.3,3.5,2.9,2.9,2.8,3.1,3.2,3.2,2.9,2.7,2.4,1.8,1.9,1.7,1.7,2.1,2.1,2
2023F,AK,PMRCE,0.4,0.4,0.4,0.5,0.5,0.5,0.5,0.6,0.6,0.6,0.6,0.8,0.6,0.8,0.8,0.7,0.9,1,1.2,0.7,0.5,0.4,0.5,0.5,0.6,0.6,0.5,0.6,0.5,0.7,0.7,0.7,0.8,0.8,0.9,0.9,0.9,0.8,0.7,0.9,0.8,0.8,0.7,0.7,0.8,0.8,1,0.7,0.6,0.7,0.7,0.6,0.6,0.5,0.5,0.6,0.6,0.6,0.5,0.5,0.6,0.6,0.5,0.6
2023F,AK,PMTCE,3.3,3.6,3.8,3.9,4.1,4.4,4.6,5.4,5.7,6.5,6.7,7.7,8.3,7.9,8.3,8.6,9.9,10.9,11.5,9,9,9.5,10.4,12.4,14.1,16.8,19.5,16.4,15,16.4,16,14.4,15,15.2,15.6,16.7,17.4,18.3,18.5,19.7,19.6,20,19.7,20.4,23.9,23.8,24.6,23.2,20,18.3,18.5,18.1,16.8,15.6,15.3,16.1,14.9,14.6,15.2,15.1,15.1,17.8,18,18.5
2023F,AK,TEACE,1.9,2.3,2.4,2.3,2.3,2.5,2.6,3.1,3.4,4,5.1,5.8,5.8,5.1,5.5,5.7,6.4,6.7,7,6.1,6.4,7.2,7.3,8.3,10.1,10.9,10.7,9.5,10.7,12.4,12.1,11.1,10.8,11,11.2,12.3,12,13.5,13.7,14.8,15.7,14.7,15,15.8,19.2,19,19.2,18,15.5,13.7,13.9,13.3,12.1,11,11,11.7,11.1,11.2,11.8,11.9,11.9,14,14.4,14.7
2023F,AK,TECCE,0.4,0.4,0.4,0.5,0.7,0.8,0.8,0.9,0.9,1.3,1.3,1.4,1.6,1.4,1.4,1.4,1.4,1.5,1.5,1.1,1.2,1.8,2.3,2.5,2.6,2.1,5,4.4,1.7,1.6,2.2,2.2,2.5,2.6,2.6,2.5,2.7,2.5,2.7,2.8,2.7,2.5,2.1,1.9,2.2,2.1,2.4,2.2,2.4,2.2,2.6,2.8,2.7,2.4,2.4,2.6,2,2.1,2,2,2.1,2.3,2.2,2.3
2023F,AK,TEEIE,0.1,0.2,0.2,0.3,0.4,0.5,0.6,0.6,0.7,0.8,1,1.2,1.3,1.4,1.6,1.8,2,2.1,2.1,2.3,2.3,2.4,2.6,2.6,2.6,2.7,2.7,2.4,2.4,2.6,2.6,2.5,2.3,2.3,2.3,2.4,2.5,2.7,2.9,3,3.2,3.3,3.3,3,3.2,3.2,3.5,3.3,3.3,3.2,3,3.2,3.1,2.6,2.9,3,2.8,2.8,2.7,2.7,2.7,2.8,2.8,2.9
2023F,AK,TEICE,1.1,1.5,1.7,1.7,1.7,1.4,2.2,2.5,2.4,3.1,2.9,3.1,3.6,3.5,3.3,4.3,4.8,6,7,6.9,6.5,4.8,10.7,11.5,12.1,11.9,11.8,12.3,14.3,15.6,15.7,17.3,18.6,18.3,17.9,21.2,22.3,20.9,21.4,20.5,20.5,20.6,21,20.9,20.1,21.6,18.4,18.4,16.3,16.7,16.1,16.3,16.7,16.7,16.4,16.2,16,16,16.5,16.2,17.6,18.9,21.1,21.5
2023F,AK,TERCE,0.5,0.5,0.5,0.5,0.6,0.6,0.7,0.7,0.8,0.9,1,1.2,1.1,1,1,1.3,1.5,1.6,1.8,1.1,0.9,0.9,1.2,1.2,1.4,1.4,1.3,1.3,1.2,1.4,1.6,1.6,1.7,1.7,1.8,1.8,1.8,1.7,1.6,1.9,1.7,1.8,1.6,1.7,1.8,1.8,2.2,1.8,1.8,1.8,1.7,1.7,1.8,1.6,1.5,1.6,1.5,1.7,1.5,1.4,1.7,1.7,1.6,1.7
2023F,AK,TETCE,4,4.8,5.3,5.4,5.6,5.7,6.8,7.8,8.2,10,11.4,12.6,13.4,12.5,12.8,14.5,16,18,19.5,17.5,17.4,17.1,24,26,28.7,29.1,31.5,29.9,30.4,33.5,34.1,34.7,36,35.9,35.7,40.2,41.3,41.4,42.4,43.1,43.8,42.8,43,43.3,46.5,47.8,45.6,43.8,39.2,37.5,37.3,37.3,36.4,34.3,34.1,35,33.4,33.7,34.5,34.3,36.1,39.8,42.1,43.2
2023F,AL,CDEGR,,,,,,,,,,,,,,,,,,,,,,,,,,,,,,,,,,,,,,867.5,833.1,816.1,843.9,791.6,802.4,786,748.2,728.2,729.4,729.1,693.7,616.8,664.4,643.1,602.1,581.5,594.7,569.1,533.3,499.4,507.3,470.4,441.4,463.9,458.9,411.8
2023F,AL,CDTCR,70.1,69.8,70.5,71,70.2,71.9,72.8,71.8,72.1,71.9,72.6,71.6,72,71.9,69,70.4,70.2,63.3,61.1,61.9,58.9,58.1,53.4,54.3,55.6,61.5,63.7,63.6,62.7,62.6,63.6,62.7,62.2,62.4,59.6,60.3,59,59.3,59,58.8,59.7,59.7,59.5,60.2,59,59.7,59.5,59.3,57.4,53.8,55.4,53.6,51.4,50.8,51.4,50.1,49.4,47.7,48.4,46.4,44.8,46.1,46.8,44.6
2023F,AL,CDTPR,19,18.4,19.9,20.6,21.1,23.1,24.6,24.9,27.2,28.6,29.7,28.1,29.6,30.6,30,29.3,28.9,29.5,27.8,28.8,27.5,26.5,23.2,22.9,24.1,25.6,25.5,25.9,26.1,27.3,27.1,27.8,29.1,29.7,28.9,30.5,31.7,30.7,30.3,30.7,32,29.8,30.9,31.1,31.4,31.4,31.5,31.5,29.5,25.2,27.7,27,25.5,24.9,25.3,24.5,23.3,22.2,22.9,21.6,19.5,21.5,21.6,19.7
2023F,AL,CLACE,0.3,0.1,0.1,0.1,0.1,0.1,0.1,0.1,0,0,0,0,0,0,0,0,0,0,0,0,0,0,0,0,0,0,0,0,0,0,0,0,0,0,0,0,0,0,0,0,0,0,0,0,0,0,0,0,0,0,0,0,0,0,0,0,0,0,0,0,0,0,0,0
2023F,AL,CLCCE,0.3,0.2,0.3,0.3,0.1,0.1,0.1,0.1,0.1,0.1,0.1,0.1,0.2,0.1,0.1,0,0,0,0.3,0.3,0.4,0.2,0.2,0.3,0.3,0.2,0.2,0.2,0.3,0.1,0.2,0,0.2,0.1,0,0,0.1,0.2,0,0,0.1,0,0,0,0,0,0.1,0,0,0,0,0,0,0,0,0,0,0,0,0,0,0,0,0
2023F,AL,CLEIE,16.7,19.1,22.2,24.3,24.1,28.3,32.1,31.2,34.1,34.8,36.2,34,37,40.9,39,38.1,39.3,41.5,37.3,42.2,44.6,44.5,35.6,39.1,40.7,49.4,49.6,48.2,46.3,50.8,51,55,57.9,63.6,59.5,65,70.3,68.3,69.4,70.9,74.9,70.5,71.9,74.2,72,76.5,76.4,77,72.8,54.6,62.1,56,45.3,46.7,46.7,40.6,33,30.2,30.3,25.7,21.1,25.9,25.3,19.1
2023F,AL,CLICE,19.2,16.2,17,16.3,18.4,21.3,22.2,22.8,23.5,24.9,26.7,24.4,25.5,23.6,22.3,21.9,20.1,17.7,16.6,20.5,17.2,14.7,12.4,11,14.2,13,12.6,14,15.1,13.6,13.4,13.6,15.4,13.1,13.6,13.4,13.9,13.7,11.8,11.3,10.9,9.5,8.6,9,9.3,8.4,8,7.6,7.5,5.6,6.4,6.1,6.8,7.1,8.2,6.5,6,5.9,5.6,4.6,3.4,3.7,3.1,2.4
2023F,AL,CLRCE,0.4,0.3,0.4,0.4,0.2,0.1,0.1,0.1,0.1,0.2,0.2,0.1,0.1,0.1,0,0,0,0,0.1,0.1,0.1,0,0,0,0.1,0.1,0.1,0.1,0.1,0,0,0,0,0,0,0,0,0,0,0,0,0,0,0,0,0,0,0,0,0,0,0,0,0,0,0,0,0,0,0,0,0,0,0
2023F,AL,CLTCE,36.8,35.7,40,41.4,42.9,49.9,54.6,54.3,57.9,60.1,63.3,58.7,62.8,64.6,61.4,60.1,59.4,59.2,54.4,63.1,62.3,59.5,48.3,50.4,55.2,62.7,62.6,62.5,61.8,64.6,64.6,68.7,73.6,76.9,73.1,78.4,84.3,82.1,81.2,82.3,85.9,80.1,80.5,83.2,81.3,84.9,84.5,84.6,80.3,60.1,68.5,62,52.1,53.8,54.8,47.1,39.1,36.1,35.9,30.2,24.5,29.6,28.5,21.5
2023F,AL,FFACE,12.5,12.1,12.7,13.3,13.4,14.1,14.5,15.1,17,17.9,18.8,19.7,21.1,23.1,24.8,25.7,26.6,28.2,28.9,25,24.8,24.2,23.6,22.9,23.9,23.7,24.7,26.3,26.6,28.4,28.2,28.8,29.5,29.3,30.5,32,31.4,31.1,31.7,32,33.7,31.5,33.4,32.7,35.1,34.8,35.4,35.7,32.9,31.9,32.2,32.2,31.7,31.1,31.1,32.1,33.6,33.3,32.6,33.6,33.3,37.2,36.8,36.2
2023F,AL,FFCCE,1.8,2.1,2.3,2.5,2.6,2.4,2.5,2.3,2.7,3,2.9,2.9,3.1,2.9,2.8,2.7,2.9,2.9,2.9,3,2.6,2.4,2.3,2.5,2.4,2.5,2.5,2.3,2.6,2.5,2.4,2,2.1,2.1,2.1,2,2.2,2.4,1.9,2.2,2.3,2.2,2,2.1,2.2,1.9,2.2,2,2,1.9,2.1,2.1,1.8,1.8,1.9,2.1,2.2,2.1,2.3,2.2,2,2.3,2.5,2.1
2023F,AL,FFEIE,17.2,19.5,22.5,24.6,24.3,28.6,32.5,31.6,34.8,35.6,37.3,35,37.8,41.9,40.4,38.7,39.9,42.1,38.2,42.7,44.7,44.7,35.7,39.2,40.8,49.5,49.7,48.3,46.5,51.1,51.4,55.4,58.2,64,59.9,65.6,70.8,69,71.1,72.4,77.4,74.5,78.2,79.1,78.5,82.3,84.4,86.7,81.8,67,77.4,74.6,67,64.7,65.5,62.4,55.6,51,53.9,48.5,42.7,47.2,50.2,43.5
2023F,AL,FFICE,27.8,24.5,25.5,25.1,27.9,30.9,32.2,33.8,35.4,37.7,39.2,36.6,38.5,37.3,36.7,36.8,34.5,34.1,32.3,37.2,31.4,29.1,26,21.7,25.1,23.1,21.9,23.6,26.1,24.7,24.7,24.9,27.9,26.5,27.4,28.1,29.1,28.3,25.9,26,25.4,21.6,21.5,22.9,23.3,21.9,21.2,20.5,20.2,16.5,17.9,18.3,20.4,20.5,21.6,20.2,20.3,20.1,20.9,19.7,18.1,19.6,18,17.4
2023F,AL,FFRCE,3.1,2.9,3.3,3.6,3.7,3.4,3.5,3.3,3.9,4.3,4.3,4.3,4.3,4.3,4,3.8,4.1,4.2,4.1,3.5,3.6,3.4,3.4,3.5,3.3,2.9,3.1,3.4,3.4,3.3,3.1,3,3.2,3.4,3.3,3.3,3.7,3.4,3.1,3.3,3.7,3.5,3.3,3.1,3,2.7,2.5,2.4,2.5,2.5,2.9,2.4,1.8,2.2,2.4,2.1,1.9,1.7,2.3,2,1.9,2.1,2,1.8
2023F,AL,FFTCE,62.4,61.1,66.3,69.1,71.8,79.4,85.1,86.2,93.7,98.4,102.6,98.4,104.8,109.5,108.7,107.7,108,111.6,106.5,111.5,107.1,103.7,90.9,89.9,95.4,101.7,101.8,104,105.2,110.1,109.8,114.1,121,125.3,123.3,131,137.3,134.2,133.6,135.9,142.4,133.3,138.4,139.9,142.1,143.6,145.8,147.3,139.4,119.8,132.5,129.5,122.6,120.4,122.6,118.9,113.5,108.2,112,106,98.1,108.4,109.5,101
2023F,AL,NNACE,0.4,0.4,0.5,0.6,0.6,0.7,0.7,0.8,1,1.1,1.1,1.1,1,1.1,1.1,0.9,0.4,0.6,0.6,0.7,0.9,1,0.9,0.7,0.7,0.6,0.5,0.6,0.7,0.7,0.8,0.9,1,0.9,0.8,1.1,1.1,1.1,1.1,1.2,1.3,1.1,1.2,1,0.9,0.8,0.8,0.9,0.9,1,1.2,1.3,1.4,1.2,1,1.2,1.2,1.2,1.4,1.3,1.4,1.4,1.6,1.4
2023F,AL,NNCCE,1,1.5,1.6,1.8,1.9,1.8,1.7,1.7,1.9,2,2,2,2,1.8,1.9,1.8,1.9,1.9,1.6,2,1.6,1.5,1.4,1.5,1.5,1.4,1.4,1.2,1.4,1.4,1.3,1.3,1.4,1.4,1.4,1.4,1.6,1.8,1.4,1.5,1.4,1.4,1.4,1.4,1.4,1.4,1.3,1.3,1.4,1.3,1.5,1.4,1.2,1.4,1.5,1.4,1.3,1.2,1.4,1.4,1.2,1.4,1.4,1.3
2023F,AL,NNEIE,0.5,0.4,0.3,0.3,0.2,0.3,0.4,0.4,0.6,0.8,0.8,0.5,0.2,0.2,0.3,0.3,0.2,0.2,0.4,0.4,0.1,0.1,0.1,0,0,0.1,0.1,0.1,0.1,0.2,0.3,0.3,0.3,0.3,0.3,0.5,0.4,0.6,1.5,1.4,2.3,3.8,6.1,4.7,6.4,5.7,7.9,9.6,9,12.3,15.3,18.6,21.6,18,18.8,21.7,22.5,20.7,23.5,22.8,21.6,21.3,24.8,24.4
2023F,AL,NNICE,5.8,5.5,5.8,5.7,6.4,7,7.1,8.2,9.1,9.2,9.1,8.7,8.8,8.4,8.4,8.2,6.5,7.2,7,9.2,9,9.3,8.1,7.1,7.4,7.3,6.5,6.5,7.8,8.2,8.2,8.6,9.6,10.3,10.3,11.5,11.4,11.2,11.1,11.7,11.5,8.9,9.2,9.2,9.5,8.9,9,8.9,8.5,7.9,8.5,9,10,10.4,10.7,10.6,10.9,11,12.1,12,11.5,12.8,11.7,11.9
2023F,AL,NNRCE,2.2,2.1,2.3,2.6,2.8,2.6,2.6,2.5,2.8,3,3,3,2.9,3,3,2.9,3.1,3.1,3.1,2.9,2.9,2.8,2.6,2.7,2.8,2.4,2.5,2.7,2.7,2.6,2.5,2.5,2.7,2.8,2.7,2.7,3.1,2.7,2.6,2.3,2.6,2.7,2.5,2.5,2.4,2.3,2.1,1.9,2,2,2.3,2,1.5,1.9,2.1,1.8,1.5,1.4,1.9,1.7,1.5,1.8,1.7,1.5
2023F,AL,NNTCE,9.9,10,10.5,11,12,12.3,12.5,13.6,15.4,16.2,16,15.3,14.9,14.6,14.7,14.1,12.1,12.9,12.8,15.1,14.5,14.6,13.2,12,12.5,11.8,10.9,11.2,12.6,13.2,13.1,13.6,14.9,15.7,15.5,17.2,17.5,17.5,17.7,18.1,19.1,17.9,20.4,18.9,20.6,19.1,21.1,22.6,21.7,24.5,28.7,32.1,35.7,32.9,34.2,36.7,37.4,35.6,40.3,39.1,37.3,38.6,41.2,40.5
2023F,AL,PMACE,11.7,11.6,12.1,12.7,12.7,13.4,13.7,14.2,16,16.7,17.7,18.5,20.1,22,23.7,24.8,26.2,27.7,28.3,24.3,23.9,23.2,22.7,22.2,23.2,23,24.1,25.7,26,27.7,27.4,27.9,28.5,28.5,29.7,31,30.4,29.9,30.6,30.8,32.4,30.4,32.2,31.7,34.2,34,34.6,34.9,32,30.9,31,30.9,30.3,29.9,30,30.9,32.4,32.1,31.3,32.3,32,35.8,35.2,34.8
2023F,AL,PMCCE,0.5,0.4,0.4,0.4,0.5,0.5,0.7,0.5,0.7,0.8,0.8,0.8,0.9,1,0.9,0.8,1,1,1,0.8,0.7,0.8,0.6,0.8,0.6,0.9,0.9,0.8,1,0.9,0.9,0.7,0.6,0.6,0.6,0.5,0.5,0.5,0.5,0.6,0.7,0.7,0.6,0.7,0.7,0.5,0.8,0.7,0.6,0.6,0.7,0.7,0.6,0.5,0.4,0.8,0.9,0.8,0.9,0.9,0.8,0.9,1.1,0.8
2023F,AL,PMEIE,0,0,0,0,0,0,0,0,0,0,0.3,0.4,0.7,0.8,1.1,0.3,0.3,0.5,0.5,0.1,0.1,0,0,0.1,0,0,0,0,0.1,0.1,0.1,0.1,0.1,0.1,0.1,0.1,0.1,0.1,0.2,0.1,0.2,0.2,0.2,0.2,0.1,0.1,0.1,0.1,0.1,0.1,0.1,0.1,0.1,0,0.1,0.1,0,0,0.1,0,0,0,0,0
2023F,AL,PMICE,2.8,2.8,2.7,3,3,2.7,2.8,2.8,2.7,3.5,3.4,3.5,4.3,5.3,6,6.7,8,9.1,8.7,7.5,5.2,5.1,5.4,3.7,3.4,2.7,2.8,3.1,3.2,2.9,3.2,2.8,2.9,3.1,3.6,3.2,3.8,3.4,2.9,3,2.9,3.2,3.7,4.6,4.5,4.7,4.3,4,4.2,3.1,3,3.3,3.6,2.9,2.7,3.1,3.4,3.2,3.2,3.1,3.2,3.2,3.2,3.1
2023F,AL,PMRCE,0.5,0.5,0.5,0.6,0.6,0.6,0.8,0.7,1,1.2,1.1,1.2,1.3,1.2,1,0.9,1,1.1,0.9,0.6,0.6,0.6,0.7,0.8,0.5,0.5,0.5,0.6,0.6,0.7,0.6,0.5,0.5,0.6,0.6,0.6,0.6,0.7,0.6,1,1,0.8,0.7,0.5,0.6,0.4,0.4,0.4,0.5,0.5,0.6,0.4,0.3,0.3,0.3,0.3,0.3,0.3,0.4,0.4,0.4,0.3,0.3,0.3
2023F,AL,PMTCE,15.6,15.4,15.8,16.7,16.9,17.2,18,18.3,20.3,22.2,23.3,24.4,27.1,30.3,32.6,33.5,36.5,39.4,39.4,33.2,30.4,29.7,29.4,27.6,27.7,27.2,28.3,30.3,30.8,32.3,32.1,31.9,32.5,32.8,34.6,35.4,35.4,34.6,34.7,35.5,37.3,35.3,37.5,37.8,40.2,39.7,40.3,40.1,37.4,35.1,35.4,35.4,34.9,33.7,33.6,35.1,37.1,36.5,35.8,36.6,36.3,40.2,39.8,39
2023F,AL,TEACE,12.5,12.1,12.7,13.3,13.4,14.1,14.5,15.1,17,17.9,18.8,19.7,21.1,23.1,24.8,25.7,26.6,28.2,28.9,25,24.8,24.2,23.6,22.9,23.9,23.7,24.7,26.3,26.6,28.4,28.2,28.8,29.5,29.3,30.5,32,31.4,31.1,31.7,32,33.7,31.5,33.4,32.7,35.1,34.8,35.4,35.7,32.9,31.9,32.2,32.2,31.7,31.1,31.1,32.1,33.6,33.3,32.6,33.6,33.3,37.2,36.8,36.2
2023F,AL,TECCE,1.8,2.1,2.3,2.5,2.6,2.4,2.5,2.3,2.7,3,2.9,2.9,3.1,2.9,2.8,2.7,2.9,2.9,2.9,3,2.6,2.4,2.3,2.5,2.4,2.5,2.5,2.3,2.6,2.5,2.4,2,2.1,2.1,2.1,2,2.2,2.4,1.9,2.2,2.3,2.2,2,2.1,2.2,1.9,2.2,2,2,1.9,2.1,2.1,1.8,1.8,1.9,2.1,2.2,2.1,2.3,2.2,2,2.3,2.5,2.1
2023F,AL,TEEIE,17.2,19.5,22.5,24.6,24.3,28.6,32.5,31.6,34.8,35.6,37.3,35,37.8,41.9,40.4,38.7,39.9,42.1,38.2,42.7,44.7,44.7,35.7,39.2,40.8,49.5,49.7,48.3,46.5,51.1,51.4,55.4,58.2,64,59.9,65.6,70.8,69,71.1,72.4,77.4,74.5,78.2,79.1,78.5,82.3,84.4,86.7,81.8,67,77.4,74.6,67,64.7,65.5,62.4,55.6,51,53.9,48.5,42.7,47.2,50.2,43.5
2023F,AL,TEICE,27.8,24.5,25.5,25.1,27.9,30.9,32.2,33.8,35.4,37.7,39.2,36.6,38.5,37.3,36.7,36.8,34.5,34.1,32.3,37.2,31.4,29.1,26,21.7,25.1,23.1,21.9,23.6,26.1,24.7,24.7,24.9,27.9,26.5,27.4,28.1,29.1,28.3,25.9,26,25.4,21.6,21.5,22.9,23.3,21.9,21.2,20.5,20.2,16.5,17.9,18.3,20.4,20.5,21.6,20.2,20.3,20.1,20.9,19.7,18.1,19.6,18,17.4
2023F,AL,TERCE,3.1,2.9,3.3,3.6,3.7,3.4,3.5,3.3,3.9,4.3,4.3,4.3,4.3,4.3,4,3.8,4.1,4.2,4.1,3.5,3.6,3.4,3.4,3.5,3.3,2.9,3.1,3.4,3.4,3.3,3.1,3,3.2,3.4,3.3,3.3,3.7,3.4,3.1,3.3,3.7,3.5,3.3,3.1,3,2.7,2.5,2.4,2.5,2.5,2.9,2.4,1.8,2.2,2.4,2.1,1.9,1.7,2.3,2,1.9,2.1,2,1.8
2023F,AL,TETCE,62.4,61.1,66.3,69.1,71.8,79.4,85.1,86.2,93.7,98.4,102.6,98.4,104.8,109.5,108.7,107.7,108,111.6,106.5,111.5,107.1,103.7,90.9,89.9,95.4,101.7,101.8,104,105.2,110.1,109.8,114.1,121,125.3,123.3,131,137.3,134.2,133.6,135.9,142.4,133.3,138.4,139.9,142.1,143.6,145.8,147.3,139.4,119.8,132.5,129.5,122.6,120.4,122.6,118.9,113.5,108.2,112,106,98.1,108.4,109.5,101
2023F,AR,CDEGR,,,,,,,,,,,,,,,,,,,,,,,,,,,,,,,,,,,,,,678.7,673.7,661.9,662.3,653.8,621,604.7,575.9,535.8,540.6,555.7,564.7,559.8,584.7,584.8,567.6,570.4,566.6,484.2,502.5,515.7,558.1,509.9,424.8,449.6,453.8,422.8
2023F,AR,CDTCR,51.7,52.5,52.8,53.3,53.3,53.2,53.2,53.6,53.2,53.4,53.8,54.3,55.2,55.5,55.6,51.7,53.6,53.5,54.1,54,49.6,52.6,54.7,56.8,54.1,56.8,58.4,56.3,57.8,55.7,55.4,54.8,55.4,52.4,53.9,55.8,55.6,54.8,56.1,56.9,57.7,57.3,55.8,56.1,56.9,57,56.2,56.2,57.5,55.4,55.8,56.3,55.5,58.1,57.1,53.9,54.6,55.9,57,54.5,51.3,54.4,53.8,52.5
2023F,AR,CDTPR,11.9,12.1,12.6,13.2,14.1,13.9,14.7,15,16.4,17.6,18.7,17.8,18.4,19.8,18.6,16.8,17.8,18.8,18.9,17.7,16.4,18.7,18.6,20.4,19.4,21.1,21.4,20.1,21.8,21.9,21.6,20.9,21.3,20.5,21.8,22.7,23.4,22.7,23.1,23.7,23.6,23.2,22.6,22.8,22.7,21.7,22,22.2,22.3,21.2,22.6,22.9,22.4,23.1,23.2,19.7,20.7,21.3,23.4,21.5,18.1,20.4,20.8,19.7
2023F,AR,CLACE,0,0,0,0,0,0,0,0,0,0,0,0,0,0,0,0,0,0,0,0,0,0,0,0,0,0,0,0,0,0,0,0,0,0,0,0,0,0,0,0,0,0,0,0,0,0,0,0,0,0,0,0,0,0,0,0,0,0,0,0,0,0,0,0
2023F,AR,CLCCE,0,0,0,0,0,0,0,0,0,0,0,0,0,0,0,0,0,0,0,0,0,0,0,0,0,0,0,0,0,0,0,0,0,0,0,0,0,0,0,0,0,0,0,0,0,0,0,0,0,0,0,0,0,0,0,0,0,0,0,0,0,0,0,0
2023F,AR,CLEIE,0,0,0,0,0,0,0,0,0,0,0,0,0,0,0,0,0,0,1.5,2.3,2.9,9,11.2,16,14.8,20.1,20.6,19.4,20.3,18.8,19.7,19.9,20.3,18.3,20.3,21.8,23.9,22.8,23.5,24.7,24.6,25.1,23.4,23.3,24.9,22.7,23.7,25.3,25.7,24.5,27.4,28.7,27.9,30.8,31.9,21.2,23.1,25.1,28.7,22.5,15.2,20.4,20,17
2023F,AR,CLICE,0,0,0,0,0,0,0,0,0,0,0,0,0,0.2,0.3,0.1,0.3,0.5,0.6,0.7,0.6,0.7,0.7,0.9,0.8,0.8,0.7,0.6,0.5,0.6,0.6,0.6,0.7,0.7,0.8,0.7,0.8,0.7,0.7,0.7,0.9,1,1,0.9,0.9,0.9,0.9,0.9,0.9,0.7,0.7,0.5,0.5,0.5,0.5,0.4,0.5,0.4,0.4,0.4,0.3,0.3,0.3,0.3
2023F,AR,CLRCE,0,0,0,0,0,0,0,0,0,0,0,0,0,0,0,0,0,0,0,0,0,0,0,0,0,0,0,0,0,0,0,0,0,0,0,0,0,0,0,0,0,0,0,0,0,0,0,0,0,0,0,0,0,0,0,0,0,0,0,0,0,0,0,0
2023F,AR,CLTCE,0,0,0,0,0,0,0,0,0,0,0,0,0,0.2,0.3,0.1,0.3,0.5,2.2,3,3.5,9.7,11.9,16.9,15.6,20.9,21.4,20.1,20.8,19.3,20.2,20.6,21,19,21.1,22.6,24.7,23.4,24.2,25.4,25.5,26.1,24.4,24.2,25.8,23.6,24.5,26.2,26.6,25.2,28,29.2,28.4,31.2,32.4,21.7,23.5,25.6,29.1,22.9,15.5,20.7,20.3,17.3
2023F,AR,FFACE,7.2,7.9,8.1,8.6,9,9,9.4,9.6,10.7,11.1,11.6,12.1,13.5,14.7,14.7,14.7,15.2,15.7,16.1,14,14.3,14.7,14.7,13.8,14.6,14.4,14.7,15.4,16.1,16.5,16.1,16.2,16.2,16.9,18,18.4,18.8,19.3,19.6,20.8,21,19.8,20.4,20.5,20.7,20.6,20.6,20.9,20.1,19.9,19.8,19.5,18.8,18.6,18.8,18.6,19,19.1,19.3,19.5,18.4,19.3,19.2,19.4
2023F,AR,FFCCE,1.2,1.2,1.4,1.5,1.6,1.8,2.1,2.3,2.4,2.6,2.6,2.1,2.3,2.5,2.5,2.7,2.7,2.7,2.6,2.6,2.1,1.8,1.9,3.1,2.3,2,1.6,1.6,1.7,1.7,1.6,1.6,1.6,1.8,1.8,1.8,1.9,1.8,1.8,1.8,2.1,2.1,2.1,2.2,2,2.1,1.9,1.9,2.2,2.5,2.6,2.5,2.5,2.8,3.1,3.1,2.9,3,3.5,3.5,3.3,3.6,3.5,3.4
2023F,AR,FFEIE,2.6,2.4,2.9,3.2,3.5,3.6,3.6,2.9,3.9,4.6,6.1,5.9,6.1,6,5.3,3.8,4.9,7,8.4,7.6,7.6,12.3,13.1,17.9,16.1,20.8,22.2,21.2,21.6,20.5,21.5,21.5,21.9,19.5,21.7,23.6,25.8,24.2,25.9,27,26.6,27.2,25.8,26.6,27.4,25.6,27.6,28.8,29.3,29.1,32.6,34.5,34.9,35.9,35.8,27.3,30.5,32.1,37,31.2,22.6,28.5,30.3,27.4
2023F,AR,FFICE,7.7,7.7,8.4,8.8,9.6,9.2,9,9.9,9.8,10.7,11.1,10.6,10.9,13.3,12.6,11.2,11.8,12.1,11.6,12.4,10.3,11.4,10.2,9.2,9,9.3,8.9,6.3,8.9,9.9,9.1,7.9,9.3,9.4,10.2,11.1,10.8,11.2,11.1,10.5,10.6,10.7,10.3,10.5,10.2,9.8,9.9,9.7,10.3,7.8,8.8,8.7,8.4,8.9,8.7,7.8,7.8,8.1,8.6,8.5,8.4,8.3,8.3,8.4
2023F,AR,FFRCE,2.5,2.6,2.6,2.7,3.1,2.8,3.8,3.9,4.3,4.7,4.8,4.3,4.4,4.3,3.9,3.9,4,4,3.6,3.5,3,2.7,2.8,3.1,2.9,2.7,2.6,2.6,2.7,2.7,2.5,2.6,2.5,2.8,2.6,2.7,2.9,2.7,2.4,2.7,2.9,2.7,2.6,2.5,2.3,2.2,2.1,2.1,2.3,2.2,2.3,2.1,1.6,2.2,2.4,2,1.7,1.6,2.1,2.1,1.9,2.1,2,1.8
2023F,AR,FFTCE,21.3,21.8,23.3,24.8,26.8,26.4,27.9,28.6,31.2,33.7,36.1,35,37.1,40.8,39,36.2,38.7,41.6,42.3,40.2,37.4,42.9,42.7,47.1,45,49.1,50,47,51,51.4,50.9,49.8,51.4,50.4,54.3,57.7,60.2,59.2,60.6,62.7,63.3,62.5,61.2,62.3,62.5,60.3,62.1,63.4,64.2,61.5,66.1,67.4,66.2,68.4,68.8,58.8,61.8,63.9,70.5,64.9,54.5,61.8,63.3,60.4
2023F,AR,NNACE,0.5,0.5,0.5,0.5,0.6,0.6,0.6,0.6,0.7,0.7,0.7,0.6,0.7,0.8,0.7,0.6,0.5,0.5,0.6,0.7,0.6,0.5,0.5,0.4,0.6,0.4,0.3,0.3,0.4,0.5,0.5,0.4,0.4,0.5,0.6,0.7,0.7,0.6,0.6,0.5,0.5,0.5,0.4,0.5,0.4,0.5,0.6,0.5,0.5,0.5,0.5,0.6,0.6,0.6,0.6,0.5,0.4,0.4,0.4,0.4,0.3,0.3,0.3,0.3
2023F,AR,NNCCE,0.9,1,1.1,1.2,1.3,1.5,1.7,1.9,2,2.1,2.1,1.6,1.7,1.8,1.6,1.8,1.8,1.8,1.8,1.8,1.6,1.5,1.6,1.5,1.6,1.4,1.3,1.3,1.5,1.5,1.3,1.4,1.4,1.6,1.5,1.6,1.7,1.6,1.5,1.5,1.8,1.7,1.8,1.7,1.6,1.7,1.7,1.7,2,2,2.2,2.2,2.2,2.6,2.7,2.6,2.5,2.5,3,3,2.8,3.1,3,2.9
2023F,AR,NNEIE,2.6,2.3,2.9,3.1,3.5,3.6,3.5,2.8,3.9,4.5,5.7,4.6,3.9,2.6,2.1,1.7,0.9,0.4,0.4,1.6,3.2,3,1.8,1.8,1.4,0.6,1.6,1.8,1.2,1.6,1.7,1.5,1.5,1.2,1.4,1.8,1.8,1.3,2.2,2.2,1.9,1.4,2.3,3.1,2.2,2.7,3.9,3.5,3.5,4.5,5.2,5.8,7,5.1,3.9,6,7.4,6.9,8.2,8.6,7.3,8.1,10.3,10.4
2023F,AR,NNICE,5.8,5.6,5.9,6.4,7,6.9,6.5,7.3,7.3,8,8.4,8,7.8,9.3,8.3,6.8,7.2,6.8,6.1,6.5,6.4,6.6,5.7,5,5.2,5.7,5.3,3.5,6,7.3,6.6,5.6,6.4,6.4,7.1,7.8,7.6,7.9,7.8,7.3,6.9,6.4,6.3,6,5.4,4.7,4.8,4.6,4.6,4.3,4.6,4.8,4.6,5,5,4.7,4.8,5.4,5.7,5.6,5.4,5.6,5.6,5.7
2023F,AR,NNRCE,1.8,1.9,1.9,2,2.2,1.9,2.8,2.8,3,3.1,3.2,2.6,2.5,2.6,2.3,2.6,2.6,2.7,2.5,2.7,2.5,2.3,2.4,2.3,2.5,2.2,2.1,2.2,2.3,2.3,2.1,2.2,2.1,2.4,2.2,2.4,2.5,2.3,2.1,2,2.3,2,2.1,2.1,1.9,1.8,1.7,1.8,1.9,1.8,1.9,1.8,1.4,1.9,2,1.8,1.5,1.4,1.9,1.8,1.6,1.8,1.7,1.6
2023F,AR,NNTCE,11.6,11.2,12.3,13.2,14.6,14.5,15.1,15.4,16.8,18.3,20.1,17.5,16.6,17.1,15.1,13.4,12.9,12.2,11.5,13.3,14.3,13.8,11.9,11.1,11.2,10.4,10.6,9,11.4,13.1,12.2,11.1,11.8,12.1,12.9,14.1,14.3,13.7,14.2,13.4,13.3,12.1,12.9,13.4,11.4,11.4,12.7,12,12.5,13,14.5,15.2,15.8,15.1,14.3,15.5,16.5,16.6,19.2,19.4,17.5,18.8,20.8,20.9
2023F,AR,PMACE,6.7,7.4,7.6,8.1,8.4,8.4,8.8,9,10,10.5,10.9,11.5,12.8,13.9,14,14.1,14.7,15.2,15.5,13.4,13.7,14.2,14.3,13.4,14,13.9,14.4,15.1,15.7,16,15.6,15.8,15.7,16.3,17.4,17.7,18.1,18.7,19,20.3,20.5,19.3,20,20.1,20.2,20.1,20,20.4,19.6,19.4,19.2,18.9,18.3,17.9,18.2,18.1,18.5,18.8,18.9,19.1,18.1,19,18.9,19
2023F,AR,PMCCE,0.3,0.3,0.3,0.3,0.3,0.3,0.3,0.4,0.4,0.5,0.5,0.5,0.6,0.7,0.9,0.9,1,0.9,0.8,0.8,0.5,0.3,0.3,1.6,0.8,0.5,0.2,0.2,0.2,0.3,0.3,0.2,0.2,0.3,0.3,0.2,0.2,0.2,0.2,0.3,0.3,0.4,0.3,0.5,0.4,0.4,0.2,0.1,0.2,0.5,0.4,0.4,0.3,0.2,0.4,0.5,0.5,0.5,0.5,0.5,0.5,0.5,0.5,0.5
2023F,AR,PMEIE,0.1,0,0,0.1,0,0,0,0,0.1,0.2,0.3,1.3,2.2,3.4,3.2,2.1,4.1,6.6,6.5,3.7,1.5,0.4,0.1,0,0,0,0,0,0.1,0.1,0.1,0.1,0,0.1,0.1,0,0.1,0.1,0.1,0.1,0.2,0.7,0.1,0.2,0.4,0.1,0.1,0.1,0,0.1,0,0,0,0,0,0,0,0,0,0,0,0,0,0
2023F,AR,PMICE,1.9,2.1,2.4,2.4,2.6,2.3,2.5,2.6,2.5,2.8,2.8,2.6,3.1,3.8,4.1,4.3,4.3,4.8,4.8,5.2,3.3,4,3.9,3.3,3,2.9,2.9,2.2,2.3,2,2,1.7,2.2,2.2,2.3,2.6,2.4,2.7,2.6,2.5,2.8,3.3,3,3.5,3.8,4.2,4.3,4.2,4.8,2.8,3.5,3.4,3.2,3.4,3.2,2.7,2.6,2.2,2.5,2.6,2.6,2.4,2.5,2.4
2023F,AR,PMRCE,0.7,0.7,0.8,0.7,0.9,0.8,1.1,1.1,1.3,1.6,1.6,1.7,1.8,1.7,1.5,1.3,1.4,1.4,1,0.9,0.6,0.4,0.4,0.8,0.5,0.5,0.5,0.5,0.4,0.5,0.4,0.4,0.4,0.4,0.4,0.4,0.3,0.4,0.3,0.7,0.6,0.7,0.5,0.4,0.4,0.4,0.4,0.3,0.4,0.4,0.4,0.3,0.2,0.3,0.3,0.3,0.2,0.2,0.3,0.3,0.3,0.3,0.3,0.3
2023F,AR,PMTCE,9.7,10.6,11,11.6,12.2,11.9,12.8,13.1,14.3,15.4,16.1,17.5,20.5,23.5,23.7,22.7,25.5,28.9,28.7,23.9,19.6,19.4,18.9,19.1,18.2,17.9,18.1,18,18.8,18.9,18.4,18.1,18.6,19.3,20.4,21,21.2,22,22.2,23.9,24.4,24.3,23.9,24.7,25.3,25.3,24.9,25.1,25,23.2,23.6,23,22,22,22.1,21.7,21.8,21.7,22.3,22.5,21.5,22.3,22.2,22.2
2023F,AR,TEACE,7.2,7.9,8.1,8.6,9,9,9.4,9.6,10.7,11.1,11.6,12.1,13.5,14.7,14.7,14.7,15.2,15.7,16.1,14,14.3,14.7,14.7,13.8,14.6,14.4,14.7,15.4,16.1,16.5,16.1,16.2,16.2,16.9,18,18.4,18.8,19.3,19.6,20.8,21,19.8,20.4,20.5,20.7,20.6,20.6,20.9,20.1,19.9,19.8,19.5,18.8,18.6,18.8,18.6,19,19.1,19.3,19.5,18.4,19.3,19.2,19.4
2023F,AR,TECCE,1.2,1.2,1.4,1.5,1.6,1.8,2.1,2.3,2.4,2.6,2.6,2.1,2.3,2.5,2.5,2.7,2.7,2.7,2.6,2.6,2.1,1.8,1.9,3.1,2.3,2,1.6,1.6,1.7,1.7,1.6,1.6,1.6,1.8,1.8,1.8,1.9,1.8,1.8,1.8,2.1,2.1,2.1,2.2,2,2.1,1.9,1.9,2.2,2.5,2.6,2.5,2.5,2.8,3.1,3.1,2.9,3,3.5,3.5,3.3,3.6,3.5,3.4
2023F,AR,TEEIE,2.6,2.4,2.9,3.2,3.5,3.6,3.6,2.9,3.9,4.6,6.1,5.9,6.1,6,5.3,3.8,4.9,7,8.4,7.6,7.6,12.3,13.1,17.9,16.1,20.8,22.2,21.2,21.6,20.5,21.5,21.5,21.9,19.5,21.7,23.6,25.8,24.2,25.9,27,26.6,27.2,25.8,26.6,27.4,25.6,27.6,28.8,29.3,29.1,32.6,34.5,34.9,35.9,35.8,27.3,30.5,32.1,37,31.2,22.6,28.5,30.3,27.4
2023F,AR,TEICE,7.7,7.7,8.4,8.8,9.6,9.2,9,9.9,9.8,10.7,11.1,10.6,10.9,13.3,12.6,11.2,11.8,12.1,11.6,12.4,10.3,11.4,10.2,9.2,9,9.3,8.9,6.3,8.9,9.9,9.1,7.9,9.3,9.4,10.2,11.1,10.8,11.2,11.1,10.5,10.6,10.7,10.3,10.5,10.2,9.8,9.9,9.7,10.3,7.8,8.8,8.7,8.4,8.9,8.7,7.8,7.8,8.1,8.6,8.5,8.4,8.3,8.3,8.4
2023F,AR,TERCE,2.5,2.6,2.6,2.7,3.1,2.8,3.8,3.9,4.3,4.7,4.8,4.3,4.4,4.3,3.9,3.9,4,4,3.6,3.5,3,2.7,2.8,3.1,2.9,2.7,2.6,2.6,2.7,2.7,2.5,2.6,2.5,2.8,2.6,2.7,2.9,2.7,2.4,2.7,2.9,2.7,2.6,2.5,2.3,2.2,2.1,2.1,2.3,2.2,2.3,2.1,1.6,2.2,2.4,2,1.7,1.6,2.1,2.1,1.9,2.1,2,1.8
2023F,AR,TETCE,21.3,21.8,23.3,24.8,26.8,26.4,27.9,28.6,31.2,33.7,36.1,35,37.1,40.8,39,36.2,38.7,41.6,42.3,40.2,37.4,42.9,42.7,47.1,45,49.1,50,47,51,51.4,50.9,49.8,51.4,50.4,54.3,57.7,60.2,59.2,60.6,62.7,63.3,62.5,61.2,62.3,62.5,60.3,62.1,63.4,64.2,61.5,66.1,67.4,66.2,68.4,68.8,58.8,61.8,63.9,70.5,64.9,54.5,61.8,63.3,60.4
2023F,AZ,CDEGR,,,,,,,,,,,,,,,,,,,,,,,,,,,,,,,,,,,,,,397.8,388.5,376.3,385.6,384.9,370.5,356.6,367.1,342.8,339,333.7,339.3,338.2,352.4,336.2,321.2,332.2,322.4,307.5,284.5,271.3,271.4,257.1,219.3,209.6,196,196.4
2023F,AZ,CDTCR,56.5,56.4,57.6,57.5,57.8,56.7,55.8,56.1,56.2,55.8,55.2,55.9,56.4,58.4,60.4,64.4,66.4,68.6,67.1,69.7,68.5,71.2,72.8,69.6,69.5,69.2,61.5,60,55.5,66.4,58.3,56.3,56.6,59.5,59.1,55,54.8,54.9,55.3,56.3,57.5,58.4,57,58.2,58.3,58.9,59.8,58.6,57.6,56.4,57.6,57.3,56.3,57.3,56.5,54.8,53.3,53.7,53.9,52,48.8,49.3,48.7,48.5
2023F,AZ,CDTPR,11.8,12,12.5,12.7,12.8,12.1,12.5,12.5,13.7,14.3,13.9,14.3,15.1,16.3,16.6,16.7,18.7,20.8,19.6,21.3,19.3,21.3,20.2,18.2,19.1,19.2,17,16.4,16.8,18.1,17.1,16.9,17,17,16.9,15.1,14.9,15.1,15.7,16.1,16.8,16.9,16.4,16.4,17.2,16.7,16.7,16.6,16.3,14.8,15.5,15.1,14.6,15,14.4,13.9,13.1,12.8,13.1,12.7,11.1,11.4,10.9,11.1
2023F,AZ,CLACE,0,0,0,0,0,0,0,0,0,0,0,0,0,0,0,0,0,0,0,0,0,0,0,0,0,0,0,0,0,0,0,0,0,0,0,0,0,0,0,0,0,0,0,0,0,0,0,0,0,0,0,0,0,0,0,0,0,0,0,0,0,0,0,0
2023F,AZ,CLCCE,0,0,0,0,0,0,0,0,0,0,0,0,0,0,0,0,0,0,0,0,0,0,0,0,0,0,0,0,0,0,0,0,0,0,0,0,0,0,0,0,0,0,0,0,0,0,0,0,0,0,0,0,0,0,0,0,0,0,0,0,0,0,0,0
2023F,AZ,CLEIE,0,0,0.6,0.8,0.9,0.7,0.7,0.7,0.8,0.8,0.8,0.8,0.7,0.9,4.6,8.5,12.6,15.5,14.3,19.8,22.1,28,29,25.2,27.4,28.8,23.7,25.6,28.2,32.2,31.4,31.8,34,35.7,36.8,31.3,31.3,33.8,35.5,37.1,39.7,39,37.5,37.4,39.1,39.4,39.7,40.4,42.6,38.6,42.7,43,39.4,43,42.3,36.4,30.6,31.5,31.1,24,14.4,14.7,14.2,12.7
2023F,AZ,CLICE,0,0,0,0,0,0,0,0,0,0,0,0,0,0,0,0.2,0.7,1.6,0.9,3.6,1.2,2.3,2.9,2.9,3.5,3.7,4.4,1.3,1.2,1.3,1.3,1.3,1.2,1.3,1.4,1.2,1.3,1.3,1.3,1.2,1.5,1.4,1.3,1.4,1.5,1.5,1.5,1.4,1.2,0.8,1,1,0.8,0.4,0.5,0.5,0.4,0.5,0.6,0.6,0.6,0.6,0.6,0.5
2023F,AZ,CLRCE,0,0,0,0,0,0,0,0,0,0,0,0,0,0,0,0,0,0,0,0,0,0,0,0,0,0,0,0,0,0,0,0,0,0,0,0,0,0,0,0,0,0,0,0,0,0,0,0,0,0,0,0,0,0,0,0,0,0,0,0,0,0,0,0
2023F,AZ,CLTCE,0,0,0.6,0.8,0.9,0.7,0.7,0.7,0.8,0.8,0.8,0.8,0.7,0.9,4.6,8.8,13.3,17.1,15.2,23.4,23.3,30.4,32,28.1,30.9,32.5,28.1,26.9,29.4,33.6,32.7,33.1,35.2,37,38.2,32.6,32.6,35.1,36.8,38.4,41.2,40.4,38.8,38.8,40.6,41,41.2,41.8,43.8,39.5,43.7,43.9,40.2,43.4,42.8,36.9,30.9,32,31.7,24.6,15,15.4,14.8,13.2
2023F,AZ,FFACE,8,8.3,8.9,9.4,9.9,9.6,10.2,10.9,12.6,13.2,13.4,14,15.6,16.9,16.2,16.1,16.5,17.8,18.7,19.2,18.6,18.7,18.3,18.5,19.7,20.6,21.2,22,22.7,22.6,22.8,23.3,23.7,24.9,25.6,26.1,27.7,27.7,29.9,31.6,32.6,33.5,34.3,35.7,36.3,36.9,38.1,37.5,34.3,32.4,35.3,35.1,34.4,34.8,35.1,35.7,36.6,36.9,37.6,38.7,34.4,38.3,37.2,37.7
2023F,AZ,FFCCE,1.5,0.9,0.8,0.9,1.5,1.3,1.2,1.5,1.6,1.6,1.5,1.7,1.8,2.2,2.3,2.2,2.5,2.5,2.2,1.9,1.8,1.7,1.7,1.6,1.6,1.7,1.6,1.9,1.9,1.9,1.9,1.8,1.8,1.7,1.8,1.8,1.9,2,2.3,2.2,2.2,2.1,2.2,2.1,2,2,2,2.1,2.4,2.2,2.4,2.4,2.3,2.4,2.2,2.8,3,2.9,2.8,3,2.8,3.1,3.2,3.4
2023F,AZ,FFEIE,2.9,3.3,3.9,4,3.7,2.8,3.1,2.9,3.5,4.1,4.1,4.9,5.8,7.6,10.8,13,16.9,21,20,25.2,25.6,31.5,31,26.6,29.2,31.3,25.5,27.3,29.7,35.2,32.8,33.1,35.7,36.9,38.3,32.6,32.6,35.3,37.8,40.1,45.1,46.3,45.4,46.6,52.2,51.3,53.2,55.6,58.1,52.9,54.9,52.8,51.8,55.2,53.5,50,44.6,43.8,46.8,43.5,35.6,34.3,32.7,34.5
2023F,AZ,FFICE,1.5,2.8,3.3,3.5,3.1,3.9,4.2,3.5,3.7,4.1,4,4.3,4.9,5.5,5.4,4.7,5.5,6.9,6.3,8,5.2,6.4,5.7,5.6,6.4,5.6,6.3,3.4,3.6,4.1,3.8,3.8,3.8,3.8,4.2,4.6,4.7,4.8,4.6,4.7,4.7,4.8,4.3,4,4.5,5,5,4.8,5.3,4.2,4.6,5,4.9,4.5,4.4,4.2,4.4,4.8,4.5,4.6,4.7,4.6,4.7,4.6
2023F,AZ,FFRCE,1.6,1.5,1.4,1.5,1.8,1.6,1.6,1.6,1.7,1.8,1.9,2.1,2.2,2.3,2.1,2.4,2.5,2.4,2,1.9,1.8,1.6,1.8,1.8,1.7,1.8,1.6,1.8,1.7,1.7,1.8,1.9,1.8,1.7,1.8,1.7,1.7,1.8,2.2,2.1,2.1,2.2,2.2,2.1,2.2,2.1,2.2,2.3,2.4,2.2,2.3,2.4,2.1,2.4,2,2.1,2.2,2.1,2.2,2.6,2.6,2.5,2.6,2.8
2023F,AZ,FFTCE,15.6,16.9,18.4,19.3,19.9,19.2,20.2,20.5,23,24.8,24.9,27,30.3,34.5,36.8,38.3,43.8,50.5,49.3,56.1,52.8,59.9,58.5,54.2,58.5,61.1,56.2,56.4,59.6,65.5,63.1,63.9,66.8,69,71.8,66.7,68.6,71.7,76.7,80.6,86.6,88.9,88.3,90.5,97.3,97.3,100.5,102.3,102.6,93.8,99.5,97.6,95.4,99.3,97.3,94.9,90.8,90.4,94,92.5,80.1,82.8,80.4,83
2023F,AZ,NNACE,0.9,0.9,0.8,0.8,1,1,1.1,1.3,1.5,1.5,1.3,1.5,1.4,1.3,1.3,1,0.9,0.8,0.9,1.1,1.2,1.4,1,0.7,0.8,1,0.7,0.9,1,1,1.4,1.3,1.3,1,1.4,1,0.9,1,1.1,1,1.1,1.2,1.1,1,0.9,1.1,1.2,1.2,1.3,1.2,0.9,0.8,0.8,0.8,0.9,1,0.9,0.8,0.8,1,1,1,1,1
2023F,AZ,NNCCE,1.4,0.8,0.7,0.8,1.3,1.1,1,1.3,1.3,1.4,1.3,1.4,1.5,1.8,1.8,1.8,2,1.9,1.7,1.5,1.5,1.5,1.5,1.4,1.4,1.4,1.3,1.5,1.6,1.6,1.6,1.5,1.5,1.5,1.6,1.6,1.6,1.6,1.7,1.7,1.7,1.7,1.7,1.7,1.8,1.7,1.8,1.8,1.8,1.7,1.7,1.8,1.7,1.8,1.7,1.7,1.9,1.7,1.7,1.9,1.7,1.8,1.9,2
2023F,AZ,NNEIE,2.9,3.3,3.3,3.2,2.8,2.1,2.4,2.3,2.7,3.3,3.3,3.8,4.4,3.2,2.3,1,1.4,1.7,3.1,2.9,2.8,3.2,1.7,1.1,1.4,2.3,1.7,1.5,1.4,2.8,1.3,1.3,1.7,1.1,1.4,1.2,1.2,1.4,2.3,2.9,5.2,7,7.9,9.1,13,11.8,13.4,15.2,15.5,14.2,12.1,9.8,12.4,12.1,11.2,13.6,14,12.3,15.7,19.5,21.2,19.5,18.5,21.8
2023F,AZ,NNICE,0.7,2,2.6,2.8,2.5,3,3.2,2.5,3,3.2,3.1,3.3,3.4,3.5,3.5,2.7,2.9,2.7,2.5,2.4,2,2.6,1.6,1.6,1.6,0.9,0.5,0.9,1.3,1.1,1,1,1,1.1,1.4,1.5,1.4,1.5,1.5,1.4,1.1,1.1,0.9,0.8,1.1,0.9,1,1,1.1,0.9,1,1.1,1.2,1.2,1.2,1.1,1,1,1,1,1,1,1,1.1
2023F,AZ,NNRCE,1.5,1.4,1.2,1.3,1.6,1.4,1.4,1.4,1.5,1.6,1.7,1.8,1.9,2,1.8,2.1,2.2,2.1,1.7,1.6,1.6,1.5,1.6,1.6,1.5,1.6,1.4,1.6,1.5,1.5,1.7,1.7,1.6,1.5,1.6,1.5,1.5,1.7,1.9,1.8,1.9,1.9,1.9,1.9,2.1,1.9,1.9,2.1,2.1,1.9,2,2.1,1.9,2.2,1.8,1.9,1.9,1.8,1.9,2.3,2.3,2.2,2.3,2.5
2023F,AZ,NNTCE,7.4,8.4,8.6,8.9,9.2,8.7,9.1,8.9,10,11,10.7,11.9,12.7,11.9,10.7,8.6,9.5,9.3,9.8,9.5,9.2,10.1,7.5,6.3,6.7,7.3,5.6,6.4,6.8,8,6.9,6.8,7.1,6.2,7.4,6.7,6.6,7.2,8.5,8.8,11,12.9,13.5,14.6,18.9,17.4,19.3,21.3,21.7,20,17.8,15.5,18,18,16.7,19.3,19.7,17.7,21.1,25.6,27.1,25.6,24.7,28.4
2023F,AZ,PMACE,7.1,7.5,8.1,8.6,8.9,8.5,9,9.6,11.1,11.7,12,12.6,14.1,15.6,14.9,15.1,15.6,16.9,17.9,18,17.4,17.4,17.2,17.9,18.9,19.6,20.5,21,21.7,21.6,21.4,22,22.4,23.9,24.2,25,26.8,26.7,28.8,30.5,31.4,32.3,33.2,34.7,35.4,35.8,36.9,36.3,33,31.2,34.4,34.3,33.6,34,34.2,34.7,35.7,36.1,36.8,37.7,33.4,37.3,36.2,36.7
2023F,AZ,PMCCE,0.1,0.1,0.1,0.2,0.2,0.2,0.2,0.2,0.2,0.2,0.2,0.2,0.3,0.4,0.4,0.4,0.4,0.6,0.6,0.4,0.2,0.2,0.3,0.2,0.2,0.3,0.3,0.4,0.3,0.3,0.3,0.3,0.3,0.2,0.2,0.2,0.3,0.3,0.6,0.5,0.5,0.4,0.5,0.3,0.2,0.3,0.3,0.3,0.6,0.5,0.6,0.6,0.6,0.6,0.6,1.2,1.1,1.1,1.1,1.1,1.1,1.2,1.3,1.4
2023F,AZ,PMEIE,0,0,0,0,0.1,0,0,0,0,0,0,0.2,0.8,3.5,4,3.4,2.9,3.8,2.6,2.5,0.7,0.2,0.2,0.3,0.3,0.2,0.1,0.2,0.1,0.2,0.1,0.1,0.1,0,0.1,0.1,0.1,0,0.1,0,0.2,0.3,0,0,0,0,0.1,0,0,0,0.1,0,0,0,0,0,0,0,0,0.1,0,0,0,0
2023F,AZ,PMICE,0.8,0.8,0.7,0.6,0.6,0.9,1,1,0.8,0.8,0.9,1,1.5,1.9,1.8,1.7,1.8,2.5,2.9,2,1.9,1.5,1.1,1.1,1.3,1,1.5,1.2,1.1,1.7,1.5,1.5,1.6,1.4,1.5,1.9,2.1,2.1,1.8,2,2.1,2.3,2,1.8,1.9,2.6,2.5,2.3,3.1,2.4,2.6,2.9,2.8,2.9,2.7,2.6,3,3.2,2.8,3,3,2.9,3.1,3
2023F,AZ,PMRCE,0.1,0.1,0.2,0.2,0.2,0.2,0.1,0.2,0.2,0.2,0.3,0.3,0.3,0.3,0.3,0.2,0.3,0.3,0.3,0.3,0.1,0.1,0.2,0.2,0.2,0.2,0.2,0.2,0.2,0.2,0.2,0.2,0.2,0.2,0.2,0.2,0.2,0.2,0.2,0.3,0.3,0.3,0.3,0.2,0.2,0.2,0.2,0.2,0.3,0.3,0.3,0.3,0.2,0.3,0.3,0.2,0.3,0.2,0.3,0.3,0.3,0.3,0.3,0.3
2023F,AZ,PMTCE,8.2,8.5,9.2,9.6,9.9,9.8,10.4,10.9,12.3,13,13.4,14.3,16.9,21.7,21.4,20.8,21,24.1,24.3,23.2,20.4,19.4,19,19.7,21,21.3,22.6,23.1,23.4,23.9,23.5,24.1,24.5,25.8,26.2,27.4,29.4,29.4,31.5,33.4,34.4,35.6,36,37,37.8,38.9,39.9,39.2,37.1,34.4,37.9,38.2,37.3,37.8,37.8,38.7,40.1,40.7,41.1,42.2,37.9,41.8,40.9,41.4
2023F,AZ,TEACE,8,8.3,8.9,9.4,9.9,9.6,10.2,10.9,12.6,13.2,13.4,14,15.6,16.9,16.2,16.1,16.5,17.8,18.7,19.2,18.6,18.7,18.3,18.5,19.7,20.6,21.2,22,22.7,22.6,22.8,23.3,23.7,24.9,25.6,26.1,27.7,27.7,29.9,31.6,32.6,33.5,34.3,35.7,36.3,36.9,38.1,37.5,34.3,32.4,35.3,35.1,34.4,34.8,35.1,35.7,36.6,36.9,37.6,38.7,34.4,38.3,37.2,37.7
2023F,AZ,TECCE,1.5,0.9,0.8,0.9,1.5,1.3,1.2,1.5,1.6,1.6,1.5,1.7,1.8,2.2,2.3,2.2,2.5,2.5,2.2,1.9,1.8,1.7,1.7,1.6,1.6,1.7,1.6,1.9,1.9,1.9,1.9,1.8,1.8,1.7,1.8,1.8,1.9,2,2.3,2.2,2.2,2.1,2.2,2.1,2,2,2,2.1,2.4,2.2,2.4,2.4,2.3,2.4,2.2,2.8,3,2.9,2.8,3,2.8,3.1,3.2,3.4
2023F,AZ,TEEIE,2.9,3.3,3.9,4,3.7,2.8,3.1,2.9,3.5,4.1,4.1,4.9,5.8,7.6,10.8,13,16.9,21,20,25.2,25.6,31.5,31,26.6,29.2,31.3,25.5,27.3,29.7,35.2,32.8,33.1,35.7,36.9,38.3,32.6,32.6,35.3,37.8,40.1,45.1,46.3,45.4,46.6,52.2,51.3,53.2,55.6,58.1,52.9,54.9,52.8,51.8,55.2,53.5,50,44.6,43.8,46.8,43.5,35.6,34.3,32.7,34.5
2023F,AZ,TEICE,1.5,2.8,3.3,3.5,3.1,3.9,4.2,3.5,3.7,4.1,4,4.3,4.9,5.5,5.4,4.7,5.5,6.9,6.3,8,5.2,6.4,5.7,5.6,6.4,5.6,6.3,3.4,3.6,4.1,3.8,3.8,3.8,3.8,4.2,4.6,4.7,4.8,4.6,4.7,4.7,4.8,4.3,4,4.5,5,5,4.8,5.3,4.2,4.6,5,4.9,4.5,4.4,4.2,4.4,4.8,4.5,4.6,4.7,4.6,4.7,4.6
2023F,AZ,TERCE,1.6,1.5,1.4,1.5,1.8,1.6,1.6,1.6,1.7,1.8,1.9,2.1,2.2,2.3,2.1,2.4,2.5,2.4,2,1.9,1.8,1.6,1.8,1.8,1.7,1.8,1.6,1.8,1.7,1.7,1.8,1.9,1.8,1.7,1.8,1.7,1.7,1.8,2.2,2.1,2.1,2.2,2.2,2.1,2.2,2.1,2.2,2.3,2.4,2.2,2.3,2.4,2.1,2.4,2,2.1,2.2,2.1,2.2,2.6,2.6,2.5,2.6,2.8
2023F,AZ,TETCE,15.6,16.9,18.4,19.3,19.9,19.2,20.2,20.5,23,24.8,24.9,27,30.3,34.5,36.8,38.3,43.8,50.5,49.3,56.1,52.8,59.9,58.5,54.2,58.5,61.1,56.2,56.4,59.6,65.5,63.1,63.9,66.8,69,71.8,66.7,68.6,71.7,76.7,80.6,86.6,88.9,88.3,90.5,97.3,97.3,100.5,102.3,102.6,93.8,99.5,97.6,95.4,99.3,97.3,94.9,90.8,90.4,94,92.5,80.1,82.8,80.4,83
2023F,CA,CDEGR,,,,,,,,,,,,,,,,,,,,,,,,,,,,,,,,,,,,,,244.7,235.8,221.2,214.4,216.2,210.9,197.8,200.7,190.7,187.7,185.6,175.2,175.6,165.7,156.4,154.8,148.4,141.3,136.4,133,128.5,124.5,119.4,102.2,102.1,101.8,99.8
2023F,CA,CDTCR,59.6,59.8,58.7,58.3,58.4,58.4,58.7,58.2,58.5,57.7,57.9,58.1,58.4,59.2,58.4,58.6,60,60.7,60.1,59.5,59.9,60.5,59.1,58.3,57.6,57,56.6,56.2,56.9,55.7,56,55.7,55.3,55.2,55.8,55.8,56,56.3,55.4,55.5,55.9,56.3,56.4,56,56.5,56.1,56.6,56.5,56.1,56,55.1,53.8,55.4,54.5,54.5,54.4,54,53.8,54.5,53.8,52,52.3,51.8,50.3
2023F,CA,CDTPR,12.4,12.6,12.3,12.4,13.1,13.1,13.8,13.9,14.7,14.6,14.7,15,15.2,15.8,14.4,14.5,14.9,15.9,15.1,15.6,14.5,13.8,12.1,11.6,12.2,12.1,11.3,12.1,12.1,12.3,12,11.5,11.4,10.9,11.4,11,10.9,10.9,11,10.9,11.3,11.2,11,10.6,11,10.9,11,11.1,10.5,10,9.6,9.1,9.2,9.1,8.9,8.9,8.9,9,9,9,7.6,8.2,8.3,8.3
2023F,CA,CLACE,0.1,0,0,0,0,0,0,0,0,0,0,0,0,0,0,0,0,0,0,0,0,0,0,0,0,0,0,0,0,0,0,0,0,0,0,0,0,0,0,0,0,0,0,0,0,0,0,0,0,0,0,0,0,0,0,0,0,0,0,0,0,0,0,0
2023F,CA,CLCCE,0,0,0,0,0,0,0,0,0,0.1,0.1,0,0,0,0,0,0,0,0,0,0,0,0,0,0.1,0.1,0,0,0,0,0,0.1,0,0.3,0.3,0.3,0.3,0.2,0.2,0.1,0,0,0,0,0,0,0,0,0,0,0,0,0,0,0,0,0,0,0,0,0,0,0,0
2023F,CA,CLEIE,0,0,0,0,0,0,0,0,0,0,0,0,0,0,0,0,0,0,0,0,0,0,0,0,0,0,0,0,0,0.8,1.8,2.4,2.5,2.6,2.5,2.2,1.9,1.7,1.9,2.1,2.1,2,2.2,2.1,2.2,2,2.1,2.2,2.3,2,2.1,1.9,1.3,0.6,0.7,0,0,0,0,0,0,0,0,0
2023F,CA,CLICE,3.2,5.3,3.6,4.2,4.9,5.8,4.6,4.9,5.2,5.2,5.4,4.6,4.3,6.1,5.5,5.2,6.1,6.9,6.3,6.3,6.1,7.3,6.4,3,3.5,4.2,4,4.3,4.8,5.5,6.1,6,6.1,5.1,5.1,5.5,5.3,5.9,4.1,4.4,4.5,4.4,4.4,4.5,4.3,4.4,4.3,4.1,3.7,3,3.1,3.4,2.9,3,3.1,3,3.1,3.2,3.2,3,2.7,2.7,2.9,2.8
2023F,CA,CLRCE,0,0,0,0,0,0,0,0,0,0.1,0.1,0,0,0,0,0,0,0,0,0,0,0,0,0,0,0,0,0,0,0,0,0,0,0.1,0.1,0,0,0,0,0,0,0,0,0,0,0,0,0,0,0,0,0,0,0,0,0,0,0,0,0,0,0,0,0
2023F,CA,CLTCE,3.3,5.4,3.6,4.2,4.9,5.8,4.7,4.9,5.2,5.5,5.6,4.6,4.3,6.1,5.5,5.2,6.1,6.9,6.3,6.3,6.1,7.3,6.4,3,3.5,4.3,4,4.3,4.8,6.3,8,8.5,8.7,8,8,8,7.6,7.8,6.3,6.6,6.6,6.4,6.6,6.5,6.5,6.4,6.4,6.3,6,5,5.2,5.3,4.2,3.6,3.8,3,3.1,3.2,3.2,3,2.7,2.7,2.9,2.8
2023F,CA,FFACE,87.6,92.6,94,96.7,101.4,106.4,113.4,118,127,130.7,130.7,136.2,137.6,141.4,135.1,139.1,147.2,157.5,169.6,168.2,169.5,168.1,159.5,161.1,169.7,169,174.9,184.2,195,201.2,202.5,192.1,191.7,187.7,196,200.2,204.4,199.2,200,204.3,216.4,211.5,223.4,215.5,223.8,228.8,233.5,235.7,218.9,213.7,201,193.3,189.4,186.1,187.1,191,198.1,204.1,205.8,205.6,156.7,177.6,181.7,181.3
2023F,CA,FFCCE,10.5,10.7,11,11.2,12.2,13.4,14.2,14.6,15.2,16.1,17.3,19.3,17.4,17.8,17.8,16.9,15.6,16.5,16.5,18.3,20,21.3,18.6,16.2,15.7,14.1,14,15.9,17.6,17.8,19,19.1,17.4,15.5,15.9,17,14.8,15.4,17.8,14.9,14.4,14.9,14.3,14,14.1,14.2,14.5,15.1,15.6,15.6,16.1,15.7,15.9,16,15.1,18.3,18.6,18.7,19.3,19.8,18.1,19.2,19.5,20.5
2023F,CA,FFEIE,29.1,32.8,29.9,31.8,37.6,35.9,43.1,41.5,47.8,42.8,45.8,47.5,54,61.7,47.3,52.6,62.6,80,64.6,72.5,59.6,58.3,37.4,31.1,34.1,39.4,27.3,37.1,36.3,43.9,40.2,38,45.5,41.9,49.4,37.1,32.8,35.8,39.3,43.3,52.9,57.8,43.7,42.7,46.4,41.9,46.5,50,50.9,47.9,43.5,36.4,48,45.7,46.2,44.1,36.5,32.9,33.6,31.1,33.6,35.3,35.4,34.7
2023F,CA,FFICE,49.3,50.8,50.6,55,59.2,58.9,60.9,61.8,64.3,65.3,68.3,66.2,67.2,72.9,70.8,66.8,67.4,70.1,63.6,69.1,65.3,58.7,52.8,56.6,69.2,67.9,64,70.2,67.4,67,69.5,70.9,71.2,68.5,68.7,67.7,70.9,75.6,73.4,71.8,71.2,73,74,74.2,78.9,76.2,75.1,73.2,69.9,65.1,67.4,67.8,68.4,71.9,71.8,70.5,71.6,71.6,71.4,70.9,64.5,63.6,62.4,60.9
2023F,CA,FFRCE,21,21.6,23.9,24.8,27.8,29.1,29.3,30.9,30.6,33.3,32.4,36.7,36.9,35.6,33.6,36.2,34.3,31.1,31.3,34.4,30.4,28,30.8,28.7,27,30.3,26.6,28.6,28.5,29.8,29.5,29.3,27.2,28.8,29.4,26.8,27,26.8,32.3,31.9,27.6,28.6,28.7,28.3,29.5,28.2,28.4,28.6,28.8,28.3,29,29.7,27.3,27.7,22.9,23.4,24.1,25.1,24.8,27.1,26.6,26.2,25.1,26.9
2023F,CA,FFTCE,197.5,208.5,209.5,219.4,238.3,243.7,260.8,266.9,284.8,288.1,294.6,306,313,329.4,304.6,311.5,327,355.2,345.5,362.5,344.9,334.4,299.1,293.8,315.7,320.7,306.7,336.1,344.8,359.8,360.6,349.4,353.1,342.4,359.4,348.8,349.8,352.7,362.8,366.2,382.5,385.8,384.2,374.9,392.7,389.5,398,402.6,384.2,370.6,356.9,342.9,349.1,347.4,343.2,347.3,348.9,352.3,355,354.6,299.6,321.9,324.1,324.3
2023F,CA,NNACE,0.6,0.6,0.9,0.8,0.9,0.9,1.7,1,1,1,0.9,1,1,1.1,1.1,1.1,0.9,0.8,0.8,1,0.8,0.8,0.7,0.6,0.6,0.8,0.7,1,1,1.1,1.1,1,0.8,0.7,0.7,1.1,1.1,1.3,0.6,0.6,0.6,0.7,0.7,0.7,0.9,1.1,0.9,1.1,1.1,1,1.3,1.3,1.5,1.3,2.1,1.9,2.3,2.4,2.4,2.7,2.3,2.6,2.7,3
2023F,CA,NNCCE,6,6.2,6.8,7.1,8.1,9.3,9.7,10.5,10.8,11.7,11.7,13.4,12.9,13,12.8,13.5,12.3,12.7,12.3,14.4,14.3,13.1,13.1,11.9,10.6,11.3,10,11.6,13.5,14.3,15.6,15.6,15.5,13.8,14.2,15,12.9,13.7,15.8,13.2,12.5,13.2,12.9,12.6,12.5,12.6,13.3,13.7,13.7,13.5,13.5,13.3,13.7,13.9,12.9,12.9,13,13,13.6,14,12.7,13.1,13.5,14.1
2023F,CA,NNEIE,17.7,21.8,21.8,24.4,29.5,28,33.9,33,38.8,33.4,35.6,31.5,34.1,25.6,16.6,15.5,16.6,20.2,17,24.9,28.9,36.7,29.8,25.8,31.9,37.1,24.6,35.4,30.4,35.8,34.4,34.3,41.8,36.8,44.3,32.9,28.6,32.3,35.2,39.2,48.3,53,39.4,38.3,42.1,37.6,42.2,45.6,46.8,44.1,40.1,33.5,46.5,45,45.5,44.1,36.4,32.9,33.6,31.1,33.6,35.3,35.3,34.6
2023F,CA,NNICE,23.9,24.2,25.5,29.2,30.4,29.1,30.6,33.3,35,36.9,38.4,37.7,37.3,38.9,38.6,36.1,33.8,33.9,26.3,26.8,26,24.8,19.5,18.4,22.4,23.1,22.7,29.3,25.7,28.2,31.2,37.3,36.1,37.2,35.3,36.1,37.2,41.3,44.2,41.2,41.2,37.4,41,43.4,46.3,43.6,42,42.4,41.7,40.9,40.7,39.7,41.6,43.9,44.3,43.3,42.9,42.2,42.4,42.4,38.6,37.8,36,35.5
2023F,CA,NNRCE,20,20.6,22.8,23.6,26.5,27.8,28.2,29.7,29.3,31.9,30.9,35.3,35.5,34.3,32.4,35.3,33.4,30.2,30,32.8,29.3,27,29.8,27.5,26,29,25.5,27.4,27.1,28.3,28.2,27.7,26.1,27.6,28.2,25.6,26,25.8,30.8,30.6,26.2,27.6,27.6,26.9,27.7,26.2,26.7,26.9,26.7,26.2,26.8,27.7,25.9,26.2,21.7,22,22.6,23.6,23.2,25.4,25.1,24.6,23.7,25.3
2023F,CA,NNTCE,68.2,73.4,77.8,85.1,95.3,95.2,104.1,107.5,114.8,114.9,117.6,118.9,120.9,112.9,101.4,101.5,96.9,97.7,86.4,99.9,99.4,102.4,92.9,84.3,91.5,101.3,83.6,104.7,97.8,107.7,110.5,115.8,120.3,116.1,122.6,110.6,105.7,114.4,126.5,124.7,128.9,132,121.6,121.9,129.6,121.2,125,129.6,129.9,125.7,122.3,115.6,129.2,130.4,126.5,124.3,117.2,114.1,115.1,115.6,112.3,113.4,111.3,112.5
2023F,CA,PMACE,86.9,91.9,93.2,95.9,100.5,105.5,111.7,117,126,129.7,129.8,135.1,136.5,140.3,134.1,138,146.3,156.7,168.8,167.2,168.7,167.3,158.8,160.5,169.1,168.2,174.2,183.1,194,200.2,201.4,191.1,190.9,187,195.3,199.1,203.3,197.9,199.4,203.6,215.8,210.8,222.8,214.9,222.9,227.7,232.6,234.6,217.9,212.7,199.7,191.9,187.9,184.8,185,189,195.9,201.6,203.4,203,154.4,175,179,178.3
2023F,CA,PMCCE,4.5,4.6,4.2,4.1,4.2,4.1,4.5,4.1,4.5,4.3,5.5,5.9,4.5,4.8,5,3.4,3.3,3.9,4.1,3.9,5.7,8.1,5.5,4.3,5.1,2.7,3.9,4.4,4,3.5,3.3,3.4,1.9,1.5,1.5,1.8,1.5,1.4,1.7,1.7,1.8,1.6,1.4,1.4,1.6,1.6,1.2,1.4,2,2.1,2.7,2.4,2.2,2.1,2.1,5.4,5.6,5.7,5.8,5.8,5.4,6,6,6.5
2023F,CA,PMEIE,11.3,11,8.1,7.4,8.1,7.9,9.2,8.6,9,9.3,10.2,16.1,19.9,36.1,30.7,37.1,46,59.8,47.6,47.6,30.7,21.7,7.6,5.3,2.2,2.3,2.7,1.7,6,7.3,4,1.3,1.2,2.5,2.6,2,2.3,1.8,2.2,2,2.5,2.8,2.2,2.3,2.1,2.4,2.2,2.2,1.9,1.8,1.3,1.1,0.2,0.1,0.1,0,0,0,0,0,0,0,0,0
2023F,CA,PMICE,22.1,21.2,21.5,21.6,24,24,25.7,23.6,24.2,23.1,24.5,23.9,25.6,27.9,26.7,25.5,27.5,29.3,31,36,33.2,26.6,26.9,35.2,43.3,40.7,37.2,36.7,36.9,33.4,32.2,27.7,28.9,26.2,28.3,26.1,28.4,28.4,25.1,26.2,25.5,31.2,28.6,26.4,28.2,28.2,28.9,26.8,24.5,21.2,23.6,24.7,23.9,25,24.5,24.2,25.6,26.1,25.9,25.5,23.2,23.2,23.5,22.7
2023F,CA,PMRCE,1,1,1.1,1.2,1.3,1.3,1,1.2,1.2,1.3,1.4,1.5,1.3,1.3,1.2,0.9,0.9,0.9,1.3,1.6,1.1,1,1,1.2,1,1.2,1,1.2,1.4,1.5,1.3,1.6,1.1,1.2,1.2,1.1,1,0.9,1.5,1.4,1.3,1,1.1,1.4,1.7,2,1.7,1.8,2.1,2.1,2.1,2,1.5,1.5,1.2,1.4,1.5,1.4,1.6,1.7,1.6,1.6,1.4,1.6
2023F,CA,PMTCE,126,129.7,128.1,130.1,138,142.7,152,154.5,164.8,167.7,171.4,182.5,187.8,210.4,197.6,204.8,223.9,250.6,252.8,256.3,239.4,224.7,199.7,206.5,220.7,215.1,219.1,227.1,242.3,245.8,242.2,225,224.1,218.3,228.8,230.2,236.5,230.5,230,234.9,247,247.5,256,246.5,256.6,261.9,266.6,266.7,248.2,239.9,229.4,222.1,215.7,213.4,212.9,220,228.6,234.9,236.6,236,184.7,205.9,210,209.1
2023F,CA,TEACE,87.6,92.6,94,96.7,101.4,106.4,113.4,118,127,130.7,130.7,136.2,137.6,141.4,135.1,139.1,147.2,157.5,169.6,168.2,169.5,168.1,159.5,161.1,169.7,169,174.9,184.2,195,201.2,202.5,192.1,191.7,187.7,196,200.2,204.4,199.2,200,204.3,216.4,211.5,223.4,215.5,223.8,228.8,233.5,235.7,218.9,213.7,201,193.3,189.4,186.1,187.1,191,198.1,204.1,205.8,205.6,156.7,177.6,181.7,181.3
2023F,CA,TECCE,10.5,10.7,11,11.2,12.2,13.4,14.2,14.6,15.2,16.1,17.3,19.3,17.4,17.8,17.8,16.9,15.6,16.5,16.5,18.3,20,21.3,18.6,16.2,15.7,14.1,14,15.9,17.6,17.8,19,19.1,17.4,15.5,15.9,17,14.8,15.4,17.8,14.9,14.4,14.9,14.3,14,14.1,14.2,14.5,15.1,15.6,15.6,16.1,15.7,15.9,16,15.1,18.3,18.6,18.7,19.3,19.8,18.1,19.2,19.5,20.5
2023F,CA,TEEIE,29.1,32.8,29.9,31.8,37.6,35.9,43.1,41.5,47.8,42.8,45.8,47.5,54,61.7,47.3,52.6,62.6,80,64.6,72.5,59.6,58.3,37.4,31.1,34.1,39.4,27.3,37.1,36.3,43.9,40.2,38,45.5,41.9,49.4,37.1,32.8,35.8,39.3,43.3,52.9,57.8,43.7,42.7,46.4,41.9,46.5,50,50.9,47.9,43.5,36.4,48,45.7,46.2,44.1,36.5,32.9,33.6,31.1,33.6,35.3,35.4,34.7
2023F,CA,TEICE,49.3,50.8,50.6,55,59.2,58.9,60.9,61.8,64.3,65.3,68.3,66.2,67.2,72.9,70.8,66.8,67.4,70.1,63.6,69.1,65.3,58.7,52.8,56.6,69.2,67.9,64,70.2,67.4,67,69.5,70.9,71.2,68.5,68.7,67.7,70.9,75.6,73.4,71.8,71.2,73,74,74.2,78.9,76.2,75.1,73.2,69.9,65.1,67.4,67.8,68.4,71.9,71.8,70.5,71.6,71.6,71.4,70.9,64.5,63.6,62.4,60.9
2023F,CA,TERCE,21,21.6,23.9,24.8,27.8,29.1,29.3,30.9,30.6,33.3,32.4,36.7,36.9,35.6,33.6,36.2,34.3,31.1,31.3,34.4,30.4,28,30.8,28.7,27,30.3,26.6,28.6,28.5,29.8,29.5,29.3,27.2,28.8,29.4,26.8,27,26.8,32.3,31.9,27.6,28.6,28.7,28.3,29.5,28.2,28.4,28.6,28.8,28.3,29,29.7,27.3,27.7,22.9,23.4,24.1,25.1,24.8,27.1,26.6,26.2,25.1,26.9
2023F,CA,TETCE,197.5,208.5,209.5,219.4,238.3,243.7,260.8,266.9,284.8,288.1,294.6,306,313,329.4,304.6,311.5,327,355.2,345.5,362.5,344.9,334.4,299.1,293.8,315.7,320.7,306.7,336.1,344.8,359.8,360.6,349.4,353.1,342.4,359.4,348.8,349.8,352.7,362.8,366.2,382.5,385.8,384.2,374.9,392.7,389.5,398,402.6,384.2,370.6,356.9,342.9,349.1,347.4,343.2,347.3,348.9,352.3,355,354.6,299.6,321.9,324.1,324.3
2023F,CO,CDEGR,,,,,,,,,,,,,,,,,,,,,,,,,,,,,,,,,,,,,,400,378.5,363,356.7,383.1,374.5,368.9,372.8,364.5,358.8,354.8,344.6,337.5,342.6,325.3,314.8,305.3,293.7,275.3,260.8,252.5,245.5,237.9,209,208.6,206.4,188.2
2023F,CO,CDTCR,62.5,63.2,63.6,64.7,64.2,64.9,65.4,65.4,64.3,63.5,63.5,63.2,63.6,64.2,64.8,66.2,67.1,68.4,68.2,68,69,70.8,70.6,69.8,70.4,70.9,71.1,71.4,70.7,71,72,71,71.5,70.7,71,70.4,70,70.8,69.9,71,70.1,69.5,70.2,69.4,69.5,69.4,69.5,68.4,68.2,67,67.4,67.4,67.6,66.7,66.1,65.5,64.9,65.1,63.7,62.8,60.9,62.2,61.3,60.5
2023F,CO,CDTPR,15.4,16.2,15.9,15.7,16.3,16.7,17.6,17.8,19.1,19,19.3,18.9,19.7,20.4,19.8,20,20.9,21.6,21.1,20.6,20,19.2,19.1,18.1,19.1,19.1,18.6,18.7,19.4,19.7,19.9,19.9,19.6,19.9,19.5,19,19.3,18.9,19,19,19.7,21,20.3,20,20.4,20.6,20.4,20.6,19.9,18.7,19,18,17.5,17.5,17.3,16.7,15.9,15.7,15.7,15.9,13.7,14.6,14.8,13.9
2023F,CO,CLACE,0.1,0,0,0,0,0,0,0,0,0,0,0,0,0,0,0,0,0,0,0,0,0,0,0,0,0,0,0,0,0,0,0,0,0,0,0,0,0,0,0,0,0,0,0,0,0,0,0,0,0,0,0,0,0,0,0,0,0,0,0,0,0,0,0
2023F,CO,CLCCE,0.2,0.2,0.3,0.2,0.3,0.3,0.3,0.3,0.3,0.3,0.2,0.2,0.3,0.2,0.1,0,0.1,0.1,0.3,0.4,0.2,0.2,0.2,0.1,0.2,0.2,0.2,0.1,0.2,0.1,0.1,0.1,0.1,0.1,0,0,0,0.1,0,0.2,0.1,0.6,0.4,0.5,0.4,0.3,0.1,0,0.7,0.6,0.6,0.3,0,0,0,0,0,0,0,0,0,0,0,0
2023F,CO,CLEIE,2.4,2.8,3.1,3.7,3.9,4.4,5.5,6,6.1,5.9,6.6,6.5,6.9,8.8,9,10.8,13.6,17,17.1,18.3,19.3,22.5,23.6,22.6,25.3,26.5,26.3,26.5,28,29.4,30.5,29.9,30.8,31.3,32.3,31.2,32.6,32.8,33.9,33.6,35.9,36.9,36.3,36.5,36.2,36,36.9,36.5,35.6,32.5,35.3,34.6,34.7,34,32.7,31.7,30.1,29.6,26.8,25.7,20.4,23.9,22,19.3
2023F,CO,CLICE,3.4,3.8,3.6,4,3.9,4.1,4,3.6,3.9,3.3,3.8,3,3.8,4,3.8,4.2,3.8,4,3.2,3.7,4,3.7,2.4,1.5,1.8,1.6,1.6,1.5,1.4,1.3,1.5,1.5,1.4,1.5,1.7,1.5,0.7,1.5,0.8,0.9,0.9,0.6,0.4,0.6,0.6,0.7,0.6,0.5,0.5,0.3,0.7,0.3,0.6,0.7,0.8,0.8,0.6,0.6,0.4,0.4,0.4,0.3,0.3,0.3
2023F,CO,CLRCE,0.3,0.4,0.4,0.3,0.4,0.4,0.4,0.3,0.3,0.4,0.3,0.2,0.2,0.1,0.1,0,0,0,0.1,0.1,0,0,0,0,0,0.1,0.1,0,0,0,0,0,0,0,0,0,0,0,0,0,0,0.1,0.1,0.1,0,0,0,0,0,0,0,0,0,0,0,0,0,0,0,0,0,0,0,0
2023F,CO,CLTCE,6.4,7.2,7.4,8.3,8.4,9.2,10.2,10.1,10.6,9.8,10.9,9.9,11.2,13.2,13,15,17.5,21.2,20.7,22.5,23.4,26.4,26.2,24.2,27.3,28.4,28.1,28.2,29.6,30.8,32.1,31.5,32.4,32.9,34.1,32.7,33.3,34.4,34.7,34.7,36.9,38.1,37.3,37.7,37.3,37,37.6,37.1,36.8,33.4,36.5,35.2,35.4,34.7,33.5,32.5,30.7,30.2,27.2,26.1,20.8,24.2,22.3,19.6
2023F,CO,FFACE,7.4,8.1,8.7,9.2,9.5,9.8,10.5,10.9,12.2,13,13.8,14.6,15.9,16.6,16.4,16.8,17.8,18.6,19.8,19.1,17.8,17.6,18.3,18,18.8,19.5,19.7,19.9,19.3,18.7,19.1,19.3,19.6,21.3,21.6,22.3,22.8,22.7,23.8,25.3,25.8,27,26.8,26.6,29.2,29.8,30.6,31.2,29.6,28.8,29.2,28.4,28.2,28.1,29,28.6,29.1,29.5,30.4,31.1,25.5,29.4,31.9,30.5
2023F,CO,FFCCE,2,2.2,2.3,2,2.4,2.6,2.7,2.6,3.1,3.4,3.6,3.8,4,4.2,4,4,4,3.9,3.9,4.1,3.9,3.5,3.9,4,4.4,4.1,3.6,3.9,4.2,4,3.7,4.2,4,4.2,4,3.9,4.1,4.1,3.7,3.8,3.8,4.4,4.3,4.2,4,4.1,3.7,3.7,4.5,4.7,4.2,3.9,3.3,3.7,3.7,4,3.9,4,4.1,4.7,4.2,4.4,4.5,4.6
2023F,CO,FFEIE,4.5,4.9,5,5.4,5.7,6.2,7.4,7.8,8.4,8.5,9.3,9.7,10.3,11.9,12.6,14.2,16.3,19.1,19,20.6,21,23.3,24,22.9,25.6,26.8,26.6,27,28.5,30.1,31.2,30.6,31.6,32,33.4,32.4,34.1,34.3,35.7,35.9,39.5,41.7,40.5,40.7,40.8,41.1,41.9,43.3,41.4,38.7,40.3,39.3,39.5,38.9,38,36.9,35.6,35.1,34.1,33.4,28.5,30.5,29.2,27
2023F,CO,FFICE,9.5,10.6,10.1,10.2,10.3,10.4,9.7,10.4,11.3,10.8,10.8,9.9,11.3,12,11.7,11.1,10.9,11.1,10.3,9.9,10.5,8.6,7.3,6.6,6.5,5.6,5.9,5.4,6.2,6.6,6.7,7.7,7.9,8.6,8.1,8,8.2,8.5,9,8.9,9.4,12.7,12.1,11.7,12,13.1,12.9,13,13.6,13.2,14.3,12.9,13.1,13.2,14,14.1,12.1,12.6,13.1,13.3,12.8,12.3,12.3,11.8
2023F,CO,FFRCE,3.8,4,4.1,3.6,4.2,4.3,5,4.9,5.4,5.5,5.4,5.5,6,6.3,5.7,5.6,6,5.6,5.3,5.1,5,4.4,5,5.2,5.2,5,4.5,4.8,5.1,5.1,5,5.7,5.4,6,5.6,6,6.4,6.2,5.9,6.4,6.8,7.2,7.5,7.6,7.2,7.5,7.1,7.8,8,7.6,7.8,7.8,7,8.1,8,7.5,7.5,7.2,7.9,8.9,8.4,8.2,8.5,8.3
2023F,CO,FFTCE,27.2,29.8,30.2,30.4,32.1,33.2,35.3,36.6,40.4,41.2,43,43.6,47.4,51,50.4,51.7,55,58.2,58.3,58.8,58.3,57.3,58.5,56.7,60.5,61.1,60.3,61,63.2,64.5,65.8,67.5,68.5,72,72.6,72.7,75.6,75.8,78.1,80.2,85.2,93,91.3,90.8,93.2,95.5,96.2,98.9,97.1,93,95.7,92.4,91.1,92,92.6,91,88.1,88.4,89.7,91.3,79.5,84.8,86.5,82.2
2023F,CO,NNACE,0.1,0.1,0.1,0.1,0.1,0.1,0.1,0.1,0.1,0.1,0.1,0.1,0.2,0.1,0.1,0.3,0.3,0.3,0.2,0.3,0.4,0.4,0.5,0.4,0.4,0.4,0.4,0.5,0.4,0.6,0.5,0.5,0.5,0.4,0.5,0.6,0.6,0.7,0.5,0.5,0.5,0.6,0.6,0.6,0.6,0.7,0.7,0.8,0.9,0.9,0.8,0.8,0.6,0.5,0.5,0.5,0.4,0.5,0.6,0.7,0.6,0.6,0.5,0.5
2023F,CO,NNCCE,1.6,1.7,1.8,1.5,1.8,1.9,2,1.9,2.5,2.7,3.1,3.2,3.3,3.6,3.5,3.6,3.6,3.4,3.3,3.5,3.4,3,3.4,3.3,3.7,3.5,3.1,3.3,3.5,3.5,3.3,3.7,3.5,3.7,3.4,3.5,3.6,3.6,3.3,3.1,3.2,3.4,3.5,3.3,3.3,3.3,3.2,3.4,3.5,3.3,3.1,3,2.8,3.2,3.2,3,3,2.9,3.1,3.5,3.2,3.3,3.4,3.4
2023F,CO,NNEIE,2,2,1.8,1.6,1.8,1.7,1.8,1.8,2.3,2.5,2.6,3.1,3.1,2.7,3.2,2.8,2.2,1.8,1.5,1.8,1.6,0.7,0.3,0.2,0.2,0.2,0.2,0.4,0.4,0.7,0.7,0.7,0.7,0.7,1,1.2,1.5,1.4,1.8,2.2,3.5,4.7,4.2,4.2,4.5,5,5,6.7,5.8,6.2,5,4.6,4.7,4.9,5.3,5.2,5.5,5.5,7.2,7.6,8.1,6.6,7.1,7.5
2023F,CO,NNICE,3.7,4.2,3.9,3.6,3.9,3.8,3.1,3.6,4.4,4.5,4.4,4,4.5,4.7,4.2,3.4,3.2,3.1,3.1,3.5,3,2.8,2.9,2.6,2.6,2.4,2.2,2.1,2.5,3.2,3.2,4.1,4,4.7,4.2,4.3,5,4.6,5.8,5.7,6,9.1,8.9,8.4,8.5,9.4,8.8,9.1,9.5,10.4,10.7,9.6,9.5,9.3,9.8,10.1,8.6,8.6,8.9,9,9.3,8.7,8.6,8.5
2023F,CO,NNRCE,2.9,3.1,3.1,2.7,3.1,3.2,3.8,3.6,4.1,4.2,4.3,4.4,4.7,5.1,4.8,4.7,5.1,4.7,4.2,4.6,4.5,3.8,4.3,4.3,4.8,4.6,4.1,4.4,4.7,4.7,4.5,5.2,5,5.5,5.1,5.5,5.8,6,5.8,5.8,6.1,6.5,6.8,6.6,6.3,6.7,6.4,7,7.1,6.8,7,7,6.3,7.3,7.2,6.8,6.7,6.6,7.2,8,7.6,7.5,7.8,7.6
2023F,CO,NNTCE,10.2,11,10.6,9.4,10.8,10.7,10.9,11,13.3,14.1,14.4,14.8,15.8,16.4,15.9,14.8,14.5,13.4,12.3,13.7,12.9,10.6,11.4,10.9,11.6,11,10,10.6,11.5,12.7,12.2,14.1,13.6,15,14.3,15.1,16.6,16.4,17.2,17.3,19.2,24.3,24,23,23.2,25.2,24.1,26.9,26.7,27.6,26.5,25.1,24,25.2,26.1,25.5,24.2,24.1,27,28.9,28.8,26.6,27.4,27.4
2023F,CO,PMACE,7.3,8,8.6,9.1,9.4,9.7,10.4,10.9,12.1,12.9,13.7,14.5,15.7,16.5,16.3,16.6,17.4,18.2,19.6,18.8,17.4,17.3,17.8,17.6,18.4,19.2,19.3,19.4,18.8,18.1,18.6,18.9,19.2,20.9,21.1,21.7,22.2,22,23.3,24.9,25.2,26.4,26.2,26.1,28.7,29,29.9,30.4,28.7,27.9,28.4,27.7,27.6,27.6,28.4,28,28.7,29,29.8,30.4,24.9,28.9,31.4,30
2023F,CO,PMCCE,0.2,0.3,0.2,0.3,0.3,0.4,0.4,0.5,0.4,0.4,0.3,0.3,0.3,0.4,0.3,0.3,0.3,0.3,0.4,0.2,0.3,0.3,0.3,0.6,0.5,0.4,0.3,0.5,0.5,0.4,0.4,0.4,0.4,0.4,0.5,0.4,0.5,0.4,0.4,0.5,0.4,0.4,0.4,0.3,0.3,0.5,0.4,0.3,0.4,0.7,0.6,0.6,0.5,0.5,0.5,1,0.9,1.1,1,1.2,1,1.1,1.2,1.2
2023F,CO,PMEIE,0.1,0.1,0,0,0,0,0,0,0.1,0.1,0.1,0.1,0.2,0.4,0.4,0.7,0.5,0.3,0.4,0.4,0.2,0.1,0.1,0.1,0,0.1,0,0,0,0,0,0,0,0,0,0,0,0,0,0,0.1,0.1,0,0,0,0,0,0,0,0,0,0,0,0,0,0,0,0,0,0,0,0,0,0.2
2023F,CO,PMICE,2.4,2.7,2.7,2.7,2.5,2.5,2.6,3.2,3,3,2.6,2.9,3,3.2,3.6,3.5,3.9,4,4,2.7,3.6,2.1,2,2.5,2.2,1.6,2.2,1.8,2.3,2.1,2,2.1,2.5,2.3,2.1,2.1,2.4,2.5,2.5,2.4,2.5,2.9,2.8,2.7,2.9,3,3.5,3.4,3.6,2.6,2.9,3,3,3.1,3.4,3.2,2.9,3.4,3.8,3.8,3.2,3.3,3.4,3.1
2023F,CO,PMRCE,0.6,0.6,0.6,0.6,0.7,0.7,0.7,1,0.9,0.9,0.9,0.9,1,1,0.9,0.8,0.9,0.8,1,0.4,0.4,0.5,0.6,0.8,0.4,0.4,0.4,0.4,0.4,0.4,0.4,0.5,0.4,0.5,0.4,0.6,0.5,0.1,0.1,0.5,0.7,0.7,0.7,0.9,0.8,0.8,0.7,0.7,0.9,0.8,0.8,0.8,0.7,0.8,0.8,0.7,0.7,0.7,0.7,0.8,0.8,0.8,0.8,0.7
2023F,CO,PMTCE,10.6,11.6,12.2,12.6,13,13.3,14.1,15.4,16.5,17.2,17.7,18.8,20.4,21.4,21.5,21.9,23,23.7,25.3,22.5,22,20.3,20.8,21.6,21.6,21.7,22.2,22.1,22.1,21.1,21.5,21.9,22.6,24.1,24.2,24.8,25.7,25,26.2,28.2,29,30.6,30,30.1,32.7,33.4,34.4,34.9,33.6,32,32.6,32.1,31.7,32.1,33.1,33,33.1,34.1,35.4,36.2,29.9,34,36.7,35.2
2023F,CO,TEACE,7.4,8.1,8.7,9.2,9.5,9.8,10.5,10.9,12.2,13,13.8,14.6,15.9,16.6,16.4,16.8,17.8,18.6,19.8,19.1,17.8,17.6,18.3,18,18.8,19.5,19.7,19.9,19.3,18.7,19.1,19.3,19.6,21.3,21.6,22.3,22.8,22.7,23.8,25.3,25.8,27,26.8,26.6,29.2,29.8,30.6,31.2,29.6,28.8,29.2,28.4,28.2,28.1,29,28.6,29.1,29.5,30.4,31.1,25.5,29.4,31.9,30.5
2023F,CO,TECCE,2,2.2,2.3,2,2.4,2.6,2.7,2.6,3.1,3.4,3.6,3.8,4,4.2,4,4,4,3.9,3.9,4.1,3.9,3.5,3.9,4,4.4,4.1,3.6,3.9,4.2,4,3.7,4.2,4,4.2,4,3.9,4.1,4.1,3.7,3.8,3.8,4.4,4.3,4.2,4,4.1,3.7,3.7,4.5,4.7,4.2,3.9,3.3,3.7,3.7,4,3.9,4,4.1,4.7,4.2,4.4,4.5,4.6
2023F,CO,TEEIE,4.5,4.9,5,5.4,5.7,6.2,7.4,7.8,8.4,8.5,9.3,9.7,10.3,11.9,12.6,14.2,16.3,19.1,19,20.6,21,23.3,24,22.9,25.6,26.8,26.6,27,28.5,30.1,31.2,30.6,31.6,32,33.4,32.4,34.1,34.3,35.7,35.9,39.5,41.7,40.5,40.7,40.8,41.1,41.9,43.3,41.4,38.7,40.3,39.3,39.5,38.9,38,36.9,35.6,35.1,34.1,33.4,28.5,30.5,29.2,27
2023F,CO,TEICE,9.5,10.6,10.1,10.2,10.3,10.4,9.7,10.4,11.3,10.8,10.8,9.9,11.3,12,11.7,11.1,10.9,11.1,10.3,9.9,10.5,8.6,7.3,6.6,6.5,5.6,5.9,5.4,6.2,6.6,6.7,7.7,7.9,8.6,8.1,8,8.2,8.5,9,8.9,9.4,12.7,12.1,11.7,12,13.1,12.9,13,13.6,13.2,14.3,12.9,13.1,13.2,14,14.1,12.1,12.6,13.1,13.3,12.8,12.3,12.3,11.8
2023F,CO,TERCE,3.8,4,4.1,3.6,4.2,4.3,5,4.9,5.4,5.5,5.4,5.5,6,6.3,5.7,5.6,6,5.6,5.3,5.1,5,4.4,5,5.2,5.2,5,4.5,4.8,5.1,5.1,5,5.7,5.4,6,5.6,6,6.4,6.2,5.9,6.4,6.8,7.2,7.5,7.6,7.2,7.5,7.1,7.8,8,7.6,7.8,7.8,7,8.1,8,7.5,7.5,7.2,7.9,8.9,8.4,8.2,8.5,8.3
2023F,CO,TETCE,27.2,29.8,30.2,30.4,32.1,33.2,35.3,36.6,40.4,41.2,43,43.6,47.4,51,50.4,51.7,55,58.2,58.3,58.8,58.3,57.3,58.5,56.7,60.5,61.1,60.3,61,63.2,64.5,65.8,67.5,68.5,72,72.6,72.7,75.6,75.8,78.1,80.2,85.2,93,91.3,90.8,93.2,95.5,96.2,98.9,97.1,93,95.7,92.4,91.1,92,92.6,91,88.1,88.4,89.7,91.3,79.5,84.8,86.5,82.2
2023F,CT,CDEGR,,,,,,,,,,,,,,,,,,,,,,,,,,,,,,,,,,,,,,205.5,188.1,188.1,182.8,175.8,170.9,181.4,176.8,169.7,151.5,143.8,135.5,135.3,136.6,133.8,129.8,133.6,134,134.8,125.6,122.2,134.6,131.6,128.2,134.2,132.6,126.2
2023F,CT,CDTCR,72.8,73,72.9,73.2,73.2,73.1,72.6,71.1,66.9,65.7,65.8,61.5,60.8,64,60.1,58.9,55.5,55.1,54.5,54.8,53.7,50.8,50.2,51.3,50.9,52.2,49.1,48.1,47.9,50,48.9,53.4,49.9,45.8,46.3,46.2,56,62.8,59.5,51.5,50.2,51.9,51.3,51.7,50.9,51.6,49.6,49.4,49.8,46.4,46.3,45.2,44.9,44.6,45.4,44.8,43.6,43.8,44.6,44.4,43.5,44.1,44.5,45.8
2023F,CT,CDTPR,14.5,14.6,14.8,14.7,14.8,14.6,15.3,15.2,15.2,15.3,15.7,15,15.4,15.8,14.8,13.5,14.1,13.9,14.2,13.6,12.9,11.3,11.3,11,11.9,11.8,12.3,12.2,12.9,13.3,12.3,12,12.1,11.5,11.3,11,11.8,12.6,11.9,12.2,12.5,12.1,11.6,12.3,12.8,12.5,11.6,11.4,10.6,10.1,10.2,9.8,9.5,9.6,9.7,10.1,9.4,9.4,10.3,10.2,9.3,10,10.2,9.9
2023F,CT,CLACE,0,0,0,0,0,0,0,0,0,0,0,0,0,0,0,0,0,0,0,0,0,0,0,0,0,0,0,0,0,0,0,0,0,0,0,0,0,0,0,0,0,0,0,0,0,0,0,0,0,0,0,0,0,0,0,0,0,0,0,0,0,0,0,0
2023F,CT,CLCCE,0.2,0.2,0.1,0.1,0.1,0.1,0.1,0.1,0,0,0,0,0,0,0,0,0,0,0,0,0,0.1,0.1,0,0.1,0.1,0.1,0,0,0,0,0,0,0,0,0,0,0,0,0,0,0,0,0,0,0,0,0,0,0,0,0,0,0,0,0,0,0,0,0,0,0,0,0
2023F,CT,CLEIE,7,7.8,8.4,8.8,9.3,10.1,10.8,8.4,6.4,4.9,4.2,3.2,0.2,0.1,0.4,0,0,0,0,0,0,0,0,0,0,1.9,1.9,2,2.1,2.2,3.6,3.6,3.7,3.4,3.6,3.8,3.9,4.3,3.1,1.4,3.4,3.8,3.3,4,4.2,4,4.4,3.8,4.3,2.5,2.7,0.6,0.9,0.7,0.9,0.6,0.2,0.2,0.4,0.1,0,0.3,0,0
2023F,CT,CLICE,2.1,2,1.8,2,1.9,1.9,1.9,1.8,1.3,0.6,0.3,0.2,0.1,0.1,0.1,0.1,0,0,0,0.1,0,0,0,0,0,0,0,0,0,0,0,0,0,0.1,0.1,0,0,0,0,0,0,0,0,0,0,0,0,0,0,0,0,0,0,0,0,0,0,0,0,0,0,0,0,0
2023F,CT,CLRCE,0.3,0.2,0.2,0.2,0.1,0.1,0.1,0.1,0.1,0.1,0.1,0,0,0,0,0,0,0,0,0,0,0,0,0,0,0,0,0,0,0,0,0,0,0,0,0,0,0,0,0,0,0,0,0,0,0,0,0,0,0,0,0,0,0,0,0,0,0,0,0,0,0,0,0
2023F,CT,CLTCE,9.6,10.2,10.6,11.1,11.4,12.2,12.9,10.4,7.8,5.6,4.6,3.5,0.4,0.2,0.6,0.1,0.1,0.1,0.1,0.1,0,0.1,0.1,0.1,0.1,2,2,2,2.2,2.3,3.7,3.7,3.7,3.5,3.7,3.9,3.9,4.3,3.1,1.4,3.5,3.8,3.3,4,4.2,4,4.4,3.8,4.3,2.5,2.7,0.6,0.9,0.7,0.9,0.6,0.2,0.2,0.4,0.1,0,0.3,0,0
2023F,CT,FFACE,8.3,8.9,9.3,9.6,9.8,10,10.7,11.1,12,12.4,13,13.1,13.9,14.3,14.1,14,14.3,14.5,14.6,13.8,13.2,12.9,13.2,13.3,13.9,14,14.3,14.9,15.5,15.6,14.6,14.6,14.7,14.7,14.6,14.3,15.1,15.2,15.4,16.7,16.3,16.9,16.8,17.6,19.3,18.3,17.5,17.4,16.4,16,15.9,15.6,15.2,14.9,14.9,15,15.1,15.3,15.7,15.4,13,14.2,14.9,14.4
2023F,CT,FFCCE,3,3,3,3,2.9,2.9,2.9,2.9,3.1,3.2,3.4,3.4,3.6,3.5,3.3,3.2,3.5,3.5,3.5,3.9,3.1,3.1,3.1,3.5,4.1,4,4,3.9,3.8,4.3,3.8,3.6,4.3,3.8,4.1,3.8,4.1,4.3,4,4.3,4.5,4.3,4.1,5,3.9,3.7,3.3,3.3,3.4,3.3,3.4,3.6,3.2,3.6,3.8,4.3,3.8,3.9,4.3,4.1,3.8,4.2,4.2,4.2
2023F,CT,FFEIE,7.9,8.5,9.2,9.8,10.4,11.4,12.6,12.4,12.5,13.5,14.3,13.7,13.9,14.4,13,10.6,9.4,9,9.4,8.7,10.2,8.6,8.2,9.3,9.9,10.1,10.6,9.8,10.9,11.6,11,10.6,8.6,7.4,7.3,8.1,9.1,12.2,11.1,9.9,10.6,9.5,8.6,7.9,8.7,9.9,9.5,8.8,7.9,6.6,7.7,6.6,7.2,6.8,6.7,7.4,7,6.3,8,7.9,8.7,9.2,9.2,9.2
2023F,CT,FFICE,9.1,8.9,9.4,9.4,10.8,9.8,11,10.9,9.7,9.1,8.8,7.5,7.3,8,7,6.3,7.8,7.9,8.3,6.1,5.9,3.2,3.5,2.7,3.1,2.8,2.8,3.1,3.1,2.9,2.8,2.9,3.2,3.3,2.9,2.6,2.7,2.6,2.4,2.5,2.6,2.4,2.3,2.8,2.5,2.5,2.4,2.2,1.8,2,1.9,2,1.9,2.1,2,1.8,1.7,1.7,1.7,1.7,1.7,1.6,1.6,1.5
2023F,CT,FFRCE,8.6,8.5,8.3,8.2,7.5,7.8,7.3,7.3,7.7,7.8,8.2,8.1,8.6,8.4,8,7.6,8.2,8,8.1,9.6,7.8,7.6,7.3,5.9,6.9,6.9,7.8,8,8.9,9.3,8.1,7.9,9.4,8.9,8.5,7.8,8.3,8.1,7,7.9,8.7,8.5,8.2,9.8,10.3,9.3,8.1,8.3,8.1,8.1,7.6,7.2,6.7,7.3,7.5,7.7,6.1,6.3,7.2,7.1,6.4,7.1,7,6.8
2023F,CT,FFTCE,36.9,37.9,39.2,40,41.3,41.8,44.4,44.6,45,46,47.8,45.8,47.3,48.6,45.4,41.6,43.3,43,43.9,42,40.1,35.3,35.4,34.7,37.9,37.8,39.5,39.7,42.2,43.7,40.4,39.6,40.1,38.1,37.4,36.7,39.4,42.3,39.9,41.2,42.7,41.6,40,42.9,44.7,43.8,40.8,40.1,37.7,35.9,36.4,35,34.2,34.6,34.9,36.2,33.7,33.5,36.9,36.2,33.4,36.2,37,36.2
2023F,CT,NNACE,0,0,0,0,0,0,0,0,0,0,0,0,0,0,0,0,0,0,0,0,0,0,0,0,0,0,0,0.1,0,0,0,0,0,0,0,0.1,0.1,0.1,0.1,0.2,0.2,0.2,0.1,0.2,0.2,0.2,0.2,0.2,0.2,0.3,0.4,0.3,0.3,0.2,0.3,0.3,0.2,0.3,0.3,0.4,0.4,0.4,0.3,0.3
2023F,CT,NNCCE,0.2,0.2,0.2,0.3,0.3,0.3,0.4,0.4,0.6,0.7,0.8,0.9,0.9,0.8,0.9,0.8,0.9,0.9,0.9,0.9,1.1,1.2,1.2,1.2,1.3,1.3,1.3,1.5,1.5,1.7,1.6,1.5,1.6,1.7,2.1,2.1,2.2,2.3,2.3,2.6,2.6,2.4,2.2,2.1,1.9,1.9,1.8,2,2,2.2,2.2,2.4,2.3,2.5,2.8,2.8,2.7,2.9,3.2,3.1,2.8,2.9,3,3
2023F,CT,NNEIE,0.1,0,0,0,0,0,0,0,0,0,0,0,0,0,0,0,0,0,0,0,0,0,0,0,0.1,0.1,0,0.4,0.1,0.4,0.7,0.8,0.7,0.6,1,1.6,1,1.3,1.1,1.7,1.8,1.7,3.5,2.3,3.2,3.4,4.1,4,3.2,3.8,4.6,5.9,6.2,5.8,5.5,6.5,6.7,5.9,7.4,7.8,8.6,8.9,9,9.1
2023F,CT,NNICE,0.4,0.4,0.5,0.5,0.5,0.7,0.8,0.8,0.8,0.8,0.8,0.7,0.7,0.9,0.8,0.8,0.8,0.8,0.9,1,1.1,1.1,1.1,1.1,1.1,1,0.9,1,1,1,1.4,1.7,1.9,1.9,1.6,1.7,1.7,1.8,1.7,1.7,1.7,1.3,1.5,1.3,1.1,1.1,1.2,1.2,1.2,1.3,1.3,1.4,1.4,1.6,1.5,1.3,1.3,1.3,1.3,1.3,1.2,1.2,1.1,1.1
2023F,CT,NNRCE,0.9,1,1,1.1,1.1,1.2,1.3,1.4,1.4,1.6,1.7,1.7,1.8,1.6,1.8,1.7,1.7,1.7,1.7,1.7,1.7,1.8,1.8,1.7,1.8,1.8,1.9,2,2.2,2.2,2,2,2.3,2.3,2.3,2.2,2.4,2.2,1.9,2.1,2.3,2.2,2.2,2.5,2.4,2.4,2.1,2.4,2.3,2.4,2.3,2.4,2.2,2.5,2.8,2.8,2.5,2.6,2.9,2.8,2.7,2.7,2.8,2.6
2023F,CT,NNTCE,1.5,1.7,1.8,1.9,2,2.2,2.6,2.7,2.8,3.1,3.2,3.3,3.4,3.3,3.5,3.4,3.5,3.4,3.5,3.6,3.9,4.1,4.2,4,4.4,4.2,4.3,5,4.8,5.4,5.7,6.1,6.6,6.6,7.1,7.6,7.3,7.8,7.1,8.2,8.6,7.9,9.6,8.3,8.8,9,9.3,9.7,9,10,10.8,12.5,12.5,12.7,12.8,13.7,13.4,13,15.1,15.5,15.7,16.1,16.2,16.1
2023F,CT,PMACE,8.2,8.9,9.3,9.6,9.8,10,10.7,11,12,12.4,13,13.1,13.9,14.3,14.1,14,14.3,14.5,14.6,13.8,13.2,12.9,13.2,13.3,13.9,14,14.2,14.8,15.4,15.5,14.6,14.5,14.6,14.6,14.5,14.3,15.1,15,15.4,16.5,16.1,16.7,16.7,17.4,19.1,18.1,17.4,17.2,16.2,15.7,15.5,15.3,15,14.6,14.6,14.7,14.9,15,15.4,15,12.6,13.8,14.6,14.1
2023F,CT,PMCCE,2.7,2.6,2.6,2.6,2.5,2.5,2.4,2.4,2.5,2.5,2.6,2.5,2.6,2.6,2.4,2.3,2.6,2.6,2.6,2.9,2,1.8,1.8,2.2,2.7,2.6,2.6,2.3,2.3,2.6,2.2,2.1,2.6,2.1,2,1.7,1.9,1.9,1.7,1.7,1.9,1.9,1.9,2.8,2,1.8,1.5,1.4,1.3,1.1,1.1,1.1,0.9,1.1,1,1.5,1.1,1,1.1,1,0.9,1.2,1.2,1.2
2023F,CT,PMEIE,0.8,0.7,0.7,1,1,1.3,1.7,4,6,8.6,10.1,10.5,13.7,14.3,12.5,10.6,9.4,8.9,9.3,8.7,10.2,8.6,8.2,9.3,9.7,8.1,8.7,7.4,8.7,9,6.7,6.2,4.2,3.3,2.7,2.7,4.3,6.6,6.9,6.7,5.4,3.9,1.8,1.6,1.3,2.5,1.1,1.1,0.4,0.3,0.4,0.1,0.1,0.2,0.4,0.3,0.1,0.1,0.2,0,0,0,0.3,0.1
2023F,CT,PMICE,6.6,6.5,7.1,6.9,8.4,7.2,8.4,8.3,7.7,7.6,7.7,6.6,6.5,7,6,5.5,6.9,7.1,7.4,5,4.9,2.1,2.4,1.6,2,1.8,1.9,2,2,1.8,1.5,1.2,1.3,1.3,1.2,0.9,1,0.8,0.7,0.8,0.9,1.1,0.8,1.5,1.4,1.4,1.3,1,0.6,0.7,0.6,0.6,0.4,0.5,0.5,0.4,0.4,0.4,0.4,0.4,0.5,0.4,0.5,0.5
2023F,CT,PMRCE,7.4,7.3,7.1,7,6.2,6.5,5.8,5.8,6.2,6.2,6.5,6.4,6.8,6.7,6.2,5.8,6.5,6.4,6.3,7.9,6,5.8,5.5,4.2,5.1,5.1,5.8,6,6.8,7.1,6.1,5.9,7,6.6,6.3,5.6,5.9,5.9,5.1,5.8,6.5,6.2,6,7.3,7.9,6.9,5.9,5.9,5.8,5.7,5.3,4.8,4.4,4.7,4.8,5,3.6,3.7,4.3,4.2,3.7,4.3,4.2,4.2
2023F,CT,PMTCE,25.8,26.1,26.8,27.1,27.8,27.4,29,31.6,34.4,37.3,39.9,39.1,43.4,45,41.3,38.1,39.7,39.5,40.3,38.3,36.2,31.2,31.1,30.7,33.4,31.6,33.2,32.7,35.2,36.1,31,29.9,29.7,27.9,26.7,25.2,28.2,30.2,29.7,31.5,30.7,29.9,27.2,30.6,31.7,30.7,27.2,26.5,24.4,23.5,22.9,21.9,20.8,21.2,21.3,21.9,20,20.2,21.5,20.7,17.7,19.8,20.8,20.1
2023F,CT,TEACE,8.3,8.9,9.3,9.6,9.8,10,10.7,11.1,12,12.4,13,13.1,13.9,14.3,14.1,14,14.3,14.5,14.6,13.8,13.2,12.9,13.2,13.3,13.9,14,14.3,14.9,15.5,15.6,14.6,14.6,14.7,14.7,14.6,14.3,15.1,15.2,15.4,16.7,16.3,16.9,16.8,17.6,19.3,18.3,17.5,17.4,16.4,16,15.9,15.6,15.2,14.9,14.9,15,15.1,15.3,15.7,15.4,13,14.2,14.9,14.4
2023F,CT,TECCE,3,3,3,3,2.9,2.9,2.9,2.9,3.1,3.2,3.4,3.4,3.6,3.5,3.3,3.2,3.5,3.5,3.5,3.9,3.1,3.1,3.1,3.5,4.1,4,4,3.9,3.8,4.3,3.8,3.6,4.3,3.8,4.1,3.8,4.1,4.3,4,4.3,4.5,4.3,4.1,5,3.9,3.7,3.3,3.3,3.4,3.3,3.4,3.6,3.2,3.6,3.8,4.3,3.8,3.9,4.3,4.1,3.8,4.2,4.2,4.2
2023F,CT,TEEIE,7.9,8.5,9.2,9.8,10.4,11.4,12.6,12.4,12.5,13.5,14.3,13.7,13.9,14.4,13,10.6,9.4,9,9.4,8.7,10.2,8.6,8.2,9.3,9.9,10.1,10.6,9.8,10.9,11.6,11,10.6,8.6,7.4,7.3,8.1,9.1,12.2,11.1,9.9,10.6,9.5,8.6,7.9,8.7,9.9,9.5,8.8,7.9,6.6,7.7,6.6,7.2,6.8,6.7,7.4,7,6.3,8,7.9,8.7,9.2,9.2,9.2
2023F,CT,TEICE,9.1,8.9,9.4,9.4,10.8,9.8,11,10.9,9.7,9.1,8.8,7.5,7.3,8,7,6.3,7.8,7.9,8.3,6.1,5.9,3.2,3.5,2.7,3.1,2.8,2.8,3.1,3.1,2.9,2.8,2.9,3.2,3.3,2.9,2.6,2.7,2.6,2.4,2.5,2.6,2.4,2.3,2.8,2.5,2.5,2.4,2.2,1.8,2,1.9,2,1.9,2.1,2,1.8,1.7,1.7,1.7,1.7,1.7,1.6,1.6,1.5
2023F,CT,TERCE,8.6,8.5,8.3,8.2,7.5,7.8,7.3,7.3,7.7,7.8,8.2,8.1,8.6,8.4,8,7.6,8.2,8,8.1,9.6,7.8,7.6,7.3,5.9,6.9,6.9,7.8,8,8.9,9.3,8.1,7.9,9.4,8.9,8.5,7.8,8.3,8.1,7,7.9,8.7,8.5,8.2,9.8,10.3,9.3,8.1,8.3,8.1,8.1,7.6,7.2,6.7,7.3,7.5,7.7,6.1,6.3,7.2,7.1,6.4,7.1,7,6.8
2023F,CT,TETCE,36.9,37.9,39.2,40,41.3,41.8,44.4,44.6,45,46,47.8,45.8,47.3,48.6,45.4,41.6,43.3,43,43.9,42,40.1,35.3,35.4,34.7,37.9,37.8,39.5,39.7,42.2,43.7,40.4,39.6,40.1,38.1,37.4,36.7,39.4,42.3,39.9,41.2,42.7,41.6,40,42.9,44.7,43.8,40.8,40.1,37.7,35.9,36.4,35,34.2,34.6,34.9,36.2,33.7,33.5,36.9,36.2,33.4,36.2,37,36.2
2023F,DC,CDEGR,,,,,,,,,,,,,,,,,,,,,,,,,,,,,,,,,,,,,,49.2,46.1,45,46.5,42.4,42.3,39.2,37.7,36.1,29.3,30.1,26.5,27.5,26.7,25.1,21.4,22.7,23.7,22.9,20.8,19.2,20.7,20.2,17.4,18,18.3,16.8
2023F,DC,CDTCR,76.1,75.6,74.7,73.7,73.5,72.8,74.5,73.7,73.7,74.6,74,72.2,71.5,71.9,71.2,70.2,68.8,69.2,68.5,66.6,64.2,63,63,63.6,63.3,62.6,63,63,62.1,62.4,63.3,62.6,61.9,61.8,62.2,61.3,61,61,61.4,61.1,61.3,62.2,61.5,61.2,61.6,61.8,60.2,59.7,59,55,54.5,54.2,53.1,52.6,53.1,52.9,53.2,52,52.8,53.1,52.2,52.4,52.1,53
2023F,DC,CDTPR,10,9.3,9.1,8.7,9.6,11.3,12.8,13.7,14.7,17.4,18,15.8,15.2,16.2,13.7,11.2,11.1,11.7,11.2,9.3,8.2,7.4,8.2,7.9,8.3,7.5,8.2,7.9,7.8,8.1,7.3,7.3,7.3,7.6,7.6,7.6,7.6,7.5,7.2,7.3,7.5,7.1,7.3,7,7.1,6.9,5.6,5.9,5.3,5.4,5.3,5,4.2,4.3,4.5,4.4,4,3.7,4.1,4,3.6,3.9,3.9,3.6
2023F,DC,CLACE,0,0,0,0,0,0,0,0,0,0,0,0,0,0,0,0,0,0,0,0,0,0,0,0,0,0,0,0,0,0,0,0,0,0,0,0,0,0,0,0,0,0,0,0,0,0,0,0,0,0,0,0,0,0,0,0,0,0,0,0,0,0,0,0
2023F,DC,CLCCE,0.1,0.1,0.1,0.1,0.1,0.1,0.1,0.1,0.1,0.1,0,0,0,0,0.1,0,0,0,0,0,0.2,0.2,0.2,0.2,0.2,0.3,0.1,0.1,0.1,0.1,0.1,0.1,0.1,0.1,0.1,0,0,0.1,0,0,0,0.1,0,0,0.1,0.1,0,0,0,0,0,0,0,0,0,0,0,0,0,0,0,0,0,0
2023F,DC,CLEIE,1.2,1,0.9,0.9,1.1,0.8,1.2,1.3,1.7,1.9,1.7,0.7,0.4,0.6,0.7,0.3,0,0,0,0,0,0,0,0,0,0,0,0,0,0,0,0,0,0,0,0,0,0,0,0,0,0,0,0,0,0,0,0,0,0,0,0,0,0,0,0,0,0,0,0,0,0,0,0
2023F,DC,CLICE,1.1,1.1,0.9,0.5,0.3,0.3,0.8,0.6,0.3,1,0.9,0.7,0.7,0.6,0.4,0.7,0.5,0.4,0.2,0.3,0.1,0,0,0,0,0,0,0,0,0,0,0,0,0,0,0,0,0,0,0,0,0,0,0,0,0,0,0,0,0,0,0,0,0,0,0,0,0,0,0,0,0,0,0
2023F,DC,CLRCE,0.2,0.2,0.2,0.2,0.2,0.1,0.1,0.1,0.1,0.1,0.1,0,0,0,0,0,0,0,0,0,0.1,0,0.1,0,0,0.1,0,0,0,0,0,0,0,0,0,0,0,0,0,0,0,0,0,0,0,0,0,0,0,0,0,0,0,0,0,0,0,0,0,0,0,0,0,0
2023F,DC,CLTCE,2.6,2.4,2.1,1.8,1.7,1.3,2.3,2.1,2.3,3.1,2.7,1.5,1.2,1.3,1.2,1,0.6,0.4,0.2,0.3,0.3,0.2,0.3,0.3,0.2,0.3,0.1,0.2,0.1,0.1,0.2,0.2,0.1,0.1,0.1,0,0.1,0.1,0,0,0,0.1,0,0,0.1,0.1,0,0,0,0,0,0,0,0,0,0,0,0,0,0,0,0,0,0
2023F,DC,FFACE,2,2.1,2.1,2.1,2.2,2.4,2.4,2.3,2.3,2.3,2.3,2.4,2.4,2.8,2.9,2.7,2.7,2.7,2.5,2.1,1.9,2,2.6,2,1.9,1.9,2.1,1.9,2,2,1.8,1.8,1.8,1.9,1.8,1.8,1.7,1.8,1.7,1.7,1.8,1.7,1.6,1.6,1.7,1.4,1.2,1.2,1,1.1,1,1.1,1,1,1.1,1.1,1.1,1,1.1,1.2,0.9,1,1,1
2023F,DC,FFCCE,1.5,1.4,1.5,1.6,2,2.8,2.9,3.4,3.4,3.5,3.7,3.4,2.9,2.7,2.1,1.6,1.6,1.5,1.4,1.2,1.2,1.2,1.4,1.8,1.7,1.4,1.7,1.6,1.2,1.3,1.2,1.4,1.4,1.4,1.4,1.4,1.4,1.4,1.3,1.2,1.3,1.4,1.3,1.2,1.3,1.3,1.1,1.2,1.1,1.2,1.2,1.1,0.9,1,1,1,0.9,0.9,1,0.9,0.9,0.9,0.9,0.9
2023F,DC,FFEIE,1.2,1,0.9,0.9,1.1,0.8,1.2,1.3,2.4,3.4,3.4,2.4,2.8,3.3,2.5,1.3,1.3,1.8,1.8,1.1,0.7,0.4,0.1,0.3,0.3,0.1,0.2,0.3,0.5,0.7,0.4,0.2,0.1,0.2,0.3,0.2,0.1,0.1,0.3,0.3,0.2,0.2,0.3,0.1,0.1,0.2,0.1,0.1,0.1,0,0.2,0.2,0,0,0,0,0,0,0,0,0,0,0,0
2023F,DC,FFICE,1.7,1.6,1.4,1.1,1.2,1.7,2.3,2.4,1.9,2.6,2.7,2.3,1.9,1.7,1.1,1.1,0.8,0.8,0.6,0.6,0.3,0.2,0.1,0,0,0,0.1,0,0,0,0,0,0,0,0,0,0,0,0,0.1,0,0.1,0.1,0.1,0.1,0.1,0.1,0,0,0,0,0,0,0,0,0,0,0,0,0,0,0,0,0
2023F,DC,FFRCE,1.3,1.2,1.3,1.3,1.3,1.3,1.3,1.4,1.5,1.5,1.5,1.4,1.4,1.4,1.3,1.2,1.3,1.2,1.2,1.1,1.1,0.9,1,1,1.3,1.2,1.2,1.1,1.1,1,0.9,0.9,1,1,0.9,1,1.1,1,0.8,0.9,0.9,0.8,0.9,1,1,0.9,0.7,0.8,0.8,0.8,0.8,0.7,0.7,0.8,0.8,0.8,0.6,0.7,0.8,0.7,0.6,0.7,0.7,0.6
2023F,DC,FFTCE,7.7,7.2,7.2,7,7.7,9,10.1,10.8,11.5,13.3,13.6,11.9,11.3,11.9,9.8,7.9,7.7,7.9,7.5,6,5.2,4.7,5.2,5,5.2,4.7,5.2,5,4.9,5,4.4,4.4,4.4,4.5,4.5,4.4,4.4,4.3,4.1,4.1,4.3,4.1,4.2,4,4,3.9,3.2,3.4,3.1,3.2,3.2,3.1,2.6,2.8,3,3,2.8,2.6,2.9,2.8,2.4,2.6,2.6,2.5
2023F,DC,NNACE,0,0,0,0,0,0,0,0,0,0,0,0,0,0,0,0,0,0,0,0,0,0,0,0,0,0,0,0,0,0,0,0,0,0,0,0,0,0,0,0,0,0,0,0,0,0,0,0,0,0.1,0.1,0.1,0.1,0.1,0.1,0.1,0.1,0.1,0.1,0.1,0,0.1,0.1,0
2023F,DC,NNCCE,0.2,0.2,0.2,0.3,0.3,0.3,0.3,0.5,0.5,0.6,0.6,0.7,0.7,0.7,0.7,0.7,0.8,0.7,0.7,0.9,0.7,0.8,0.9,0.9,0.6,0.6,0.6,0.8,0.8,0.8,0.7,0.8,0.9,0.9,0.8,0.9,0.9,1,0.9,1,1,0.9,1,0.9,0.9,1,0.9,1.1,1,1,1,0.9,0.8,0.9,1,0.9,0.9,0.9,0.9,0.9,0.8,0.8,0.8,0.8
2023F,DC,NNEIE,0,0,0,0,0,0,0,0,0,0,0,0,0,0,0,0,0,0,0,0,0,0,0,0,0,0,0,0,0,0,0,0,0,0,0,0,0,0,0,0,0,0,0,0,0,0,0,0,0,0,0,0.1,0,0,0,0,0,0,0,0,0,0,0,0
2023F,DC,NNICE,0,0,0,0,0,0,0,0,0,0,0,0,0,0,0,0,0,0,0,0,0,0,0,0,0,0,0,0,0,0,0,0,0,0,0,0,0,0,0,0,0,0,0,0,0,0,0,0,0,0,0,0,0,0,0,0,0,0,0,0,0,0,0,0
2023F,DC,NNRCE,0.5,0.5,0.5,0.5,0.6,0.6,0.6,0.7,0.7,0.7,0.7,0.8,0.8,0.7,0.7,0.7,0.8,0.7,0.7,0.7,0.7,0.7,0.7,0.7,0.9,0.9,0.9,0.9,0.9,0.9,0.8,0.8,0.9,0.9,0.9,0.8,0.9,0.9,0.7,0.8,0.8,0.7,0.8,0.8,0.8,0.8,0.6,0.7,0.7,0.7,0.7,0.7,0.6,0.7,0.8,0.7,0.6,0.7,0.7,0.7,0.6,0.6,0.7,0.6
2023F,DC,NNTCE,0.7,0.7,0.8,0.8,0.9,0.9,0.9,1.2,1.2,1.3,1.4,1.5,1.5,1.5,1.5,1.4,1.5,1.4,1.4,1.6,1.5,1.6,1.6,1.6,1.6,1.6,1.6,1.7,1.8,1.8,1.5,1.7,1.8,1.8,1.7,1.8,1.8,1.8,1.7,1.7,1.8,1.6,1.8,1.8,1.8,1.8,1.6,1.8,1.7,1.8,1.8,1.8,1.6,1.8,1.9,1.8,1.6,1.6,1.7,1.7,1.5,1.5,1.6,1.4
2023F,DC,PMACE,2,2.1,2.1,2.1,2.2,2.4,2.4,2.3,2.3,2.3,2.3,2.4,2.4,2.8,2.9,2.6,2.7,2.7,2.5,2.1,1.9,2,2.6,2,1.9,1.9,2,1.9,2,2,1.8,1.8,1.8,1.8,1.8,1.8,1.7,1.7,1.7,1.7,1.8,1.7,1.6,1.5,1.6,1.3,1.2,1.2,1,1,1,1,0.9,0.9,1,1,1,0.9,1,1,0.8,0.9,0.9,0.9
2023F,DC,PMCCE,1.2,1,1.1,1.2,1.6,2.4,2.5,2.9,2.8,2.8,3,2.7,2.1,2,1.3,0.9,0.8,0.8,0.7,0.4,0.3,0.2,0.3,0.7,0.9,0.5,1,0.7,0.4,0.3,0.4,0.4,0.4,0.5,0.5,0.5,0.5,0.3,0.3,0.2,0.4,0.4,0.3,0.3,0.3,0.3,0.2,0.1,0.1,0.1,0.2,0.1,0.1,0.1,0,0.1,0.1,0.1,0.1,0.1,0,0.1,0.1,0.1
2023F,DC,PMEIE,0,0,0,0,0,0,0,0,0.7,1.5,1.8,1.7,2.3,2.6,1.8,1,1.3,1.8,1.8,1.1,0.7,0.4,0.1,0.3,0.3,0.1,0.2,0.3,0.5,0.7,0.4,0.2,0.1,0.2,0.3,0.2,0.1,0.1,0.3,0.3,0.2,0.2,0.3,0.1,0.1,0.2,0.1,0.1,0.1,0,0.2,0.1,0,0,0,0,0,0,0,0,0,0,0,0
2023F,DC,PMICE,0.6,0.5,0.5,0.6,0.8,1.4,1.5,1.7,1.5,1.6,1.7,1.6,1.2,1,0.7,0.4,0.3,0.4,0.4,0.3,0.2,0.2,0.1,0,0,0,0.1,0,0,0,0,0,0,0,0,0,0,0,0,0.1,0,0.1,0.1,0.1,0.1,0.1,0.1,0,0,0,0,0,0,0,0,0,0,0,0,0,0,0,0,0
2023F,DC,PMRCE,0.6,0.5,0.5,0.5,0.5,0.6,0.5,0.6,0.7,0.6,0.7,0.6,0.6,0.6,0.5,0.5,0.5,0.5,0.5,0.4,0.3,0.1,0.2,0.2,0.3,0.2,0.2,0.2,0.1,0.1,0.1,0.1,0.1,0.1,0.1,0.1,0.1,0.1,0.1,0.1,0.1,0.1,0.2,0.2,0.2,0.2,0.1,0.1,0.1,0.1,0.1,0,0.1,0.1,0.1,0.1,0,0,0.1,0,0,0,0,0
2023F,DC,PMTCE,4.3,4.1,4.2,4.4,5.1,6.8,6.9,7.5,8,8.9,9.5,8.9,8.6,9,7.2,5.5,5.6,6.2,5.9,4.2,3.5,2.9,3.3,3.2,3.4,2.8,3.5,3.2,3.1,3.1,2.7,2.6,2.5,2.6,2.7,2.6,2.5,2.3,2.4,2.4,2.5,2.4,2.4,2.2,2.2,2.1,1.6,1.5,1.3,1.3,1.4,1.3,1.1,1,1.1,1.2,1.2,1,1.1,1.1,0.9,1.1,1.1,1.1
2023F,DC,TEACE,2,2.1,2.1,2.1,2.2,2.4,2.4,2.3,2.3,2.3,2.3,2.4,2.4,2.8,2.9,2.7,2.7,2.7,2.5,2.1,1.9,2,2.6,2,1.9,1.9,2.1,1.9,2,2,1.8,1.8,1.8,1.9,1.8,1.8,1.7,1.8,1.7,1.7,1.8,1.7,1.6,1.6,1.7,1.4,1.2,1.2,1,1.1,1,1.1,1,1,1.1,1.1,1.1,1,1.1,1.2,0.9,1,1,1
2023F,DC,TECCE,1.5,1.4,1.5,1.6,2,2.8,2.9,3.4,3.4,3.5,3.7,3.4,2.9,2.7,2.1,1.6,1.6,1.5,1.4,1.2,1.2,1.2,1.4,1.8,1.7,1.4,1.7,1.6,1.2,1.3,1.2,1.4,1.4,1.4,1.4,1.4,1.4,1.4,1.3,1.2,1.3,1.4,1.3,1.2,1.3,1.3,1.1,1.2,1.1,1.2,1.2,1.1,0.9,1,1,1,0.9,0.9,1,0.9,0.9,0.9,0.9,0.9
2023F,DC,TEEIE,1.2,1,0.9,0.9,1.1,0.8,1.2,1.3,2.4,3.4,3.4,2.4,2.8,3.3,2.5,1.3,1.3,1.8,1.8,1.1,0.7,0.4,0.1,0.3,0.3,0.1,0.2,0.3,0.5,0.7,0.4,0.2,0.1,0.2,0.3,0.2,0.1,0.1,0.3,0.3,0.2,0.2,0.3,0.1,0.1,0.2,0.1,0.1,0.1,0,0.2,0.2,0,0,0,0,0,0,0,0,0,0,0,0
2023F,DC,TEICE,1.7,1.6,1.4,1.1,1.2,1.7,2.3,2.4,1.9,2.6,2.7,2.3,1.9,1.7,1.1,1.1,0.8,0.8,0.6,0.6,0.3,0.2,0.1,0,0,0,0.1,0,0,0,0,0,0,0,0,0,0,0,0,0.1,0,0.1,0.1,0.1,0.1,0.1,0.1,0,0,0,0,0,0,0,0,0,0,0,0,0,0,0,0,0
2023F,DC,TERCE,1.3,1.2,1.3,1.3,1.3,1.3,1.3,1.4,1.5,1.5,1.5,1.4,1.4,1.4,1.3,1.2,1.3,1.2,1.2,1.1,1.1,0.9,1,1,1.3,1.2,1.2,1.1,1.1,1,0.9,0.9,1,1,0.9,1,1.1,1,0.8,0.9,0.9,0.8,0.9,1,1,0.9,0.7,0.8,0.8,0.8,0.8,0.7,0.7,0.8,0.8,0.8,0.6,0.7,0.8,0.7,0.6,0.7,0.7,0.6
2023F,DC,TETCE,7.7,7.2,7.2,7,7.7,9,10.1,10.8,11.5,13.3,13.6,11.9,11.3,11.9,9.8,7.9,7.7,7.9,7.5,6,5.2,4.7,5.2,5,5.2,4.7,5.2,5,4.9,5,4.4,4.4,4.4,4.5,4.5,4.4,4.4,4.3,4.1,4.1,4.3,4.1,4.2,4,4,3.9,3.2,3.4,3.1,3.2,3.2,3.1,2.6,2.8,3,3,2.8,2.6,2.9,2.8,2.4,2.6,2.6,2.5
2023F,DE,CDEGR,,,,,,,,,,,,,,,,,,,,,,,,,,,,,,,,,,,,,,327.7,285.9,268.8,262.8,243,248.3,257.1,244.4,261.1,237,250.8,245.7,172.3,191.4,194.9,206.8,204.4,186.2,182,199.8,197.3,196.8,181.6,167.9,169.7,164.4,156
2023F,DE,CDTCR,71.5,71.4,71,71.2,70.7,70.4,71.3,71.1,70.6,70.2,70.7,69.9,68.7,68.9,68.5,68.5,68,68.2,68,67.1,70.2,73.2,72.7,75.5,73.9,73.2,74.2,74.2,75,73.6,75.1,74.5,75.2,74.8,73.4,71.6,71.8,72.9,72.7,70.5,71.4,69.5,68.9,71,71.3,71.4,71.2,71.6,70.5,66.9,67,62.4,61.4,61.7,60.4,60,60.1,60.2,60.5,60.6,60,60.9,60.1,59.8
2023F,DE,CDTPR,25.3,23.7,25.1,26.1,25.3,26,27.6,26.3,27.8,28.7,28.9,27.9,27.6,29.5,28.3,26.2,27.1,26.9,26.9,28.2,29.1,27.4,24.5,29.1,30.1,28.1,27.3,28.1,28.5,27,26.5,25.8,25.2,26.8,25.4,23.9,24.4,22.4,21.2,21.1,21.2,20.1,19.6,20.2,19.9,20.5,18.9,19.6,18.3,13.4,14.5,15.3,15.9,15.2,14.8,14.7,15.1,14.3,14.4,13.9,12.3,12.6,12.4,11.7
2023F,DE,CLACE,0,0,0,0,0,0,0,0,0,0,0,0,0,0,0,0,0,0,0,0,0,0,0,0,0,0,0,0,0,0,0,0,0,0,0,0,0,0,0,0,0,0,0,0,0,0,0,0,0,0,0,0,0,0,0,0,0,0,0,0,0,0,0,0
2023F,DE,CLCCE,0,0,0,0,0,0,0,0,0,0,0,0,0,0,0,0,0,0,0,0,0,0,0,0,0,0,0,0.1,0,0,0,0,0,0.1,0.1,0,0,0,0,0,0,0,0,0,0,0,0,0,0,0,0,0,0,0,0,0,0,0,0,0,0,0,0,0
2023F,DE,CLEIE,1.8,1.9,2,2.4,2.6,2.6,3.6,3.8,4.1,3.9,3.4,3.4,2.2,1.9,2,2.1,1.9,1.6,1.8,2.1,2.2,4.4,4.1,6.6,6.5,6.3,5.8,6.1,5.9,5.3,5.1,4.9,4.1,5.5,4.9,4.5,4.4,4.2,3.9,3.1,4.3,3.2,3.6,4.2,4.8,5.1,5.1,5.8,5.6,3.2,2.9,1.7,1.7,1.7,1,0.7,0.6,0.5,0.4,0.2,0.2,0.4,0.2,0
2023F,DE,CLICE,0.1,0.1,0.1,0.1,0.1,0.1,0.1,0.1,0.1,0.1,0.1,0.1,0.1,0.1,0.1,0.1,0.1,0.1,0.3,0.2,0.4,0.4,0.4,0.4,0.4,0.5,0.5,0.5,0.6,0.5,0.5,0.5,0.3,0.4,0.5,0.5,0.4,0.4,0.4,0.4,0.4,0.4,0.2,0.2,0.3,0.3,0.3,0.3,0.2,0.1,0,0,0,0,0,0,0.2,0,0,0,0,0,0,0
2023F,DE,CLRCE,0,0,0,0,0,0,0,0,0,0,0,0,0,0,0,0,0,0,0,0,0,0,0,0,0,0,0,0,0,0,0,0,0,0,0,0,0,0,0,0,0,0,0,0,0,0,0,0,0,0,0,0,0,0,0,0,0,0,0,0,0,0,0,0
2023F,DE,CLTCE,1.9,2,2.1,2.5,2.8,2.8,3.7,3.9,4.2,4,3.5,3.5,2.2,2,2,2.2,1.9,1.7,2.1,2.3,2.7,4.8,4.6,6.9,6.9,6.8,6.3,6.7,6.6,5.8,5.7,5.4,4.4,6,5.5,5,4.8,4.6,4.4,3.4,4.8,3.6,3.9,4.5,5.1,5.4,5.4,6.1,5.8,3.2,2.9,1.7,1.7,1.7,1,0.7,0.8,0.5,0.4,0.2,0.2,0.4,0.2,0
2023F,DE,FFACE,3.1,3.1,3,3.1,3.1,3.1,3.1,3.2,3.7,3.8,3.6,3.6,3.8,4.1,4.1,3.9,4.1,4.1,3.9,3.7,3.9,3.7,3.5,4,4.1,4.1,4.3,4.7,4.6,4.7,4.5,5.1,4.7,4.9,4.5,4.3,4.8,4.7,4.7,4.9,5.1,4.7,4.9,4.9,4.9,5.1,5.2,5.2,4.9,4.7,5.5,5,4.9,4.6,4.6,4.8,5,5.3,5.6,5.8,4.9,5.4,5.2,5.4
2023F,DE,FFCCE,1.2,1,1.1,1.2,1.2,1.4,1.4,1.2,1.1,1.3,1.4,1.4,1.4,1.5,1.1,1.1,1.2,1.3,1.1,1.4,2.5,1.5,1,0.5,0.5,0.5,0.5,0.6,0.6,0.6,0.6,0.6,0.5,0.7,0.6,0.6,0.7,0.7,0.6,0.6,0.6,0.7,0.7,0.8,0.8,0.7,0.7,0.7,0.6,0.8,0.8,0.7,0.7,0.8,0.8,0.9,0.9,0.9,1.1,1.1,0.7,0.8,0.8,0.8
2023F,DE,FFEIE,2,2,2.3,2.6,2.9,2.9,3.9,4.1,4.5,4.6,5.3,5.1,4.8,5.2,6,5.3,5.5,5.6,6,5.9,5.7,7.3,6.3,8.8,8.6,8.2,8,8,8.4,7.8,7.5,7.7,6.8,7.5,7.1,6.7,6.6,5.7,5.5,5.1,5.3,5.2,5.1,5.9,6,6.4,5.8,6.7,6.3,3.9,4.3,3.8,4.6,4.1,3.6,3.3,3.6,2.9,2.6,1.8,1.8,1.8,2,1.5
2023F,DE,FFICE,3.7,3.5,4,4.2,4.1,4.4,4.4,3.9,4,4.3,4.1,4,4.2,4.7,3.9,3.6,3.7,3.6,3.6,4,4,2.8,2.8,3.3,3.7,3.3,3.3,3.3,3.6,3.4,4.2,3.2,4.4,4.7,4.8,4.7,4.7,4.6,4.3,4.7,4.4,4.2,3.8,3.6,3.6,3.8,3.6,3.5,3.3,1.4,1.5,3.3,3.6,3.7,3.6,3.8,4,3.7,3.6,3.9,3.9,3.8,3.6,3.6
2023F,DE,FFRCE,1.2,1.2,1.3,1.5,1.3,1.4,1.4,1.4,1.5,1.5,1.5,1.6,1.6,1.5,1.4,1.4,1.5,1.4,1.3,1.7,1.1,1,1,1.1,1.4,1.4,1.1,1.3,1.3,1.3,1,1.1,1.1,1.1,1.2,1.2,1.3,1.1,1.1,1.1,1.2,1.2,1.2,1.3,1.2,1.2,1,1,1,1,1.1,1,0.8,0.9,1,1,0.8,0.8,1,1,0.9,1,1,0.9
2023F,DE,FFTCE,11.3,10.9,11.8,12.6,12.6,13.2,14.3,13.8,14.9,15.5,15.9,15.8,15.8,17,16.5,15.4,16,15.9,16,16.8,17.3,16.3,14.7,17.6,18.4,17.3,17.1,17.9,18.5,17.8,17.8,17.6,17.5,18.9,18.3,17.5,18.1,16.8,16.1,16.4,16.7,16,15.8,16.5,16.6,17.3,16.2,17.1,16.2,11.9,13.1,13.9,14.6,14,13.8,13.9,14.4,13.7,13.9,13.6,12.2,12.7,12.7,12.2
2023F,DE,NNACE,0,0,0,0,0,0,0,0,0,0,0,0,0,0,0,0,0,0,0,0,0,0,0,0,0,0,0,0,0,0,0,0,0,0,0,0,0,0,0,0,0,0,0,0,0,0,0,0,0,0,0,0,0.1,0.1,0.1,0.1,0.1,0,0,0,0,0,0,0
2023F,DE,NNCCE,0,0,0,0.1,0.1,0.1,0.1,0.1,0.1,0.1,0.2,0.2,0.2,0.2,0.2,0.2,0.2,0.2,0.2,0.2,0.2,0.2,0.2,0.2,0.2,0.2,0.2,0.2,0.2,0.2,0.2,0.2,0.2,0.3,0.3,0.3,0.4,0.4,0.3,0.3,0.3,0.3,0.4,0.5,0.5,0.5,0.4,0.5,0.5,0.6,0.7,0.6,0.5,0.6,0.7,0.7,0.7,0.7,0.9,0.9,0.6,0.6,0.6,0.6
2023F,DE,NNEIE,0.2,0.2,0.2,0.2,0.2,0.3,0.2,0.2,0.2,0.2,0.2,0.2,0.1,0.1,0,0.1,0.1,0.1,0.1,0.3,0.4,0.3,0.3,0.3,0.4,0.4,0.1,0.4,0.2,0.4,0.5,0.7,0.4,0.4,0.9,1.5,1.3,0.9,0.6,1,0.5,0.8,0.9,0.6,0.7,0.7,0.5,0.7,0.6,0.6,1.3,2.1,2.9,2.3,2.6,2.5,3,2.5,2,1.5,1.6,1.3,1.7,1.5
2023F,DE,NNICE,0.1,0.1,0.3,0.4,0.4,0.3,0.4,0.4,0.6,0.6,0.6,0.6,0.5,0.5,0.5,0.4,0.3,0.2,0.5,0.5,0.7,0.8,0.7,1.1,1.3,1.1,1.1,0.9,0.8,0.8,0.8,0.8,0.9,0.9,0.9,1,0.8,0.8,0.9,1.2,1.4,1.1,0.9,0.8,0.9,0.8,0.9,0.9,1,0.9,0.4,1.1,1.5,1.7,1.7,1.8,1.7,1.6,1.6,1.8,1.8,1.7,1.6,1.7
2023F,DE,NNRCE,0.2,0.2,0.3,0.3,0.3,0.3,0.3,0.4,0.4,0.4,0.4,0.4,0.5,0.4,0.4,0.4,0.4,0.4,0.4,0.4,0.4,0.4,0.4,0.3,0.4,0.3,0.4,0.4,0.4,0.4,0.3,0.3,0.4,0.4,0.4,0.5,0.5,0.5,0.4,0.5,0.5,0.5,0.5,0.6,0.6,0.6,0.5,0.6,0.5,0.6,0.6,0.5,0.5,0.6,0.6,0.6,0.5,0.5,0.7,0.6,0.6,0.6,0.7,0.6
2023F,DE,NNTCE,0.5,0.5,0.8,0.9,0.9,1,1,1.1,1.3,1.4,1.4,1.4,1.3,1.2,1.1,1,1,0.9,1.1,1.3,1.6,1.6,1.5,1.8,2.3,2.1,1.7,1.9,1.6,1.9,1.9,2,1.9,2.1,2.5,3.3,2.9,2.5,2.2,3,2.6,2.7,2.8,2.5,2.6,2.6,2.4,2.6,2.6,2.7,3,4.3,5.5,5.3,5.6,5.6,5.9,5.4,5.2,4.9,4.6,4.3,4.7,4.4
2023F,DE,PMACE,3.1,3.1,3,3.1,3.1,3.1,3.1,3.2,3.7,3.8,3.6,3.6,3.8,4.1,4.1,3.9,4.1,4.1,3.9,3.7,3.9,3.7,3.5,4,4.1,4.1,4.3,4.7,4.6,4.7,4.5,5.1,4.7,4.9,4.5,4.3,4.8,4.7,4.7,4.9,5.1,4.7,4.9,4.9,4.9,5.1,5.2,5.2,4.9,4.7,5.5,5,4.8,4.5,4.6,4.8,5,5.3,5.6,5.8,4.9,5.3,5.1,5.4
2023F,DE,PMCCE,1.2,1,1.1,1.2,1.1,1.3,1.4,1,1,1.2,1.2,1.2,1.2,1.3,1,0.9,1,1.1,0.9,1.3,2.3,1.3,0.8,0.3,0.3,0.3,0.2,0.3,0.3,0.3,0.3,0.3,0.3,0.3,0.3,0.3,0.3,0.3,0.3,0.3,0.3,0.4,0.3,0.3,0.3,0.3,0.3,0.2,0.2,0.2,0.2,0.1,0.1,0.1,0.2,0.3,0.2,0.2,0.2,0.2,0.2,0.2,0.2,0.2
2023F,DE,PMEIE,0,0,0,0,0.1,0,0.1,0.1,0.2,0.5,1.6,1.5,2.5,3.2,3.9,3.1,3.5,3.9,4.1,3.6,3.1,2.7,1.9,1.9,1.7,1.5,2,1.4,2.3,2.1,1.9,2.1,2.3,1.6,1.3,0.7,0.9,0.7,1,1,0.5,1.1,0.6,1,0.5,0.6,0.1,0.1,0.1,0.1,0,0,0,0,0.1,0.1,0,0,0.1,0,0,0,0.1,0
2023F,DE,PMICE,3.6,3.4,3.7,3.8,3.6,3.9,3.9,3.4,3.3,3.6,3.4,3.4,3.6,4.1,3.4,3.2,3.3,3.3,2.9,3.3,2.9,1.6,1.8,1.9,1.9,1.6,1.7,1.9,2.2,2.1,2.9,2,3.2,3.3,3.5,3.2,3.6,3.4,3,3.2,2.6,2.8,2.6,2.6,2.4,2.7,2.4,2.4,2.2,0.5,1,2.3,2.1,2,1.9,2,2.1,2.1,2,2.1,2,2,2,1.8
2023F,DE,PMRCE,1,0.9,1.1,1.2,1,1,1,1,1.1,1.1,1.1,1.1,1.2,1.1,1,1,1.1,1,0.9,1.3,0.8,0.6,0.6,0.8,1,1,0.7,0.9,0.9,0.9,0.7,0.7,0.7,0.7,0.7,0.7,0.7,0.6,0.6,0.6,0.7,0.7,0.7,0.7,0.7,0.6,0.5,0.5,0.4,0.5,0.5,0.4,0.3,0.4,0.4,0.4,0.3,0.3,0.4,0.4,0.3,0.3,0.4,0.3
2023F,DE,PMTCE,8.9,8.4,8.8,9.2,8.9,9.4,9.5,8.8,9.3,10.1,11,10.9,12.3,13.8,13.4,12.2,13,13.4,12.8,13.2,13,9.9,8.6,8.8,9.2,8.5,9.1,9.2,10.4,10.1,10.2,10.2,11.2,10.8,10.3,9.2,10.3,9.7,9.6,9.9,9.3,9.6,9.1,9.5,8.8,9.3,8.5,8.4,7.7,6,7.2,7.8,7.4,7,7.2,7.6,7.7,7.9,8.3,8.5,7.3,7.9,7.8,7.7
2023F,DE,TEACE,3.1,3.1,3,3.1,3.1,3.1,3.1,3.2,3.7,3.8,3.6,3.6,3.8,4.1,4.1,3.9,4.1,4.1,3.9,3.7,3.9,3.7,3.5,4,4.1,4.1,4.3,4.7,4.6,4.7,4.5,5.1,4.7,4.9,4.5,4.3,4.8,4.7,4.7,4.9,5.1,4.7,4.9,4.9,4.9,5.1,5.2,5.2,4.9,4.7,5.5,5,4.9,4.6,4.6,4.8,5,5.3,5.6,5.8,4.9,5.4,5.2,5.4
2023F,DE,TECCE,1.2,1,1.1,1.2,1.2,1.4,1.4,1.2,1.1,1.3,1.4,1.4,1.4,1.5,1.1,1.1,1.2,1.3,1.1,1.4,2.5,1.5,1,0.5,0.5,0.5,0.5,0.6,0.6,0.6,0.6,0.6,0.5,0.7,0.6,0.6,0.7,0.7,0.6,0.6,0.6,0.7,0.7,0.8,0.8,0.7,0.7,0.7,0.6,0.8,0.8,0.7,0.7,0.8,0.8,0.9,0.9,0.9,1.1,1.1,0.7,0.8,0.8,0.8
2023F,DE,TEEIE,2,2,2.3,2.6,2.9,2.9,3.9,4.1,4.5,4.6,5.3,5.1,4.8,5.2,6,5.3,5.5,5.6,6,5.9,5.7,7.3,6.3,8.8,8.6,8.2,8,8,8.4,7.8,7.5,7.7,6.8,7.5,7.1,6.7,6.6,5.7,5.5,5.1,5.3,5.2,5.1,5.9,6,6.4,5.8,6.7,6.3,3.9,4.3,3.8,4.6,4.1,3.6,3.3,3.6,2.9,2.6,1.8,1.8,1.8,2,1.5
2023F,DE,TEICE,3.7,3.5,4,4.2,4.1,4.4,4.4,3.9,4,4.3,4.1,4,4.2,4.7,3.9,3.6,3.7,3.6,3.6,4,4,2.8,2.8,3.3,3.7,3.3,3.3,3.3,3.6,3.4,4.2,3.2,4.4,4.7,4.8,4.7,4.7,4.6,4.3,4.7,4.4,4.2,3.8,3.6,3.6,3.8,3.6,3.5,3.3,1.4,1.5,3.3,3.6,3.7,3.6,3.8,4,3.7,3.6,3.9,3.9,3.8,3.6,3.6
2023F,DE,TERCE,1.2,1.2,1.3,1.5,1.3,1.4,1.4,1.4,1.5,1.5,1.5,1.6,1.6,1.5,1.4,1.4,1.5,1.4,1.3,1.7,1.1,1,1,1.1,1.4,1.4,1.1,1.3,1.3,1.3,1,1.1,1.1,1.1,1.2,1.2,1.3,1.1,1.1,1.1,1.2,1.2,1.2,1.3,1.2,1.2,1,1,1,1,1.1,1,0.8,0.9,1,1,0.8,0.8,1,1,0.9,1,1,0.9
2023F,DE,TETCE,11.3,10.9,11.8,12.6,12.6,13.2,14.3,13.8,14.9,15.5,15.9,15.8,15.8,17,16.5,15.4,16,15.9,16,16.8,17.3,16.3,14.7,17.6,18.4,17.3,17.1,17.9,18.5,17.8,17.8,17.6,17.5,18.9,18.3,17.5,18.1,16.8,16.1,16.4,16.7,16,15.8,16.5,16.6,17.3,16.2,17.1,16.2,11.9,13.1,13.9,14.6,14,13.8,13.9,14.4,13.7,13.9,13.6,12.2,12.7,12.7,12.2
2023F,FL,CDEGR,,,,,,,,,,,,,,,,,,,,,,,,,,,,,,,,,,,,,,360.7,363.3,346,344.5,332.1,323.2,315.4,308.3,294.4,284.9,278.3,267.4,267.1,288,273.3,264.3,257.3,256.8,250.2,242.9,234,229.6,214.7,193.5,192.7,186.6,177.5
2023F,FL,CDTCR,64.2,64.9,65.3,65,65.2,65.8,65.5,65.9,65.6,65.4,66,66.2,67,65.6,64.3,64.8,65,62.1,62.8,63.2,62.8,63.4,60.5,63.2,60.3,61.9,62.6,65.1,63.7,62.7,63.1,63.2,62,62,62.1,61.1,62.1,63.6,63.2,62.6,63.3,63.7,62.7,63.5,63.4,63.5,62.4,62.4,60.2,58.8,60.2,59.2,58.8,57.8,58.1,57.3,56.9,56.6,56.2,55.2,53.4,54.4,54.1,54.1
2023F,FL,CDTPR,10.5,10.6,11.4,11.5,11.8,12.2,12.6,12.9,13.8,14.3,15.2,15.6,16.2,16.7,15,14.8,15.5,15.6,16,16.3,15.8,15.3,13.4,13.6,13,13.4,14,14.5,14.9,14.9,14.4,14.1,14,13.9,14.1,14.2,14.3,14.3,14.9,14.6,14.9,14.5,14.5,14.5,14.8,14.6,14.3,14,12.9,12,13,12.2,11.7,11.6,11.7,11.7,11.5,11.3,11.3,10.8,9.6,10.3,10.3,10
2023F,FL,CLACE,0,0,0,0,0,0,0,0,0,0,0,0,0,0,0,0,0,0,0,0,0,0,0,0,0,0,0,0,0,0,0,0,0,0,0,0,0,0,0,0,0,0,0,0,0,0,0,0,0,0,0,0,0,0,0,0,0,0,0,0,0,0,0,0
2023F,FL,CLCCE,0,0,0,0,0,0,0,0,0,0,0,0,0,0,0,0,0,0,0,0,0,0,0,0,0.1,0.2,0.2,0.1,0,0,0,0,0,0,0,0,0,0,0,0,0,0.1,0,0,0,0,0,0,0,0,0,0,0,0,0,0,0,0,0,0,0,0,0,0
2023F,FL,CLEIE,2.6,3.4,3.8,4.1,4.4,5.2,6.7,9.1,9.8,9.9,11.1,11.1,11.8,14.5,13.9,12.6,13.4,14.9,16.1,18.4,19.8,21.2,21.8,28.8,33.9,42.5,41.6,53.3,55.6,57.8,57.4,59.2,58.6,59,59.8,62.1,67.8,68.2,68.2,65.3,69.4,66.2,65.8,66.5,64.3,61.7,63.7,66.1,63.6,53.2,58.8,51.6,44.9,46.8,51.7,43.2,39.5,37.6,30.1,21.3,16.8,18.6,16,12.2
2023F,FL,CLICE,0,0,0,0,0,0,0,0,0,0,0,0,0,0,0,0,0,0.3,0.6,0.8,1.6,1.3,1,1.5,1.9,2.1,1.8,2.4,2.5,2.7,2.9,2.7,3.2,3.1,3.1,3.1,3,3.2,3,2.8,3,2.8,2.9,2.7,2.5,2.6,2.7,2.6,2.6,2.3,2.1,1.2,1.2,1.4,1.5,1.4,1.3,1.4,1.2,1,0.5,0.6,0.4,0.2
2023F,FL,CLRCE,0,0,0,0,0,0,0,0,0,0,0,0,0,0,0,0,0,0,0,0,0,0,0,0,0,0.1,0.1,0,0,0,0,0,0,0,0,0,0,0,0,0,0,0,0,0,0,0,0,0,0,0,0,0,0,0,0,0,0,0,0,0,0,0,0,0
2023F,FL,CLTCE,2.6,3.4,3.8,4.1,4.4,5.2,6.7,9.1,9.8,9.9,11.1,11.1,11.8,14.5,13.9,12.7,13.5,15.2,16.7,19.2,21.4,22.5,22.8,30.3,36,44.9,43.7,55.8,58.1,60.5,60.2,61.9,61.9,62.1,62.9,65.3,70.9,71.4,71.2,68.2,72.4,69.1,68.7,69.2,66.8,64.3,66.4,68.8,66.2,55.5,60.9,52.8,46.1,48.2,53.3,44.6,40.7,39,31.4,22.3,17.3,19.2,16.5,12.4
2023F,FL,FFACE,24.7,25.5,29,29.5,30.7,32.5,33.6,35.2,39,41.4,43.2,45.6,50.2,54.9,52.6,53.2,55.4,59.4,62.6,66.6,68,68.2,66.9,67,65.9,68.2,71.9,76.2,80.7,81.4,81.3,77.1,79.8,78.6,84.1,86.3,87.2,90.4,91.9,94.6,100.9,99,101.3,100.9,111.1,113.5,116.2,114.5,103.6,97.3,106.9,105.1,103.1,104.3,105.8,109.7,111.8,114.5,120.4,118.6,95.8,114,118.6,120.4
2023F,FL,FFCCE,2.7,2.9,3.3,3.4,3.5,3.3,3.2,3.8,3.8,4,4.6,4.5,4.3,4.6,4.1,4.7,5.6,6.1,5.5,5.4,4.5,4.6,3.2,4.6,5.3,6.7,7.1,6.7,6.2,5.7,6.3,6,6,4.8,4.4,4.3,4.2,3.6,3.6,3.6,4.8,4.9,5,5,5.9,5.7,5.2,4.7,4.8,4.8,5.3,4.7,4.7,5.1,5.3,6.7,7.2,6.8,6.9,6.8,6.4,6.7,6.8,6.5
2023F,FL,FFEIE,13.9,15.1,17.1,18.6,20.4,23.1,26.4,29.5,33.4,36.9,42,46.8,52.9,56.9,53.6,54.6,57.7,55.3,60.9,62.7,63.2,66.7,57.5,61.9,58.3,62.5,71.6,78.6,83,88.1,86.6,92.8,90.8,94.7,96.4,98.7,103.5,107.4,118.3,114.9,117.4,118.2,121,125.8,126.1,126.6,123.5,124.7,117.4,110.8,120,111,107.5,105.1,109.7,108,106.2,103.2,100.7,94.3,92.3,91.2,92.7,89.5
2023F,FL,FFICE,8.7,9.4,10.4,10.3,10.6,11.4,11.1,9.6,10.1,10.3,11.6,11.8,11.7,13,11.7,11,13.2,14.6,14.2,16.1,17.7,14.2,10.7,10.9,12.3,12.9,10.7,10.4,12,11.4,11.8,11.1,12.8,14,14.8,15.9,15.8,15,15.2,15.3,14.4,13.8,12.5,13.5,12.5,12.7,12.7,11.5,11.3,10.1,11.6,10,10.4,10.8,10.6,11.2,11.5,11.8,11.7,11.8,11.1,12.2,11.8,11.6
2023F,FL,FFRCE,2.3,2.4,2.5,2.9,2.8,2.6,2.7,2.3,2.5,2.6,2.9,2.8,2.5,2.7,2.3,2.3,2.6,2.7,2.9,2.4,2.2,2.2,1.7,1.8,2.1,2.2,2.1,2.2,2,1.7,1.5,1.6,1.7,1.7,1.6,1.5,1.7,1.4,1.5,1.4,1.5,1.4,1.4,1.4,1.6,1.5,1.4,1.3,1.3,1.4,1.6,1.3,1.1,1.1,1.3,1.2,1.2,1.2,1.4,1.3,1.4,1.5,1.4,1.4
2023F,FL,FFTCE,52.4,55.3,62.2,64.7,68,72.9,77,80.4,88.8,95.2,104.3,111.5,121.7,132.2,124.3,125.9,134.5,138.1,146.1,153.3,155.5,155.9,139.9,146.2,143.9,152.5,163.4,174,183.9,188.2,187.6,188.6,191,193.7,201.2,206.8,212.4,217.9,230.4,229.8,239,237.3,241.2,246.6,257.1,260,259,256.6,238.4,224.5,245.4,232.2,226.7,226.5,232.6,236.7,237.8,237.5,241.1,232.9,207,225.6,231.4,229.5
2023F,FL,NNACE,0.1,0.1,0.1,0.1,0.1,0.1,0.2,0.2,0.2,0.3,0.2,0.2,0.2,0.2,0.2,0.1,0.1,0,0.1,0.2,0.2,0.2,0.2,0.2,0.3,0.2,0.2,0.3,0.2,0.2,0.2,0.2,0.3,0.3,0.3,0.4,0.3,0.3,0.2,0.4,0.4,0.4,0.6,0.6,0.6,0.5,0.7,0.6,0.5,0.6,1.2,0.7,0.9,0.7,0.2,0.9,1,1.2,1.1,1.2,1.2,1.1,1.3,1.3
2023F,FL,NNCCE,0.4,0.4,0.6,0.7,1,0.7,0.7,1.2,1.2,1.4,1.5,1.4,1.3,1.4,1.3,1.8,2.2,2.3,2,2,1.7,2,1.7,1.7,1.8,1.8,2,2.2,2.2,2,2.1,2.3,2.4,2.4,2.4,2.3,2.5,2.1,2.1,2,2.8,2.8,3.1,3,3.1,3.2,2.8,2.8,2.8,2.8,2.9,2.9,3,3.2,3.4,3.3,3.4,3.4,3.5,3.4,3.1,3.4,3.4,3.4
2023F,FL,NNEIE,4.9,4.6,4.9,5.2,5.1,4.8,5.4,5.9,8.2,10,10.9,10.8,9.2,9.1,8.4,7.6,6.8,7.4,8.6,9.1,8.9,9.2,9.8,9.4,9.4,8.9,9.1,9.4,8.3,10,10.2,10.8,10.9,10.1,11.4,19.9,18.1,18.7,18,20.2,20,20.7,28.4,29.3,32,34.6,40.4,42.1,43.5,49.6,53.1,56.2,61.3,55.7,56.1,62.7,63.9,64.2,68.5,71.5,73.8,71.4,75.4,76.1
2023F,FL,NNICE,1.9,2.3,2.6,3,3.1,4,4.8,4.4,4.8,4.9,4.9,5.2,4.8,5.4,5.2,5,5.7,5.7,5.6,6.4,5.6,6.4,5.3,4.7,4.5,4.3,3.6,3.8,4.6,4.7,4.8,4.9,5.1,5.7,7,7.1,7.6,6.9,6.7,7.3,6.1,5.3,4.5,4,3.5,3.5,3.8,3.6,3.7,3.5,4.3,4.7,5.5,5.4,5,5,5.4,5.4,5.7,6.2,6.4,6.9,6.4,6.5
2023F,FL,NNRCE,0.4,0.5,0.4,0.4,0.6,0.4,0.5,0.5,0.6,0.6,0.8,0.7,0.7,0.9,0.8,0.9,0.9,1,1.2,1,0.9,1,0.8,0.9,0.9,0.8,0.8,0.8,0.9,0.8,0.7,0.8,0.8,0.8,0.8,0.8,1,0.7,0.8,0.8,0.9,0.9,0.8,0.9,0.9,0.9,0.9,0.8,0.9,0.8,1,0.9,0.8,0.8,0.9,0.8,0.8,0.8,0.9,0.9,0.9,1.1,1,1
2023F,FL,NNTCE,7.5,7.8,8.5,9.4,10,10,11.5,12.3,15,17.2,18.4,18.4,16.3,17,15.8,15.3,15.8,16.6,17.5,18.7,17.3,18.7,17.8,16.9,16.7,16,15.7,16.5,16.1,17.7,18,19,19.5,19.3,21.9,30.5,29.5,28.8,27.8,30.7,30.3,30,37.4,37.8,40.1,42.6,48.6,49.9,51.3,57.3,62.6,65.5,71.4,65.9,65.6,72.7,74.6,75,79.7,83.2,85.4,83.9,87.5,88.3
2023F,FL,PMACE,24.7,25.5,28.9,29.4,30.6,32.3,33.4,35,38.7,41.1,43,45.3,50,54.7,52.4,53.1,55.3,59.4,62.5,66.4,67.7,67.9,66.6,66.7,65.6,67.9,71.7,75.9,80.5,81.1,81.1,76.8,79.5,78.3,83.8,85.9,86.9,90.1,91.6,94.2,100.5,98.6,100.6,100.3,110.5,113,115.6,113.9,103.1,96.7,105.7,104.4,102.2,103.6,105.6,108.7,110.8,113.3,119.3,117.4,94.6,112.9,117.4,119.2
2023F,FL,PMCCE,2.4,2.5,2.7,2.6,2.5,2.6,2.5,2.6,2.6,2.6,3.1,3,3,3.3,2.9,2.9,3.4,3.7,3.5,3.4,2.8,2.6,1.5,2.9,3.4,4.7,4.9,4.5,4.1,3.6,4.2,3.7,3.5,2.4,1.9,2,1.7,1.6,1.4,1.6,2,2,1.9,2,2.8,2.5,2.4,1.9,2,2.1,2.3,1.8,1.7,1.9,1.9,3.4,3.8,3.5,3.5,3.4,3.3,3.2,3.3,3.1
2023F,FL,PMEIE,6.4,7,8.5,9.3,10.8,13.1,14.4,14.4,15.4,17,20,24.9,31.9,33.2,31.2,34.4,37.5,32.9,36.2,35.2,34.4,36.3,25.8,23.7,15.1,11.1,21,15.9,19.2,20.2,19.1,22.8,21.2,25.6,25.2,16.7,17.6,20.5,32.1,29.3,28,31.4,26.8,30,29.8,30.4,19.3,16.4,10.4,8,8.1,3.1,1.3,2.6,1.9,2.1,2.8,1.4,2.1,1.5,1.8,1.2,1.3,1.3
2023F,FL,PMICE,6.9,7.1,7.7,7.3,7.5,7.4,6.3,5.2,5.3,5.4,6.6,6.6,6.9,7.6,6.6,6,7.4,8.6,8,8.9,10.5,6.6,4.4,4.8,5.9,6.4,5.3,4.3,4.8,4,4.2,3.5,4.5,5.2,4.7,5.7,5.2,4.9,5.5,5.2,5.3,5.6,5.1,6.8,6.4,6.6,6.2,5.2,5,4.3,5.2,4.1,3.7,3.9,4,4.8,4.8,5,4.8,4.6,4.2,4.8,5,4.8
2023F,FL,PMRCE,2,2,2.1,2.5,2.2,2.2,2.3,1.8,1.9,1.9,2.1,2.1,1.8,1.8,1.4,1.4,1.7,1.7,1.6,1.4,1.4,1.2,0.9,0.9,1.2,1.4,1.2,1.3,1.1,0.9,0.8,0.8,0.9,0.9,0.7,0.7,0.7,0.6,0.7,0.7,0.6,0.5,0.6,0.5,0.7,0.6,0.6,0.5,0.5,0.6,0.6,0.5,0.3,0.3,0.4,0.3,0.4,0.4,0.4,0.4,0.4,0.4,0.4,0.4
2023F,FL,PMTCE,42.3,44.1,49.9,51.1,53.7,57.6,58.8,58.9,63.9,68.1,74.8,81.9,93.6,100.7,94.5,97.9,105.2,106.4,111.9,115.3,116.8,114.7,99.3,99,91.2,91.6,104,101.8,109.7,109.9,109.4,107.7,109.7,112.3,116.4,111,112.1,117.7,131.3,131,136.3,138.2,135.1,139.6,150.2,153.1,144,137.9,121,111.7,121.9,113.9,109.2,112.4,113.7,119.4,122.5,123.6,130.1,127.3,104.3,122.5,127.4,128.8
2023F,FL,TEACE,24.7,25.5,29,29.5,30.7,32.5,33.6,35.2,39,41.4,43.2,45.6,50.2,54.9,52.6,53.2,55.4,59.4,62.6,66.6,68,68.2,66.9,67,65.9,68.2,71.9,76.2,80.7,81.4,81.3,77.1,79.8,78.6,84.1,86.3,87.2,90.4,91.9,94.6,100.9,99,101.3,100.9,111.1,113.5,116.2,114.5,103.6,97.3,106.9,105.1,103.1,104.3,105.8,109.7,111.8,114.5,120.4,118.6,95.8,114,118.6,120.4
2023F,FL,TECCE,2.7,2.9,3.3,3.4,3.5,3.3,3.2,3.8,3.8,4,4.6,4.5,4.3,4.6,4.1,4.7,5.6,6.1,5.5,5.4,4.5,4.6,3.2,4.6,5.3,6.7,7.1,6.7,6.2,5.7,6.3,6,6,4.8,4.4,4.3,4.2,3.6,3.6,3.6,4.8,4.9,5,5,5.9,5.7,5.2,4.7,4.8,4.8,5.3,4.7,4.7,5.1,5.3,6.7,7.2,6.8,6.9,6.8,6.4,6.7,6.8,6.5
2023F,FL,TEEIE,13.9,15.1,17.1,18.6,20.4,23.1,26.4,29.5,33.4,36.9,42,46.8,52.9,56.9,53.6,54.6,57.7,55.3,60.9,62.7,63.2,66.7,57.5,61.9,58.3,62.5,71.6,78.6,83,88.1,86.6,92.8,90.8,94.7,96.4,98.7,103.5,107.4,118.3,114.9,117.4,118.2,121,125.8,126.1,126.6,123.5,124.7,117.4,110.8,120,111,107.5,105.1,109.7,108,106.2,103.2,100.7,94.3,92.3,91.2,92.7,89.5
2023F,FL,TEICE,8.7,9.4,10.4,10.3,10.6,11.4,11.1,9.6,10.1,10.3,11.6,11.8,11.7,13,11.7,11,13.2,14.6,14.2,16.1,17.7,14.2,10.7,10.9,12.3,12.9,10.7,10.4,12,11.4,11.8,11.1,12.8,14,14.8,15.9,15.8,15,15.2,15.3,14.4,13.8,12.5,13.5,12.5,12.7,12.7,11.5,11.3,10.1,11.6,10,10.4,10.8,10.6,11.2,11.5,11.8,11.7,11.8,11.1,12.2,11.8,11.6
2023F,FL,TERCE,2.3,2.4,2.5,2.9,2.8,2.6,2.7,2.3,2.5,2.6,2.9,2.8,2.5,2.7,2.3,2.3,2.6,2.7,2.9,2.4,2.2,2.2,1.7,1.8,2.1,2.2,2.1,2.2,2,1.7,1.5,1.6,1.7,1.7,1.6,1.5,1.7,1.4,1.5,1.4,1.5,1.4,1.4,1.4,1.6,1.5,1.4,1.3,1.3,1.4,1.6,1.3,1.1,1.1,1.3,1.2,1.2,1.2,1.4,1.3,1.4,1.5,1.4,1.4
2023F,FL,TETCE,52.4,55.3,62.2,64.7,68,72.9,77,80.4,88.8,95.2,104.3,111.5,121.7,132.2,124.3,125.9,134.5,138.1,146.1,153.3,155.5,155.9,139.9,146.2,143.9,152.5,163.4,174,183.9,188.2,187.6,188.6,191,193.7,201.2,206.8,212.4,217.9,230.4,229.8,239,237.3,241.2,246.6,257.1,260,259,256.6,238.4,224.5,245.4,232.2,226.7,226.5,232.6,236.7,237.8,237.5,241.1,232.9,207,225.6,231.4,229.5
2023F,GA,CDEGR,,,,,,,,,,,,,,,,,,,,,,,,,,,,,,,,,,,,,,447.3,419.3,398,406,382.2,389.6,388.3,380.1,385.9,375.2,376.9,358.2,351,371.4,332.1,289.3,285.2,285.6,268.8,256.2,241.9,235.3,219.2,192,192.5,187.5,185.4
2023F,GA,CDTCR,58.2,58,57.1,58.5,58.9,60.8,61.7,61.7,62.6,63,62.8,63.3,64.3,64.3,64.7,63.8,64.3,65.6,65.1,65,64.7,66.1,65.8,65.8,67.9,67.6,67.8,65.3,65,59.8,60.1,58.9,58,58.8,58.9,58.9,59.3,59.5,59.6,60,60.6,60.5,59.5,61.2,61,62.5,62.1,62.3,62,59.8,59.6,58.1,54.4,53.9,54.4,52.9,52.6,52.2,51.8,50.6,47.6,48.7,48.4,47.9
2023F,GA,CDTPR,9.7,9.4,9.7,10.3,10.9,11.9,13,13.5,14.9,15.7,15.9,16.9,18,18.9,18.3,18,18.7,20,20.1,20.6,20.6,20.4,19.5,20.5,22.3,22.9,21.6,22,22,20.9,21.4,19.7,19.2,20.1,20,20.7,20.8,20.4,20.1,20,20.6,19.3,19.6,19.8,20,20.8,20,19.8,18.2,16.9,18,16.3,14.3,14.3,14.7,14.3,14,13.5,13.4,12.8,10.8,11.5,11.4,11.4
2023F,GA,CLACE,0,0,0,0,0,0,0,0,0,0,0,0,0,0,0,0,0,0,0,0,0,0,0,0,0,0,0,0,0,0,0,0,0,0,0,0,0,0,0,0,0,0,0,0,0,0,0,0,0,0,0,0,0,0,0,0,0,0,0,0,0,0,0,0
2023F,GA,CLCCE,0.4,0.3,0.3,0.3,0.2,0.2,0.2,0.2,0.2,0.2,0.1,0.1,0.1,0.1,0.1,0.1,0,0.1,0,0,0,0.1,0,0,0.1,0.1,0,0.1,0.1,0,0,0,0.1,0,0.1,0.1,0,0,0,0,0,0,0,0,0,0.1,0,0,0,0,0,0,0,0,0,0,0,0,0,0,0,0,0,0
2023F,GA,CLEIE,6.2,6.6,6.3,9,9.7,12.5,14.3,13.4,16.7,17.6,16.9,19.6,23.8,24.7,26.2,28.6,31.7,38,39.8,43.3,48,49.9,48.4,52.3,61,65.2,61.6,62.8,61.4,58.5,62.5,56.2,54,58,60.4,64,64,68,68.2,69.8,73.2,68.7,72.5,74,75.5,81.9,81.3,85.5,81.1,66.5,70.3,57.8,39.5,38.9,44.1,36.6,37.1,32.1,31.7,25.4,14,18.8,16.7,16.6
2023F,GA,CLICE,1.3,1.3,1.2,1.3,1.5,1.5,2,2,1.4,1.3,1.1,1.1,0.9,0.9,0.7,1,1.2,1.4,1.4,1.3,1.6,2.5,2.5,3.3,3.6,3.7,4.2,4.6,5,4.8,5.3,5,4.3,4.1,4.6,4.6,4.7,4.8,4.7,4.7,4.8,4.8,4.4,4.3,4.3,4.1,3.9,3.7,3.4,2.5,3,2.8,2.1,1.8,2,1.2,1.1,0.8,0.8,0.7,0.7,0.7,0.6,0.4
2023F,GA,CLRCE,0.5,0.4,0.5,0.4,0.3,0.3,0.3,0.2,0.2,0.2,0.2,0.1,0.1,0.1,0,0,0,0,0,0,0,0,0,0,0,0,0,0,0,0,0,0,0,0,0,0,0,0,0,0,0,0,0,0,0,0,0,0,0,0,0,0,0,0,0,0,0,0,0,0,0,0,0,0
2023F,GA,CLTCE,8.5,8.6,8.3,11,11.8,14.5,16.9,15.8,18.5,19.3,18.4,20.9,24.9,25.8,27,29.7,33.1,39.5,41.3,44.7,49.6,52.5,50.9,55.6,64.8,69,65.8,67.6,66.5,63.4,67.9,61.2,58.4,62.2,65.1,68.8,68.7,72.9,72.9,74.5,78,73.5,77,78.2,79.8,86.1,85.2,89.2,84.5,69.1,73.3,60.6,41.6,40.7,46.1,37.7,38.2,32.9,32.5,26.1,14.7,19.5,17.3,17
2023F,GA,FFACE,14.7,14.7,15.9,16.9,17.6,18.2,20,22.5,25,26.7,28.4,30.6,32.7,36.1,34.7,34.7,36.2,37.6,39.2,40.6,39.1,38.6,38.6,40,41.6,42.1,44.3,47.2,49.5,48,48.6,47.4,47.8,52.9,53.6,56.2,59.6,57.3,59.3,61.3,61.8,61.4,61.5,64.1,66.4,69,68.1,66.3,60,64,68.2,66.7,62.3,63.7,61.5,64.7,61.8,65.5,63.7,63.5,55.7,58.3,59.4,62.4
2023F,GA,FFCCE,2.1,2,2.3,2.3,2.3,2.3,2.5,2.6,2.9,3.1,3,3.3,3.5,3.6,3.4,3.6,3.7,4.1,4.2,4.2,3.8,4.1,3.9,4.6,5,4.2,4.1,4.4,4.5,4,3.9,3.6,4,4,3.9,4.1,4.2,4.1,3.7,3.3,4.2,3.8,3.4,3.4,3.8,3.6,3.2,3.2,3.4,3.5,4,3.8,3.6,4,4.1,4.6,4.5,4.4,4.8,4.4,4.3,4.6,4.8,4.4
2023F,GA,FFEIE,7.6,7.5,7.2,9.2,9.8,12.6,14.3,14,17.8,19.7,20.9,24.2,28.2,29.6,32.1,33.2,36.1,42.3,43.2,44.7,48.7,50.4,48.6,52.5,61.1,65.4,62.1,63,61.7,58.7,62.8,56.4,54.2,58.4,60.6,64.8,64.6,69.2,70.7,72.2,76.2,70.8,75.8,76,78.1,86.1,86.7,92.3,86.4,74.4,79.9,68.5,56.2,54,59.9,56,57.9,52.4,52.2,48.6,37.3,40.9,40.4,39.9
2023F,GA,FFICE,9.4,9.2,9.6,10,11.5,13.5,14.5,15.1,15.1,15.7,15.1,15.4,16.4,17.8,16.2,14.1,14.2,13.8,13.5,16,15.3,14.5,13.5,14.3,16.1,19.1,14.8,15.6,16.5,16.8,18.1,17.6,17.9,17.5,18.1,19.1,19.8,19.3,17.9,17.9,18.7,18.2,18.1,19,19.2,19.2,18.2,16.9,15.6,13.7,14.8,14.2,13.4,13.9,14.4,12.9,12.8,12.4,12.9,12.3,11.8,12.7,12.4,12
2023F,GA,FFRCE,4.4,4.4,4.5,4.8,5.1,4.9,5.4,5.6,5.7,6.1,6,6,5.8,5.9,5.1,5.8,5.9,6.5,6.3,5.7,6,5.8,5.4,5.8,6.2,5.7,5.9,6.5,6.9,6.7,5.8,6.2,6.9,7.4,6.8,7.2,7.9,7.3,6.8,6.4,8.7,7.4,7.7,7.9,7.8,7.6,6.7,6.8,7.2,7.1,8.3,6.7,6,7.1,7.8,6.9,6.8,6.5,7.8,7.2,7,7.4,7.8,7.1
2023F,GA,FFTCE,38.3,37.9,39.5,43.1,46.4,51.5,56.7,59.7,66.6,71.3,73.4,79.5,86.6,93,91.5,91.3,96,104.5,106.3,111.2,112.9,113.5,110,117.2,130,136.6,131.3,136.8,139.1,134.2,139.1,131.1,130.8,140.2,143.1,151.5,156,157.1,158.4,161,169.6,161.6,166.5,170.5,175.3,185.6,182.9,185.5,172.6,162.9,175.1,159.8,141.5,142.6,147.8,145.2,143.9,141.1,141.4,136.1,116.1,123.8,124.8,125.7
2023F,GA,NNACE,0.2,0.2,0.2,0.3,0.3,0.3,0.3,0.3,0.4,0.4,0.4,0.4,0.4,0.3,0.3,0.2,0.2,0.2,0.2,0.2,0.4,0.4,0.4,0.3,0.3,0.3,0.3,0.3,0.4,0.4,0.4,0.4,0.4,0.4,0.4,0.4,0.5,0.5,0.4,0.5,0.3,0.4,0.5,0.4,0.4,0.4,0.4,0.3,0.4,0.4,0.5,0.6,0.6,0.5,0.4,0.5,0.4,0.5,0.9,0.4,0.4,0.4,0.5,0.5
2023F,GA,NNCCE,1.2,1.2,1.4,1.4,1.5,1.4,1.5,1.7,2,2.2,2.1,2.3,2.5,2.6,2.4,2.7,2.5,3,3.3,3.4,3.2,3.1,3,3.1,3,2.8,2.7,3,3,2.9,2.7,2.8,2.9,3.1,3,3.1,3.3,3.1,3,2.4,3.2,2.8,2.6,2.7,3,2.9,2.6,2.7,2.8,2.9,3.3,3.1,2.8,3.1,3.2,2.9,2.8,2.7,3.1,2.9,2.7,2.9,3,2.8
2023F,GA,NNEIE,1.4,0.9,0.9,0.2,0.1,0,0,0.5,0.9,1.9,3.2,3.5,2.1,1.9,2.4,2.2,0.3,0.3,0.3,0.2,0.2,0.2,0.1,0.1,0,0,0.3,0,0.1,0,0.1,0,0.1,0.2,0.1,0.6,0.3,0.9,1.8,1.8,2.3,1.9,3.1,1.8,2.5,4,5.3,6.7,5.3,7.8,9.5,10.6,16.6,15.1,15.7,19.4,20.7,20.2,20.3,23.2,23.2,22,23.6,23.3
2023F,GA,NNICE,4,4.3,4.7,4.9,5.5,6,6.7,6.9,7.5,7.7,7.5,7.5,8.2,9.2,8.5,7.7,6.3,5.4,5.9,8.1,8.2,8.3,7.6,7.4,7.9,7.4,6.8,7.4,7.9,8.1,8.5,8.8,9,8.8,9.2,9.6,9.5,9.2,8.6,8.1,8.7,7.3,7.5,8.5,8.6,8.4,8.5,8.1,8,7.4,7.7,7.6,7.7,8.3,8.4,8.2,7.9,7.8,8.3,8.1,8,8.4,8.1,8.2
2023F,GA,NNRCE,3.1,3.1,3.2,3.5,3.9,3.7,4.2,4.4,4.6,4.9,4.8,4.8,4.7,4.7,4.2,4.7,4.7,5.4,5.3,5,4.9,5,4.7,5,5.2,4.6,4.9,5.5,5.9,5.6,4.9,5.3,5.9,6.3,5.8,6.2,6.9,6.2,5.8,5.4,7.6,6.6,6.9,7.1,6.9,6.8,6,6.1,6.5,6.4,7.5,6.1,5.3,6.5,7.2,6.4,6.3,6,7.2,6.7,6.5,6.9,7.3,6.6
2023F,GA,NNTCE,9.9,9.7,10.4,10.2,11.2,11.5,12.7,13.8,15.4,17,17.9,18.5,17.8,18.7,17.7,17.5,14,14.2,15,16.9,17,17,15.8,15.8,16.5,15.1,15,16.2,17.3,17,16.7,17.3,18.3,18.8,18.3,20,20.5,19.9,19.7,18.1,22,19,20.6,20.5,21.4,22.5,22.8,23.9,22.9,25,28.5,28,32.9,33.4,35,37.4,38.1,37.2,39.8,41.3,40.9,40.6,42.5,41.3
2023F,GA,PMACE,14.5,14.5,15.7,16.7,17.4,17.9,19.7,22.1,24.6,26.3,28,30.3,32.3,35.8,34.5,34.4,36,37.5,39,40.4,38.7,38.2,38.2,39.6,41.2,41.8,44,46.9,49.1,47.7,48.2,47,47.4,52.6,53.2,55.8,59.1,56.8,58.9,60.8,61.5,60.9,61,63.6,66,68.7,67.7,66,59.6,63.6,67.6,66,61.7,63.2,61.1,64.2,61.4,65,62.8,63.1,55.3,57.8,58.9,61.9
2023F,GA,PMCCE,0.5,0.5,0.6,0.5,0.6,0.7,0.7,0.8,0.7,0.8,0.8,0.9,0.9,1,0.9,0.8,1.1,1,0.9,0.7,0.5,0.9,0.9,1.6,1.8,1.4,1.4,1.4,1.4,1.1,1.1,0.8,1,0.9,0.9,0.9,0.8,0.9,0.6,0.9,1,1,0.7,0.7,0.8,0.6,0.6,0.6,0.6,0.6,0.7,0.7,0.8,0.9,0.9,1.7,1.7,1.7,1.7,1.5,1.6,1.7,1.7,1.7
2023F,GA,PMEIE,0,0,0,0,0,0,0,0.1,0.2,0.2,0.8,1.1,2.3,2.9,3.6,2.4,4.1,4,3.1,1.2,0.5,0.4,0.2,0.1,0.1,0.1,0.2,0.2,0.2,0.2,0.1,0.1,0.1,0.2,0.2,0.2,0.3,0.2,0.7,0.6,0.7,0.3,0.2,0.3,0.1,0.2,0.1,0.1,0.1,0.1,0.1,0.1,0.1,0.1,0.2,0.1,0.1,0.1,0.2,0.1,0,0.1,0.2,0
2023F,GA,PMICE,4.1,3.6,3.7,3.8,4.5,6,5.8,6.2,6.2,6.7,6.5,6.7,7.3,7.7,7,5.4,6.6,7,6.1,6.6,5.6,3.7,3.4,3.6,4.6,8,3.8,3.6,3.6,3.8,4.2,3.7,4.6,4.6,4.4,4.8,5.6,5.2,4.6,5.1,5.2,6,6.2,6.3,6.3,6.8,5.9,5.1,4.2,3.8,4,3.8,3.6,3.8,3.9,3.6,3.8,3.8,3.8,3.4,3.1,3.6,3.7,3.4
2023F,GA,PMRCE,0.8,0.8,0.8,0.9,0.9,0.9,1,0.9,0.9,1,1.1,1.1,1.1,1.1,0.9,1,1.2,1.2,1,0.7,1.1,0.8,0.7,0.9,1,1.1,1,1,1,1.1,0.9,0.9,1,1.1,1,1,1,1,0.9,1,1.1,0.8,0.8,0.8,0.9,0.7,0.7,0.7,0.7,0.7,0.8,0.6,0.7,0.5,0.6,0.5,0.5,0.4,0.6,0.6,0.5,0.5,0.5,0.4
2023F,GA,PMTCE,20,19.5,20.8,21.9,23.4,25.6,27.2,30.1,32.6,35.1,37.1,40.1,43.9,48.4,46.8,44.1,48.9,50.7,50,49.6,46.4,44,43.3,45.8,48.7,52.5,50.5,53,55.3,53.8,54.6,52.6,54.1,59.3,59.7,62.8,66.8,64.2,65.7,68.4,69.5,69.1,68.9,71.7,74.2,77,74.9,72.4,65.1,68.8,73.3,71.2,67,68.4,66.7,70.1,67.6,71,69,68.6,60.5,63.6,65,67.4
2023F,GA,TEACE,14.7,14.7,15.9,16.9,17.6,18.2,20,22.5,25,26.7,28.4,30.6,32.7,36.1,34.7,34.7,36.2,37.6,39.2,40.6,39.1,38.6,38.6,40,41.6,42.1,44.3,47.2,49.5,48,48.6,47.4,47.8,52.9,53.6,56.2,59.6,57.3,59.3,61.3,61.8,61.4,61.5,64.1,66.4,69,68.1,66.3,60,64,68.2,66.7,62.3,63.7,61.5,64.7,61.8,65.5,63.7,63.5,55.7,58.3,59.4,62.4
2023F,GA,TECCE,2.1,2,2.3,2.3,2.3,2.3,2.5,2.6,2.9,3.1,3,3.3,3.5,3.6,3.4,3.6,3.7,4.1,4.2,4.2,3.8,4.1,3.9,4.6,5,4.2,4.1,4.4,4.5,4,3.9,3.6,4,4,3.9,4.1,4.2,4.1,3.7,3.3,4.2,3.8,3.4,3.4,3.8,3.6,3.2,3.2,3.4,3.5,4,3.8,3.6,4,4.1,4.6,4.5,4.4,4.8,4.4,4.3,4.6,4.8,4.4
2023F,GA,TEEIE,7.6,7.5,7.2,9.2,9.8,12.6,14.3,14,17.8,19.7,20.9,24.2,28.2,29.6,32.1,33.2,36.1,42.3,43.2,44.7,48.7,50.4,48.6,52.5,61.1,65.4,62.1,63,61.7,58.7,62.8,56.4,54.2,58.4,60.6,64.8,64.6,69.2,70.7,72.2,76.2,70.8,75.8,76,78.1,86.1,86.7,92.3,86.4,74.4,79.9,68.5,56.2,54,59.9,56,57.9,52.4,52.2,48.6,37.3,40.9,40.4,39.9
2023F,GA,TEICE,9.4,9.2,9.6,10,11.5,13.5,14.5,15.1,15.1,15.7,15.1,15.4,16.4,17.8,16.2,14.1,14.2,13.8,13.5,16,15.3,14.5,13.5,14.3,16.1,19.1,14.8,15.6,16.5,16.8,18.1,17.6,17.9,17.5,18.1,19.1,19.8,19.3,17.9,17.9,18.7,18.2,18.1,19,19.2,19.2,18.2,16.9,15.6,13.7,14.8,14.2,13.4,13.9,14.4,12.9,12.8,12.4,12.9,12.3,11.8,12.7,12.4,12
2023F,GA,TERCE,4.4,4.4,4.5,4.8,5.1,4.9,5.4,5.6,5.7,6.1,6,6,5.8,5.9,5.1,5.8,5.9,6.5,6.3,5.7,6,5.8,5.4,5.8,6.2,5.7,5.9,6.5,6.9,6.7,5.8,6.2,6.9,7.4,6.8,7.2,7.9,7.3,6.8,6.4,8.7,7.4,7.7,7.9,7.8,7.6,6.7,6.8,7.2,7.1,8.3,6.7,6,7.1,7.8,6.9,6.8,6.5,7.8,7.2,7,7.4,7.8,7.1
2023F,GA,TETCE,38.3,37.9,39.5,43.1,46.4,51.5,56.7,59.7,66.6,71.3,73.4,79.5,86.6,93,91.5,91.3,96,104.5,106.3,111.2,112.9,113.5,110,117.2,130,136.6,131.3,136.8,139.1,134.2,139.1,131.1,130.8,140.2,143.1,151.5,156,157.1,158.4,161,169.6,161.6,166.5,170.5,175.3,185.6,182.9,185.5,172.6,162.9,175.1,159.8,141.5,142.6,147.8,145.2,143.9,141.1,141.4,136.1,116.1,123.8,124.8,125.7
2023F,HI,CDEGR,,,,,,,,,,,,,,,,,,,,,,,,,,,,,,,,,,,,,,305.9,314.6,306.2,305.6,314.6,325,325.2,321.5,313.6,308.2,311.9,248.8,251.7,266.3,265.1,255.4,247.3,238.2,232.9,228.3,230.4,225.5,228.3,184.4,203.4,208.3,203.6
2023F,HI,CDTCR,71.8,71.2,71.4,71.4,71.1,71,71.2,71.4,71.3,70.9,70.8,71.2,71.1,71.2,71.3,71,71,71.5,71.8,71.6,68.2,68,67.4,66.5,67.8,68.1,67.4,66.7,67.4,65.8,66.2,65.6,66.4,65.9,66.7,67.2,67.5,68.4,68.5,68.4,68.6,71,71.5,71.3,71.3,70.9,71.1,71.4,70.1,68.5,69,68.7,69.1,67.9,67.9,67.7,67.7,68.2,68.1,68.4,67.1,67.1,66.9,66.1
2023F,HI,CDTPR,10.6,12.3,11.3,11.9,12.5,13.1,14.5,16.1,17.7,18,18,18.7,18.7,18.7,17.4,17.1,17.2,18.1,18.2,19.2,18.5,16.4,14.8,14.5,15.3,16.2,15.7,15.5,18,18.6,19.1,17,17.5,15.8,16.7,16.5,15.7,15.3,15.3,15.1,15.3,15.5,16.3,17.1,17.5,17.7,17.6,18.1,14.3,13.9,14.9,14.8,14.4,14.1,13.7,13.7,13.7,14.1,14.1,14.3,10.1,11.9,12.6,12.5
2023F,HI,CLACE,0,0,0,0,0,0,0,0,0,0,0,0,0,0,0,0,0,0,0,0,0,0,0,0,0,0,0,0,0,0,0,0,0,0,0,0,0,0,0,0,0,0,0,0,0,0,0,0,0,0,0,0,0,0,0,0,0,0,0,0,0,0,0,0
2023F,HI,CLCCE,0,0,0,0,0,0,0,0,0,0,0,0,0,0,0,0,0,0,0,0,0,0,0,0,0,0,0,0,0,0,0,0,0,0,0,0,0,0,0,0,0,0,0,0,0,0,0,0,0,0,0,0,0,0,0,0,0,0,0,0,0,0,0,0
2023F,HI,CLEIE,0,0,0,0,0,0,0,0,0,0,0,0,0,0,0,0,0,0,0,0,0,0,0,0,0,0,0,0,0,0,0,0,0.5,1.3,1.3,1.5,1.6,1.6,1.4,1.4,1.5,1.5,1.5,1.6,1.6,1.4,1.4,1.5,1.5,1.4,1.5,1.4,1.5,1.3,1.5,1.4,1.5,1.4,1.4,1.4,1.3,1.2,0.7,0
2023F,HI,CLICE,0,0,0,0,0,0,0,0,0,0,0,0,0,0,0,0,0,0,0,0,0,0,0.1,0.1,0.1,0.1,0,0.1,0.1,0.1,0.1,0.1,0.1,0.2,0.2,0.4,0.3,0.4,0.3,0.3,0.2,0.2,0.1,0.1,0.1,0.1,0.2,0.2,0.2,0.2,0.1,0.1,0.1,0.1,0.1,0.1,0,0,0,0,0,0,0,0
2023F,HI,CLRCE,0,0,0,0,0,0,0,0,0,0,0,0,0,0,0,0,0,0,0,0,0,0,0,0,0,0,0,0,0,0,0,0,0,0,0,0,0,0,0,0,0,0,0,0,0,0,0,0,0,0,0,0,0,0,0,0,0,0,0,0,0,0,0,0
2023F,HI,CLTCE,0,0,0,0,0,0,0,0,0,0,0,0,0,0,0,0,0,0,0,0,0,0,0.1,0.1,0.1,0.1,0,0.1,0.1,0.1,0.1,0.1,0.6,1.5,1.5,1.9,1.9,1.9,1.7,1.7,1.7,1.7,1.6,1.7,1.7,1.6,1.5,1.6,1.7,1.6,1.6,1.5,1.6,1.5,1.6,1.5,1.6,1.4,1.4,1.4,1.3,1.2,0.7,0
2023F,HI,FFACE,4.4,5.3,4.7,5,5.4,5.6,6.5,7.5,8.7,9,9,9.9,9.7,10.1,9.2,9.3,9.4,10.1,10.3,11.2,10.5,8.9,7.3,8.4,9.2,10.2,9.1,8.9,10.1,11.1,11.1,10.9,10.4,9.3,10,9.9,8.7,8.4,8.2,8.9,9,9.5,10.1,11.8,12.5,12.8,13,14,9.6,9.3,11.1,11.4,11.4,11.6,11.1,11.3,11.4,11.9,12.1,12.2,7.6,10,10.9,11.4
2023F,HI,FFCCE,0.1,0.1,0.1,0.1,0.1,0.1,0.1,0.1,0.1,0.2,0.3,0.2,0.2,0.2,0.2,0.2,0.2,0.2,0.2,0.3,0.3,0.2,0.2,0.1,0.1,0.1,0.1,0.2,1.1,0.9,0.6,0.3,0.8,0.2,0.4,0.2,0.1,0.2,1,0.2,0.2,0.1,0.2,0.2,0.2,0.2,0.2,0.2,0.2,0.3,0.3,0.3,0.3,0.3,0.3,0.4,0.3,0.4,0.4,0.4,0.4,0.4,0.4,0.4
2023F,HI,FFEIE,1.3,1.4,1.6,1.8,2,2.1,2.2,2.3,2.6,2.9,3.2,3.6,4,4.1,4.3,4.4,4.6,4.9,5,5.1,5.2,5.2,5,5.1,5.2,5.2,5.4,5.7,6.1,6.4,7.3,6,7,7,7.2,7.5,7.8,7.7,7.6,7.7,7.8,7.8,8.4,7.7,8,7.9,7.9,7.8,7.6,7.5,7.4,7.2,6.9,6.6,6.5,6.4,6.4,6.3,6.3,6.3,5.9,5.8,5.8,5.3
2023F,HI,FFICE,1,1.3,1.3,1.3,1.3,1.4,1.4,1.7,1.5,1.4,1.4,1.3,1.4,1.5,1.4,1.3,1.3,1.4,1.3,1.7,1.8,1.7,2.2,0.9,1.1,1.3,1.8,1.8,2.1,1.9,2.2,2.1,2.1,1.9,2.1,2.2,2.3,2.2,1.7,1.5,1.5,1.5,1.5,1.6,1.6,1.9,1.9,1.8,1.6,1.6,1.5,1.5,1.5,1.5,1.4,1.5,1.4,1.5,1.3,1.3,0.9,1,0.9,0.9
2023F,HI,FFRCE,0,0,0,0,0,0,0,0,0,0,0,0.1,0.1,0.1,0.1,0,0.1,0.1,0.1,0.1,0,0,0,0,0,0,0,0,0,0,0,0,0,0,0,0,0,0,0.1,0,0,0,0,0,0,0,0,0,0.1,0.1,0.1,0.1,0.1,0.1,0.1,0,0,0,0,0,0,0,0,0
2023F,HI,FFTCE,6.8,8.1,7.7,8.1,8.7,9.2,10.3,11.6,13,13.5,13.9,15,15.5,15.9,15.1,15.2,15.6,16.6,17,18.3,17.9,16.1,14.7,14.7,15.7,16.9,16.5,16.6,19.5,20.3,21.2,19.3,20.3,18.5,19.8,19.8,18.9,18.5,18.5,18.3,18.6,19,20.3,21.3,22.3,22.9,23.1,23.8,19.1,18.7,20.3,20.5,20.1,19.9,19.4,19.5,19.6,20.1,20,20.3,14.7,17.2,18.1,18
2023F,HI,NNACE,0,0,0,0,0,0,0,0,0,0,0,0,0,0,0,0,0,0,0,0,0,0,0,0,0,0,0,0,0,0,0,0,0,0,0,0,0,0,0,0,0,0,0,0,0,0,0,0,0,0,0,0,0,0,0,0,0,0,0,0,0,0,0,0
2023F,HI,NNCCE,0,0,0,0,0,0,0,0,0,0,0,0,0,0,0,0,0,0,0,0,0,0,0,0,0,0,0,0,0,0,0,0,0,0,0,0,0,0,0,0,0,0,0,0,0,0,0,0,0,0,0,0,0,0,0,0,0,0,0,0,0,0,0,0
2023F,HI,NNEIE,0,0,0,0,0,0,0,0,0,0,0,0,0,0,0,0,0,0,0,0,0,0,0,0,0,0,0,0,0,0,0,0,0,0,0,0,0,0,0,0,0,0,0,0,0,0,0,0,0,0,0,0,0,0,0,0,0,0,0,0,0,0,0,0
2023F,HI,NNICE,0,0,0,0,0,0,0,0,0,0,0,0,0,0,0,0,0,0,0,0,0,0,0,0,0,0,0,0,0,0,0,0,0,0,0,0,0,0,0,0,0,0,0,0,0,0,0,0,0,0,0,0,0,0,0,0,0,0,0,0,0,0,0,0
2023F,HI,NNRCE,0,0,0,0,0,0,0,0,0,0,0,0,0,0,0,0,0,0,0,0,0,0,0,0,0,0,0,0,0,0,0,0,0,0,0,0,0,0,0,0,0,0,0,0,0,0,0,0,0,0,0,0,0,0,0,0,0,0,0,0,0,0,0,0
2023F,HI,NNTCE,0,0,0,0,0,0,0,0,0,0,0,0,0,0,0,0,0,0,0,0,0,0,0,0,0,0,0,0,0,0,0,0,0,0,0,0,0,0,0,0,0,0,0,0,0,0,0,0,0,0,0,0,0,0,0,0,0,0,0,0,0,0,0,0
2023F,HI,PMACE,4.4,5.3,4.7,5,5.4,5.6,6.5,7.5,8.7,9,9,9.9,9.7,10.1,9.2,9.3,9.4,10.1,10.3,11.2,10.5,8.9,7.3,8.4,9.2,10.2,9.1,8.9,10.1,11.1,11.1,10.9,10.4,9.3,10,9.9,8.7,8.4,8.2,8.9,9,9.5,10.1,11.8,12.5,12.8,13,14,9.6,9.3,11.1,11.4,11.4,11.6,11.1,11.3,11.4,11.9,12.1,12.2,7.6,10,10.9,11.4
2023F,HI,PMCCE,0.1,0.1,0.1,0.1,0.1,0.1,0.1,0.1,0.1,0.2,0.3,0.2,0.2,0.2,0.2,0.2,0.2,0.2,0.2,0.3,0.3,0.2,0.2,0.1,0.1,0.1,0.1,0.2,1.1,0.9,0.6,0.3,0.8,0.2,0.4,0.2,0.1,0.2,1,0.2,0.2,0.1,0.2,0.2,0.2,0.2,0.2,0.2,0.2,0.3,0.2,0.3,0.3,0.3,0.3,0.3,0.3,0.4,0.4,0.4,0.4,0.4,0.4,0.4
2023F,HI,PMEIE,1.3,1.4,1.6,1.8,2,2.1,2.2,2.3,2.6,2.9,3.2,3.6,4,4.1,4.3,4.4,4.6,4.9,5,5.1,5.2,5.2,5,5.1,5.2,5.2,5.4,5.7,6.1,6.4,7.3,6,6.5,5.7,5.9,6,6.2,6.1,6.2,6.2,6.3,6.3,6.9,6.1,6.4,6.5,6.5,6.4,6.1,6,5.9,5.8,5.4,5.2,5,5,4.9,4.9,4.9,4.9,4.6,4.6,5,5.3
2023F,HI,PMICE,1,1.3,1.3,1.3,1.3,1.4,1.4,1.7,1.5,1.4,1.4,1.3,1.4,1.5,1.4,1.3,1.3,1.4,1.3,1.7,1.8,1.7,2,0.8,1,1.2,1.8,1.6,2,1.8,2.1,2,2,1.8,1.9,1.8,1.9,1.8,1.4,1.3,1.3,1.3,1.4,1.5,1.5,1.7,1.8,1.6,1.4,1.4,1.4,1.4,1.4,1.3,1.3,1.3,1.4,1.5,1.3,1.3,0.9,1,0.9,0.9
2023F,HI,PMRCE,0,0,0,0,0,0,0,0,0,0,0,0.1,0.1,0.1,0.1,0,0.1,0.1,0.1,0.1,0,0,0,0,0,0,0,0,0,0,0,0,0,0,0,0,0,0,0.1,0,0,0,0,0,0,0,0,0,0.1,0.1,0.1,0.1,0.1,0.1,0.1,0,0,0,0,0,0,0,0,0
2023F,HI,PMTCE,6.8,8.1,7.7,8.1,8.7,9.2,10.3,11.6,13,13.5,13.9,15,15.5,15.9,15.1,15.2,15.6,16.6,17,18.3,17.9,16.1,14.6,14.6,15.6,16.8,16.5,16.4,19.4,20.3,21.2,19.2,19.6,17.1,18.3,17.9,17,16.6,16.8,16.6,16.9,17.3,18.7,19.6,20.6,21.3,21.5,22.2,17.4,17,18.6,18.9,18.5,18.4,17.7,18,18,18.7,18.6,18.9,13.4,16,17.4,18
2023F,HI,TEACE,4.4,5.3,4.7,5,5.4,5.6,6.5,7.5,8.7,9,9,9.9,9.7,10.1,9.2,9.3,9.4,10.1,10.3,11.2,10.5,8.9,7.3,8.4,9.2,10.2,9.1,8.9,10.1,11.1,11.1,10.9,10.4,9.3,10,9.9,8.7,8.4,8.2,8.9,9,9.5,10.1,11.8,12.5,12.8,13,14,9.6,9.3,11.1,11.4,11.4,11.6,11.1,11.3,11.4,11.9,12.1,12.2,7.6,10,10.9,11.4
2023F,HI,TECCE,0.1,0.1,0.1,0.1,0.1,0.1,0.1,0.1,0.1,0.2,0.3,0.2,0.2,0.2,0.2,0.2,0.2,0.2,0.2,0.3,0.3,0.2,0.2,0.1,0.1,0.1,0.1,0.2,1.1,0.9,0.6,0.3,0.8,0.2,0.4,0.2,0.1,0.2,1,0.2,0.2,0.1,0.2,0.2,0.2,0.2,0.2,0.2,0.2,0.3,0.3,0.3,0.3,0.3,0.3,0.4,0.3,0.4,0.4,0.4,0.4,0.4,0.4,0.4
2023F,HI,TEEIE,1.3,1.4,1.6,1.8,2,2.1,2.2,2.3,2.6,2.9,3.2,3.6,4,4.1,4.3,4.4,4.6,4.9,5,5.1,5.2,5.2,5,5.1,5.2,5.2,5.4,5.7,6.1,6.4,7.3,6,7,7,7.2,7.5,7.8,7.7,7.6,7.7,7.8,7.8,8.4,7.7,8,7.9,7.9,7.8,7.6,7.5,7.4,7.2,6.9,6.6,6.5,6.4,6.4,6.3,6.3,6.3,5.9,5.8,5.8,5.3
2023F,HI,TEICE,1,1.3,1.3,1.3,1.3,1.4,1.4,1.7,1.5,1.4,1.4,1.3,1.4,1.5,1.4,1.3,1.3,1.4,1.3,1.7,1.8,1.7,2.2,0.9,1.1,1.3,1.8,1.8,2.1,1.9,2.2,2.1,2.1,1.9,2.1,2.2,2.3,2.2,1.7,1.5,1.5,1.5,1.5,1.6,1.6,1.9,1.9,1.8,1.6,1.6,1.5,1.5,1.5,1.5,1.4,1.5,1.4,1.5,1.3,1.3,0.9,1,0.9,0.9
2023F,HI,TERCE,0,0,0,0,0,0,0,0,0,0,0,0.1,0.1,0.1,0.1,0,0.1,0.1,0.1,0.1,0,0,0,0,0,0,0,0,0,0,0,0,0,0,0,0,0,0,0.1,0,0,0,0,0,0,0,0,0,0.1,0.1,0.1,0.1,0.1,0.1,0.1,0,0,0,0,0,0,0,0,0
2023F,HI,TETCE,6.8,8.1,7.7,8.1,8.7,9.2,10.3,11.6,13,13.5,13.9,15,15.5,15.9,15.1,15.2,15.6,16.6,17,18.3,17.9,16.1,14.7,14.7,15.7,16.9,16.5,16.6,19.5,20.3,21.2,19.3,20.3,18.5,19.8,19.8,18.9,18.5,18.5,18.3,18.6,19,20.3,21.3,22.3,22.9,23.1,23.8,19.1,18.7,20.3,20.5,20.1,19.9,19.4,19.5,19.6,20.1,20,20.3,14.7,17.2,18.1,18
2023F,IA,CDEGR,,,,,,,,,,,,,,,,,,,,,,,,,,,,,,,,,,,,,,596.8,616.6,617.8,601.3,597.7,588.1,561.6,526.4,510.4,510.7,524.1,552.2,533,547.5,519.5,465.3,471.5,452.4,405.1,385,394.5,421.9,398,339.5,353.3,354.5,336.8
2023F,IA,CDTCR,66.2,65.2,65.6,65.9,65.1,65.4,65.6,64.8,64.3,64.1,63.8,63.6,64.4,64.4,62.3,62,62.7,63.4,65.8,64.6,63.4,64.1,63.7,63.8,63.4,64.8,62.6,63.8,62.9,66,67.2,66.4,66.1,65.3,64.4,65.2,65.9,66.4,67.3,66.5,66.9,68,66.9,67.7,65.1,64.1,63.5,63.2,61.4,58.4,58.7,57.3,56.6,54.9,55.1,52.4,50.7,49.9,50.7,48.4,46,49.1,47.4,46.4
2023F,IA,CDTPR,14.5,14.3,15,15.2,15.6,16.2,16.5,17.2,17.8,18.5,18.9,18.7,19.7,20.8,19.6,19.1,20.1,20.2,19.9,21.7,20.3,20.2,20,19.7,20,19.9,19.5,20.3,21.8,21.8,22,22.7,21.9,22.8,23.1,24.1,25.1,24.8,25.7,26.2,26.5,26.1,26.3,26.2,26.6,26.4,26.7,28.5,29.4,27.5,29,27.9,25.8,26.1,26.2,24.1,22.9,23.5,25.3,23.7,19.8,22.2,22.3,21.1
2023F,IA,CLACE,0.1,0,0,0,0,0,0,0,0,0,0,0,0,0,0,0,0,0,0,0,0,0,0,0,0,0,0,0,0,0,0,0,0,0,0,0,0,0,0,0,0,0,0,0,0,0,0,0,0,0,0,0,0,0,0,0,0,0,0,0,0,0,0,0
2023F,IA,CLCCE,0.8,0.6,0.7,0.6,0.4,0.4,0.4,0.3,0.2,0.2,0.2,0.1,0.1,0.1,0.1,0.2,0.1,0.1,0.4,0.5,0.1,0.3,0.3,0.3,0.4,0.4,0.4,0.5,0.6,0.3,0.5,0.4,0.1,0.1,0.1,0.2,0.5,0.7,0.6,0.8,0.6,0.6,0.6,0.6,0.4,0.6,0.6,0.6,0.6,0.6,0.6,0.5,0.5,0.5,0.5,0.4,0.3,0.3,0.2,0.2,0.2,0.2,0.2,0
2023F,IA,CLEIE,4.2,3.8,4.5,4.6,4.8,5.6,5.7,6.1,6.6,7.5,8,8.6,10.4,10.7,9.2,9.6,12.9,14.4,15.9,16.8,19,20.5,19.9,20.7,20.4,21.6,21,22.6,24.4,24.7,26.2,27.1,26.2,27.7,27.8,29.7,29.7,30.2,34,34.1,36,36,35.8,36.1,36.3,34.8,35.1,37.9,40.3,36.8,40.3,37,33.8,31.8,32.2,27.9,23.9,24.2,26.7,21.2,13.7,21.6,17.6,15.6
2023F,IA,CLICE,4.9,4.6,4.7,5,4.9,5.4,5.3,4.7,4.3,4.1,4.1,3,3.2,3.3,2.7,2.7,3.1,3,2.8,3.4,3.1,3,3,3,3.1,3.4,3.4,4,3.9,5.1,5,5.6,5,4.8,5.2,5.5,6.2,6.1,5.7,6,5.7,5.6,5.5,5.6,5.5,5.6,5.8,5.8,5.4,5,6.3,6.7,6,6.1,5.6,5,4.3,4.3,4.2,4.1,3.7,3.6,4.1,3.6
2023F,IA,CLRCE,1.1,0.9,1,0.8,0.6,0.6,0.5,0.4,0.3,0.3,0.2,0.1,0.1,0.1,0.1,0.1,0,0,0.1,0.1,0,0.1,0.1,0.1,0.1,0.1,0.1,0.2,0.2,0.1,0.1,0.1,0,0,0,0,0.1,0.1,0.1,0.1,0.1,0.1,0.1,0.1,0,0,0.1,0.1,0,0,0,0,0,0,0,0,0,0,0,0,0,0,0,0
2023F,IA,CLTCE,11,9.9,10.9,11,10.7,12,11.9,11.5,11.4,12.1,12.4,11.8,13.8,14.1,12.2,12.5,16.1,17.6,19.1,20.9,22.3,24,23.2,24.1,23.9,25.6,24.9,27.3,29.1,30.2,31.8,33.2,31.3,32.6,33.1,35.4,36.4,37.2,40.4,41.1,42.4,42.2,42.1,42.4,42.3,41,41.5,44.3,46.3,42.4,47.1,44.2,40.3,38.4,38.3,33.3,28.5,28.7,31.2,25.5,17.5,25.3,21.8,19.3
2023F,IA,FFACE,10.5,10.3,10.7,11.1,11.3,11.2,12,12.8,13.7,14.4,14.6,16,16.6,18,17.3,17.4,18.2,18.5,18.4,18.3,16.7,15.8,16.1,15.9,15.8,15.5,15.2,15.9,16.4,16.5,16.4,15.9,15.8,16,17,17.7,19,18.5,19.1,18.9,18.8,18.6,19.2,19.6,20.5,21.1,21.7,22,21.1,20.6,20.8,20.8,19.7,19.9,20.6,19.8,20.9,19.8,20,20,18.2,19.5,19.7,19.5
2023F,IA,FFCCE,3.1,3,3.2,3.1,3,3.2,3.4,3.5,3.6,3.8,3.9,4,4.1,4.3,4.3,4.4,4.4,4.4,4,4.9,3.4,3.3,3.6,3.6,3.7,3.2,2.7,2.6,3.1,2.7,2.7,3,2.6,2.7,2.4,2.6,3.2,3.4,2.9,3.4,3.2,3.2,3.3,3.4,3.2,3.2,3.5,3.7,4.1,4.4,4.2,4.2,3.9,4.6,4.6,4.3,3.5,3.6,4,4.2,3.8,3.6,4.8,3.6
2023F,IA,FFEIE,7,7,7.7,7.5,7.9,8.5,9.2,9.5,10.5,11.3,12.3,12.6,14,14.2,12.7,12.4,14.7,15.6,16.8,17.6,19.5,20.8,20.1,21,20.6,21.8,21.1,22.8,24.7,24.8,26.5,27.3,26.3,28,28,29.9,29.9,30.5,34.4,34.5,36.3,36.4,36.1,36.4,36.8,36,36.2,39.4,41.3,37.4,41,37.6,34.7,32.5,32.8,28.8,25,25.7,29.2,23.7,16,23.9,20.6,19.3
2023F,IA,FFICE,12.2,11.9,12.1,12.8,13.4,14,13.5,14.3,14.1,14.1,14.4,13,13.4,15.2,14.2,13.2,13.7,13,11.8,14.5,13,12.7,11.4,10.3,11.2,10.6,10.6,10.9,11.6,11.7,11.5,12.5,12.6,13,13.7,14,14.6,14.3,14,14.5,14.3,14,13.7,13,13.6,13.8,14.1,15.7,16.9,16.4,18,18.4,17.6,18.8,18.6,18.3,18.4,20.7,21.4,21.7,20.4,19.6,21,21.1
2023F,IA,FFRCE,7.2,7.1,7.6,7.3,7.1,7.5,7.5,7.9,7.9,8.3,8.2,7.8,8.3,7.9,7.7,7.7,7.5,7.3,6.9,8.1,6.6,6.1,6.6,5.8,5.7,5.1,4.7,4.1,4.8,4.7,4.2,4.7,4.3,4.9,4.7,4.9,5.6,5.2,4.3,5,5.1,4.4,4.7,4.8,4.4,4.4,4,4.4,5.1,4.8,4.4,4.4,3.6,4.8,5,4.2,4.1,4.1,5.1,5.4,4.9,4.6,5.4,4.6
2023F,IA,FFTCE,40,39.3,41.2,41.9,42.7,44.4,45.6,47.9,49.8,51.9,53.5,53.4,56.4,59.5,56.2,55.2,58.5,58.7,58,63.4,59.2,58.7,57.8,56.6,57.1,56.2,54.4,56.2,60.5,60.4,61.3,63.4,61.6,64.6,65.8,69.1,72.2,71.8,74.6,76.4,77.8,76.6,77.1,77.2,78.5,78.4,79.5,85.3,88.6,83.5,88.5,85.5,79.5,80.7,81.6,75.3,71.9,73.8,79.8,75,63.3,71.1,71.5,68
2023F,IA,NNACE,0.5,0.5,0.5,0.5,0.5,0.6,0.6,0.7,0.7,0.9,1,1.1,1.1,0.9,0.9,0.9,0.5,0.4,0.3,0.6,0.7,0.6,0.5,0.4,0.6,0.6,0.4,0.4,0.6,0.6,0.5,0.4,0.4,0.4,0.6,0.6,0.7,0.6,0.5,0.4,0.4,0.5,0.6,0.5,0.5,0.6,0.7,0.7,0.8,0.7,0.6,0.6,0.5,0.6,0.7,0.6,0.5,0.6,0.7,0.7,0.6,0.4,0.5,0.5
2023F,IA,NNCCE,1.5,1.7,1.8,1.8,1.9,2.1,2.3,2.4,2.6,2.9,3.1,3.2,3.3,3.4,3.4,3.6,3.5,3.2,2.6,3.1,2.7,2.5,2.8,2.5,2.6,2.1,1.8,1.5,1.9,1.9,1.8,2,1.9,2.1,2,2.1,2.3,2.2,1.8,2.1,2.1,2.1,2.1,2.2,2.1,2.1,2,2.2,2.7,2.7,2.4,2.5,2.1,2.8,2.9,2.5,2.5,2.5,2.9,3,2.6,2.6,3,2.8
2023F,IA,NNEIE,2.7,3.1,3,2.8,3,2.8,3.3,3.3,3.7,3.7,4.2,3.8,3.2,3.3,3.3,2.5,1.4,0.7,0.4,0.4,0.4,0.2,0.1,0.2,0.2,0.1,0.1,0.1,0.2,0.1,0.2,0.2,0.1,0.2,0.1,0.2,0.1,0.2,0.2,0.2,0.2,0.3,0.2,0.2,0.4,1,0.9,1.2,0.9,0.5,0.6,0.5,0.8,0.6,0.5,0.8,1.1,1.5,2.5,2.5,2.3,2.2,2.9,3.6
2023F,IA,NNICE,2.3,2.5,2.6,2.9,3.6,3.5,2.4,3.8,4.3,4.7,5.1,5.3,5.5,6.8,6.9,6.3,6.3,5.8,4.9,6.1,5.9,5.9,4.6,4.4,4.9,3.8,3.2,3.5,4.3,3.6,3.6,4,4,4.1,4.4,4.6,4.7,4.4,4.2,4.5,4.5,4.1,4,4.1,4.2,4.3,4.5,6.5,7.6,7.6,7.7,7.8,7.8,8.4,8.4,8.6,9.2,11.7,12.6,12.5,11.7,11.3,12.3,13
2023F,IA,NNRCE,3.2,3.4,3.7,3.6,3.8,4.1,4.2,4.4,4.6,4.9,5.1,4.9,5.2,4.9,4.9,5,4.8,4.6,4.3,5.1,4.5,4.1,4.5,4.2,4.3,3.5,3.1,2.7,3.3,3.2,2.9,3.3,3,3.5,3.3,3.5,3.8,3.5,2.9,3.3,3.4,3.2,3.2,3.3,3.1,3.1,2.8,3.2,3.6,3.3,3.2,3.2,2.7,3.6,3.8,3.2,3.1,3.1,3.6,3.7,3.3,3.2,3.7,3.2
2023F,IA,NNTCE,10.2,11.1,11.6,11.6,12.9,13.1,12.9,14.6,16,17.1,18.5,18.3,18.2,19.3,19.5,18.3,16.4,14.7,12.5,15.3,14.1,13.3,12.5,11.7,12.5,10,8.6,8.3,10.3,9.4,9,9.8,9.4,10.3,10.4,11,11.7,10.9,9.6,10.5,10.6,10.1,10.2,10.4,10.4,11.1,10.9,13.8,15.6,14.9,14.6,14.5,13.9,16,16.3,15.7,16.4,19.4,22.3,22.4,20.5,19.8,22.5,23.1
2023F,IA,PMACE,10,9.8,10.2,10.6,10.7,10.6,11.4,12,13,13.5,13.6,14.9,15.5,17.1,16.3,16.5,17.7,18.1,18.2,17.7,16.1,15.3,15.6,15.5,15.3,14.9,14.8,15.5,15.8,15.9,15.9,15.6,15.4,15.7,16.4,17.1,18.3,17.9,18.6,18.5,18.3,18.1,18.6,19,20,20.5,21,21.4,20.3,19.9,20.2,20.3,19.1,19.3,19.8,19.2,20.4,19.2,19.3,19.3,17.6,19,19.2,19
2023F,IA,PMCCE,0.8,0.7,0.7,0.7,0.7,0.7,0.8,0.8,0.8,0.8,0.7,0.7,0.8,0.8,0.7,0.7,0.9,1.1,1.1,1.3,0.6,0.5,0.6,0.7,0.8,0.7,0.5,0.5,0.5,0.4,0.4,0.6,0.6,0.5,0.3,0.3,0.4,0.5,0.5,0.5,0.6,0.6,0.6,0.7,0.7,0.5,0.9,0.9,0.9,1.1,1.2,1.2,1.3,1.3,1.3,1.4,0.7,0.8,0.9,1,1,0.8,1.5,0.7
2023F,IA,PMEIE,0.1,0.1,0.1,0.1,0.1,0.1,0.1,0.1,0.1,0.1,0.2,0.2,0.4,0.2,0.2,0.3,0.4,0.4,0.5,0.4,0.1,0.1,0.1,0.1,0.1,0,0,0,0.1,0,0.1,0,0,0.1,0.1,0.1,0.1,0.1,0.1,0.1,0.1,0.1,0.1,0.1,0.1,0.2,0.2,0.3,0.2,0.1,0.2,0.1,0.1,0.1,0.1,0,0.1,0.1,0.1,0.1,0.1,0.1,0.1,0.1
2023F,IA,PMICE,5,4.8,4.8,4.9,4.9,5.1,5.8,5.8,5.4,5.3,5.3,4.8,4.7,5.1,4.6,4.3,4.3,4.2,4.1,5,4,3.7,3.9,2.9,3.3,3.5,4,3.4,3.4,3,2.9,2.9,3.7,4.1,4.1,3.9,3.7,3.7,4.1,4,4.1,4.4,4.2,3.2,3.8,3.9,3.8,3.5,3.9,3.8,4.1,3.9,3.7,4.3,4.7,4.7,4.8,4.6,4.6,5.1,5,4.7,4.6,4.5
2023F,IA,PMRCE,2.9,2.8,2.9,2.9,2.8,2.8,2.8,3.1,3.1,3.1,2.8,2.7,3.1,3,2.7,2.6,2.7,2.6,2.5,2.8,2,1.9,2,1.6,1.3,1.5,1.5,1.2,1.3,1.4,1.1,1.3,1.2,1.4,1.4,1.4,1.7,1.6,1.3,1.6,1.6,1.1,1.4,1.4,1.2,1.2,1.1,1.2,1.5,1.4,1.2,1.2,1,1.2,1.2,1,1,1,1.5,1.6,1.5,1.4,1.7,1.4
2023F,IA,PMTCE,18.8,18.2,18.7,19.2,19.2,19.3,20.9,21.8,22.4,22.8,22.6,23.3,24.4,26,24.5,24.4,25.9,26.4,26.4,27.2,22.8,21.5,22.1,20.8,20.7,20.6,20.9,20.7,21.1,20.8,20.4,20.3,20.9,21.7,22.3,22.8,24.1,23.7,24.6,24.8,24.7,24.2,24.9,24.4,25.8,26.3,27.1,27.2,26.8,26.3,26.8,26.8,25.3,26.2,27,26.4,27,25.7,26.4,27.1,25.2,25.9,27.2,25.7
2023F,IA,TEACE,10.5,10.3,10.7,11.1,11.3,11.2,12,12.8,13.7,14.4,14.6,16,16.6,18,17.3,17.4,18.2,18.5,18.4,18.3,16.7,15.8,16.1,15.9,15.8,15.5,15.2,15.9,16.4,16.5,16.4,15.9,15.8,16,17,17.7,19,18.5,19.1,18.9,18.8,18.6,19.2,19.6,20.5,21.1,21.7,22,21.1,20.6,20.8,20.8,19.7,19.9,20.6,19.8,20.9,19.8,20,20,18.2,19.5,19.7,19.5
2023F,IA,TECCE,3.1,3,3.2,3.1,3,3.2,3.4,3.5,3.6,3.8,3.9,4,4.1,4.3,4.3,4.4,4.4,4.4,4,4.9,3.4,3.3,3.6,3.6,3.7,3.2,2.7,2.6,3.1,2.7,2.7,3,2.6,2.7,2.4,2.6,3.2,3.4,2.9,3.4,3.2,3.2,3.3,3.4,3.2,3.2,3.5,3.7,4.1,4.4,4.2,4.2,3.9,4.6,4.6,4.3,3.5,3.6,4,4.2,3.8,3.6,4.8,3.6
2023F,IA,TEEIE,7,7,7.7,7.5,7.9,8.5,9.2,9.5,10.5,11.3,12.3,12.6,14,14.2,12.7,12.4,14.7,15.6,16.8,17.6,19.5,20.8,20.1,21,20.6,21.8,21.1,22.8,24.7,24.8,26.5,27.3,26.3,28,28,29.9,29.9,30.5,34.4,34.5,36.3,36.4,36.1,36.4,36.8,36,36.2,39.4,41.3,37.4,41,37.6,34.7,32.5,32.8,28.8,25,25.7,29.2,23.7,16,23.9,20.6,19.3
2023F,IA,TEICE,12.2,11.9,12.1,12.8,13.4,14,13.5,14.3,14.1,14.1,14.4,13,13.4,15.2,14.2,13.2,13.7,13,11.8,14.5,13,12.7,11.4,10.3,11.2,10.6,10.6,10.9,11.6,11.7,11.5,12.5,12.6,13,13.7,14,14.6,14.3,14,14.5,14.3,14,13.7,13,13.6,13.8,14.1,15.7,16.9,16.4,18,18.4,17.6,18.8,18.6,18.3,18.4,20.7,21.4,21.7,20.4,19.6,21,21.1
2023F,IA,TERCE,7.2,7.1,7.6,7.3,7.1,7.5,7.5,7.9,7.9,8.3,8.2,7.8,8.3,7.9,7.7,7.7,7.5,7.3,6.9,8.1,6.6,6.1,6.6,5.8,5.7,5.1,4.7,4.1,4.8,4.7,4.2,4.7,4.3,4.9,4.7,4.9,5.6,5.2,4.3,5,5.1,4.4,4.7,4.8,4.4,4.4,4,4.4,5.1,4.8,4.4,4.4,3.6,4.8,5,4.2,4.1,4.1,5.1,5.4,4.9,4.6,5.4,4.6
2023F,IA,TETCE,40,39.3,41.2,41.9,42.7,44.4,45.6,47.9,49.8,51.9,53.5,53.4,56.4,59.5,56.2,55.2,58.5,58.7,58,63.4,59.2,58.7,57.8,56.6,57.1,56.2,54.4,56.2,60.5,60.4,61.3,63.4,61.6,64.6,65.8,69.1,72.2,71.8,74.6,76.4,77.8,76.6,77.1,77.2,78.5,78.4,79.5,85.3,88.6,83.5,88.5,85.5,79.5,80.7,81.6,75.3,71.9,73.8,79.8,75,63.3,71.1,71.5,68
2023F,ID,CDEGR,,,,,,,,,,,,,,,,,,,,,,,,,,,,,,,,,,,,,,355.5,342.9,332.8,315.3,320.3,301.5,281.5,284.8,266.2,260.6,263.6,242.6,247.6,259.7,254.5,254.4,266.3,252.2,265.7,259.5,255.9,244.6,246.5,233.2,229.2,224.1,222.3
2023F,ID,CDTCR,53.5,54.9,53.9,54.1,54.7,53.7,53.4,54.8,54.8,53.1,51.7,52.9,52.3,52.6,52.4,52.8,52.8,55,52.6,52.4,50.6,49.4,47.5,46.1,46.1,47.7,46.9,51.1,52.9,48.4,48.7,50,49.5,48.6,49.7,47.8,45.8,45.5,45.8,46.3,48.7,51.4,50.5,52.8,51.8,50.1,48.5,50.2,48.1,49.3,49.9,47.6,48.1,49.7,48.4,47.7,48.6,47.6,47.5,48,49.6,50.9,50.4,50.5
2023F,ID,CDTPR,11.6,12,12.2,12.3,13.5,13.5,13.6,15,15.5,14.3,14.3,15,15.3,15.3,14.9,15.8,15.1,14.6,14.6,14.3,11.8,10.5,10,9.8,9.8,10,9.9,10.2,10.8,11.3,11.2,11.6,10.6,11.2,11,11.3,11.4,11.2,11.2,11.7,12.1,11.8,11.2,10.6,11.3,11.1,10.8,10.8,10.1,9.8,10.4,10.1,9.9,10.7,10.3,10.9,10.9,10.9,10.8,11.2,10.4,10.7,10.7,10.8
2023F,ID,CLACE,0,0,0,0,0,0,0,0,0,0,0,0,0,0,0,0,0,0,0,0,0,0,0,0,0,0,0,0,0,0,0,0,0,0,0,0,0,0,0,0,0,0,0,0,0,0,0,0,0,0,0,0,0,0,0,0,0,0,0,0,0,0,0,0
2023F,ID,CLCCE,0.5,0.4,0.4,0.4,0.4,0.4,0.4,0.4,0.3,0.3,0.2,0.3,0.2,0.3,0.3,0.3,0.3,0.3,0.3,0.2,0.2,0.1,0.1,0.1,0.1,0.1,0.1,0,0.1,0.1,0.1,0.1,0.1,0.1,0.1,0.1,0.1,0.1,0.1,0.1,0,0,0,0,0,0,0,0.1,0,0,0,0,0,0,0,0,0,0,0,0,0,0,0,0
2023F,ID,CLEIE,0,0,0,0,0,0,0,0,0,0,0,0,0,0,0,0,0,0,0,0,0,0,0,0,0,0,0,0,0,0,0,0,0,0,0,0,0,0,0,0,0,0,0,0,0,0,0,0,0,0,0,0,0,0,0,0,0,0,0,0,0,0,0,0
2023F,ID,CLICE,0.5,0.6,0.6,0.6,0.8,0.7,0.6,0.4,0.4,0.3,0.3,0.5,0.6,0.5,0.7,0.9,1,0.7,0.7,0.8,0.7,0.8,0.8,0.7,0.7,0.7,0.7,0.8,0.8,0.8,0.8,1,0.8,0.8,0.8,0.8,0.6,0.5,0.7,0.6,1.3,1,0.9,0.9,1.1,1,0.8,0.9,0.8,0.8,0.8,0.7,0.5,0.7,0.7,0.4,0.2,0.2,0.3,0.2,0.3,0.3,0.2,0.1
2023F,ID,CLRCE,0.7,0.6,0.6,0.6,0.5,0.5,0.5,0.5,0.4,0.4,0.2,0.3,0.2,0.2,0.1,0.1,0.1,0.1,0.1,0.1,0.1,0,0,0,0,0,0,0,0,0,0,0,0,0,0,0,0,0,0,0,0,0,0,0,0,0,0,0,0,0,0,0,0,0,0,0,0,0,0,0,0,0,0,0
2023F,ID,CLTCE,1.6,1.6,1.7,1.6,1.7,1.5,1.4,1.3,1.1,0.9,0.8,1.2,1,1,1.1,1.3,1.4,1.2,1.1,1.1,0.9,0.9,1,0.9,0.9,0.8,0.8,0.8,0.9,0.9,1,1.2,0.9,0.9,0.9,0.8,0.7,0.6,0.8,0.8,1.3,1.1,1,1,1.2,1.1,0.8,1,0.8,0.8,0.8,0.7,0.5,0.8,0.7,0.4,0.2,0.2,0.3,0.2,0.3,0.3,0.2,0.1
2023F,ID,FFACE,3,3,3.1,3.1,3.2,3.5,3.8,3.8,3.9,4.2,4.6,4.8,5.1,5.3,5.4,5.6,5.9,6.2,6.5,7.1,5.9,5.4,5.3,5.2,5.5,5.6,5.7,5.8,5.9,6.2,6.4,6.2,6.3,7.1,7.3,7.8,7.9,8.1,8.3,8.7,8.8,8.6,8.7,8.4,8.7,8.7,9.3,9.5,8.6,8.5,9.5,9.1,9.1,9.4,9.6,10.5,10.8,10.9,11.2,11.5,10.7,11.5,11.6,11.6
2023F,ID,FFCCE,0.8,0.9,0.9,0.9,0.9,1,0.9,1,1.1,0.9,0.8,1.1,1.1,1.1,1,1.2,1.1,1.1,0.9,0.8,0.9,0.6,0.7,0.7,0.9,0.8,0.7,0.7,0.9,0.9,0.8,1,0.9,0.8,0.8,0.9,1,0.9,0.9,1.1,1.1,1,1,0.9,1,1,1,1.1,1.1,1,1.1,1.2,1.1,1.3,1.2,1.3,1.4,1.4,1.4,1.6,1.6,1.5,1.7,1.6
2023F,ID,FFEIE,0,0,0,0,0,0,0,0,0,0,0,0,0,0,0,0,0,0,0,0,0,0,0,0,0,0,0,0,0,0,0,0,0,0,0,0,0,0.1,0.1,0.1,0.1,0.6,0.1,0.5,0.6,0.6,0.5,0.7,0.7,0.7,0.7,0.4,0.7,1.3,1,1.5,1.3,1.1,1.3,1.7,1.6,2,1.8,2.5
2023F,ID,FFICE,2.9,3.2,3.2,3.3,3.8,3.6,3.5,3.9,4.3,3.7,3.7,3.9,4,4.3,4.5,4.9,4.5,4.2,4.6,4.4,3.7,3.5,3.1,2.9,2.7,2.7,2.7,2.9,3,3.3,3.4,3.9,3.3,3.4,3.5,3.7,3.7,3.6,3.6,3.6,4.2,3.9,3.7,3.4,3.8,4,3.4,3.4,3.3,3.2,3.4,3.5,3.3,3.4,3.5,3.3,3.2,3.2,3.3,3.2,3.4,3.4,3.4,3.3
2023F,ID,FFRCE,1.1,1.1,1.2,1.1,1.2,1.1,1.1,1.5,1.5,1.3,1.2,1.3,1.3,1.3,1.2,1.5,1.4,1.4,1.1,1,0.7,0.7,0.6,0.7,0.7,0.8,0.7,0.7,0.8,0.8,0.8,0.9,0.8,1,0.9,1,1.1,1.1,1.1,1.4,1.5,1.4,1.4,1.3,1.6,1.6,1.6,1.6,1.8,1.7,1.6,1.8,1.6,1.8,1.6,1.5,1.6,1.9,1.8,2,2,2,2.4,2.3
2023F,ID,FFTCE,7.8,8.2,8.5,8.4,9.2,9.2,9.4,10.3,10.8,10.1,10.3,11.1,11.6,12,12.1,13.1,12.9,12.9,13.3,13.3,11.2,10.1,9.7,9.6,9.8,9.9,9.8,10.1,10.6,11.2,11.4,12,11.3,12.4,12.5,13.3,13.7,13.8,14,14.9,15.7,15.6,15,14.5,15.7,15.8,15.8,16.3,15.5,15.2,16.3,16,15.8,17.2,16.8,18,18.3,18.7,19,20,19.3,20.4,20.8,21.3
2023F,ID,NNACE,0,0,0,0,0,0.1,0.1,0.1,0.1,0.1,0.2,0.3,0.3,0.3,0.2,0.2,0.3,0.3,0.2,0.2,0.2,0.2,0.2,0.2,0.2,0.2,0.1,0.2,0.2,0.3,0.3,0.3,0.2,0.2,0.3,0.3,0.3,0.3,0.3,0.3,0.3,0.4,0.3,0.3,0.3,0.3,0.4,0.4,0.4,0.4,0.4,0.3,0.3,0.3,0.2,0.3,0.3,0.3,0.4,0.4,0.4,0.3,0.4,0.4
2023F,ID,NNCCE,0.2,0.2,0.2,0.2,0.2,0.3,0.3,0.3,0.3,0.4,0.3,0.5,0.6,0.5,0.4,0.7,0.5,0.5,0.3,0.4,0.3,0.3,0.3,0.3,0.5,0.5,0.5,0.4,0.4,0.5,0.5,0.5,0.5,0.6,0.6,0.6,0.6,0.6,0.6,0.7,0.7,0.7,0.7,0.7,0.7,0.7,0.8,0.8,0.9,0.9,0.8,0.9,0.9,1,0.9,0.9,1,1.1,1.1,1.1,1.1,1.1,1.3,1.2
2023F,ID,NNEIE,0,0,0,0,0,0,0,0,0,0,0,0,0,0,0,0,0,0,0,0,0,0,0,0,0,0,0,0,0,0,0,0,0,0,0,0,0,0.1,0.1,0.1,0.1,0.6,0.1,0.5,0.6,0.6,0.5,0.7,0.7,0.7,0.7,0.4,0.7,1.3,1,1.5,1.3,1.1,1.3,1.7,1.6,2,1.8,2.5
2023F,ID,NNICE,0.9,0.9,1,1,1.2,1.3,1.4,1.2,1.3,1.3,1.6,1.5,1.7,1.7,1.7,1.6,1.1,1.1,1.4,1.8,1.7,1.6,1.3,1.1,1,1,0.9,1,1.1,1.2,1.2,1.4,1.4,1.6,1.6,1.8,1.8,1.8,1.8,1.8,1.7,1.6,1.5,1.3,1.3,1.2,1.3,1.3,1.3,1.3,1.3,1.3,1.6,1.5,1.5,1.7,1.8,1.9,1.8,2,2,2,2,2.1
2023F,ID,NNRCE,0.1,0.1,0.2,0.2,0.3,0.3,0.3,0.3,0.4,0.4,0.4,0.5,0.6,0.6,0.5,0.8,0.7,0.7,0.4,0.5,0.4,0.4,0.4,0.4,0.4,0.4,0.4,0.4,0.4,0.5,0.5,0.6,0.5,0.7,0.7,0.7,0.8,0.8,0.9,1,1,1,1.1,1,1.1,1.2,1.2,1.3,1.5,1.4,1.3,1.4,1.3,1.5,1.3,1.3,1.4,1.6,1.5,1.7,1.7,1.7,2,1.9
2023F,ID,NNTCE,1.2,1.3,1.4,1.5,1.7,1.9,2,1.9,2.1,2.2,2.6,2.8,3.1,3.1,2.9,3.3,2.6,2.5,2.4,3,2.7,2.5,2.2,1.9,2.1,2.1,1.9,2,2.2,2.4,2.4,2.8,2.6,3,3.1,3.4,3.6,3.7,3.7,3.8,3.9,4.3,3.8,3.8,4.1,4.1,4.2,4.4,4.8,4.6,4.5,4.4,4.8,5.6,4.9,5.6,5.8,6.1,6.1,7,6.8,7.1,7.4,8.1
2023F,ID,PMACE,3,2.9,3.1,3.1,3.2,3.4,3.7,3.8,3.8,4.1,4.4,4.5,4.9,5,5.2,5.3,5.7,5.9,6.3,6.8,5.6,5.2,5.1,5.1,5.3,5.5,5.5,5.6,5.7,5.9,6.1,6,6.2,6.9,7,7.4,7.6,7.8,8,8.5,8.5,8.2,8.4,8.1,8.4,8.4,8.9,9.1,8.2,8.1,9.1,8.8,8.8,9,9.3,10.2,10.5,10.6,10.8,11.1,10.4,11.2,11.2,11.2
2023F,ID,PMCCE,0.2,0.3,0.3,0.3,0.3,0.4,0.3,0.3,0.4,0.3,0.3,0.3,0.3,0.3,0.3,0.3,0.3,0.3,0.3,0.2,0.4,0.1,0.3,0.3,0.3,0.2,0.2,0.2,0.3,0.3,0.2,0.3,0.3,0.2,0.2,0.2,0.3,0.2,0.2,0.3,0.3,0.3,0.2,0.2,0.3,0.2,0.2,0.2,0.2,0.2,0.2,0.2,0.3,0.2,0.3,0.3,0.4,0.3,0.4,0.4,0.5,0.4,0.4,0.4
2023F,ID,PMEIE,0,0,0,0,0,0,0,0,0,0,0,0,0,0,0,0,0,0,0,0,0,0,0,0,0,0,0,0,0,0,0,0,0,0,0,0,0,0,0,0,0,0,0,0,0,0,0,0,0,0,0,0,0,0,0,0,0,0,0,0,0,0,0,0
2023F,ID,PMICE,1.5,1.7,1.6,1.6,1.8,1.7,1.6,2.4,2.6,2,1.8,1.9,1.8,2,2.1,2.4,2.4,2.4,2.6,1.8,1.3,1.2,0.9,1.1,1,0.9,1.1,1.1,1.2,1.3,1.4,1.5,1.1,1,1.1,1.2,1.3,1.2,1.1,1.2,1.2,1.3,1.3,1.2,1.4,1.7,1.4,1.3,1.1,1.2,1.3,1.4,1.2,1.2,1.3,1.2,1.2,1.1,1.2,1,1.1,1.1,1.1,1.1
2023F,ID,PMRCE,0.4,0.4,0.3,0.4,0.4,0.4,0.3,0.7,0.8,0.5,0.5,0.5,0.5,0.5,0.5,0.6,0.6,0.6,0.6,0.5,0.3,0.2,0.2,0.3,0.3,0.3,0.3,0.3,0.3,0.3,0.3,0.3,0.3,0.3,0.3,0.3,0.3,0.3,0.2,0.4,0.5,0.4,0.3,0.3,0.4,0.3,0.4,0.3,0.3,0.3,0.3,0.3,0.3,0.4,0.3,0.2,0.3,0.3,0.3,0.4,0.3,0.4,0.4,0.4
2023F,ID,PMTCE,5,5.3,5.4,5.3,5.7,5.8,5.9,7.1,7.6,7,6.9,7.1,7.5,7.9,8.1,8.5,8.9,9.2,9.8,9.2,7.6,6.7,6.5,6.8,6.8,6.9,7.1,7.3,7.5,7.8,8,8.1,7.8,8.4,8.6,9.1,9.4,9.5,9.4,10.3,10.5,10.2,10.2,9.8,10.4,10.6,10.9,10.9,9.9,9.8,11,10.8,10.5,10.9,11.2,12,12.3,12.4,12.7,12.8,12.3,13,13.2,13.1
2023F,ID,TEACE,3,3,3.1,3.1,3.2,3.5,3.8,3.8,3.9,4.2,4.6,4.8,5.1,5.3,5.4,5.6,5.9,6.2,6.5,7.1,5.9,5.4,5.3,5.2,5.5,5.6,5.7,5.8,5.9,6.2,6.4,6.2,6.3,7.1,7.3,7.8,7.9,8.1,8.3,8.7,8.8,8.6,8.7,8.4,8.7,8.7,9.3,9.5,8.6,8.5,9.5,9.1,9.1,9.4,9.6,10.5,10.8,10.9,11.2,11.5,10.7,11.5,11.6,11.6
2023F,ID,TECCE,0.8,0.9,0.9,0.9,0.9,1,0.9,1,1.1,0.9,0.8,1.1,1.1,1.1,1,1.2,1.1,1.1,0.9,0.8,0.9,0.6,0.7,0.7,0.9,0.8,0.7,0.7,0.9,0.9,0.8,1,0.9,0.8,0.8,0.9,1,0.9,0.9,1.1,1.1,1,1,0.9,1,1,1,1.1,1.1,1,1.1,1.2,1.1,1.3,1.2,1.3,1.4,1.4,1.4,1.6,1.6,1.5,1.7,1.6
2023F,ID,TEEIE,0,0,0,0,0,0,0,0,0,0,0,0,0,0,0,0,0,0,0,0,0,0,0,0,0,0,0,0,0,0,0,0,0,0,0,0,0,0.1,0.1,0.1,0.1,0.6,0.1,0.5,0.6,0.6,0.5,0.7,0.7,0.7,0.7,0.4,0.7,1.3,1,1.5,1.3,1.1,1.3,1.7,1.6,2,1.8,2.5
2023F,ID,TEICE,2.9,3.2,3.2,3.3,3.8,3.6,3.5,3.9,4.3,3.7,3.7,3.9,4,4.3,4.5,4.9,4.5,4.2,4.6,4.4,3.7,3.5,3.1,2.9,2.7,2.7,2.7,2.9,3,3.3,3.4,3.9,3.3,3.4,3.5,3.7,3.7,3.6,3.6,3.6,4.2,3.9,3.7,3.4,3.8,4,3.4,3.4,3.3,3.2,3.4,3.5,3.3,3.4,3.5,3.3,3.2,3.2,3.3,3.2,3.4,3.4,3.4,3.3
2023F,ID,TERCE,1.1,1.1,1.2,1.1,1.2,1.1,1.1,1.5,1.5,1.3,1.2,1.3,1.3,1.3,1.2,1.5,1.4,1.4,1.1,1,0.7,0.7,0.6,0.7,0.7,0.8,0.7,0.7,0.8,0.8,0.8,0.9,0.8,1,0.9,1,1.1,1.1,1.1,1.4,1.5,1.4,1.4,1.3,1.6,1.6,1.6,1.6,1.8,1.7,1.6,1.8,1.6,1.8,1.6,1.5,1.6,1.9,1.8,2,2,2,2.4,2.3
2023F,ID,TETCE,7.8,8.2,8.5,8.4,9.2,9.2,9.4,10.3,10.8,10.1,10.3,11.1,11.6,12,12.1,13.1,12.9,12.9,13.3,13.3,11.2,10.1,9.7,9.6,9.8,9.9,9.8,10.1,10.6,11.2,11.4,12,11.3,12.4,12.5,13.3,13.7,13.8,14,14.9,15.7,15.6,15,14.5,15.7,15.8,15.8,16.3,15.5,15.2,16.3,16,15.8,17.2,16.8,18,18.3,18.7,19,20,19.3,20.4,20.8,21.3
2023F,IL,CDEGR,,,,,,,,,,,,,,,,,,,,,,,,,,,,,,,,,,,,,,364.1,339.3,340.8,341,326.3,327.5,328.1,326.7,328.9,310.5,316.3,318.4,304.9,307.5,298.3,274.9,291.7,289.6,262.8,248.5,244.6,247.5,234.7,207.3,214,209.4,188.2
2023F,IL,CDTCR,73,72.5,71.8,71.7,71.1,71.2,70.6,69.8,69,68.6,67.3,66.2,64.9,63.9,63.8,63.4,62.4,62.1,61.1,61.5,61.4,60.2,60.6,61.1,59.1,57.9,57.2,55.2,51.8,51.7,52.8,52.6,51.7,52.6,53.1,52.4,55,58.3,57.7,54,53.9,53,52.8,52.9,54,54.1,54,53.9,53.5,52.2,52.5,52.3,51.3,51.9,51.7,50.3,48.5,48.6,48.9,47.5,43.6,46,45.3,43.4
2023F,IL,CDTPR,18.7,18.7,18.9,19,19.4,20.3,21,21.3,21.7,22.5,22.2,21.8,22.6,22.9,22.4,21.8,22.4,22.5,22.7,21.9,20.2,18.6,17.8,18.4,18.1,17.4,17.2,16.9,17.4,17,16.9,16.7,16.2,17.3,17.1,17.3,18.4,18.5,17.7,18.3,18.8,18,18.1,18.4,18.8,19.3,18.7,19.2,19,17.7,18.1,17.9,16.9,18,18.2,16.9,16,15.9,16.6,15.9,13.1,14.4,14.5,13.2
2023F,IL,CLACE,0.5,0.1,0.1,0.1,0.1,0.1,0.1,0.1,0.1,0,0,0,0,0,0,0,0,0,0,0,0,0,0,0,0,0,0,0,0,0,0,0,0,0,0,0,0,0,0,0,0,0,0,0,0,0,0,0,0,0,0,0,0,0,0,0,0,0,0,0,0,0,0,0
2023F,IL,CLCCE,6,5.2,5.5,4.8,4.1,3.9,4.2,3.7,3,3,2.1,2.2,1.7,1.4,1.5,1.2,1.4,1.2,1.4,0.6,0.3,0.4,0.6,0.8,0.8,0.4,0.4,0.5,0.5,0.5,0.5,0.5,0.5,0.5,0.5,0.4,0.4,0.6,0.4,0.3,0.4,0.4,0.3,0.5,0.5,0.3,0.3,0.3,0.4,0.4,0.4,0.3,0.3,0.3,0.3,0.2,0.2,0.2,0.2,0.2,0.2,0.2,0.2,0.1
2023F,IL,CLEIE,39.7,41.1,41.1,43.5,46.7,51.1,56.1,57.9,59.9,61.3,57.9,55.4,58.4,64.4,63.4,62.3,65.3,66.5,65.5,67.4,67.8,64.2,62.5,67.8,64.6,63,61.8,58.8,54,53.1,56.2,56.7,51.9,62.5,63.6,64.3,72.8,77.2,75.2,76.8,83.4,82.6,84.6,86.6,92.8,91,90.4,94.3,95.8,89.5,92.6,89.6,81.5,87.2,86.5,72.8,59.2,57.4,59.5,48.8,29.9,43.1,40.9,26.8
2023F,IL,CLICE,31.8,31.2,31.7,31.4,32.9,35.8,35.6,31,28.7,27.8,24.3,20.1,19.3,17.1,17.1,16.1,14.4,13.4,12.5,12,11.9,10.8,10.6,11.6,13.4,13.2,13.9,14.8,16.1,14.6,14.1,14.7,13.8,13.9,14,13.5,14,14.5,14.3,13.9,12.7,10.4,9,9.1,8.7,8.7,9,9.4,9,7,9,10.4,10.6,10.4,10.3,8.2,7.6,7.7,7.6,7.5,7.3,6.7,6.4,5.8
2023F,IL,CLRCE,8.7,7.5,8,6.6,5.6,5.2,5.5,4.9,3.8,3.8,2.7,2.1,1.3,0.8,0.7,0.5,0.6,0.5,0.4,0.1,0.1,0.1,0.1,0.2,0.2,0.1,0.1,0.1,0.1,0.1,0.1,0.1,0.1,0.1,0.1,0.1,0,0.1,0.1,0,0.1,0.1,0,0.1,0.1,0,0,0,0,0,0,0,0,0,0,0,0,0,0,0,0,0,0,0
2023F,IL,CLTCE,86.7,85.2,86.5,86.4,89.4,96,101.5,97.6,95.3,95.9,87.1,79.9,80.7,83.8,82.8,80.1,81.7,81.6,79.8,80.2,80.1,75.5,73.8,80.4,78.9,76.9,76.3,74.2,70.6,68.3,70.9,71.9,66.3,76.9,78.1,78.3,87.2,92.4,90,91,96.6,93.5,94,96.3,102,100,99.7,104,105.2,96.8,102,100.3,92.4,97.9,97,81.2,67,65.4,67.3,56.5,37.4,50,47.5,32.7
2023F,IL,FFACE,35.4,35.7,36.6,39,40,42,44.3,47.6,51.4,53.4,55.5,57,62.4,65.1,62.2,62.5,65,66.8,69,65.7,58,55.4,54,55.6,49.6,51.2,50.6,51.1,54.7,55.7,54.9,52.8,53.7,55.6,53.7,55.3,57.3,57.7,58.8,65,67.2,64.6,62.5,66,69.2,76.6,73,72.8,68.4,66.3,66.3,65,62.7,63.7,65.4,68,68,68.4,68.4,66.4,53.3,59.4,59.6,59.8
2023F,IL,FFCCE,15,14.7,15.4,14.8,15,16.7,18.3,19.1,18.4,19.3,18.5,18.3,18.8,18,18.1,17.6,19.4,19,19.6,17.1,15,15.1,14.6,14.9,16.5,14.3,13,12.2,13.5,12.2,12.4,11.9,12.1,12.5,12.2,12.5,13.3,12.9,11,11.4,12.3,11.6,12.3,12.8,12.1,11.7,11.5,11.7,13.1,13.1,11.5,12.4,10.9,13.5,14.3,13.3,13.2,13.4,14.8,15.2,13.5,14,15.4,13.6
2023F,IL,FFEIE,42.1,43.1,43.5,46.2,49.6,53.1,58.7,60.6,64.2,66.3,67.8,67.4,68.5,72,71.1,69.3,71.9,73.5,74.7,76.6,75.2,69.6,66.7,71.4,67.2,64.8,64.3,60.7,55.5,54.4,57.7,58.8,53.5,64.3,66.7,67.4,75.1,80.1,79.1,80,86.4,86.5,89.1,89.4,95.2,94.4,92.8,97.8,97.8,91.3,95.1,92.2,86.3,90,88.8,77.3,67.1,65.1,67,58.1,42.4,52.4,48.8,37.8
2023F,IL,FFICE,66.1,66,66.4,67,70,73.7,73.8,72.5,72,73.4,71.2,66.1,68.1,69.1,67.4,61.8,61.1,59.9,58.2,58.1,55.1,46.2,41.3,42.5,44.9,41.7,43.2,45.3,47.6,43,43,43.1,43.4,43.5,44.3,44.3,45.8,46.3,44.6,44,41.8,37.8,36.9,36.2,35.9,36.5,36.2,36.6,35.8,30.2,35.7,37.1,37.3,39.1,39.4,35.4,35,35.4,35.5,36.2,35.5,34.6,35.1,33.9
2023F,IL,FFRCE,30.1,30.1,31.9,30.7,30.9,32,32.7,33.4,33.1,35.5,34.4,35.2,36.3,33.3,33.7,34.6,37.1,37.4,37.6,32.1,27.7,26.8,26.7,25.5,28.1,26.3,25,23.5,26.6,28.7,25.3,26.6,26.9,28,26.8,28.3,30.7,28.5,23.5,25.8,26.6,24,25.9,26.5,24.8,24.5,22.4,24.4,26.6,25,23.7,23.6,20.3,25.8,27.1,22.8,22.1,21.5,25,25.5,23.2,22.7,24.7,21.6
2023F,IL,FFTCE,188.8,189.6,193.8,197.7,205.4,217.5,227.8,233.1,239,247.8,247.4,243.9,254.1,257.6,252.5,245.7,254.5,256.6,259.1,249.5,230.9,213.1,203.4,209.8,206.3,198.3,196.1,192.8,197.8,194,193.4,193.2,189.6,203.9,203.7,207.7,222.2,225.5,217,226.3,234.3,224.6,226.8,230.9,237.2,243.8,235.9,243.4,241.7,225.9,232.3,230.3,217.4,232,235,217,205.3,203.7,210.8,201.4,168,183.1,183.5,166.6
2023F,IL,NNACE,0.6,0.5,0.5,0.6,0.7,0.7,0.8,1.1,1,1.2,1.5,1.3,1.3,1.2,1,0.8,0.9,1,0.7,1,0.8,0.7,0.8,0.5,0.6,0.6,0.4,0.4,0.7,0.7,0.7,0.6,0.6,0.6,0.8,0.7,0.8,0.8,0.7,0.6,0.7,0.6,0.7,0.6,0.6,0.6,0.6,0.6,0.7,1.3,1.1,1.2,1.3,1.5,1.7,1.5,1.3,1.2,1.4,1.6,1.1,1,1,0.9
2023F,IL,NNCCE,2.6,3.2,3.8,4.1,5.6,7,8.8,9.6,9.6,10.4,10.5,11.4,12.2,11.9,11.7,11.7,13.4,13.3,13.6,12.9,11.9,11.7,11.6,11.1,12.6,11.5,10.8,10.1,11.5,10.5,10.8,10.4,10.5,10.9,10.6,11,11.7,10.9,9.4,10.1,10.8,10.1,10.9,11.3,10.9,10.7,10.4,10.8,11.8,11.8,10.5,11.4,10,12.3,13.2,11.6,11.5,11.6,13,13.4,11.7,12,13.3,11.9
2023F,IL,NNEIE,2.3,1.9,2.3,2.5,2.8,1.9,2.4,2.5,4,4.5,7.2,6.8,4,2.2,2.3,1.9,1.7,0.8,1.2,1.7,1,0.7,0.6,0.6,0.3,0.3,0.3,0.2,0.3,0.4,0.5,0.7,0.5,0.9,1.9,2.1,1.4,2.4,3,2.9,2.5,2.5,4.3,1.7,1.6,3.1,2.3,3.4,1.8,1.8,2.4,2.5,4.7,2.8,2.3,4.5,7.8,7.6,7.5,9.2,12.5,9.3,7.8,11
2023F,IL,NNICE,9.9,10.8,11,11.4,12.5,12.6,14.1,17.3,17.9,19,20,21.4,21,22.3,21.5,18.5,19.6,19.5,19.2,18.9,17.7,17.6,15,14.7,15.9,14.9,13.7,13.6,13.9,14.5,14.4,15.7,15.5,15.8,15.8,16.7,16.7,16.5,15.8,15.8,15.6,14.3,14.9,14.1,13.7,13.5,12.8,13.2,13.7,12.1,14.7,14.6,14.3,15.3,15.4,13.8,13.2,13.4,13.6,14,13.8,13.7,14.2,14
2023F,IL,NNRCE,12.7,13.8,15.2,15.7,17.2,18.7,19.4,20.9,21.5,23.8,23.9,25.1,26.5,24.2,25,26,27.6,28.3,28.1,26.9,25,24.6,24.4,23.3,26,24.1,23.1,21.6,24.7,26.8,23.7,25,25.4,26.6,25.4,26.9,29,26.8,22.1,23.8,25,22.8,24.4,25.2,23.6,23.3,21.2,23,24.8,23.3,22,22.2,19.1,24.1,25.7,21.6,20.9,20.3,23.6,23.7,21.5,21,23.1,19.8
2023F,IL,NNTCE,28.1,30.2,32.7,34.4,38.7,40.9,45.6,51.4,53.9,58.8,63.1,66.1,64.9,61.6,61.6,59,63.2,63,62.8,61.4,56.5,55.3,52.3,50.2,55.5,51.5,48.3,45.9,51.1,53,50,52.5,52.6,54.8,54.5,57.4,59.7,57.5,51.1,53.1,54.7,50.3,55.3,52.8,50.4,51.3,47.2,51,52.8,50.4,50.7,52,49.4,56,58.3,52.9,54.7,54.2,59.1,61.9,60.7,57,59.4,57.7
2023F,IL,PMACE,34.4,35,35.9,38.3,39.2,41.1,43.4,46.4,50.3,52.1,54,55.7,61.1,63.9,61.2,61.7,64.1,65.7,68.3,64.7,57.2,54.7,53.3,55,49,50.6,50.1,50.8,54,55,54.3,52.2,53.1,55,52.9,54.5,56.6,56.9,58.1,64.4,66.5,64,61.7,65.4,68.6,76,72.4,72.2,67.7,65,65.2,63.8,61.3,62.3,63.7,66.6,66.7,67.1,67,64.9,52.2,58.4,58.6,58.8
2023F,IL,PMCCE,6.4,6.3,6.1,6,5.3,5.8,5.3,5.8,5.8,6,5.8,4.6,4.9,4.8,4.8,4.7,4.6,4.5,4.6,3.6,2.7,2.9,2.4,3,3.1,2.3,1.7,1.6,1.5,1.2,1.2,1.1,1.1,1.1,1.1,1.1,1.2,1.4,1.1,1,1,1.1,1.1,1,0.8,0.7,0.8,0.6,0.8,0.9,0.7,0.6,0.6,0.9,0.8,1.5,1.5,1.6,1.5,1.7,1.6,1.8,1.9,1.5
2023F,IL,PMEIE,0.2,0.1,0.1,0.1,0.1,0.1,0.2,0.2,0.3,0.6,2.7,5.1,6.2,5.4,5.4,5.1,4.9,6.2,7.9,7.4,6.4,4.8,3.6,3,2.3,1.4,2.2,1.7,1.2,0.9,1,1.4,1.1,1,1.2,0.9,0.9,0.5,0.8,0.4,0.5,1.4,0.2,1,0.7,0.3,0.1,0.1,0.1,0.1,0.1,0.1,0.1,0.1,0.1,0,0.1,0,0,0,0,0,0,0
2023F,IL,PMICE,24.4,23.9,23.7,24.1,24.6,25.4,24,24.2,25.5,26.5,26.9,24.6,27.8,29.7,28.7,27.2,27.1,27,26.6,27.2,25.5,17.8,15.7,16.2,15.6,13.5,15.7,16.9,17.6,13.9,14.5,12.6,14,13.8,14.5,14.1,15,15.2,14.5,14.3,13.5,13.1,13,13,13.5,14.3,14.5,14.1,13.2,11,12,12.1,12.3,13.4,13.7,13.5,14.2,14.3,14.4,14.7,14.4,14.2,14.5,14.1
2023F,IL,PMRCE,8.7,8.8,8.7,8.4,8,8.2,7.8,7.5,7.9,7.9,7.8,7.9,8.6,8.3,7.9,8.1,9,8.6,9.1,5,2.6,2.2,2.3,2.1,1.9,2.1,1.8,1.8,1.8,1.7,1.4,1.5,1.3,1.3,1.3,1.3,1.6,1.6,1.3,2,1.5,1.2,1.5,1.3,1.2,1.2,1.2,1.4,1.8,1.6,1.7,1.5,1.2,1.6,1.4,1.2,1.2,1.2,1.4,1.8,1.7,1.8,1.6,1.8
2023F,IL,PMTCE,74,74.2,74.6,76.9,77.3,80.6,80.7,84.1,89.8,93.1,97.2,98,108.5,112.1,108.1,106.7,109.6,112.1,116.5,107.9,94.4,82.3,77.3,79.2,71.9,69.9,71.5,72.7,76.1,72.7,72.4,68.8,70.7,72.2,71,72,75.3,75.6,75.9,82.1,83.1,80.7,77.5,81.7,84.8,92.6,89,88.4,83.7,78.6,79.6,78.1,75.5,78.2,79.7,82.9,83.6,84.2,84.4,83.1,69.9,76.2,76.6,76.3
2023F,IL,TEACE,35.4,35.7,36.6,39,40,42,44.3,47.6,51.4,53.4,55.5,57,62.4,65.1,62.2,62.5,65,66.8,69,65.7,58,55.4,54,55.6,49.6,51.2,50.6,51.1,54.7,55.7,54.9,52.8,53.7,55.6,53.7,55.3,57.3,57.7,58.8,65,67.2,64.6,62.5,66,69.2,76.6,73,72.8,68.4,66.3,66.3,65,62.7,63.7,65.4,68,68,68.4,68.4,66.4,53.3,59.4,59.6,59.8
2023F,IL,TECCE,15,14.7,15.4,14.8,15,16.7,18.3,19.1,18.4,19.3,18.5,18.3,18.8,18,18.1,17.6,19.4,19,19.6,17.1,15,15.1,14.6,14.9,16.5,14.3,13,12.2,13.5,12.2,12.4,11.9,12.1,12.5,12.2,12.5,13.3,12.9,11,11.4,12.3,11.6,12.3,12.8,12.1,11.7,11.5,11.7,13.1,13.1,11.5,12.4,10.9,13.5,14.3,13.3,13.2,13.4,14.8,15.2,13.5,14,15.4,13.6
2023F,IL,TEEIE,42.1,43.1,43.5,46.2,49.6,53.1,58.7,60.6,64.2,66.3,67.8,67.4,68.5,72,71.1,69.3,71.9,73.5,74.7,76.6,75.2,69.6,66.7,71.4,67.2,64.8,64.3,60.7,55.5,54.4,57.7,58.8,53.5,64.3,66.7,67.4,75.1,80.1,79.1,80,86.4,86.5,89.1,89.4,95.2,94.4,92.8,97.8,97.8,91.3,95.1,92.2,86.3,90,88.8,77.3,67.1,65.1,67,58.1,42.4,52.4,48.8,37.8
2023F,IL,TEICE,66.1,66,66.4,67,70,73.7,73.8,72.5,72,73.4,71.2,66.1,68.1,69.1,67.4,61.8,61.1,59.9,58.2,58.1,55.1,46.2,41.3,42.5,44.9,41.7,43.2,45.3,47.6,43,43,43.1,43.4,43.5,44.3,44.3,45.8,46.3,44.6,44,41.8,37.8,36.9,36.2,35.9,36.5,36.2,36.6,35.8,30.2,35.7,37.1,37.3,39.1,39.4,35.4,35,35.4,35.5,36.2,35.5,34.6,35.1,33.9
2023F,IL,TERCE,30.1,30.1,31.9,30.7,30.9,32,32.7,33.4,33.1,35.5,34.4,35.2,36.3,33.3,33.7,34.6,37.1,37.4,37.6,32.1,27.7,26.8,26.7,25.5,28.1,26.3,25,23.5,26.6,28.7,25.3,26.6,26.9,28,26.8,28.3,30.7,28.5,23.5,25.8,26.6,24,25.9,26.5,24.8,24.5,22.4,24.4,26.6,25,23.7,23.6,20.3,25.8,27.1,22.8,22.1,21.5,25,25.5,23.2,22.7,24.7,21.6
2023F,IL,TETCE,188.8,189.6,193.8,197.7,205.4,217.5,227.8,233.1,239,247.8,247.4,243.9,254.1,257.6,252.5,245.7,254.5,256.6,259.1,249.5,230.9,213.1,203.4,209.8,206.3,198.3,196.1,192.8,197.8,194,193.4,193.2,189.6,203.9,203.7,207.7,222.2,225.5,217,226.3,234.3,224.6,226.8,230.9,237.2,243.8,235.9,243.4,241.7,225.9,232.3,230.3,217.4,232,235,217,205.3,203.7,210.8,201.4,168,183.1,183.5,166.6
2023F,IN,CDEGR,,,,,,,,,,,,,,,,,,,,,,,,,,,,,,,,,,,,,,889.6,842.7,840.5,857.5,839.3,829.2,816.7,788.3,777.2,756.4,730.2,717.9,696.1,680.5,651.8,602.9,599.3,597.5,546.9,519.6,490,511.3,474,427.4,427.8,409.4,380.6
2023F,IN,CDTCR,77.4,77,76.3,76.2,76.2,76.2,76.2,75.4,75.1,74.9,74.4,73.3,74.1,74.4,74.1,75.2,75.6,75.8,74.5,74.9,75.5,75.3,74.5,75.4,76,76.1,75.8,75.4,75.8,76.3,76.6,76.7,76.5,75.8,75.5,76.3,76.1,76.6,77.5,77.3,78,78.6,77.8,77.7,78.3,78,78.8,78.1,77.5,76.4,75.9,74.5,73.6,73,72.8,70.7,69.4,69.2,68.9,67.1,65.8,66.4,65.3,64
2023F,IN,CDTPR,27.2,27.1,27.3,27.8,28.8,29.8,31.2,30.5,31.6,33,33.1,32.2,34.7,35.3,33.8,33.3,33.6,34.2,33.8,35,33.5,32.7,29.6,30.9,33.9,33.5,32.7,33.8,35.5,36.1,37.1,36.1,35.3,35.6,35.2,35.8,36.2,36.6,36.6,37.4,39.3,37.5,37.8,38.6,38.4,37.9,37.3,36.9,36,32.3,33.6,32.2,29.9,30.4,31.1,28.2,27.3,26.3,28.1,26.1,22.6,24.3,23.9,22.4
2023F,IN,CLACE,0.7,0.2,0.1,0.1,0.1,0.1,0.1,0.1,0.1,0.1,0.1,0,0,0,0,0,0,0,0,0,0,0,0,0,0,0,0,0,0,0,0,0,0,0,0,0,0,0,0,0,0,0,0,0,0,0,0,0,0,0,0,0,0,0,0,0,0,0,0,0,0,0,0,0
2023F,IN,CLCCE,2,1.9,1.8,1.6,1.2,1.1,1.1,1,0.9,0.6,0.7,0.8,1,0.7,0.8,1.3,1,0.6,0.3,0.3,0.4,0.6,1,1.3,1.1,0.9,0.9,0.9,1.1,0.9,1,0.8,0.7,0.6,0.7,0.5,0.7,0.7,0.7,0.7,0.5,0.5,0.6,0.7,0.8,0.5,0.1,0.3,0.7,0.7,0.7,0.7,0.4,0.3,0.3,0.1,0.1,0.1,0.1,0.1,0.1,0.1,0.1,0.1
2023F,IN,CLEIE,29,30.2,31.6,33.2,35.5,38.7,41.6,40.4,44.8,48,47.5,47.4,49.9,55.4,51.7,55.1,59.1,61,58.7,65.1,69.3,66.3,63.3,69.8,78.8,77.7,75.8,76.5,82.6,86.8,95.7,96,94.5,97.8,100.9,102.6,104.3,108.6,110.3,113.5,120,115.3,113.7,116.2,119,121.6,121.9,121.3,121.9,108.2,112.2,104.3,93,94,98.7,80,74.3,73.5,79.2,63.3,50.2,57.2,55.6,44.5
2023F,IN,CLICE,39.8,39.7,37.3,39.3,42.1,43,46.2,44.4,43.1,43.9,45.2,39.3,46.7,46.3,44.3,42.3,39.3,42.2,41.8,44.6,38.9,41,30.3,32.8,33.8,33.6,29.8,32.4,35.8,34.2,31.9,29.9,26.9,26.1,21,24,25,25.2,26,25.7,30.6,32.9,32.2,32,33.2,29.3,28.8,27.7,25.5,21,24.8,21.7,19.9,19.5,17.1,15.7,15.7,14.8,14.5,14.7,13.4,14.4,12.8,13.8
2023F,IN,CLRCE,2.9,2.7,2.7,2.2,1.6,1.4,1.5,1.3,1.1,0.8,0.9,0.7,0.8,0.4,0.4,0.6,0.4,0.2,0.1,0.1,0.1,0.1,0.2,0.2,0.3,0.2,0.3,0.3,0.3,0.2,0.2,0.2,0.2,0.1,0.1,0.1,0.1,0.1,0.1,0.1,0.1,0.1,0.1,0.1,0.1,0,0,0,0,0,0,0,0,0,0,0,0,0,0,0,0,0,0,0
2023F,IN,CLTCE,74.4,74.7,73.5,76.3,80.5,84.3,90.6,87.1,90.1,93.4,94.3,88.3,98.4,102.8,97.2,99.4,99.7,104.1,100.9,110,108.6,108,94.8,104.1,114,112.4,106.8,110.1,119.7,122.2,128.8,126.8,122.3,124.7,122.7,127.2,130,134.7,137.1,140,151.2,148.7,146.6,149,153.1,151.5,150.8,149.4,148.2,129.9,137.7,126.7,113.3,113.8,116.1,95.8,90.2,88.5,93.9,78.1,63.7,71.7,68.5,58.3
2023F,IN,FFACE,18.9,18.6,19.6,20.1,20.4,21.2,22.3,23,24.2,25.4,26.7,27.7,30,31.3,30.5,30.5,31.7,32.3,33,33.5,31.4,31.8,30.7,31,36.3,36.9,39.1,40.8,39.7,40.8,41.1,40.2,39.6,41,42.6,43.7,43,43.1,43.5,44.4,46.7,42.5,45.8,47.8,45.2,45.3,46.3,45,41.5,39.9,40.4,39.6,38.8,40.3,41.3,41.5,41.1,39.4,38.8,38.8,35.6,39.3,38.6,38.3
2023F,IN,FFCCE,5.4,5.3,5.4,5.4,5.3,5.6,5.8,6.1,6.2,6.5,6.8,7.3,8.1,7.3,7.3,7.4,7.5,7.1,7,6.6,6.3,5,5.7,7,7.2,6.2,5.6,5.4,5.9,5.9,5.5,5.3,5.5,5.7,5.6,5.7,6,5.9,5.5,5.4,6.2,5.6,5.9,6.7,6.4,5.4,4.7,5.1,6.2,5.8,5.5,5.4,4.6,5.4,5.9,5.3,5.2,5.2,5.9,6.1,5.5,6.1,6.6,5.7
2023F,IN,FFEIE,29.6,30.8,32.4,34.1,36.4,39.5,42.6,41.3,45.3,49.2,49.4,49.5,51.4,56.8,54.1,56.5,60,62.1,60.7,65.9,69.7,66.9,63.7,70.1,79,77.9,76.1,76.9,83.1,87.5,96.9,96.8,95.2,98.3,101.6,103.2,104.9,109.6,112,115.1,121.7,116.6,116.1,118.1,120.6,123.7,123.4,123.5,123.9,110.2,115.5,109.8,99.8,99.5,104.4,88.3,84.5,81,90.2,75.8,63.1,68.8,68.6,59.2
2023F,IN,FFICE,60.1,60.3,58,60.6,65,67.7,72,70,70.6,73.3,73.9,69.1,78.1,78.1,75,69.5,67,69.7,69.1,73,64.5,64.1,50.4,50.2,52.4,52.1,47.8,51.7,55.7,54.6,53.1,50.5,49.8,48.2,43.9,46.2,48.3,48.3,49.5,50.9,54.1,55.9,54.9,55.6,57.7,54.2,54,53.1,50.2,43.9,48.2,46.5,45,45.8,44.5,43.5,42.7,42.1,44.7,46,41.3,43.3,40.9,42.9
2023F,IN,FFRCE,13,13.1,13.8,13.2,12.9,13,13.5,13.9,14.5,15.1,15.1,15.4,16.4,14.9,14.5,14.8,14.8,14.6,15.3,13.7,12,11.2,11.4,10,10.4,9.9,9.8,9.9,10.8,11,9.6,9.8,10,10.8,10.3,10.3,11.7,11,9.1,10.3,10.5,9.3,10.1,11,9.6,9.4,8,9,9.7,8.9,8.6,8.3,7,8.7,9.4,8,7.6,7.5,8.9,8.9,8.3,8.2,8.8,7.7
2023F,IN,FFTCE,126.9,128.1,129.3,133.4,139.9,146.9,156.2,154.3,160.9,169.5,171.9,169.1,184,188.3,181.4,178.7,180.9,185.7,185.1,192.6,183.9,179,162,168.3,185.3,183,178.5,184.8,195.2,199.7,206.2,202.6,200.1,204.1,203.9,209.2,213.9,217.8,219.6,226,239.2,229.9,232.8,239.3,239.5,238.1,236.4,235.6,231.4,208.7,218.2,209.6,195.3,199.7,205.4,186.6,181,175.2,188.5,175.6,153.8,165.6,163.5,153.9
2023F,IN,NNACE,0.3,0.3,0.4,0.4,0.4,0.4,0.5,0.6,0.5,0.6,0.6,0.7,0.7,0.7,0.7,0.5,0.3,0.3,0.3,0.5,0.5,0.5,0.5,0.3,0.3,0.3,0.3,0.3,0.5,0.5,0.5,0.3,0.3,0.4,0.4,0.4,0.7,0.6,0.4,0.4,0.3,0.4,0.3,0.4,0.4,0.4,0.3,0.4,0.4,0.4,0.5,0.6,0.4,0.4,0.4,0.4,0.5,0.5,0.4,0.6,0.5,0.7,0.6,0.6
2023F,IN,NNCCE,1.1,1.3,1.5,1.7,2,2.2,2.5,3.1,3.2,3.8,4.1,4.2,4.5,4.1,4,3.7,3.5,3.3,3.7,3.9,3.7,3.7,3.8,3.5,3.8,3.7,3.4,3.4,3.8,3.9,3.6,3.6,3.9,4.2,4.1,4.4,4.7,4.4,3.9,3.9,4.8,4.2,4.4,5,4.5,4.1,3.8,4.1,4.5,4.2,4.1,4.1,3.6,4.4,4.9,4.2,4,4.1,4.7,4.9,4.5,4.9,5.3,4.7
2023F,IN,NNEIE,0.5,0.5,0.7,0.9,0.8,0.7,0.9,0.8,0.3,1.1,1.6,1.7,1,0.5,0.7,0.6,0.2,0.1,0.2,0.1,0.1,0.3,0.1,0.2,0.1,0.1,0.1,0.1,0.2,0.2,0.4,0.5,0.4,0.3,0.5,0.4,0.2,0.3,0.7,0.7,0.8,0.9,1.9,1.4,1.2,1.9,1.5,2,1.8,2,3.3,4.6,6.2,4.4,4.5,7,9.6,7.4,10.9,12.3,12.8,11.4,12.9,14.6
2023F,IN,NNICE,5.4,6.2,6.9,7.3,8.5,9.2,10.4,10.8,11.9,13.9,13.9,14.6,15,14.7,13.9,11.3,10,9,9.9,12.4,12.4,12.7,11.6,10.6,11.3,10.9,9.4,10.3,11.3,11.4,11.9,11.8,12.6,13.6,14,14.2,14.9,14.9,14.8,16,15.5,12.9,13.3,13.9,13.6,13.8,13.8,14.3,14.1,12.8,15.1,17,18,18.6,19.7,19.3,19.5,20,22.2,22.7,20.1,20.8,20.7,21.1
2023F,IN,NNRCE,4.2,4.6,5.2,5.2,5.7,6.1,6.5,7.4,7.7,8.3,8.5,8.7,9,8.2,8.4,8.5,8,8,8.8,9.1,8.6,8.3,8.6,7.7,8,7.8,7.5,7.4,8.2,8.3,7.5,7.8,8.1,8.7,8.4,8.6,9.6,9,7.5,8.1,8.6,7.9,8.3,9,7.9,7.9,6.8,7.7,8.2,7.5,7.4,7.1,6.2,7.7,8.4,7.2,6.8,6.8,7.9,7.9,7.4,7.3,8,6.8
2023F,IN,NNTCE,11.5,13,14.7,15.5,17.4,18.6,20.9,22.7,23.7,27.7,28.6,29.8,30.3,28.2,27.7,24.7,22,20.6,22.8,26.1,25.2,25.4,24.6,22.2,23.6,22.6,20.7,21.5,24,24.3,23.8,24,25.3,27.2,27.3,28.1,30,29.1,27.4,29,30,26.3,28.1,29.7,27.6,28.1,26.2,28.4,29.1,26.8,30.2,33.3,34.2,35.6,37.8,38.1,40.4,38.7,46.2,48.5,45.4,45.1,47.5,47.9
2023F,IN,PMACE,18,18.1,19.1,19.6,19.9,20.6,21.7,22.4,23.6,24.7,26.1,26.9,29.3,30.6,29.8,30,31.4,32,32.7,33,31,31.4,30.2,30.8,35.9,36.6,38.8,40.5,39.2,40.3,40.7,39.9,39.3,40.7,42.2,43.3,42.4,42.5,43.1,43.9,46.4,42.1,45.5,47.4,44.8,44.9,45.9,44.6,41.1,39.5,39.9,39.1,38.4,39.9,40.9,41.1,40.6,38.9,38.4,38.2,35,38.7,38,37.7
2023F,IN,PMCCE,2.3,2.1,2.1,2.1,2.2,2.2,2.1,2,2.1,2,2,2.4,2.5,2.6,2.5,2.4,3,3.1,3,2.4,2.2,0.7,0.9,2.3,2.3,1.6,1.3,1.1,1,1.1,0.9,0.9,0.9,1,0.9,0.7,0.7,0.8,0.9,0.8,0.8,0.9,0.9,1.1,1.1,0.9,0.8,0.7,0.9,0.9,0.7,0.6,0.6,0.7,0.7,1,1,0.9,1,1.1,0.9,1,1.1,1
2023F,IN,PMEIE,0.1,0.1,0.1,0.1,0.1,0.1,0.1,0.1,0.1,0.1,0.4,0.4,0.6,0.8,1.7,0.8,0.7,1.1,1.9,0.7,0.3,0.3,0.2,0.2,0.1,0.2,0.3,0.3,0.4,0.4,0.8,0.4,0.3,0.2,0.2,0.2,0.3,0.7,0.9,0.9,1,0.4,0.5,0.4,0.4,0.3,0.1,0.1,0.1,0.1,0.1,1,0.7,1.1,1.2,1.2,0.5,0.1,0.1,0.1,0.1,0.1,0.1,0.1
2023F,IN,PMICE,14.8,14.4,13.9,14,14.4,15.5,15.4,14.8,15.6,15.6,14.8,15.2,16.4,17,16.8,15.8,17.8,18.5,17.4,16,13.2,10.4,8.5,6.9,7.3,7.6,8.5,9,8.6,9,9.4,8.8,10.3,8.5,8.9,8,8.4,8.1,8.6,9.2,8,10,9.4,9.7,10.9,11.1,11.4,11.1,10.6,10.1,8.4,7.7,7.2,7.6,7.7,8.5,7.5,7.4,8,8.6,7.8,8.1,7.5,8
2023F,IN,PMRCE,5.9,5.8,5.9,5.8,5.5,5.5,5.5,5.2,5.7,6,5.8,6,6.6,6.3,5.8,5.7,6.4,6.4,6.4,4.5,3.4,2.8,2.7,2.1,2.1,1.9,2.1,2.2,2.3,2.4,1.8,1.8,1.7,2,1.7,1.7,2,1.9,1.5,2.1,1.8,1.4,1.8,1.9,1.6,1.4,1.2,1.3,1.6,1.4,1.2,1.2,0.9,1,1,0.8,0.8,0.8,0.9,1,0.9,0.9,0.9,0.9
2023F,IN,PMTCE,41.1,40.4,41,41.6,42,44,44.8,44.5,47.1,48.4,49,51,55.3,57.3,56.6,54.7,59.2,61,61.5,56.5,50.1,45.6,42.5,42.1,47.8,48,51,53.1,51.5,53.2,53.6,51.7,52.5,52.2,53.9,53.9,53.8,54,55,56.9,58,54.8,58.1,60.6,58.8,58.5,59.4,57.8,54.2,52,50.3,49.6,47.7,50.3,51.5,52.7,50.4,48,48.5,49,44.7,48.8,47.5,47.7
2023F,IN,TEACE,18.9,18.6,19.6,20.1,20.4,21.2,22.3,23,24.2,25.4,26.7,27.7,30,31.3,30.5,30.5,31.7,32.3,33,33.5,31.4,31.8,30.7,31,36.3,36.9,39.1,40.8,39.7,40.8,41.1,40.2,39.6,41,42.6,43.7,43,43.1,43.5,44.4,46.7,42.5,45.8,47.8,45.2,45.3,46.3,45,41.5,39.9,40.4,39.6,38.8,40.3,41.3,41.5,41.1,39.4,38.8,38.8,35.6,39.3,38.6,38.3
2023F,IN,TECCE,5.4,5.3,5.4,5.4,5.3,5.6,5.8,6.1,6.2,6.5,6.8,7.3,8.1,7.3,7.3,7.4,7.5,7.1,7,6.6,6.3,5,5.7,7,7.2,6.2,5.6,5.4,5.9,5.9,5.5,5.3,5.5,5.7,5.6,5.7,6,5.9,5.5,5.4,6.2,5.6,5.9,6.7,6.4,5.4,4.7,5.1,6.2,5.8,5.5,5.4,4.6,5.4,5.9,5.3,5.2,5.2,5.9,6.1,5.5,6.1,6.6,5.7
2023F,IN,TEEIE,29.6,30.8,32.4,34.1,36.4,39.5,42.6,41.3,45.3,49.2,49.4,49.5,51.4,56.8,54.1,56.5,60,62.1,60.7,65.9,69.7,66.9,63.7,70.1,79,77.9,76.1,76.9,83.1,87.5,96.9,96.8,95.2,98.3,101.6,103.2,104.9,109.6,112,115.1,121.7,116.6,116.1,118.1,120.6,123.7,123.4,123.5,123.9,110.2,115.5,109.8,99.8,99.5,104.4,88.3,84.5,81,90.2,75.8,63.1,68.8,68.6,59.2
2023F,IN,TEICE,60.1,60.3,58,60.6,65,67.7,72,70,70.6,73.3,73.9,69.1,78.1,78.1,75,69.5,67,69.7,69.1,73,64.5,64.1,50.4,50.2,52.4,52.1,47.8,51.7,55.7,54.6,53.1,50.5,49.8,48.2,43.9,46.2,48.3,48.3,49.5,50.9,54.1,55.9,54.9,55.6,57.7,54.2,54,53.1,50.2,43.9,48.2,46.5,45,45.8,44.5,43.5,42.7,42.1,44.7,46,41.3,43.3,40.9,42.9
2023F,IN,TERCE,13,13.1,13.8,13.2,12.9,13,13.5,13.9,14.5,15.1,15.1,15.4,16.4,14.9,14.5,14.8,14.8,14.6,15.3,13.7,12,11.2,11.4,10,10.4,9.9,9.8,9.9,10.8,11,9.6,9.8,10,10.8,10.3,10.3,11.7,11,9.1,10.3,10.5,9.3,10.1,11,9.6,9.4,8,9,9.7,8.9,8.6,8.3,7,8.7,9.4,8,7.6,7.5,8.9,8.9,8.3,8.2,8.8,7.7
2023F,IN,TETCE,126.9,128.1,129.3,133.4,139.9,146.9,156.2,154.3,160.9,169.5,171.9,169.1,184,188.3,181.4,178.7,180.9,185.7,185.1,192.6,183.9,179,162,168.3,185.3,183,178.5,184.8,195.2,199.7,206.2,202.6,200.1,204.1,203.9,209.2,213.9,217.8,219.6,226,239.2,229.9,232.8,239.3,239.5,238.1,236.4,235.6,231.4,208.7,218.2,209.6,195.3,199.7,205.4,186.6,181,175.2,188.5,175.6,153.8,165.6,163.5,153.9
2023F,KS,CDEGR,,,,,,,,,,,,,,,,,,,,,,,,,,,,,,,,,,,,,,650.6,619.9,629.1,632.2,597.9,627.8,633.8,610,564.2,535.6,546,509.5,515.8,504.9,478.1,440.2,462.1,455.6,405.2,378.4,353.3,368.7,355.4,342.2,344.9,351.2,314.7
2023F,KS,CDTCR,58.1,57.8,57.7,58,57.6,57.4,57.2,57.7,57.9,57.4,57.2,56.9,57.3,58.1,58.5,60.9,61,61.5,62.7,62.3,64.1,65.7,65.3,66.9,65.4,62.9,61.5,62,61.1,59.8,61.1,62.2,60.1,62.5,61.3,61.5,63.6,63,61.8,62.8,64.1,63.5,64.9,64.9,64.5,66.9,66,63.9,65.3,64.5,63.6,64.6,62.9,63.1,61.6,60,59,55.7,56.7,55.2,53.7,55.4,54.8,53.2
2023F,KS,CDTPR,17.2,16.5,17,17.2,17.5,19.2,20.2,19.6,21.1,22,22.7,23.5,24.8,25.1,25.2,25.2,26.2,26.6,28.9,30.9,28.5,27,26.1,25.8,28.6,27.5,26.4,27.7,28.4,27.6,27.6,27,25.6,27.8,27.7,26.7,28.4,26.9,26.2,27.1,27.9,26.4,28,28.7,27.8,26.6,26.4,28.2,26.7,25.8,25.4,24.6,22.9,24.1,24.2,22.1,21.4,20.2,21.5,20.7,19.6,20.3,21.2,19.6
2023F,KS,CLACE,0,0,0,0,0,0,0,0,0,0,0,0,0,0,0,0,0,0,0,0,0,0,0,0,0,0,0,0,0,0,0,0,0,0,0,0,0,0,0,0,0,0,0,0,0,0,0,0,0,0,0,0,0,0,0,0,0,0,0,0,0,0,0,0
2023F,KS,CLCCE,0.1,0,0,0,0,0,0,0,0,0,0,0,0,0,0,0,0,0,0,0,0,0,0,0,0,0,0,0,0,0,0,0,0,0,0.1,0.1,0.2,0,0,0,0,0,0,0,0,0,0,0,0,0,0,0,0,0,0,0,0,0,0,0,0,0,0,0
2023F,KS,CLEIE,1,0.8,0.9,1.1,1,1.1,0.9,0.9,1,0.7,0.8,0.8,1,2.1,3.4,5.7,6.8,8.2,12.8,13.5,17.5,19.5,19.4,21.4,25.5,23.9,23.4,24.9,25.2,25.1,25.5,25.2,23.8,28.4,28.2,27.1,31.6,29.2,29.2,31.1,34.2,33.4,37,36.9,36.4,35.8,34.2,37.3,35.1,33.8,34.1,32.9,29.2,31,29.9,25.9,24,20.5,21.5,18.7,18.4,20.9,21.5,17.4
2023F,KS,CLICE,0.4,0.4,0.4,0.5,0.4,0.3,0.4,0.2,0.1,0.2,0.2,0.2,0.2,0.3,0.3,0.3,0.2,0.3,0.2,0.4,0.7,0.7,0.8,0.6,0.6,0.7,0.5,0.5,0.4,0.4,0.4,0.3,0.4,0.3,0.3,0.3,0.4,0.3,0.3,0.3,0.3,0.4,0.4,0.4,0.5,0.5,0.5,0.5,0.4,0.2,0.3,0.2,0.2,0.2,0.3,0.3,0.2,0.2,0.2,0.2,0.1,0.1,0.2,0.2
2023F,KS,CLRCE,0.1,0.1,0.1,0,0,0,0,0,0,0,0,0,0,0,0,0,0,0,0,0,0,0,0,0,0,0,0,0,0,0,0,0,0,0,0,0,0,0,0,0,0,0,0,0,0,0,0,0,0,0,0,0,0,0,0,0,0,0,0,0,0,0,0,0
2023F,KS,CLTCE,1.5,1.3,1.4,1.6,1.4,1.5,1.3,1.2,1.2,0.9,1,1,1.2,2.3,3.7,5.9,7,8.5,13,14,18.2,20.2,20.2,22,26.1,24.7,23.9,25.4,25.6,25.5,25.8,25.6,24.1,28.7,28.6,27.5,32.2,29.5,29.4,31.3,34.6,33.8,37.4,37.2,36.9,36.3,34.8,37.8,35.5,34,34.4,33.1,29.4,31.2,30.2,26.1,24.2,20.7,21.8,18.9,18.6,21,21.7,17.7
2023F,KS,FFACE,11.4,11.8,11.9,12.9,12.1,13.1,13.8,14.2,15.1,15.7,16.5,16.9,18,17.8,18,17.9,18.3,18.1,19.3,19.6,19,18.1,17.4,16.9,17.5,18.3,18.8,19.2,20.2,19.5,19.2,18,17.7,17.9,17,18.9,18.8,18.6,18.6,19.7,18.8,17.4,17.8,19.7,19,17.8,18.9,19.3,18.7,19.3,18.6,18,18,19,20.4,18.7,18.3,17.8,18.9,19.4,17.3,17.4,18.1,18.5
2023F,KS,FFCCE,2.6,1.5,1.8,1.7,2.2,2.5,2,2.3,2.7,3.2,3.1,3.3,3.6,3.1,3.1,3,3.4,3.1,3.8,3.8,3.4,3,3.2,3.3,3.6,3.4,3.2,3.2,3.5,3.4,3.2,3.4,3.1,3.3,3.1,3.2,3.5,2.5,2.5,2.4,2.5,2.4,2.4,2.4,2.3,1.8,1.7,1.9,2.1,2,2,2,1.6,2,2.2,2.5,2.4,2.4,2.6,2.7,2.7,2.7,3,2.8
2023F,KS,FFEIE,5.7,5.8,6.3,6.8,7.1,7.2,7.6,8.2,8.5,9.3,9.9,10.3,10.9,11.9,13.1,15,15.6,17,21,20.7,23.1,23.8,22.8,24,27.3,25.1,24.3,25.8,26.3,26.2,27,27.2,24.5,29.6,29.7,28.7,33,30.7,31.3,33.3,36.4,35.2,38.6,38.4,37.7,37.5,35.5,38.9,36.7,35.7,35.8,34.6,31,32.3,31,26.7,25.1,21.7,23.1,20.3,19.8,22.2,23.3,19.7
2023F,KS,FFICE,12.7,11.7,12,11.1,11.8,13.4,15.1,12.8,14.4,14.8,15,15.8,17,17.8,17.1,15.1,16.3,17.2,17,22.3,17,15,14.5,13.3,16.3,15.4,14.1,15.4,15.5,14.6,14.9,14.6,15.3,15.6,17.5,14.3,14,14.7,13,12.7,13,12.1,12.8,13.3,13,12,13.3,14.4,13,11.7,12,12.1,12.3,12.1,12.2,12.6,13.1,13.5,13.8,13.5,13.8,13.4,13.8,13.2
2023F,KS,FFRCE,5.1,5.8,5.9,5.5,5.6,6.2,5.8,5.6,5.9,6.3,6.5,6.4,6.6,6.3,6,6.3,6.6,6.3,6.4,6.3,5.1,4.4,4.9,4.8,4.5,4.6,4,4.2,4.4,4.4,4.1,4.3,4,4.7,4.2,4.4,5.1,4.3,4.4,4.6,4.4,4.2,4.4,4.4,4.1,4,3.5,3.9,4.5,4.5,4.2,4.1,3.2,4.2,4.4,3.7,3.4,3.4,4.2,4.4,4,3.8,4.1,3.7
2023F,KS,FFTCE,37.5,36.7,37.8,38.1,38.7,42.3,44.4,43,46.7,49.3,51,52.7,56,57,57.3,57.4,60.3,61.7,67.5,72.7,67.6,64.4,62.8,62.4,69.2,66.8,64.3,67.8,69.8,68.1,68.4,67.4,64.7,71.1,71.5,69.5,74.3,70.8,69.8,72.6,75.1,71.4,76,78.3,76.1,73.1,72.9,78.4,75,73.2,72.6,70.7,66.1,69.6,70.2,64.3,62.3,58.7,62.6,60.3,57.5,59.6,62.3,57.8
2023F,KS,NNACE,2.3,2.3,1.9,2.5,1.6,2.6,3,3,3.1,3.3,3.9,4,4.2,3.8,3.9,3.6,3.3,2.9,3.3,2.8,2.8,2.5,2.3,1.7,1.9,2,1.7,1.7,2.2,2.3,2.2,1.8,1.5,1.7,1.7,1.8,2,2.1,1.7,1.7,1.6,1.4,1.9,1.8,1.5,1.5,1.4,1.3,1.3,1.4,1.3,1.3,1.1,1.2,1.3,1.2,1,1.1,1.6,1.5,1.1,0.7,0.9,0.8
2023F,KS,NNCCE,2.3,1.2,1.5,1.4,2,2,1.7,1.9,2.4,2.8,2.8,3,3.2,2.8,2.8,2.7,3,2.7,3.4,3.2,3.1,2.7,3,2.8,3,3,2.9,3,3.2,3.1,3,3.1,2.8,2.9,2.8,2.8,3,2.2,2.2,2.1,2.2,2,2.1,2,2,1.6,1.5,1.6,1.8,1.8,1.7,1.7,1.4,1.8,2,2,1.9,1.9,2.2,2.3,2.2,2.2,2.5,2.3
2023F,KS,NNEIE,4.5,4.9,5.2,5.6,6,6,6.6,7.2,7.3,8.4,8.9,9.3,9.5,9.3,8.7,6.7,6.4,6.7,6.1,6,5.1,4,3.1,2.4,1.7,1.1,0.8,0.8,1,1,1.4,1.9,0.7,1.1,1.4,1.5,1.2,1.4,2,1.9,1.8,1.2,1.1,0.8,0.6,0.8,1.2,1.4,1.4,1.7,1.5,1.6,1.8,1.3,1,0.8,1.1,1.1,1.5,1.5,1.3,1.2,1.6,2.2
2023F,KS,NNICE,6.4,6,6.3,5.5,6.4,7.9,9.3,6.9,8.3,8.8,9.4,10.4,10.5,10.4,10.1,7.6,8.6,8.8,8.8,12.6,9.7,8.9,8.3,6.9,8.1,8.3,7,8.5,7.8,7.4,8.1,8.7,8.8,9.9,11.8,9,8.1,8.3,7.4,6.5,7.2,6,7.1,6.6,6.1,6.2,7,7.5,6.9,6.6,6.5,6.8,7.1,7.2,7.1,7.3,7.3,7.4,7.6,7.6,7.6,7.6,7.9,7.5
2023F,KS,NNRCE,4,4.6,4.7,4.3,4.5,4.6,4.6,4.5,4.7,4.9,5.1,5.2,5.3,5,4.9,5.1,5.3,4.9,5.2,5.3,4.5,3.9,4.4,4.3,4.2,4.2,3.7,3.9,4,4,3.8,4,3.7,4.4,3.9,4,4.5,3.7,3.7,3.6,3.8,3.7,3.8,3.8,3.5,3.5,3.1,3.4,3.9,3.8,3.6,3.5,2.7,3.7,3.9,3.2,3,3,3.7,3.8,3.4,3.3,3.6,3.2
2023F,KS,NNTCE,19.6,19.1,19.6,19.3,20.5,23.1,25.2,23.4,25.7,28.4,30.1,31.8,32.9,31.3,30.4,25.8,26.5,26.1,26.6,29.9,25.2,22.1,21,18.1,18.9,18.5,16.1,17.9,18.2,17.7,18.4,19.5,17.6,20.2,21.6,19.2,18.9,17.7,17,15.8,16.5,14.3,16.1,14.9,13.7,13.6,14.1,15.3,15.3,15.3,14.7,15,14,15.1,15.3,14.5,14.3,14.5,16.7,16.6,15.6,15.1,16.5,16.1
2023F,KS,PMACE,9.1,9.5,9.9,10.4,10.5,10.5,10.9,11.2,12,12.3,12.6,12.9,13.7,14,14.1,14.3,15,15.2,16,16.8,16.2,15.6,15.2,15.2,15.6,16.3,17.1,17.5,18,17.3,17.1,16.2,16.2,16.2,15.3,17.1,16.8,16.5,16.9,18,17.2,16.1,15.9,18,17.5,16.2,17.6,17.9,17.4,17.9,17.3,16.8,16.9,17.8,19,17.5,17.3,16.7,17.2,17.9,16.2,16.7,17.3,17.7
2023F,KS,PMCCE,0.3,0.3,0.3,0.3,0.3,0.4,0.3,0.3,0.3,0.3,0.3,0.3,0.3,0.3,0.3,0.4,0.4,0.5,0.5,0.6,0.3,0.3,0.2,0.5,0.6,0.4,0.3,0.2,0.3,0.3,0.3,0.2,0.3,0.4,0.3,0.3,0.3,0.3,0.3,0.3,0.4,0.4,0.4,0.4,0.4,0.2,0.2,0.2,0.3,0.3,0.2,0.2,0.2,0.2,0.3,0.5,0.5,0.5,0.4,0.4,0.5,0.4,0.5,0.4
2023F,KS,PMEIE,0.2,0.1,0.2,0.2,0.1,0.1,0.1,0.1,0.2,0.2,0.3,0.2,0.4,0.5,0.9,2.6,2.4,2.1,2.2,1.2,0.4,0.3,0.3,0.2,0.1,0.1,0.1,0.1,0.1,0.1,0.1,0.1,0,0.1,0.1,0.1,0.1,0.1,0.1,0.3,0.4,0.5,0.4,0.8,0.8,0.9,0.1,0.3,0.2,0.2,0.2,0.1,0,0,0,0,0,0.1,0.1,0.1,0.1,0.2,0.1,0.1
2023F,KS,PMICE,5.9,5.2,5.3,5.2,4.9,5.2,5.5,5.7,6,5.8,5.4,5.3,6.2,7.2,6.7,7.2,7.6,8,8,9.2,6.6,5.4,5.5,5.8,7.6,6.4,6.5,6.3,7.2,6.9,6.4,5.5,6.1,5.4,5.4,4.9,5.6,6,5.4,5.9,5.5,5.8,5.3,6.3,6.4,5.4,5.8,6.4,5.7,4.9,5.3,5,5.1,4.8,4.8,5,5.6,5.9,5.9,5.8,6,5.7,5.7,5.5
2023F,KS,PMRCE,1,1.1,1.1,1.1,1,1.6,1.2,1.1,1.2,1.3,1.3,1.2,1.3,1.3,1.2,1.2,1.3,1.3,1.2,0.9,0.6,0.4,0.5,0.5,0.3,0.4,0.3,0.3,0.4,0.4,0.3,0.3,0.3,0.3,0.3,0.4,0.5,0.6,0.7,1,0.7,0.5,0.6,0.6,0.6,0.5,0.4,0.5,0.7,0.6,0.6,0.5,0.4,0.5,0.5,0.5,0.4,0.4,0.5,0.6,0.5,0.5,0.6,0.5
2023F,KS,PMTCE,16.4,16.3,16.9,17.2,16.8,17.7,18,18.4,19.8,20,19.9,19.9,21.9,23.3,23.2,25.7,26.8,27.1,27.8,28.8,24.2,22,21.6,22.3,24.2,23.6,24.3,24.5,26,24.9,24.1,22.4,23,22.3,21.3,22.8,23.3,23.6,23.4,25.5,24.1,23.3,22.5,26.1,25.6,23.2,24,25.3,24.2,23.9,23.6,22.6,22.6,23.3,24.7,23.6,23.8,23.6,24.1,24.7,23.3,23.5,24.1,24.1
2023F,KS,TEACE,11.4,11.8,11.9,12.9,12.1,13.1,13.8,14.2,15.1,15.7,16.5,16.9,18,17.8,18,17.9,18.3,18.1,19.3,19.6,19,18.1,17.4,16.9,17.5,18.3,18.8,19.2,20.2,19.5,19.2,18,17.7,17.9,17,18.9,18.8,18.6,18.6,19.7,18.8,17.4,17.8,19.7,19,17.8,18.9,19.3,18.7,19.3,18.6,18,18,19,20.4,18.7,18.3,17.8,18.9,19.4,17.3,17.4,18.1,18.5
2023F,KS,TECCE,2.6,1.5,1.8,1.7,2.2,2.5,2,2.3,2.7,3.2,3.1,3.3,3.6,3.1,3.1,3,3.4,3.1,3.8,3.8,3.4,3,3.2,3.3,3.6,3.4,3.2,3.2,3.5,3.4,3.2,3.4,3.1,3.3,3.1,3.2,3.5,2.5,2.5,2.4,2.5,2.4,2.4,2.4,2.3,1.8,1.7,1.9,2.1,2,2,2,1.6,2,2.2,2.5,2.4,2.4,2.6,2.7,2.7,2.7,3,2.8
2023F,KS,TEEIE,5.7,5.8,6.3,6.8,7.1,7.2,7.6,8.2,8.5,9.3,9.9,10.3,10.9,11.9,13.1,15,15.6,17,21,20.7,23.1,23.8,22.8,24,27.3,25.1,24.3,25.8,26.3,26.2,27,27.2,24.5,29.6,29.7,28.7,33,30.7,31.3,33.3,36.4,35.2,38.6,38.4,37.7,37.5,35.5,38.9,36.7,35.7,35.8,34.6,31,32.3,31,26.7,25.1,21.7,23.1,20.3,19.8,22.2,23.3,19.7
2023F,KS,TEICE,12.7,11.7,12,11.1,11.8,13.4,15.1,12.8,14.4,14.8,15,15.8,17,17.8,17.1,15.1,16.3,17.2,17,22.3,17,15,14.5,13.3,16.3,15.4,14.1,15.4,15.5,14.6,14.9,14.6,15.3,15.6,17.5,14.3,14,14.7,13,12.7,13,12.1,12.8,13.3,13,12,13.3,14.4,13,11.7,12,12.1,12.3,12.1,12.2,12.6,13.1,13.5,13.8,13.5,13.8,13.4,13.8,13.2
2023F,KS,TERCE,5.1,5.8,5.9,5.5,5.6,6.2,5.8,5.6,5.9,6.3,6.5,6.4,6.6,6.3,6,6.3,6.6,6.3,6.4,6.3,5.1,4.4,4.9,4.8,4.5,4.6,4,4.2,4.4,4.4,4.1,4.3,4,4.7,4.2,4.4,5.1,4.3,4.4,4.6,4.4,4.2,4.4,4.4,4.1,4,3.5,3.9,4.5,4.5,4.2,4.1,3.2,4.2,4.4,3.7,3.4,3.4,4.2,4.4,4,3.8,4.1,3.7
2023F,KS,TETCE,37.5,36.7,37.8,38.1,38.7,42.3,44.4,43,46.7,49.3,51,52.7,56,57,57.3,57.4,60.3,61.7,67.5,72.7,67.6,64.4,62.8,62.4,69.2,66.8,64.3,67.8,69.8,68.1,68.4,67.4,64.7,71.1,71.5,69.5,74.3,70.8,69.8,72.6,75.1,71.4,76,78.3,76.1,73.1,72.9,78.4,75,73.2,72.6,70.7,66.1,69.6,70.2,64.3,62.3,58.7,62.6,60.3,57.5,59.6,62.3,57.8
2023F,KY,CDEGR,,,,,,,,,,,,,,,,,,,,,,,,,,,,,,,,,,,,,,916.6,878.4,880.7,911.1,933.8,911.1,864.2,877.5,855.3,849.9,851,833.5,817.5,818.8,801.8,731.6,709,712,656.7,628.5,571.5,593.9,539.9,489.6,515.4,499.4,467.1
2023F,KY,CDTCR,71.3,71.3,70.6,72.8,73.8,73.8,74.4,73,73,72.5,73.4,73.6,73.7,73.4,74.2,74.1,74.1,74.7,74.3,73.7,76,77,75.9,76.7,76.4,77.5,78.1,77.8,78.4,77.6,78.8,78.4,78.6,79.6,79,79.1,79,79.1,79.6,79.3,79.5,79.9,79,79.1,79.1,78.6,79.5,79,79.2,78.5,78,77.8,76.9,77.1,76.4,75.5,74.8,73.1,72.2,71,70.2,70.6,69.3,69.5
2023F,KY,CDTPR,15.8,15.7,16.2,18.8,19.9,20.6,21.1,22.1,22.8,24.6,26.6,26.7,28.1,27.9,27.7,26.2,28.5,28.3,28.4,28.1,28.2,28,26.7,27.1,28.4,29.2,30.1,30.7,33.4,32.4,32.6,32.3,32.9,35.3,34.4,35.5,35.5,36.1,35.4,36.3,36.3,37,36.9,35.8,37.1,37.2,37.5,37.1,36.2,33.7,35.2,34.6,32,31.6,31.7,29.6,28.4,26.1,27.4,25.6,22.4,24.6,24.3,23
2023F,KY,CLACE,0.2,0,0,0,0,0,0,0,0,0,0,0,0,0,0,0,0,0,0,0,0,0,0,0,0,0,0,0,0,0,0,0,0,0,0,0,0,0,0,0,0,0,0,0,0,0,0,0,0,0,0,0,0,0,0,0,0,0,0,0,0,0,0,0
2023F,KY,CLCCE,0.7,0.8,0.7,0.8,0.6,0.5,0.6,0.5,0.5,0.5,0.5,0.4,0.4,0.5,0.6,0.5,0.5,0.8,0.9,1.4,0.5,0.9,0.8,0.7,0.7,0.5,0.5,0.5,0.7,0.4,0.3,0.4,0.4,0.5,0.6,0.3,0.2,0.7,0.5,0.9,0.4,0.5,0.5,0.4,0.6,0.6,0.3,0.3,0.1,0.1,0.1,0.1,0.1,0,0,0,0,0,0,0,0,0,0,0
2023F,KY,CLEIE,16.3,16.5,16.7,21.8,25.2,26.6,27.3,28.6,30.1,32.9,38.9,42.2,45.9,46.2,47.2,45.7,52.3,51.7,51.3,49.7,53.1,56.4,53,53,54.4,58.7,62.6,62.5,69.8,63.9,67.8,69,70.1,78.2,76.5,79.1,81.3,84.2,83.9,87.1,88.9,90,84.9,84.4,85.6,88.1,91.5,91,92.2,85.2,91.5,91.9,84.1,84.7,84.6,73.6,68.4,59,60.8,53.2,44.7,50.9,48.1,44.5
2023F,KY,CLICE,8.9,8.7,8.8,11.2,11.3,11.5,11.7,11.3,10.7,10.3,9.9,9,8.7,7.4,8.2,6.6,5.7,5.4,6.1,6.5,7.1,5.5,5.6,6.7,8.4,8.8,8,7.7,7.4,8.5,8.2,6.9,6.7,8.5,7.7,8.8,8.7,7.7,6.6,5.8,5.6,5.9,5.2,5.2,5.6,5.4,5.8,6,5.4,4.1,4.7,4.5,2.8,2.6,2.5,2.5,2,2.1,1.9,1.7,1.5,1.7,2,1.7
2023F,KY,CLRCE,1,1.2,1,1.1,0.8,0.6,0.8,0.6,0.7,0.7,0.7,0.4,0.3,0.3,0.3,0.2,0.2,0.3,0.3,0.3,0.1,0.2,0.2,0.1,0.2,0.1,0.2,0.2,0.2,0.1,0.1,0.1,0.1,0.1,0.1,0,0,0.1,0.1,0.1,0.1,0.1,0.1,0.1,0.1,0.1,0,0,0,0,0,0,0,0,0,0,0,0,0,0,0,0,0,0
2023F,KY,CLTCE,27.1,27.2,27.2,34.8,38,39.3,40.3,41.1,42,44.6,49.9,52.1,55.3,54.4,56.3,53,58.6,58.3,58.6,57.9,60.9,63.1,59.6,60.5,63.7,68,71.2,70.9,78.1,72.9,76.3,76.4,77.3,87.3,84.9,88.2,90.3,92.7,91.1,93.9,94.9,96.4,90.6,90.1,91.8,94.2,97.6,97.3,97.7,89.4,96.4,96.5,86.9,87.4,87.2,76.1,70.4,61.1,62.7,54.9,46.2,52.5,50.1,46.2
2023F,KY,FFACE,10.6,10.5,11.7,12.4,12.9,13.1,14.1,14.7,16,17,18,18.2,19.6,20.5,19.9,20.1,21.2,21.7,23.4,24,22.8,22.7,22.4,23.5,23.7,22.6,23.9,24.8,26.9,28.4,26.5,26.5,27.7,28.8,28.5,29.6,27.9,30.1,30.1,31.2,31.6,31.9,33,31.9,34.5,33.4,33.3,34.6,31.6,32,32.3,31.9,30.8,30.6,31.1,31.5,31.5,32.1,33.7,33.2,30.8,33.4,33.7,33.8
2023F,KY,FFCCE,2.2,2.5,2.5,2.6,2.1,2.2,2.2,2.9,3.2,3.6,3.6,3.4,3.4,3.7,3.5,3.2,4.5,4.7,4.5,4.6,4.2,3.4,3.1,3.5,3.7,3.2,3.1,2.9,3.4,3,2.6,2.8,3,3,3.2,3.1,3.2,3.4,2.9,3.5,3.2,3,3.1,3,3.1,3.1,2.5,2.5,2.6,2.4,2.4,2.3,2.1,2.4,2.6,2.6,2.7,2.5,2.9,2.9,2.6,2.7,2.9,2.6
2023F,KY,FFEIE,16.4,16.6,16.8,21.8,25.3,26.6,27.3,28.7,30.1,33.3,39.4,42.8,46.6,46.7,47.6,45.8,52.4,51.9,51.5,49.8,53.3,56.7,53.2,53.1,54.6,58.8,62.7,62.6,69.9,64,67.9,69.1,70.2,78.3,76.7,79.2,81.5,84.5,84.8,87.5,89.2,90.3,90,88.3,90.1,93.3,96.1,95.3,96,88,95.1,94.6,87.4,87,87.4,77.6,73.4,64.1,67.1,59.5,50.5,56.9,55.7,50.7
2023F,KY,FFICE,13.5,13.3,13.7,15.9,17,17.5,17.6,17.9,16.9,17.6,17.9,16.9,17.6,16.9,17.8,15.8,15.7,15.8,16.5,17.6,17.5,15.3,14.9,15.5,18.2,18.6,17.1,18.2,18,19,19.3,17.3,18.5,19.5,19.4,20.9,21.2,19.7,19.3,19.2,18.1,21.5,20.6,19.9,22.3,22,23.2,22.2,21.6,19.7,19.4,18.8,17.4,16,15.4,16.1,15.8,15,15.3,15.5,14,14.8,14,15
2023F,KY,FFRCE,5.3,5.1,5.1,5.5,5.2,5.3,5.1,5.9,6.6,7.1,7.2,6.7,6.6,6.3,6,6,7,7.1,6.4,6.3,5.7,4.9,4.7,4.7,4.8,4.5,4.4,4.5,4.9,4.9,4.1,4.4,4.5,4.9,4.7,4.9,5.2,5,4.2,4.6,4.7,4,4.1,4.3,4,3.9,3.3,3.5,3.7,3.6,3.7,3.5,2.8,3.4,3.7,3.2,2.9,2.7,3.3,3.3,3,3.1,3.4,2.7
2023F,KY,FFTCE,47.9,48,49.9,58.3,62.4,64.8,66.3,70.1,72.8,78.7,86,88.1,93.7,94,94.8,90.9,100.6,101.1,102.3,102.3,103.5,102.9,98.2,100.3,105,107.8,111.2,113,123.1,119.3,120.4,120.1,124,134.5,132.4,137.9,139,142.8,141.3,146,146.8,150.6,150.7,147.3,153.9,155.7,158.4,158.1,155.5,145.6,152.9,151.1,140.5,139.5,140.1,131,126.3,116.3,122.3,114.3,100.9,110.9,109.8,104.8
2023F,KY,NNACE,1,1.1,1.1,1.3,1.4,1.5,1.5,1.6,1.7,1.9,1.9,1.9,2,1.9,1.6,1.3,1.1,1,1.2,1.4,1.1,1.3,1,0.8,0.9,0.8,1.1,1.2,1.1,1.1,1.4,1.1,0.9,1.1,1.3,1.5,1.5,1.3,0.9,0.9,0.8,0.8,0.7,0.8,0.6,0.5,0.4,0.6,0.7,0.7,0.8,0.7,0.5,0.4,0.5,0.6,0.3,0.4,0.8,1.1,1.3,1.7,1.4,1.6
2023F,KY,NNCCE,1,1.3,1.3,1.4,1.1,1.2,1,1.8,2,2.3,2.3,2.3,2.3,2.5,2.3,2.1,3.1,2.7,2.5,2.2,2.1,2,1.9,1.8,2,1.8,1.8,1.8,2,2,1.8,1.9,2,2.1,2.1,2.2,2.3,2.2,1.8,2,2.1,1.9,2,2.1,2,2,1.8,1.9,2,1.9,2,1.9,1.7,2,2.2,1.9,1.8,1.8,2.1,2.1,1.9,2,2.1,1.9
2023F,KY,NNEIE,0.1,0.1,0.1,0.1,0.1,0,0.1,0,0,0.4,0.5,0.5,0.5,0.4,0.3,0,0,0,0.1,0.1,0.1,0.1,0.1,0.1,0.1,0.1,0,0,0,0,0,0,0,0,0,0,0.1,0.1,0.3,0.3,0.2,0.2,0.7,0.2,0.3,0.9,0.7,1.1,0.5,0.5,1,0.8,1.7,0.8,1.5,2.8,3.6,4.5,6.2,6.2,5.7,6,7.5,6.1
2023F,KY,NNICE,2.4,2.5,2.6,2.7,3.2,3.1,2.4,3.2,2.8,3.6,3.9,3.8,4.1,4,3.9,3.4,3.7,2.8,3,3.8,3.4,3.4,3.4,3.2,3.5,3.3,2.9,3.1,3.4,3.5,3.8,4,4.1,4.3,4.7,5.2,5.2,5.3,5.1,5.3,5.5,5.2,5.7,5.6,6.3,6.2,6,6,5.9,5.3,5.7,5.8,6,6.2,6.4,6.4,6.3,6.3,6.6,6.7,6.5,6.8,7.2,7.3
2023F,KY,NNRCE,3.5,3.2,3.4,3.6,3.6,3.5,2.9,3.8,4.1,4.5,4.7,4.5,4.6,4.3,4.1,4.2,5.2,5.1,4.5,4.1,4,3.8,3.6,3.4,3.6,3.3,3.3,3.2,3.5,3.6,3.1,3.3,3.5,3.7,3.5,3.8,3.9,3.7,3,3.2,3.6,3.1,3.3,3.4,3.1,3.1,2.6,2.8,3,2.8,3,2.8,2.4,2.9,3.1,2.7,2.5,2.4,2.9,2.7,2.6,2.6,2.8,2.3
2023F,KY,NNTCE,8.1,8.2,8.6,9.1,9.4,9.3,8,10.3,10.6,12.6,13.2,13,13.6,13.1,12.1,11,13.1,11.7,11.3,11.6,10.7,10.6,10,9.3,10.1,9.3,9.1,9.3,10,10.3,10,10.3,10.5,11.1,11.6,12.8,13,12.5,11.1,11.8,12.2,11.3,12.3,12.1,12.2,12.6,11.4,12.3,12.2,11.2,12.5,12,12.2,12.3,13.7,14.4,14.5,15.4,18.6,18.8,18,19.1,21,19.3
2023F,KY,PMACE,9.4,9.4,10.5,11.1,11.5,11.6,12.5,13.1,14.3,15.1,16,16.3,17.6,18.6,18.3,18.8,20.1,20.7,22.1,22.6,21.7,21.4,21.3,22.7,22.7,21.8,22.8,23.6,25.8,27.2,25.2,25.4,26.9,27.7,27.2,28.2,26.4,28.9,29.3,30.3,30.8,31.1,32.3,31.1,33.9,33,33,34,30.8,31.3,31.5,31.2,30.3,30.2,30.6,30.9,31.2,31.7,32.9,32.1,29.5,31.8,32.3,32.2
2023F,KY,PMCCE,0.5,0.4,0.5,0.4,0.4,0.5,0.6,0.6,0.7,0.7,0.8,0.7,0.6,0.7,0.7,0.7,0.9,1.2,1.1,1.1,1.6,0.5,0.4,1,1.1,0.9,0.8,0.5,0.8,0.6,0.6,0.6,0.6,0.4,0.5,0.6,0.7,0.6,0.6,0.6,0.6,0.6,0.6,0.5,0.5,0.4,0.4,0.4,0.4,0.3,0.2,0.3,0.3,0.3,0.3,0.6,0.9,0.6,0.7,0.8,0.7,0.7,0.7,0.7
2023F,KY,PMEIE,0,0,0,0,0,0,0,0,0,0,0.1,0.1,0.2,0.1,0.1,0.1,0.1,0.1,0.1,0.1,0.1,0.1,0.1,0.1,0.1,0.1,0.1,0.1,0.1,0.1,0.1,0.1,0.1,0.1,0.1,0.1,0.1,0.1,0.6,0.1,0.1,0.1,4.4,3.7,4.3,4.3,3.9,3.2,3.3,2.3,2.5,1.9,1.7,1.6,1.3,1.2,1.4,0.6,0.1,0.1,0.1,0.1,0.1,0.1
2023F,KY,PMICE,2.1,2.1,2.3,2,2.4,2.9,3.4,3.5,3.4,3.7,4.1,4,4.8,5.4,5.6,5.8,6.3,7.6,7.5,7.3,6.9,6.3,5.9,5.6,6.3,6.5,6.2,7.4,7.2,7,7.3,6.4,7.7,6.8,7,6.9,7.3,6.7,7.6,8,7,10.4,9.7,9,10.4,10.4,11.5,10.3,10.3,10.3,9,8.5,8.7,7.2,6.4,7.2,7.5,6.5,6.9,7,6,6.3,4.9,6
2023F,KY,PMRCE,0.8,0.7,0.8,0.8,0.8,1.2,1.4,1.4,1.8,1.9,1.9,1.8,1.6,1.7,1.6,1.6,1.6,1.7,1.6,1.8,1.6,0.9,0.9,1.1,1,1.1,1,1.1,1.2,1.2,0.9,1,1,1.1,1,1,1.2,1.2,1.1,1.3,1,0.8,0.7,0.9,0.8,0.8,0.6,0.7,0.7,0.8,0.7,0.7,0.4,0.5,0.6,0.6,0.4,0.3,0.4,0.6,0.4,0.5,0.6,0.4
2023F,KY,PMTCE,12.8,12.6,14.1,14.4,15,16.2,18,18.7,20.2,21.5,22.8,22.9,24.8,26.5,26.4,26.9,28.9,31.2,32.5,32.9,31.9,29.2,28.7,30.5,31.2,30.4,30.8,32.8,35,36.1,34,33.4,36.2,36.1,35.9,36.8,35.7,37.5,39.1,40.3,39.6,42.9,47.8,45.1,49.8,48.9,49.4,48.5,45.5,45,44,42.6,41.4,39.8,39.2,40.5,41.4,39.8,41,40.6,36.7,39.3,38.6,39.4
2023F,KY,TEACE,10.6,10.5,11.7,12.4,12.9,13.1,14.1,14.7,16,17,18,18.2,19.6,20.5,19.9,20.1,21.2,21.7,23.4,24,22.8,22.7,22.4,23.5,23.7,22.6,23.9,24.8,26.9,28.4,26.5,26.5,27.7,28.8,28.5,29.6,27.9,30.1,30.1,31.2,31.6,31.9,33,31.9,34.5,33.4,33.3,34.6,31.6,32,32.3,31.9,30.8,30.6,31.1,31.5,31.5,32.1,33.7,33.2,30.8,33.4,33.7,33.8
2023F,KY,TECCE,2.2,2.5,2.5,2.6,2.1,2.2,2.2,2.9,3.2,3.6,3.6,3.4,3.4,3.7,3.5,3.2,4.5,4.7,4.5,4.6,4.2,3.4,3.1,3.5,3.7,3.2,3.1,2.9,3.4,3,2.6,2.8,3,3,3.2,3.1,3.2,3.4,2.9,3.5,3.2,3,3.1,3,3.1,3.1,2.5,2.5,2.6,2.4,2.4,2.3,2.1,2.4,2.6,2.6,2.7,2.5,2.9,2.9,2.6,2.7,2.9,2.6
2023F,KY,TEEIE,16.4,16.6,16.8,21.8,25.3,26.6,27.3,28.7,30.1,33.3,39.4,42.8,46.6,46.7,47.6,45.8,52.4,51.9,51.5,49.8,53.3,56.7,53.2,53.1,54.6,58.8,62.7,62.6,69.9,64,67.9,69.1,70.2,78.3,76.7,79.2,81.5,84.5,84.8,87.5,89.2,90.3,90,88.3,90.1,93.3,96.1,95.3,96,88,95.1,94.6,87.4,87,87.4,77.6,73.4,64.1,67.1,59.5,50.5,56.9,55.7,50.7
2023F,KY,TEICE,13.5,13.3,13.7,15.9,17,17.5,17.6,17.9,16.9,17.6,17.9,16.9,17.6,16.9,17.8,15.8,15.7,15.8,16.5,17.6,17.5,15.3,14.9,15.5,18.2,18.6,17.1,18.2,18,19,19.3,17.3,18.5,19.5,19.4,20.9,21.2,19.7,19.3,19.2,18.1,21.5,20.6,19.9,22.3,22,23.2,22.2,21.6,19.7,19.4,18.8,17.4,16,15.4,16.1,15.8,15,15.3,15.5,14,14.8,14,15
2023F,KY,TERCE,5.3,5.1,5.1,5.5,5.2,5.3,5.1,5.9,6.6,7.1,7.2,6.7,6.6,6.3,6,6,7,7.1,6.4,6.3,5.7,4.9,4.7,4.7,4.8,4.5,4.4,4.5,4.9,4.9,4.1,4.4,4.5,4.9,4.7,4.9,5.2,5,4.2,4.6,4.7,4,4.1,4.3,4,3.9,3.3,3.5,3.7,3.6,3.7,3.5,2.8,3.4,3.7,3.2,2.9,2.7,3.3,3.3,3,3.1,3.4,2.7
2023F,KY,TETCE,47.9,48,49.9,58.3,62.4,64.8,66.3,70.1,72.8,78.7,86,88.1,93.7,94,94.8,90.9,100.6,101.1,102.3,102.3,103.5,102.9,98.2,100.3,105,107.8,111.2,113,123.1,119.3,120.4,120.1,124,134.5,132.4,137.9,139,142.8,141.3,146,146.8,150.6,150.7,147.3,153.9,155.7,158.4,158.1,155.5,145.6,152.9,151.1,140.5,139.5,140.1,131,126.3,116.3,122.3,114.3,100.9,110.9,109.8,104.8
2023F,LA,CDEGR,,,,,,,,,,,,,,,,,,,,,,,,,,,,,,,,,,,,,,1099,998.3,972.3,1075.7,949.8,955.9,905.4,888.8,811.4,854,902.5,865.3,803.4,804.9,863.8,815.9,801.2,768.6,772.4,800.2,804.1,792.3,789.6,798.2,790.9,814.2,739.5
2023F,LA,CDTCR,53.3,53.3,53.2,51.7,51.8,52,51.4,51.3,51.3,51.3,51.3,51,51,51.6,51.6,52,52,52.5,52.4,52.4,52.2,52.4,53,53.3,53.4,53.3,51.8,51.3,52,51.7,51.5,51.5,52.3,51.9,51.6,51,51.5,51.8,51.4,51.4,51.1,51.7,51.2,52.3,51.2,51.8,52,51.1,50.1,49.9,50.7,51.4,50.5,49.7,49.1,48.8,48.3,48.3,47.8,47.8,45,45.7,46.4,46
2023F,LA,CDTPR,24.7,25.5,25.1,26.8,28.1,27.3,28.7,32,34.2,38.5,39.8,39.9,41.8,45,45.6,41.6,46.6,51.4,52.5,50.4,46.9,46.3,42,39,40.3,37.9,40,40.9,43.1,44.5,45.7,45.2,46.4,46.9,47.8,47.6,48.7,50.3,47.1,46.5,49.7,44.7,45.7,44.8,45.8,44.2,49.1,48.3,46.2,43.3,44.9,45.5,43,41,40.2,39.7,40.3,41.3,41.7,41.8,39.3,40.6,42,40.1
2023F,LA,CLACE,0,0,0,0,0,0,0,0,0,0,0,0,0,0,0,0,0,0,0,0,0,0,0,0,0,0,0,0,0,0,0,0,0,0,0,0,0,0,0,0,0,0,0,0,0,0,0,0,0,0,0,0,0,0,0,0,0,0,0,0,0,0,0,0
2023F,LA,CLCCE,0,0,0,0,0,0,0,0,0,0,0,0,0,0,0,0,0,0,0,0,0,0,0,0,0,0,0,0,0,0,0,0,0,0,0,0,0,0,0,0,0,0,0,0,0,0,0,0,0,0,0,0,0,0,0,0,0,0,0,0,0,0,0,0
2023F,LA,CLEIE,0,0,0,0,0,0,0,0,0,0,0,0,0,0,0,0,0,0,0,0,0,1.7,5.4,9.5,10.5,14.1,15.7,15.6,19.2,18.4,18.3,19.4,20.2,20.2,20.8,19.9,19.3,21.3,21.3,21.6,24,22.7,22,23.4,24.4,24.1,25.1,23.7,24.9,24.1,24.8,25.7,22.6,21.6,19.8,16.3,13,13.2,12.8,8.4,4.3,8.8,8.8,5.2
2023F,LA,CLICE,0,0,0,0,0,0,0,0,0,0,0,0,0,0,0,0,0,0.2,0.4,0.2,0.2,0.6,0.7,0.7,0.8,1,0.6,0.8,1,1.3,1.5,1,1.1,1,1.1,0.7,0.2,0.2,0.1,0.1,0.1,0.2,0.1,0.3,0.2,0.2,0.2,0.2,0.2,0,0,0.1,0.2,0.2,0.3,0.4,0.4,0.4,0.4,0.3,0.3,0.4,0.5,0.4
2023F,LA,CLRCE,0,0,0,0,0,0,0,0,0,0,0,0,0,0,0,0,0,0,0,0,0,0,0,0,0,0,0,0,0,0,0,0,0,0,0,0,0,0,0,0,0,0,0,0,0,0,0,0,0,0,0,0,0,0,0,0,0,0,0,0,0,0,0,0
2023F,LA,CLTCE,0,0,0,0,0,0,0,0,0,0,0,0,0,0,0,0,0,0.2,0.4,0.2,0.2,2.3,6.1,10.1,11.3,15.1,16.3,16.4,20.2,19.7,19.9,20.4,21.3,21.2,21.9,20.6,19.5,21.5,21.4,21.7,24.1,22.9,22.2,23.7,24.5,24.2,25.3,23.8,25.1,24.1,24.8,25.8,22.8,21.8,20,16.7,13.4,13.6,13.2,8.7,4.7,9.2,9.3,5.6
2023F,LA,FFACE,17.8,17.5,17.6,18.3,19.4,21.2,21.7,23.4,24.7,26.4,26.8,26.5,29,32.6,35.3,35.8,37.9,40.7,40.9,40.9,45.4,46.4,40.7,42.4,42.2,41.4,46.7,46,49,49.1,48.8,51.3,51.5,51.2,53.8,53.9,59.2,56.5,55.3,55.2,61.2,53.5,54.9,54.9,53.7,50.9,54.9,50.4,47.3,46.5,42,42.9,38.8,37.6,35.7,36.4,37.6,40.7,37.7,40.1,38.8,44.4,47.5,47
2023F,LA,FFCCE,2.4,2.5,2,2.2,2.4,2.1,2.3,3.5,3.9,4,5,4.7,4.8,4.9,5.1,4.8,4.9,6.2,7.3,13.6,9.1,10.9,10.1,3.6,3.1,3.3,3.1,2.4,2.2,2,1.9,1.9,2,1.8,1.7,1.5,1.6,1.8,1.6,1.8,2.6,2,1.9,2.4,2.2,2.1,1.5,2.7,1.6,2,2,1.9,1.9,1.8,2,2.2,2.2,2.1,2.5,2.4,2.3,2.4,2.4,2.1
2023F,LA,FFEIE,6.6,6.9,7.5,8.1,8.9,9.7,11.6,12.2,13.6,17,18.2,19.9,22.1,24.1,23.5,22.7,26.8,30.1,32.4,29.1,27.3,26.7,26.8,26.3,27.3,30,30.9,29.3,33.3,33.2,34.4,34.4,35.8,37.5,38.8,39.7,35.4,39.2,41.5,41.4,42.9,39.5,41.7,39.3,41.2,43.1,38.1,38.3,40.1,38,42.7,46.5,43.2,41,39.5,39.3,36.2,33.5,33.9,30.7,27.5,30.4,32.1,26.3
2023F,LA,FFICE,50.3,53.4,53.2,57.9,61.8,58.4,62.2,70.9,76.4,86.7,90.3,92,96,103.3,104.8,92.5,109,123.8,128.3,119.7,111.8,109.6,100.9,95,100.6,88.8,92.1,96.7,97,101.7,104.8,101.2,106.8,108.7,110.2,110.2,114.9,121.6,107.6,106.3,112.3,101.8,103.9,103,109,103.9,114.6,117.8,113.9,105.7,114.7,114.8,112.1,106.9,107.1,105.1,110.7,114.8,118.1,119.5,112.3,108.8,108.9,106.8
2023F,LA,FFRCE,3.4,3.5,3.6,3.8,4.3,3.8,4.1,4.5,4.7,5.1,5.3,5,5.1,5.6,5.5,5.7,5.6,5.6,4.9,5.1,4.3,4.7,4,4,4,3.6,3.4,3.6,3.5,3.4,3.1,3.2,3.3,3.3,3.1,3,3.3,3.4,3,2.9,3.3,3.1,2.9,2.8,2.5,2.5,2.1,2.2,2.2,2.2,2.7,2.3,1.8,2.2,2.6,2.1,1.8,1.7,2.2,2.1,1.9,2.1,2,1.6
2023F,LA,FFTCE,80.5,83.8,83.9,90.4,96.8,95.3,101.9,114.4,123.2,139.2,145.5,148.1,157.1,170.7,174.2,161.5,184.2,206.4,213.8,208.4,197.9,198.3,182.6,171.3,177.3,167,176.3,177.8,185,189.4,193,192.1,199.3,202.4,207.6,208.3,214.3,222.4,209,207.6,222.2,200,205.4,202.4,208.5,202.5,211,211.4,205.1,194.3,204,208.4,197.8,189.5,186.8,185.1,188.5,192.9,194.3,194.8,182.8,188.1,192.8,183.8
2023F,LA,NNACE,1.7,1.8,1.8,2.1,2.4,3,3,3.1,3.1,3.9,3.9,4.2,4.3,4.4,4.1,3.3,4.4,4.6,4.5,3.2,4.1,4.3,3.5,2.6,2.7,2.3,2.5,2.8,3.1,2.8,3.1,3,3,3.1,3.5,3.6,3.8,4.3,3.5,2.7,2.9,2.6,2.8,2.6,2.5,2.3,2.6,2.9,2.9,2.7,2.6,2.8,2.6,2,2.7,2,4.6,5.5,7.2,8.9,9.7,12.1,15.2,15.2
2023F,LA,NNCCE,1.3,1.4,1.1,1.2,1.5,1.2,1.4,2.8,3.1,2.9,3.8,3.7,3.6,3.2,3.2,2.8,2.4,2.4,3.6,6.3,2.2,2.2,1.9,1.9,1.8,1.7,1.5,1.5,1.5,1.5,1.4,1.4,1.6,1.4,1.3,1.3,1.4,1.5,1.4,1.4,1.4,1.3,1.4,1.4,1.4,1.4,1.2,1.3,1.3,1.3,1.5,1.4,1.4,1.6,1.7,1.6,1.6,1.5,1.9,1.8,1.6,1.8,1.7,1.6
2023F,LA,NNEIE,6.6,6.9,7.5,8.1,8.8,9.7,11.5,12.2,13.6,17,18.1,19.7,21.5,20.5,19.4,20,20.6,19.5,20.7,22.3,23.5,23,20.7,16.5,16.7,15.8,14.8,13.7,13.9,14.6,15.8,15,14.4,13.5,15.5,18,14,15.3,17.7,17.7,16.7,13.4,17.6,12.9,13.4,15.6,10.8,12.3,12.9,12.2,14.7,15.9,17.4,14.5,14.5,18.6,18,15.2,16.3,18.6,19.3,17.2,19.8,20
2023F,LA,NNICE,39.3,41.7,40.8,43.6,45.6,42.6,45,52.4,55.9,64.3,67.7,68.6,69.6,74.3,75.5,64.8,77.3,86,88.4,69.8,62.9,62,54.8,51.6,61,51.6,55.3,59.3,56.2,62.1,62.5,60.3,61.7,63.5,62.1,64.2,64.8,71.6,61.5,56.4,60.3,49.7,52,51.1,53.1,49.8,53.7,55.8,52,50.2,56,57.8,59.4,58.1,59.1,57.7,62.4,64.3,68.3,69.7,66.5,62.8,69,67.7
2023F,LA,NNRCE,3.1,3.1,3.2,3.4,3.9,3.4,3.7,4.1,4.2,4.5,4.7,4.4,4.5,5.1,5,5.3,5.2,5.2,4.5,4.8,4,4.5,3.8,3.8,3.8,3.3,3.2,3.4,3.3,3.2,2.9,3,3.1,3.1,2.9,2.9,3.1,3.2,2.7,2.5,2.8,2.7,2.7,2.6,2.3,2.3,1.8,2,2,2,2.5,2.1,1.7,2.1,2.4,2,1.7,1.6,2,1.9,1.7,2,1.9,1.5
2023F,LA,NNTCE,51.9,55.1,54.3,58.4,62.2,59.9,64.5,74.6,79.8,92.5,98.2,100.5,103.5,107.4,107.2,96.2,109.9,117.7,121.6,106.4,96.6,95.9,84.6,76.3,86.1,74.7,77.5,80.7,78,84.1,85.8,82.7,83.7,84.6,85.3,89.8,87.2,95.9,86.7,80.7,84.2,69.7,76.5,70.6,72.7,71.4,70.2,74.3,71.2,68.4,77.2,80,82.6,78.3,80.4,81.9,88.3,88.1,95.8,101,98.9,95.9,107.5,105.9
2023F,LA,PMACE,16.1,15.7,15.8,16.2,17,18.2,18.7,20.3,21.6,22.5,22.9,22.4,24.7,28.3,31.1,32.4,33.5,36.1,36.4,37.7,41.4,42.1,37.2,39.8,39.5,39.1,44.2,43.1,45.9,46.4,45.7,48.4,48.5,48.1,50.4,50.3,55.4,52.2,51.9,52.5,58.3,50.9,52.1,52.3,51.2,48.6,52.2,47.6,44.4,43.7,39.5,40.1,36.2,35.6,33,34.4,33,35.3,30.5,31.2,29,32.3,32.4,31.8
2023F,LA,PMCCE,1.1,1,1,1,1,0.9,0.9,0.7,0.8,1.1,1.1,1,1.2,1.7,1.9,2,2.5,3.8,3.7,7.2,6.9,8.7,8.3,1.7,1.3,1.6,1.6,0.8,0.7,0.5,0.5,0.5,0.4,0.4,0.4,0.2,0.1,0.2,0.2,0.4,1.1,0.6,0.5,1,0.8,0.7,0.2,1.4,0.3,0.7,0.5,0.5,0.4,0.3,0.3,0.5,0.6,0.6,0.6,0.6,0.7,0.6,0.6,0.6
2023F,LA,PMEIE,0,0,0,0,0,0,0,0,0,0,0.1,0.2,0.6,3.6,4.2,2.7,6.2,10.6,11.7,6.9,3.9,2.1,0.8,0.3,0.1,0.1,0.3,0.1,0.3,0.2,0.2,0,1.2,3.8,2.5,1.9,2,2.5,2.5,2.1,2.2,3.4,2,2.9,3.4,3.4,2.1,2.4,2.2,1.7,3.3,4.9,3.2,5,5.2,4.4,5.2,5,4.8,3.7,3.9,4.4,3.5,1.2
2023F,LA,PMICE,11,11.7,12.5,14.4,16.2,15.8,17.2,18.4,20.4,22.5,22.7,23.4,26.4,29.1,29.2,27.7,31.7,37.6,39.6,49.6,48.7,47,45.4,42.7,38.8,36.2,36.2,36.5,39.8,38.2,40.8,39.9,44.1,44.1,47,45.3,49.8,49.8,45.9,49.8,51.8,52,51.9,51.6,55.7,54,60.7,61.9,61.8,55.5,58.6,56.9,52.5,48.5,47.7,47,47.9,50.1,49.3,49.5,45.5,45.6,39.4,38.7
2023F,LA,PMRCE,0.3,0.4,0.4,0.4,0.4,0.4,0.4,0.4,0.5,0.6,0.6,0.6,0.6,0.6,0.5,0.4,0.4,0.5,0.4,0.3,0.2,0.2,0.2,0.2,0.2,0.2,0.2,0.2,0.2,0.2,0.2,0.2,0.2,0.1,0.1,0.1,0.2,0.2,0.3,0.4,0.5,0.4,0.2,0.2,0.2,0.2,0.2,0.1,0.2,0.2,0.2,0.2,0.1,0.1,0.1,0.1,0.1,0.1,0.1,0.1,0.1,0.1,0.1,0.1
2023F,LA,PMTCE,28.6,28.8,29.6,32,34.6,35.4,37.3,39.8,43.4,46.7,47.3,47.6,53.5,63.3,67,65.3,74.3,88.6,91.8,101.7,101.1,100.1,92,84.8,79.9,77.2,82.5,80.7,86.8,85.6,87.3,89,94.3,96.6,100.4,97.9,107.6,105,100.9,105.2,113.9,107.4,106.7,108.1,111.3,106.9,115.6,113.3,108.9,101.8,102,102.6,92.4,89.4,86.3,86.5,86.8,91.1,85.3,85.1,79.2,83,76,72.4
2023F,LA,TEACE,17.8,17.5,17.6,18.3,19.4,21.2,21.7,23.4,24.7,26.4,26.8,26.5,29,32.6,35.3,35.8,37.9,40.7,40.9,40.9,45.4,46.4,40.7,42.4,42.2,41.4,46.7,46,49,49.1,48.8,51.3,51.5,51.2,53.8,53.9,59.2,56.5,55.3,55.2,61.2,53.5,54.9,54.9,53.7,50.9,54.9,50.4,47.3,46.5,42,42.9,38.8,37.6,35.7,36.4,37.6,40.7,37.7,40.1,38.8,44.4,47.5,47
2023F,LA,TECCE,2.4,2.5,2,2.2,2.4,2.1,2.3,3.5,3.9,4,5,4.7,4.8,4.9,5.1,4.8,4.9,6.2,7.3,13.6,9.1,10.9,10.1,3.6,3.1,3.3,3.1,2.4,2.2,2,1.9,1.9,2,1.8,1.7,1.5,1.6,1.8,1.6,1.8,2.6,2,1.9,2.4,2.2,2.1,1.5,2.7,1.6,2,2,1.9,1.9,1.8,2,2.2,2.2,2.1,2.5,2.4,2.3,2.4,2.4,2.1
2023F,LA,TEEIE,6.6,6.9,7.5,8.1,8.9,9.7,11.6,12.2,13.6,17,18.2,19.9,22.1,24.1,23.5,22.7,26.8,30.1,32.4,29.1,27.3,26.7,26.8,26.3,27.3,30,30.9,29.3,33.3,33.2,34.4,34.4,35.8,37.5,38.8,39.7,35.4,39.2,41.5,41.4,42.9,39.5,41.7,39.3,41.2,43.1,38.1,38.3,40.1,38,42.7,46.5,43.2,41,39.5,39.3,36.2,33.5,33.9,30.7,27.5,30.4,32.1,26.3
2023F,LA,TEICE,50.3,53.4,53.2,57.9,61.8,58.4,62.2,70.9,76.4,86.7,90.3,92,96,103.3,104.8,92.5,109,123.8,128.3,119.7,111.8,109.6,100.9,95,100.6,88.8,92.1,96.7,97,101.7,104.8,101.2,106.8,108.7,110.2,110.2,114.9,121.6,107.6,106.3,112.3,101.8,103.9,103,109,103.9,114.6,117.8,113.9,105.7,114.7,114.8,112.1,106.9,107.1,105.1,110.7,114.8,118.1,119.5,112.3,108.8,108.9,106.8
2023F,LA,TERCE,3.4,3.5,3.6,3.8,4.3,3.8,4.1,4.5,4.7,5.1,5.3,5,5.1,5.6,5.5,5.7,5.6,5.6,4.9,5.1,4.3,4.7,4,4,4,3.6,3.4,3.6,3.5,3.4,3.1,3.2,3.3,3.3,3.1,3,3.3,3.4,3,2.9,3.3,3.1,2.9,2.8,2.5,2.5,2.1,2.2,2.2,2.2,2.7,2.3,1.8,2.2,2.6,2.1,1.8,1.7,2.2,2.1,1.9,2.1,2,1.6
2023F,LA,TETCE,80.5,83.8,83.9,90.4,96.8,95.3,101.9,114.4,123.2,139.2,145.5,148.1,157.1,170.7,174.2,161.5,184.2,206.4,213.8,208.4,197.9,198.3,182.6,171.3,177.3,167,176.3,177.8,185,189.4,193,192.1,199.3,202.4,207.6,208.3,214.3,222.4,209,207.6,222.2,200,205.4,202.4,208.5,202.5,211,211.4,205.1,194.3,204,208.4,197.8,189.5,186.8,185.1,188.5,192.9,194.3,194.8,182.8,188.1,192.8,183.8
2023F,MA,CDEGR,,,,,,,,,,,,,,,,,,,,,,,,,,,,,,,,,,,,,,264.3,247.8,228.3,215.1,211.3,213.6,213.7,203.4,202.3,179.2,181.3,171.3,159.4,157.4,145.4,129.2,136.3,130.7,129.5,122.4,121.7,116.4,111.6,93.1,94.1,97.5,92.3
2023F,MA,CDTCR,69.7,69.1,69.1,68.5,68.4,68.8,68.5,68.3,68,67.5,67.1,66.9,67.2,65.3,66,65.7,65.4,65.2,63.8,62.1,63.4,62.3,63.8,61.9,66.4,62.5,65.3,65.6,66,64.9,63.3,63.2,62.4,61.9,61.8,60.9,60.5,61.9,61.7,62,61.5,62.4,62.1,62.8,62.2,62.6,61,61.5,60.3,58.4,57.7,56.3,55.6,57,55.6,55.9,55.2,55.4,55.3,56.7,56.5,57,56.9,57.2
2023F,MA,CDTPR,14.2,14.4,14.6,13.9,14.2,15.8,15.6,16.4,16.7,16.8,17.4,17.4,18,17.9,16.4,15.9,16.8,16.6,16.3,14,13.4,12.5,13,12.5,13.7,13.5,14.3,14.4,14.3,14.8,13.8,13.6,13.9,13.3,13.3,12.8,12.8,13.7,13.3,12.8,12.9,12.8,12.9,13.2,12.9,13.2,11.9,12.4,11.9,10.8,11.1,10.4,9.4,9.9,9.6,9.8,9.4,9.4,9.3,9.2,7.5,8,8.4,8
2023F,MA,CLACE,0.1,0,0,0,0,0,0,0,0,0,0,0,0,0,0,0,0,0,0,0,0,0,0,0,0,0,0,0,0,0,0,0,0,0,0,0,0,0,0,0,0,0,0,0,0,0,0,0,0,0,0,0,0,0,0,0,0,0,0,0,0,0,0,0
2023F,MA,CLCCE,0.8,0.6,0.6,0.5,0.4,0.4,0.3,0.3,0.3,0.2,0.2,0.2,0.2,0.2,0.2,0.2,0.1,0.2,0.1,0.1,0.2,0.2,0.3,0.3,0.4,0.2,0.1,0.1,0.1,0.1,0.1,0.1,0.1,0.1,0,0.1,0.1,0.1,0.1,0.1,0,0,0.2,0.1,0.1,0.1,0,0,0,0,0,0,0,0,0,0,0,0,0,0,0,0,0,0
2023F,MA,CLEIE,6.1,7,7.3,8,9.2,10.1,9.1,7.7,6.8,4.5,1.3,0.6,0.2,0,2.1,1.9,0,0,0,0.1,1.7,2.1,8,8.6,10.3,9.8,9,10.7,10.6,11.2,10.5,11,10.2,9.1,9.4,9.8,10.6,11.5,10.3,10.6,10.7,10.2,11,10.2,9.8,11.1,10.5,11.2,10,8.7,7.8,3.9,2.1,3.9,2.7,2.2,1.9,1.2,0,0,0,0,0,0
2023F,MA,CLICE,3.1,2.9,2.6,2,1.5,1.2,0.8,1.3,0.9,0.8,0.3,0.2,0.3,0.2,0.2,0.2,0.2,0.2,0.2,0.2,0.2,0.1,0.2,0.3,0.2,0.4,0.3,0.4,0.3,0.3,0.2,0.2,0.4,0.3,0.2,0.1,0.1,0.1,0.1,0.1,0.1,0.1,0.1,0.1,0.1,0.2,0.2,0.2,0.2,0.1,0.2,0.2,0.2,0.2,0.1,0.1,0,0,0,0,0,0,0,0
2023F,MA,CLRCE,1.2,0.9,0.9,0.6,0.6,0.5,0.4,0.4,0.4,0.3,0.2,0.2,0.1,0.1,0.1,0.1,0.1,0.1,0,0,0,0.1,0.1,0.1,0.1,0.1,0,0,0,0,0,0,0,0,0,0,0,0,0,0,0,0,0,0,0,0,0,0,0,0,0,0,0,0,0,0,0,0,0,0,0,0,0,0
2023F,MA,CLTCE,11.3,11.5,11.4,11,11.7,12.2,10.7,9.6,8.3,5.7,2,1.2,0.7,0.5,2.5,2.3,0.4,0.4,0.3,0.4,2.2,2.5,8.5,9.2,11,10.5,9.5,11.2,11.1,11.6,10.8,11.2,10.7,9.4,9.7,10,10.8,11.7,10.4,10.8,10.9,10.4,11.3,10.5,10,11.4,10.7,11.5,10.2,8.8,8,4.1,2.3,4,2.9,2.3,1.9,1.2,0,0,0,0,0,0
2023F,MA,FFACE,15.6,16.5,17.1,17.8,18,19,19.2,20.6,22.2,23,24.8,25.8,27,27.8,26.3,26.2,27,27.3,27.4,27.4,25.4,25.5,25.7,25.7,26.2,27,27.6,28.6,29.8,29.8,28.8,27.6,27.4,27.7,27.8,28.3,29.7,30.1,30.1,30.9,32.2,31.6,31.7,32,33.5,33.9,32.8,33.1,32.7,30,30.6,30.6,30,31.1,29.9,30.8,31.6,31.2,31.8,31.9,23.8,26.7,28.1,28.5
2023F,MA,FFCCE,11.5,11.6,12.1,11.1,11.7,13.9,14,14.8,14.8,14.6,15.1,14.9,15.1,15.3,13.5,12.3,13.1,12.5,12,8.5,8.5,6.7,7.8,5.9,7.1,6.9,7.6,7.2,7.7,8.7,8.4,9.2,8.9,8,8.9,9,9.1,9.5,8.1,6.2,6.8,5.8,5.9,7.1,6.5,6.7,5,5.3,5.6,5.8,6.7,6.3,5.2,6.8,7.1,7.5,7,7.3,7.9,8,7.2,7.4,8.1,7.5
2023F,MA,FFEIE,11.6,12.4,12.7,13.2,14.9,16.7,17.6,18.3,18.7,19.8,22.1,21.7,23.2,22,20.3,21,22.1,22.3,23.1,22.1,23.8,21.7,23.5,22.9,25.1,23.7,25.4,26.4,26.8,28.7,25.3,25.9,24.4,22,22.3,21.4,20.9,26.2,26.7,24,22.2,22,22.9,25,23.7,24.5,21.6,23.7,20.2,17.6,18.3,14.4,12.1,12.7,10.8,11.3,10.7,10.3,7.6,6.2,5.7,6.1,6.8,6
2023F,MA,FFICE,14,13.7,13.4,11.8,13.2,16,16.6,17.4,16.9,15.8,15.6,14.9,15.2,14.9,12.3,10.6,11,10.2,9.4,6.2,4.3,5.4,5.2,5.6,6.9,7.2,9.2,8,5.4,5.5,5.4,4.8,6.5,6.7,5.8,5.1,5,5.1,5,5.7,5.5,6.6,6.5,4.3,4.1,4.4,4.2,4.2,3.8,3.1,3.6,3.8,3.3,3.5,3.4,3.3,3.2,3.3,3.3,3.3,3.1,3.3,3.3,3.1
2023F,MA,FFRCE,20.6,20.9,21.5,20.4,19.7,21.3,19.2,20.6,21,21.6,22.1,22.7,23.4,23.2,22,21.6,23.3,22.7,21.5,16,14.8,12.9,13,12.5,14.5,14.4,14.9,15.4,15.5,16.4,15.1,14.3,16.4,16.5,16.3,14.7,14.5,14.4,13.2,14,15.7,16,15.9,16.4,15,14.9,12.8,13.5,14.4,13.9,13.6,13.6,11.8,12.4,13.7,13.6,11.4,12.4,13.4,13.7,12.2,12.5,12.9,11.7
2023F,MA,FFTCE,73.2,75.1,76.8,74.3,77.5,86.9,86.6,91.6,93.6,94.9,99.5,100,103.9,103.2,94.4,91.8,96.5,95.2,93.4,80.2,76.7,72.2,75.3,72.7,79.8,79.2,84.6,85.5,85.3,89,82.9,81.7,83.7,80.9,81.1,78.5,79.2,85.2,83.1,80.8,82.3,82,83,84.9,83,84.4,76.5,79.8,76.7,70.4,72.8,68.7,62.4,66.4,64.9,66.6,63.9,64.5,63.9,63.2,52.1,56,59.3,56.8
2023F,MA,NNACE,0,0,0,0,0,0,0,0.1,0.1,0.1,0.1,0,0,0,0,0,0,0,0,0,0,0,0.1,0.1,0.1,0.1,0.1,0.1,0.1,0.1,0.1,0.1,0.1,0.1,0.1,0.1,0.1,0.1,0.1,0.2,0.1,0.2,0.2,0.1,0.1,0.1,0.1,0.1,0.1,0.1,0.3,0.3,0.2,0.2,0.5,0.6,0.5,0.5,0.5,0.6,0.5,0.4,0.5,0.4
2023F,MA,NNCCE,0.6,0.6,0.8,0.8,0.8,0.9,1,1.3,1.4,1.6,1.9,2,2,2.1,2,2,2,2.2,2.4,2.5,2.6,2.4,3,2,2.2,2.2,2.3,2.5,2.7,2.8,2.8,2.9,3.5,3.6,4.6,4.5,5.2,5.7,4.8,3.7,3.5,3.4,3.6,3.4,3.1,3,2.8,3.3,3.9,3.9,4,4.4,4,5.5,5.7,5.7,5.7,6,6.5,6.6,6,5.6,6.4,5.8
2023F,MA,NNEIE,0.6,0.5,0.5,0.6,0.7,0.7,0.5,0.5,0.5,0.3,0.3,0.5,0.4,0.3,0.4,0.1,0.1,0.2,0.1,0.4,0.2,0.3,0.8,1.3,1.7,2.4,0.8,2.2,1.1,2.8,3.4,3.3,4.1,4.2,5.5,7,5.6,6.4,5.6,5,4.8,5.3,6.9,9.2,8.6,8.3,9.2,10.1,8.5,8.2,10.2,10.3,9.9,8.5,7.4,8.5,8.5,8.9,7.3,6.1,5.7,6.1,6.3,5.9
2023F,MA,NNICE,0.6,0.6,0.6,0.7,0.9,1,1.1,1,1.1,1.1,1.2,1.3,1.5,1.3,1.3,1.2,1,1.2,1.3,1.1,1.4,1.4,0.9,1.7,1.9,1.7,1.2,1.8,1.7,1.9,2.4,2.9,3.8,3.8,3.4,3.3,3.2,3.4,3.3,4.2,4,4.3,4.6,2.3,2.3,2.5,2.3,2.4,2.3,2.1,2.4,2.5,2.3,2.5,2.4,2.3,2.4,2.5,2.5,2.6,2.4,2.5,2.5,2.3
2023F,MA,NNRCE,2.5,2.7,3,3.1,3.3,3.5,3.6,3.9,4,4.2,4.4,4.5,4.6,4.5,4.6,4.8,5.1,5,4.6,4.3,4.7,4.6,4.8,4.7,5.1,5.2,5.5,5.7,5.9,6.1,5.9,5.7,6.6,6.7,6.5,5.8,6.2,6.1,5.5,5.9,6.3,5.9,6,6.9,6.2,6.4,5.6,6.2,7.1,7.3,6.9,7.1,6.3,6.4,6.9,6.9,6.1,6.6,7.1,7.4,6.6,6.7,7.2,6
2023F,MA,NNTCE,4.3,4.5,4.9,5.3,5.7,6.1,6.2,6.9,7.1,7.3,7.9,8.4,8.6,8.3,8.3,8.2,8.3,8.5,8.5,8.3,9,8.7,9.6,9.8,11,11.7,10,12.2,11.4,13.7,14.4,14.9,18.1,18.5,20.1,20.6,20.4,21.7,19.3,19,18.8,19.2,21.3,21.9,20.3,20.4,20,22.1,22,21.6,23.7,24.6,22.8,23,22.9,24.1,23.2,24.4,23.8,23.3,21.1,21.3,22.8,20.4
2023F,MA,PMACE,15.5,16.4,17.1,17.8,18,19,19.2,20.5,22.1,22.9,24.7,25.7,26.9,27.8,26.3,26.2,27,27.3,27.4,27.3,25.3,25.4,25.6,25.6,26.1,27,27.5,28.5,29.7,29.6,28.8,27.5,27.3,27.6,27.7,28.2,29.6,30,30,30.7,32.1,31.4,31.5,31.9,33.4,33.7,32.7,33,32.6,29.9,30.4,30.3,29.7,30.9,29.4,30.2,31.1,30.8,31.3,31.3,23.4,26.3,27.6,28.1
2023F,MA,PMCCE,10.2,10.3,10.7,9.8,10.4,12.6,12.6,13.2,13.1,12.8,13,12.7,12.9,13,11.3,10.1,10.9,10.2,9.5,5.9,5.7,4.1,4.5,3.7,4.5,4.4,5.1,4.5,5,5.7,5.5,6.2,5.3,4.3,4.2,4.4,3.8,3.7,3.2,2.4,3.2,2.3,2.1,3.6,3.4,3.5,2.2,2,1.7,1.9,2.8,1.9,1.2,1.3,1.4,1.8,1.2,1.3,1.4,1.4,1.3,1.8,1.8,1.7
2023F,MA,PMEIE,4.8,4.9,4.9,4.7,5,5.9,7.9,10.1,11.4,15,20.5,20.6,22.6,21.6,17.9,19.1,22,22.1,23,21.6,21.9,19.2,14.8,13,13.1,11.5,15.6,13.5,15.1,14.7,11.4,11.6,10.1,8.6,7.4,4.6,4.6,8.2,10.8,8.3,6.6,6.5,5,5.6,5.3,5,1.9,2.4,1.7,0.7,0.2,0.2,0.1,0.3,0.7,0.6,0.3,0.2,0.3,0.1,0,0.1,0.5,0.1
2023F,MA,PMICE,10.2,10.2,10.2,9.1,10.8,13.8,14.7,15.1,14.9,14,14.1,13.3,13.5,13.4,10.9,9.1,9.8,8.9,7.9,4.9,2.7,3.9,4.1,3.6,4.7,5.1,7.7,5.8,3.4,3.3,2.8,1.7,2.4,2.7,2.2,1.6,1.7,1.6,1.6,1.4,1.3,2.2,1.8,1.8,1.7,1.7,1.8,1.5,1.3,0.9,1,1.1,0.8,0.8,0.8,0.9,0.8,0.9,0.8,0.8,0.7,0.8,0.8,0.8
2023F,MA,PMRCE,16.9,17.3,17.7,16.6,15.8,17.3,15.2,16.3,16.6,17.1,17.4,18.1,18.7,18.6,17.3,16.8,18.1,17.7,16.8,11.6,10.1,8.3,8.1,7.8,9.4,9.1,9.3,9.6,9.5,10.3,9.2,8.6,9.8,9.8,9.8,9,8.3,8.3,7.7,8.1,9.4,10.1,9.9,9.5,8.9,8.5,7.3,7.3,7.3,6.6,6.7,6.6,5.5,6,6.8,6.7,5.3,5.8,6.3,6.3,5.6,5.8,5.8,5.8
2023F,MA,PMTCE,57.7,59.1,60.5,58,60.1,68.6,69.7,75.1,78.2,81.8,89.6,90.4,94.6,94.4,83.6,81.3,87.8,86.3,84.6,71.4,65.6,60.9,57.2,53.7,57.8,57.1,65.2,62.1,62.7,63.7,57.6,55.6,54.9,53,51.4,47.9,47.9,51.8,53.4,51,52.6,52.5,50.4,52.5,52.6,52.5,45.8,46.2,44.5,40,41.1,40,37.3,39.3,39.2,40.2,38.7,39,40.1,39.9,31,34.8,36.5,36.5
2023F,MA,TEACE,15.6,16.5,17.1,17.8,18,19,19.2,20.6,22.2,23,24.8,25.8,27,27.8,26.3,26.2,27,27.3,27.4,27.4,25.4,25.5,25.7,25.7,26.2,27,27.6,28.6,29.8,29.8,28.8,27.6,27.4,27.7,27.8,28.3,29.7,30.1,30.1,30.9,32.2,31.6,31.7,32,33.5,33.9,32.8,33.1,32.7,30,30.6,30.6,30,31.1,29.9,30.8,31.6,31.2,31.8,31.9,23.8,26.7,28.1,28.5
2023F,MA,TECCE,11.5,11.6,12.1,11.1,11.7,13.9,14,14.8,14.8,14.6,15.1,14.9,15.1,15.3,13.5,12.3,13.1,12.5,12,8.5,8.5,6.7,7.8,5.9,7.1,6.9,7.6,7.2,7.7,8.7,8.4,9.2,8.9,8,8.9,9,9.1,9.5,8.1,6.2,6.8,5.8,5.9,7.1,6.5,6.7,5,5.3,5.6,5.8,6.7,6.3,5.2,6.8,7.1,7.5,7,7.3,7.9,8,7.2,7.4,8.1,7.5
2023F,MA,TEEIE,11.6,12.4,12.7,13.2,14.9,16.7,17.6,18.3,18.7,19.8,22.1,21.7,23.2,22,20.3,21,22.1,22.3,23.1,22.1,23.8,21.7,23.5,22.9,25.1,23.7,25.4,26.4,26.8,28.7,25.3,25.9,24.4,22,22.3,21.4,20.9,26.2,26.7,24,22.2,22,22.9,25,23.7,24.5,21.6,23.7,20.2,17.6,18.3,14.4,12.1,12.7,10.8,11.3,10.7,10.3,7.6,6.2,5.7,6.1,6.8,6
2023F,MA,TEICE,14,13.7,13.4,11.8,13.2,16,16.6,17.4,16.9,15.8,15.6,14.9,15.2,14.9,12.3,10.6,11,10.2,9.4,6.2,4.3,5.4,5.2,5.6,6.9,7.2,9.2,8,5.4,5.5,5.4,4.8,6.5,6.7,5.8,5.1,5,5.1,5,5.7,5.5,6.6,6.5,4.3,4.1,4.4,4.2,4.2,3.8,3.1,3.6,3.8,3.3,3.5,3.4,3.3,3.2,3.3,3.3,3.3,3.1,3.3,3.3,3.1
2023F,MA,TERCE,20.6,20.9,21.5,20.4,19.7,21.3,19.2,20.6,21,21.6,22.1,22.7,23.4,23.2,22,21.6,23.3,22.7,21.5,16,14.8,12.9,13,12.5,14.5,14.4,14.9,15.4,15.5,16.4,15.1,14.3,16.4,16.5,16.3,14.7,14.5,14.4,13.2,14,15.7,16,15.9,16.4,15,14.9,12.8,13.5,14.4,13.9,13.6,13.6,11.8,12.4,13.7,13.6,11.4,12.4,13.4,13.7,12.2,12.5,12.9,11.7
2023F,MA,TETCE,73.2,75.1,76.8,74.3,77.5,86.9,86.6,91.6,93.6,94.9,99.5,100,103.9,103.2,94.4,91.8,96.5,95.2,93.4,80.2,76.7,72.2,75.3,72.7,79.8,79.2,84.6,85.5,85.3,89,82.9,81.7,83.7,80.9,81.1,78.5,79.2,85.2,83.1,80.8,82.3,82,83,84.9,83,84.4,76.5,79.8,76.7,70.4,72.8,68.7,62.4,66.4,64.9,66.6,63.9,64.5,63.9,63.2,52.1,56,59.3,56.8
2023F,MD,CDEGR,,,,,,,,,,,,,,,,,,,,,,,,,,,,,,,,,,,,,,306.3,305.6,303.4,291.3,280.9,271.8,275.6,267.1,260.4,236.8,236.4,220.4,212,202.4,185.4,172.2,168.6,172.9,163.8,153.5,137,152.7,140.8,122.8,128.5,121.6,115
2023F,MD,CDTCR,72.5,72.2,72.5,72.9,73.2,73.3,73.5,73.1,73.2,72.7,71.4,70.9,69.5,69.9,69.2,65.8,65.1,61.1,62,62.2,62,60.3,60.7,60.3,61.1,61.9,60.7,63.5,63.1,67.9,69,64.4,62.6,61.5,62.2,61.3,61.9,60.7,62.1,62.5,62,63.8,64.1,63.9,63.6,63.5,62.9,61.9,61.1,60.1,59.9,58.8,57.6,56.7,57.2,56.2,55.7,53.2,54,52.5,50.3,51.7,51.1,49.9
2023F,MD,CDTPR,15.9,15.5,16.3,16.5,17.1,17.7,18.1,17.9,18.6,18.9,18.8,18.8,18.7,19.9,18.5,16.2,17.5,16.2,16.8,17.5,16,14.8,14.3,14.5,15.7,14.7,14.8,15.6,15.9,16.4,14.7,14.2,13.7,14,14.1,13.9,14.2,14.1,14.6,14.9,14.8,14.7,14.5,14.9,15,15.2,13.9,13.9,13.1,12.4,12.3,11.4,10.6,10.4,10.7,10.4,10,9.1,10.2,9.4,7.7,8.5,8.2,7.8
2023F,MD,CLACE,0.2,0.1,0.1,0.1,0.1,0,0,0,0,0,0,0,0,0,0,0,0,0,0,0,0,0,0,0,0,0,0,0,0,0,0,0,0,0,0,0,0,0,0,0,0,0,0,0,0,0,0,0,0,0,0,0,0,0,0,0,0,0,0,0,0,0,0,0
2023F,MD,CLCCE,0.3,0.3,0.3,0.4,0.4,0.2,0.1,0.1,0.1,0.1,0.1,0.1,0.1,0.1,0.1,0.1,0,0.1,0.1,0.4,0.1,0.1,0.2,0.2,0.2,0.2,0.2,0.3,0.2,0.1,0.1,0.1,0,0,0.1,0.6,0.1,0.1,0.1,0.1,0.2,0.2,0,0,0.1,0.1,0.1,0.1,0.1,0.1,0,0.1,0,0,0,0,0,0,0,0,0,0,0,0
2023F,MD,CLEIE,7.8,8.3,9.3,10.8,12.1,15.1,16.7,17.7,18.6,16.8,13.9,12.6,10.6,9.2,9.2,9,11.9,10.3,11.2,12.4,13.9,12.1,13.6,15,18,17,19.2,19.8,21.8,22,21.7,21,21.8,23,23.6,25,25.8,25.6,26.9,27,27.6,27,27.9,28.5,27.9,28.3,28,28.4,26.7,23.3,23.2,20.9,16.4,16,17.7,14.4,14.4,9.1,10.7,6.4,3.9,5.7,5,2.1
2023F,MD,CLICE,12.4,12.4,13.4,13.9,15,14.9,14.6,14.7,15.1,16.2,14.9,12.8,10.4,14.5,10.9,9.3,10.9,7.4,8.3,9.7,8.1,7.5,6.6,6.7,7.3,6.9,6.5,7,6.4,5.9,5.3,4.9,1.7,1.7,1.8,1.8,1.9,1.8,1.8,1.9,1.9,3.2,3.2,3,3.2,3.1,2.9,2.8,2.7,2.1,2.1,2.1,1.9,1.5,1.5,1.4,1.2,1.2,1.1,1,0.9,0.9,0.9,0.8
2023F,MD,CLRCE,0.4,0.4,0.4,0.5,0.5,0.3,0.2,0.2,0.1,0.1,0.1,0.1,0,0,0,0,0,0,0,0.1,0,0,0,0,0,0.1,0.1,0.1,0.1,0,0,0,0,0,0,0.1,0,0,0,0,0,0,0,0,0,0,0,0,0,0,0,0,0,0,0,0,0,0,0,0,0,0,0,0
2023F,MD,CLTCE,21.1,21.4,23.5,25.7,28,30.6,31.7,32.8,33.9,33.2,29,25.6,21.1,23.9,20.3,18.4,22.9,17.7,19.6,22.5,22.1,19.7,20.4,21.9,25.5,24.1,26,27.3,28.5,28,27.1,26.1,23.6,24.8,25.5,27.5,27.8,27.5,28.9,29,29.7,30.3,31.1,31.5,31.2,31.5,31,31.3,29.5,25.5,25.4,23,18.4,17.5,19.2,15.9,15.6,10.2,11.9,7.4,4.8,6.6,5.9,2.9
2023F,MD,FFACE,12.4,12.3,14.2,14.3,14.8,15.6,16.4,16.1,17.7,18.2,19.5,19.5,20.6,21.7,21.2,21.2,22.1,22.9,23.3,22.7,22.7,23.1,22.3,21.8,21.9,22.6,23.2,24.1,25,25.7,23.6,24,24.6,24.4,24.3,24.7,25.4,26.1,26.9,28.3,28.7,28.7,28.3,29.7,31.1,31.9,31.9,31.3,30,31,30.7,29.8,29.7,29.8,29.4,30.2,29.3,29.3,30.3,30.6,25.4,27.5,25.9,27.5
2023F,MD,FFCCE,3,2.8,2.8,3,3.2,3.2,3.3,3.4,3.4,3.6,3.7,4.3,4.5,4.5,4.1,3.5,3.8,3.8,3.6,4.3,3.5,2.7,3,3.5,3.5,2.8,2.8,3.7,3.1,3.3,2.9,3.5,4,3.9,4.3,4.8,4.3,4.2,4.7,4.5,4.7,4.9,4.9,5.3,5.2,5,4.6,4.7,4.7,4.8,4.6,4.6,4.4,4.7,5.1,5.3,5.1,5.2,5.6,5.6,5,5,5.4,5
2023F,MD,FFEIE,7.9,8.4,9.4,10.9,12.2,15.2,16.8,17.9,19.3,19.1,19.6,20,21.6,21.8,23.2,17.8,20.2,18.3,20.5,19.8,18.5,15.9,16.8,18.1,20.8,19.8,21.7,22.9,25.3,29,26.4,26,25.3,27.5,28.3,27.4,27.9,27.9,31.1,32,31.2,30.6,31,31.9,31.1,32.4,29.7,30.5,28.2,24.6,25.2,22.3,19.2,17.5,19.2,16.8,17.3,12,16.3,11.8,9.2,11.2,10.5,8.3
2023F,MD,FFICE,19.5,18.6,19.4,20,21.8,22.2,22.7,21.8,22,23.6,22.6,22.8,21,25.4,19.9,16.5,18.4,14.7,14.8,18,14.7,14.3,12.2,12.4,14.7,12.7,12,13.1,12.8,12.1,11.3,9.6,6.9,6.8,6.9,6.6,7.3,7.5,7,7,6.6,8.3,8,7.6,8.6,8.2,6,5.5,5.4,4.5,4.3,4.3,3.8,3.2,3.4,3.2,2.9,2.9,2.9,3,2.7,2.8,2.7,2.5
2023F,MD,FFRCE,6.6,7.1,7.4,7.6,7.7,7.6,7.5,8.1,8.3,8.5,8.7,8.7,8.6,8.4,8,8,8.2,7.8,7.9,8.4,8,7.1,6.7,6.6,7.8,6.9,6.8,7.3,7.8,7.1,6.2,6.3,6.7,7.1,7,6.9,7.8,7.1,6.3,6.7,7.2,6.5,6.8,7.5,7.2,7.2,5.9,6.5,6.3,6.5,6.6,5.9,5.2,6.2,7,6.5,5.5,5.4,6.3,5.8,5.5,5.7,6,5.3
2023F,MD,FFTCE,49.4,49.3,53.2,55.9,59.8,63.8,66.7,67.3,70.9,73,74.2,75.3,76.3,81.8,76.4,67.1,72.6,67.5,70.2,73.3,67.4,63.1,61.1,62.4,68.7,64.8,66.5,71.2,74,77.3,70.4,69.3,67.5,69.6,70.8,70.4,72.6,72.8,76,78.6,78.4,78.9,78.9,82,83.2,84.8,78.1,78.4,74.5,71.3,71.4,66.8,62.3,61.5,64,62,60.2,54.8,61.5,56.7,47.8,52.3,50.6,48.6
2023F,MD,NNACE,0,0.1,0.1,0.1,0.1,0.1,0.1,0.1,0.1,0.1,0.1,0.1,0.2,0.1,0.1,0.1,0.1,0.1,0.1,0.1,0.2,0.1,0.1,0.1,0.1,0.1,0.1,0.1,0.1,0.1,0.1,0.1,0.1,0.1,0.1,0.2,0.1,0.2,0.2,0.2,0.2,0.2,0.1,0.2,0.2,0.2,0.2,0.2,0.2,0.1,0.4,0.3,0.4,0.2,0.4,0.4,0.4,0.5,1.3,1.4,1.4,1.5,1.6,1.5
2023F,MD,NNCCE,0.4,0.5,0.5,0.6,0.6,0.7,0.7,1.1,1.1,1.3,1.4,1.5,1.6,1.6,1.6,1.4,1.5,1.5,1.5,1.7,1.5,1.7,1.7,1.7,1.4,1.3,1.3,1.4,1.4,1.5,1.3,2.1,2.3,2.4,2.4,2.5,2.5,2.7,3.2,3.2,3,3.3,3.5,3.9,3.9,3.9,3.5,3.9,3.9,3.8,3.7,3.7,3.5,3.9,4.2,3.9,3.9,4,4.3,4.2,3.7,3.6,4.1,3.7
2023F,MD,NNEIE,0,0,0,0,0,0,0,0,0,0.4,0.6,0.5,0.4,0.5,0.7,0,0,0,0,0.6,0.3,0.3,0.1,0.1,0.1,0.1,0.1,0.6,0.3,1.3,1.1,1.2,0.8,0.6,0.8,1,0.6,0.9,1.2,1.3,1.6,1,1.2,0.6,0.7,1.1,1.2,1.3,1.1,1,1.7,1.1,2.7,1.4,1.1,2.2,2.7,2.8,5.4,5.3,5.2,5.4,5.3,6.1
2023F,MD,NNICE,0.9,0.9,1.1,1.2,1.3,1.5,1.5,1.7,2,2.1,2.3,2.5,3.2,3.2,3,2.2,2.3,2,1.9,3.1,2.8,3.3,2.9,2.4,3,2.9,2.8,3.1,3.4,3.5,3.3,2.5,2.6,2.6,2.5,2.6,2.6,3.5,2,2,2.1,1.5,1.4,1.2,1.3,1.3,1.2,1.1,1.1,1.3,1.2,1.1,0.9,0.8,0.8,0.8,0.8,0.8,0.9,1,0.9,1,0.9,0.8
2023F,MD,NNRCE,2.5,2.6,2.8,2.9,3,3.1,3.1,3.5,3.6,3.8,4,4,4.1,3.9,3.8,3.7,3.9,3.5,3.8,3.8,3.7,3.8,3.6,3.5,4,3.7,3.9,3.9,4.1,4.1,3.6,3.8,4.1,4.2,4.2,4.2,4.6,4.2,3.7,4.1,4.6,3.9,4.4,5,4.7,4.8,3.9,4.6,4.5,4.5,4.6,4.2,3.9,4.6,5,4.6,4.2,4.2,4.8,4.5,4.3,4.2,4.5,3.9
2023F,MD,NNTCE,3.9,4,4.5,4.7,5,5.3,5.4,6.4,6.8,7.8,8.4,8.6,9.5,9.3,9.2,7.4,7.9,7.1,7.3,9.4,8.5,9.3,8.4,7.8,8.5,8.2,8.3,9.1,9.3,10.4,9.5,9.6,10,9.8,10,10.4,10.6,11.5,10.3,10.7,11.5,9.7,10.7,10.8,10.7,11.2,10,11,10.7,10.8,11.5,10.5,11.5,10.9,11.5,11.9,12.1,12.3,16.5,16.4,15.5,15.8,16.4,16.1
2023F,MD,PMACE,12.1,12.2,14.1,14.2,14.7,15.4,16.3,16,17.6,18.1,19.4,19.4,20.4,21.5,21.1,21.1,22,22.8,23.2,22.6,22.5,23,22.2,21.7,21.8,22.5,23.1,24,24.9,25.6,23.4,23.8,24.4,24.2,24.2,24.5,25.2,26,26.7,28.2,28.6,28.6,28.2,29.5,31,31.8,31.7,31.1,29.8,30.8,30.3,29.4,29.2,29.5,29,29.8,28.9,28.9,29.1,29.1,24,26,24.3,26
2023F,MD,PMCCE,2.3,2.1,2,2.1,2.2,2.3,2.4,2.2,2.2,2.2,2.2,2.7,2.7,2.8,2.4,2.1,2.2,2.2,2.1,2.2,1.9,0.9,1.1,1.6,2,1.2,1.3,2,1.4,1.8,1.5,1.4,1.7,1.5,1.8,1.6,1.7,1.4,1.4,1.2,1.5,1.4,1.3,1.4,1.2,1.1,1,0.7,0.7,0.9,0.9,0.8,0.8,0.8,0.9,1.4,1.2,1.2,1.3,1.4,1.3,1.4,1.4,1.3
2023F,MD,PMEIE,0.1,0.1,0.1,0.1,0.1,0.1,0.1,0.2,0.7,2,5.1,6.9,10.6,12.1,13.2,8.8,8.3,8,9.3,6.9,4.3,3.5,3.1,3,2.7,2.8,2.3,2.4,3.2,5.8,3.5,3.8,2.6,3.9,3.8,1.4,1.4,1.5,3,3.8,2,2.6,1.9,2.9,2.6,3,0.5,0.8,0.4,0.3,0.3,0.2,0.1,0.2,0.4,0.2,0.2,0.1,0.2,0.1,0.1,0.1,0.1,0.1
2023F,MD,PMICE,6.3,5.3,4.9,4.9,5.5,5.9,6.6,5.4,5,5.3,5.4,7.5,7.4,7.8,6,5,5.2,5.4,4.6,5.1,3.7,3.4,2.7,3.4,4.4,2.9,2.7,3,3.1,2.7,2.7,2.2,2.6,2.5,2.7,2.3,2.8,2.1,3.1,3.1,2.5,3.7,3.3,3.5,4.1,3.8,1.9,1.6,1.5,1.1,1,1.1,0.9,1,1.1,1,0.9,0.9,0.9,1,0.9,0.9,1,0.9
2023F,MD,PMRCE,3.7,4.1,4.2,4.3,4.2,4.2,4.2,4.4,4.6,4.5,4.6,4.6,4.5,4.4,4.2,4.3,4.2,4.2,4.1,4.5,4.3,3.4,3.1,3,3.8,3.1,2.8,3.4,3.6,3,2.6,2.5,2.6,2.9,2.8,2.7,3.1,2.8,2.5,2.6,2.6,2.6,2.4,2.5,2.4,2.4,2,1.9,1.9,1.9,2,1.7,1.4,1.6,1.9,1.9,1.3,1.2,1.5,1.2,1.3,1.5,1.5,1.4
2023F,MD,PMTCE,24.5,23.8,25.3,25.5,26.8,27.9,29.6,28.2,30.1,32.1,36.8,41.1,45.7,48.6,46.9,41.3,41.9,42.7,43.2,41.3,36.8,34.1,32.3,32.7,34.7,32.5,32.3,34.7,36.2,38.9,33.8,33.7,33.9,35,35.2,32.5,34.3,33.8,36.8,38.8,37.2,38.9,37.1,39.8,41.3,42.2,37.2,36.1,34.3,35.1,34.4,33.2,32.4,33.1,33.3,34.3,32.5,32.3,33.1,32.9,27.5,29.9,28.3,29.7
2023F,MD,TEACE,12.4,12.3,14.2,14.3,14.8,15.6,16.4,16.1,17.7,18.2,19.5,19.5,20.6,21.7,21.2,21.2,22.1,22.9,23.3,22.7,22.7,23.1,22.3,21.8,21.9,22.6,23.2,24.1,25,25.7,23.6,24,24.6,24.4,24.3,24.7,25.4,26.1,26.9,28.3,28.7,28.7,28.3,29.7,31.1,31.9,31.9,31.3,30,31,30.7,29.8,29.7,29.8,29.4,30.2,29.3,29.3,30.3,30.6,25.4,27.5,25.9,27.5
2023F,MD,TECCE,3,2.8,2.8,3,3.2,3.2,3.3,3.4,3.4,3.6,3.7,4.3,4.5,4.5,4.1,3.5,3.8,3.8,3.6,4.3,3.5,2.7,3,3.5,3.5,2.8,2.8,3.7,3.1,3.3,2.9,3.5,4,3.9,4.3,4.8,4.3,4.2,4.7,4.5,4.7,4.9,4.9,5.3,5.2,5,4.6,4.7,4.7,4.8,4.6,4.6,4.4,4.7,5.1,5.3,5.1,5.2,5.6,5.6,5,5,5.4,5
2023F,MD,TEEIE,7.9,8.4,9.4,10.9,12.2,15.2,16.8,17.9,19.3,19.1,19.6,20,21.6,21.8,23.2,17.8,20.2,18.3,20.5,19.8,18.5,15.9,16.8,18.1,20.8,19.8,21.7,22.9,25.3,29,26.4,26,25.3,27.5,28.3,27.4,27.9,27.9,31.1,32,31.2,30.6,31,31.9,31.1,32.4,29.7,30.5,28.2,24.6,25.2,22.3,19.2,17.5,19.2,16.8,17.3,12,16.3,11.8,9.2,11.2,10.5,8.3
2023F,MD,TEICE,19.5,18.6,19.4,20,21.8,22.2,22.7,21.8,22,23.6,22.6,22.8,21,25.4,19.9,16.5,18.4,14.7,14.8,18,14.7,14.3,12.2,12.4,14.7,12.7,12,13.1,12.8,12.1,11.3,9.6,6.9,6.8,6.9,6.6,7.3,7.5,7,7,6.6,8.3,8,7.6,8.6,8.2,6,5.5,5.4,4.5,4.3,4.3,3.8,3.2,3.4,3.2,2.9,2.9,2.9,3,2.7,2.8,2.7,2.5
2023F,MD,TERCE,6.6,7.1,7.4,7.6,7.7,7.6,7.5,8.1,8.3,8.5,8.7,8.7,8.6,8.4,8,8,8.2,7.8,7.9,8.4,8,7.1,6.7,6.6,7.8,6.9,6.8,7.3,7.8,7.1,6.2,6.3,6.7,7.1,7,6.9,7.8,7.1,6.3,6.7,7.2,6.5,6.8,7.5,7.2,7.2,5.9,6.5,6.3,6.5,6.6,5.9,5.2,6.2,7,6.5,5.5,5.4,6.3,5.8,5.5,5.7,6,5.3
2023F,MD,TETCE,49.4,49.3,53.2,55.9,59.8,63.8,66.7,67.3,70.9,73,74.2,75.3,76.3,81.8,76.4,67.1,72.6,67.5,70.2,73.3,67.4,63.1,61.1,62.4,68.7,64.8,66.5,71.2,74,77.3,70.4,69.3,67.5,69.6,70.8,70.4,72.6,72.8,76,78.6,78.4,78.9,78.9,82,83.2,84.8,78.1,78.4,74.5,71.3,71.4,66.8,62.3,61.5,64,62,60.2,54.8,61.5,56.7,47.8,52.3,50.6,48.6
2023F,ME,CDEGR,,,,,,,,,,,,,,,,,,,,,,,,,,,,,,,,,,,,,,422.6,399.9,399.7,420.2,414,431.2,418.1,408.7,387.1,353.8,348.1,317.9,311.7,296.1,290.9,263.7,276.7,275.3,274.4,258.9,242.2,226.7,215.2,199.4,201.8,205,207.5
2023F,ME,CDTCR,59.6,60.4,60.3,59.3,59.1,59.2,59,59.3,59.4,59.8,61,62.7,62.3,55.1,52.9,49.9,48.6,49.4,47.9,47.1,39.5,38,42.8,34.5,37.1,37.5,42.8,43.9,44.8,39.8,42.5,40.1,41.7,40.4,41.2,45.3,40.8,46.5,47.5,47.4,47.4,47.2,48.4,51,49.7,48.3,47.6,46.4,42.9,44.7,42.7,42,40.7,40.1,40.9,40.7,42.1,41.8,40.9,41,42.8,44.1,45.2,46.5
2023F,ME,CDTPR,13,13.7,13.3,13.2,13.3,12.9,13.5,14.2,15.1,16,16.8,20.3,21.4,20.4,17.7,15,17.1,17.2,15.8,14.4,12.9,12.7,15.3,11.6,13.1,12.7,15.9,14.7,17,15.7,15.3,14.9,15.5,15.1,16.2,15.2,15.5,15.6,15.3,16,17.4,17.4,18.4,18.2,18.3,17.5,16,15.7,14.3,13.8,13.4,13,11.8,12.3,12.3,12.5,12.1,11.4,11,10.7,9.9,10.4,10.8,11.1
2023F,ME,CLACE,0,0,0,0,0,0,0,0,0,0,0,0,0,0,0,0,0,0,0,0,0,0,0,0,0,0,0,0,0,0,0,0,0,0,0,0,0,0,0,0,0,0,0,0,0,0,0,0,0,0,0,0,0,0,0,0,0,0,0,0,0,0,0,0
2023F,ME,CLCCE,0.2,0.2,0.2,0.2,0.1,0.1,0.1,0.1,0.1,0.1,0,0,0,0,0,0,0,0,0,0,0,0.1,0.1,0.1,0.1,0.1,0.1,0.1,0.1,0,0.1,0,0.1,0.1,0,0,0,0,0,0,0,0,0,0,0,0,0,0,0,0,0,0,0,0,0,0,0,0,0,0,0,0,0,0
2023F,ME,CLEIE,0,0,0,0,0,0,0,0,0,0,0,0,0,0,0,0,0,0,0,0,0,0,0,0,0,0,0,0,0,0,0.4,0.6,0.6,0.6,0.6,0.4,0.4,0.4,0.4,0.4,0.4,0.4,0.5,0.4,0.4,0.4,0.4,0.3,0.3,0.1,0.1,0.1,0.1,0.1,0.1,0.2,0.2,0.2,0.2,0.2,0.1,0.2,0.1,0.1
2023F,ME,CLICE,1.4,1.4,1.3,0.8,0.5,0.5,0.4,0.3,0.3,0.3,0.1,0.1,0.1,0.1,0.1,0.1,0.1,0,0,0,0.2,0.2,0.5,0.5,0.4,0.4,0.7,0.5,0.6,0.6,0.5,0.9,1.9,1,1.1,0.7,0.5,0.4,0.3,0.3,0.5,0.3,0.2,0.3,0.3,0.3,0.3,0.3,0.2,0.1,0.1,0.1,0,0.1,0.1,0.1,0,0,0.1,0,0,0,0,0
2023F,ME,CLRCE,0.3,0.3,0.2,0.2,0.2,0.2,0.2,0.1,0.1,0.1,0.1,0,0,0,0,0,0,0,0,0,0,0,0,0,0,0,0,0,0,0,0,0,0,0,0,0,0,0,0,0,0,0,0,0,0,0,0,0,0,0,0,0,0,0,0,0,0,0,0,0,0,0,0,0
2023F,ME,CLTCE,1.9,1.9,1.7,1.2,0.8,0.8,0.7,0.5,0.4,0.4,0.2,0.2,0.1,0.1,0.2,0.1,0.1,0.1,0.1,0.1,0.3,0.3,0.7,0.6,0.5,0.5,0.9,0.6,0.7,0.6,1,1.5,2.6,1.6,1.7,1,0.9,0.8,0.7,0.7,0.9,0.7,0.8,0.7,0.7,0.7,0.6,0.6,0.6,0.2,0.2,0.1,0.1,0.2,0.2,0.2,0.2,0.2,0.2,0.2,0.2,0.2,0.1,0.1
2023F,ME,FFACE,4.8,5,5,5.2,5.1,4.9,5.4,5.3,5.7,5.8,6.3,6.7,7.8,8,6.9,6.6,6.9,7,7,6.7,5.9,5.9,6.1,6,6.4,6.7,7.2,7.8,8.8,7.9,8.3,7.6,7.5,7.5,7.7,7.3,7.5,7.9,7.7,8,8.6,7.6,8.7,9.4,8.7,9.3,9.4,9,8,8.4,8.1,8,7.7,8.5,8.6,8.6,8.5,8.1,7.2,7.2,6.6,7.1,7.3,7.9
2023F,ME,FFCCE,0.8,0.9,0.9,0.9,0.8,0.8,0.8,0.9,0.9,1,1,1.2,1.3,1.2,1.1,1,1.3,1.4,1.2,1.1,1.3,1.1,1.2,1.2,1.5,1.2,1.7,1.4,2.2,2,2.2,2.2,1.8,1.8,1.8,1.5,1.7,1.7,1.7,1.6,1.9,1.6,1.8,2.3,2.2,2.1,1.8,2.2,2.2,1.8,1.7,1.9,1.6,1.6,1.7,1.8,1.6,1.7,1.7,1.8,1.6,1.8,1.8,1.8
2023F,ME,FFEIE,0.9,1.1,1.3,1.2,1.5,2.1,2.1,2.2,2.4,2.3,2.3,2.4,2.7,2.4,1.9,1.3,0.9,0.6,0.8,1.1,1.7,1.8,1.5,1.7,1.7,1.6,2.1,2.1,2.3,2.5,2.1,1.7,1.6,1.3,1.2,1.2,1.1,1.7,1.9,3.3,3.5,5.7,5.9,4.8,4.5,3.8,2.7,2.6,2.5,2.4,2.6,2.1,1.7,1.4,1.7,1.6,1.5,1,1.1,0.7,0.7,1.3,1.7,1.6
2023F,ME,FFICE,2.9,2.8,2.3,1.8,2.3,1.5,1.8,2.1,1.9,2.6,3,6.1,6,5.6,4.8,3.2,4.9,5.1,4.2,3.8,2.6,3.1,6.2,2.8,3.5,2.3,4.4,3.1,3.7,3.5,3.3,3.9,5.3,5,6.2,4.9,5,4.4,3.7,3.4,4.3,3.5,3.9,2.4,3.4,3.1,3.3,3.3,3.2,2.8,2.7,2.6,2.4,2.3,1.9,1.6,1.4,1.4,1.5,1.7,1.7,1.6,1.6,1.4
2023F,ME,FFRCE,3.2,3.8,3.8,4,3.5,3.6,3.3,3.8,4.1,4.2,4.2,4.2,4.4,4.1,4,3.8,4.6,4.8,4.3,3.5,3,2.4,2.4,1.6,2.1,2.8,3.1,3.1,3.4,3.2,3,3,3,3.1,3.2,3.9,4.1,3.9,4.2,4,3.9,3.9,3.5,4.8,5.2,4.7,4,3.9,3.1,2.9,2.7,2.7,2.3,2.4,2.6,3.1,3,3,3.1,3,2.9,2.7,2.7,2.8
2023F,ME,FFTCE,12.7,13.7,13.3,13.1,13.3,12.9,13.4,14.3,15,15.8,16.8,20.6,22.1,21.3,18.7,16.1,18.6,19,17.6,16.2,14.6,14.3,17.4,13.3,15.2,14.8,18.6,17.4,20.4,19.1,18.9,18.4,19.2,18.8,20.1,18.8,19.3,19.6,19.3,20.2,22.3,22.4,23.9,23.8,24.1,23.1,21.2,20.9,19,18.3,17.8,17.3,15.6,16.3,16.4,16.6,16.1,15.3,14.7,14.4,13.4,14.4,15,15.6
2023F,ME,NNACE,0,0,0,0,0,0,0,0,0,0,0,0,0,0,0,0,0,0,0,0,0,0,0,0,0,0,0,0,0,0,0,0,0,0,0,0,0,0,0,0,0,0.1,0,0,0,0,0,0,0.1,0,0.1,0.1,0,0,0.1,0.1,0,0,0,0.1,0.1,0.1,0.1,0.1
2023F,ME,NNCCE,0,0,0,0,0,0,0,0,0,0,0,0,0,0,0,0,0,0,0,0,0,0.1,0.1,0.1,0.1,0.1,0.1,0.1,0.1,0.1,0.1,0.1,0.1,0.1,0.1,0.1,0.1,0.1,0.1,0.1,0.2,0.2,0.3,0.3,0.3,0.3,0.3,0.3,0.3,0.3,0.3,0.4,0.4,0.4,0.5,0.5,0.5,0.5,0.5,0.5,0.5,0.5,0.5,0.5
2023F,ME,NNEIE,0,0,0,0,0,0,0,0,0,0,0,0,0,0,0,0,0,0,0,0,0,0,0,0,0,0,0,0,0,0,0,0,0,0,0,0,0,0,0,0,1.5,4.4,5,3.3,3.5,2.7,2.3,1.9,2.1,2,2.2,1.9,1.6,1.1,1.3,1,1.2,0.7,0.8,0.5,0.5,1.1,1.4,1.4
2023F,ME,NNICE,0,0,0,0,0,0,0,0,0,0,0,0,0,0,0,0,0,0,0,0,0,0,0,0,0,0,0,0,0.1,0.1,0.1,0.1,0.1,0.1,0.1,0.1,0.1,0.1,0.1,0.1,0.8,0.7,1.3,0.2,0.9,0.4,1,1.2,1.4,1.4,1.5,1.5,1.6,1.7,1.3,1.1,1,0.9,1,1.1,1.2,1.2,1.1,1
2023F,ME,NNRCE,0,0,0,0,0,0,0,0,0,0,0,0,0,0,0,0,0,0,0,0,0,0,0,0,0,0,0,0,0,0,0,0,0,0,0,0,0.1,0.1,0,0.1,0.1,0.1,0.1,0.1,0.1,0.1,0.1,0.1,0.1,0.1,0.1,0.1,0.1,0.1,0.1,0.1,0.1,0.2,0.2,0.2,0.2,0.2,0.2,0.2
2023F,ME,NNTCE,0,0,0,0,0,0,0,0,0,0.1,0.1,0.1,0.1,0.1,0.1,0.1,0.1,0.1,0.1,0.1,0.1,0.1,0.1,0.1,0.1,0.1,0.1,0.1,0.2,0.2,0.2,0.3,0.3,0.3,0.3,0.3,0.3,0.3,0.3,0.3,2.5,5.3,6.7,3.9,4.7,3.4,3.6,3.5,3.9,3.9,4.3,3.9,3.7,3.4,3.3,2.8,2.8,2.3,2.5,2.4,2.4,3,3.3,3.2
2023F,ME,PMACE,4.7,5,5,5.2,5.1,4.9,5.4,5.3,5.7,5.8,6.3,6.7,7.8,8,6.9,6.6,6.9,7,7,6.7,5.9,5.9,6.1,6,6.4,6.7,7.2,7.8,8.8,7.9,8.3,7.6,7.5,7.5,7.7,7.3,7.5,7.9,7.7,8,8.6,7.6,8.7,9.4,8.7,9.3,9.3,8.9,8,8.3,8,7.9,7.6,8.5,8.5,8.5,8.5,8.1,7.2,7.1,6.5,7,7.2,7.8
2023F,ME,PMCCE,0.6,0.7,0.7,0.7,0.7,0.7,0.7,0.8,0.8,0.9,1,1.1,1.2,1.1,1.1,1,1.2,1.3,1.2,1,1.2,1,1,1.1,1.3,1.1,1.6,1.2,2,1.9,2.1,2.1,1.6,1.6,1.7,1.4,1.5,1.5,1.6,1.4,1.7,1.4,1.5,2.1,1.9,1.8,1.5,1.8,1.9,1.5,1.4,1.5,1.2,1.2,1.2,1.2,1.2,1.2,1.2,1.2,1.1,1.3,1.2,1.3
2023F,ME,PMEIE,0.9,1.1,1.3,1.2,1.5,2.1,2.1,2.2,2.4,2.3,2.3,2.4,2.7,2.4,1.9,1.3,0.9,0.6,0.8,1.1,1.7,1.8,1.5,1.7,1.7,1.6,2.1,2.1,2.3,2.5,1.7,1.1,1.1,0.7,0.6,0.9,0.7,1.3,1.6,2.9,1.6,0.9,0.4,1,0.6,0.7,0.1,0.3,0.2,0.2,0.2,0.1,0.1,0.2,0.2,0.4,0.1,0.1,0.2,0,0,0,0.2,0.1
2023F,ME,PMICE,1.5,1.4,1,1,1.8,1,1.4,1.7,1.6,2.3,2.9,5.9,5.9,5.5,4.6,3.1,4.9,5,4.1,3.7,2.3,2.9,5.7,2.3,3.1,1.9,3.6,2.5,3.1,2.9,2.7,3,3.3,3.9,5.1,4.1,4.3,3.8,3.2,3,3,2.6,2.4,2,2.3,2.5,2.1,1.9,1.5,1.3,1.1,1,0.7,0.6,0.5,0.4,0.4,0.4,0.5,0.5,0.4,0.5,0.5,0.4
2023F,ME,PMRCE,3,3.5,3.6,3.8,3.3,3.4,3.1,3.7,4,4.1,4.1,4.2,4.4,4.1,3.9,3.8,4.5,4.8,4.3,3.5,3,2.4,2.3,1.6,2,2.8,3.1,3.1,3.4,3.2,2.9,3,3,3.1,3.2,3.9,4,3.9,4.2,4,3.9,3.9,3.5,4.8,5.2,4.6,4,3.8,3.1,2.9,2.6,2.7,2.2,2.3,2.4,2.9,2.8,2.8,3,2.9,2.7,2.5,2.5,2.6
2023F,ME,PMTCE,10.7,11.8,11.6,11.9,12.5,12.1,12.7,13.7,14.5,15.4,16.5,20.3,21.9,21.1,18.5,15.8,18.4,18.8,17.5,16,14.2,13.9,16.6,12.6,14.5,14.1,17.5,16.6,19.6,18.3,17.7,16.7,16.3,16.9,18.2,17.5,18.1,18.4,18.3,19.2,18.8,16.3,16.5,19.2,18.7,19,17,16.7,14.6,14.3,13.3,13.2,11.8,12.7,12.9,13.5,13,12.7,12,11.8,10.8,11.2,11.6,12.3
2023F,ME,TEACE,4.8,5,5,5.2,5.1,4.9,5.4,5.3,5.7,5.8,6.3,6.7,7.8,8,6.9,6.6,6.9,7,7,6.7,5.9,5.9,6.1,6,6.4,6.7,7.2,7.8,8.8,7.9,8.3,7.6,7.5,7.5,7.7,7.3,7.5,7.9,7.7,8,8.6,7.6,8.7,9.4,8.7,9.3,9.4,9,8,8.4,8.1,8,7.7,8.5,8.6,8.6,8.5,8.1,7.2,7.2,6.6,7.1,7.3,7.9
2023F,ME,TECCE,0.8,0.9,0.9,0.9,0.8,0.8,0.8,0.9,0.9,1,1,1.2,1.3,1.2,1.1,1,1.3,1.4,1.2,1.1,1.3,1.1,1.2,1.2,1.5,1.2,1.7,1.4,2.2,2,2.2,2.2,1.8,1.8,1.8,1.5,1.7,1.7,1.7,1.6,1.9,1.6,1.8,2.3,2.2,2.1,1.8,2.2,2.2,1.8,1.7,1.9,1.6,1.6,1.7,1.8,1.6,1.7,1.7,1.8,1.6,1.8,1.8,1.8
2023F,ME,TEEIE,0.9,1.1,1.3,1.2,1.5,2.1,2.1,2.2,2.4,2.3,2.3,2.4,2.7,2.4,1.9,1.3,0.9,0.6,0.8,1.1,1.7,1.8,1.5,1.7,1.7,1.6,2.1,2.1,2.3,2.5,2.1,1.7,1.6,1.3,1.2,1.2,1.1,1.7,1.9,3.3,3.5,5.7,5.9,4.8,4.5,3.8,2.7,2.6,2.5,2.4,2.6,2.1,1.7,1.4,1.7,1.6,1.5,1,1.1,0.7,0.7,1.3,1.7,1.6
2023F,ME,TEICE,2.9,2.8,2.3,1.8,2.3,1.5,1.8,2.1,1.9,2.6,3,6.1,6,5.6,4.8,3.2,4.9,5.1,4.2,3.8,2.6,3.1,6.2,2.8,3.5,2.3,4.4,3.1,3.7,3.5,3.3,3.9,5.3,5,6.2,4.9,5,4.4,3.7,3.4,4.3,3.5,3.9,2.4,3.4,3.1,3.3,3.3,3.2,2.8,2.7,2.6,2.4,2.3,1.9,1.6,1.4,1.4,1.5,1.7,1.7,1.6,1.6,1.4
2023F,ME,TERCE,3.2,3.8,3.8,4,3.5,3.6,3.3,3.8,4.1,4.2,4.2,4.2,4.4,4.1,4,3.8,4.6,4.8,4.3,3.5,3,2.4,2.4,1.6,2.1,2.8,3.1,3.1,3.4,3.2,3,3,3,3.1,3.2,3.9,4.1,3.9,4.2,4,3.9,3.9,3.5,4.8,5.2,4.7,4,3.9,3.1,2.9,2.7,2.7,2.3,2.4,2.6,3.1,3,3,3.1,3,2.9,2.7,2.7,2.8
2023F,ME,TETCE,12.7,13.7,13.3,13.1,13.3,12.9,13.4,14.3,15,15.8,16.8,20.6,22.1,21.3,18.7,16.1,18.6,19,17.6,16.2,14.6,14.3,17.4,13.3,15.2,14.8,18.6,17.4,20.4,19.1,18.9,18.4,19.2,18.8,20.1,18.8,19.3,19.6,19.3,20.2,22.3,22.4,23.9,23.8,24.1,23.1,21.2,20.9,19,18.3,17.8,17.3,15.6,16.3,16.4,16.6,16.1,15.3,14.7,14.4,13.4,14.4,15,15.6
2023F,MI,CDEGR,,,,,,,,,,,,,,,,,,,,,,,,,,,,,,,,,,,,,,450.4,440.5,432.4,414.6,417.8,405.3,392.2,389.2,384.7,370.4,376.5,385.4,395.6,379.8,357.9,335.5,346.7,341.5,334.5,308,307.4,315.9,304.6,271.7,277.9,283.4,254.6
2023F,MI,CDTCR,72.5,72.1,72.4,73.2,73.1,72.9,72.6,71.8,72.2,71.4,70.5,70.3,69.5,68.4,68.2,67.5,66.3,66.3,64.9,64.9,63.4,63.2,63.4,63.1,64.5,64.9,65.6,65.4,64.2,63.1,63.6,61.2,62.1,60.3,64,61.3,61,61.8,65.4,64.5,63.2,62,60.5,61.4,60.7,60.1,61.1,60.7,60.1,61.5,59.9,58,58,57.9,56.8,56.7,54.4,54.8,55.1,54,52.4,53.4,54.7,52.3
2023F,MI,CDTPR,16.6,16.6,17.7,18.4,18.7,19.4,20.4,20.5,21.5,21.8,21,21.5,22.1,22,20.9,21,21.2,20.2,20.5,20.4,19.4,18.5,17.4,17.1,18,18.3,18.6,18.9,19.6,19.2,19.3,18.9,18.6,18.6,19.3,19.4,19.8,19.4,19.3,20,19.5,19,18.8,18.6,18.8,18.9,17.9,18.2,17.6,16.6,17,16.4,15.7,16.5,16.5,16.5,15.5,15.6,16.3,15.9,13.5,14.7,15.3,14
2023F,MI,CLACE,0.5,0.1,0.1,0.1,0.1,0.1,0.1,0.1,0.1,0.1,0,0,0,0,0,0,0,0,0,0,0,0,0,0,0,0,0,0,0,0,0,0,0,0,0,0,0,0,0,0,0,0,0,0,0,0,0,0,0,0,0,0,0,0,0,0,0,0,0,0,0,0,0,0
2023F,MI,CLCCE,2.3,2.4,2.3,2,1.6,1.8,1.9,1.4,1.4,1.2,0.9,1,0.8,0.9,0.7,0.6,0.7,0.6,0.5,0.2,0.6,0.3,0.5,0.3,0.6,0.5,0.5,0.2,0.3,0.3,0.5,0.5,0.4,0.5,0.6,0.5,0.6,0.4,0.3,0,0,0,0.5,0.1,0.4,0.3,0,0.4,0.5,0.6,0.4,0.4,0.2,0.2,0.2,0.1,0,0,0,0,0,0,0,0
2023F,MI,CLEIE,24.4,24.3,28.4,31.3,34.2,38,43.5,45.5,49.4,51.5,46.3,47.2,47.3,47,46.4,47.1,45.9,47.1,47.2,52,50.6,52.3,49.6,50.8,54.4,57.6,60.3,67.9,66.2,63.4,63.1,63.3,59.7,59.9,65.2,63.8,64.8,64.7,69,67.8,66.2,65.8,63.1,64.3,66.1,68.7,66.2,68.8,68,65.2,64.7,59.3,53.5,56.2,52.9,53.1,41.3,42.6,43.3,38,29,37.4,36.1,22.9
2023F,MI,CLICE,31,29.9,31.5,35.3,35.6,36,36.8,33.4,35.6,31.6,29.9,29.9,30.8,26.3,19.5,22.8,20.9,17.5,15.6,19.4,20.3,18.9,17.1,15.7,15.7,15.8,16,11.6,12.3,11.2,11.1,8.7,7.2,7.4,10,10.2,10.1,8.9,9.2,11.2,9.8,9.2,6.8,6.9,7.3,7.2,7.5,7.1,7.7,4.4,6.2,6.2,5.6,6.3,5.9,5.7,3.6,5,5,4.6,2.9,4.2,4.4,4.4
2023F,MI,CLRCE,3.4,3.4,3.3,2.8,2.2,2.4,2.5,1.9,1.7,1.5,1.1,1,0.6,0.5,0.3,0.3,0.3,0.2,0.1,0.1,0.2,0.1,0.1,0.1,0.1,0.1,0.1,0.1,0.1,0.1,0.1,0.1,0.1,0.1,0.1,0.1,0.1,0,0,0,0,0,0.1,0,0,0,0,0,0,0,0,0,0,0,0,0,0,0,0,0,0,0,0,0
2023F,MI,CLTCE,61.6,60.1,65.7,71.6,73.6,78.3,84.7,82.2,88.2,85.8,78.2,79,79.6,74.6,67.1,70.8,67.7,65.4,63.5,71.7,71.7,71.6,67.2,66.9,70.8,74,77,79.8,78.9,75.1,74.8,72.7,67.4,67.9,75.9,74.6,75.5,74.1,78.5,79,76,75.1,70.4,71.3,73.8,76.3,73.7,76.3,76.2,70.2,71.4,65.8,59.2,62.7,58.9,58.9,44.9,47.6,48.3,42.7,31.9,41.6,40.4,27.4
2023F,MI,FFACE,27.4,27.5,28.7,30.4,31.9,33,35.4,37.2,40.5,42.8,41.9,42.8,46.6,48.6,47,46.7,49.2,50.4,51.3,48.8,43.8,42.3,39.9,40.5,42.2,43.2,44.6,46.9,48.6,48.1,48,48.8,49.2,51.8,51.8,53.3,54,55.1,56.4,58.8,57.3,56.4,57.6,55.9,56.2,55.4,55.3,54.5,50,48.7,50.4,49.4,48.4,50.3,49.7,51.4,51.9,51.1,52.8,52,43.3,47.2,47.3,47
2023F,MI,FFCCE,7,7.1,8.3,8.1,7.9,8.7,9.3,9.4,9.9,10.4,10.3,11.3,12.2,13.3,13.4,12.8,12.9,10.3,10.7,11.6,12.7,11.3,11.1,10.6,11.1,10.5,9.7,11.7,11.2,11.6,10.5,10.7,10.9,11.1,11.4,12,12.5,11.9,10.1,10.7,11.2,10.6,11,11.2,10.8,10.6,9.2,10,10.6,10.3,9.4,10,8.7,10.3,12,10.7,10.2,10.5,11.4,11.8,10.6,10.7,11.7,10.6
2023F,MI,FFEIE,24.9,24.9,28.7,31.7,34.5,38.4,44,46.2,50.3,53,52.3,55,54.2,54.9,55.6,56.9,55.5,55.7,58.3,60.7,56.5,55.8,51.2,51.6,55.3,58.4,61.3,68.8,67.7,65.2,67.4,67.7,64.5,65.2,70.7,69.9,71.9,71.8,76.8,76,73.7,73.5,71.9,70.7,74,76.5,72.4,76,73.4,70,71.1,65.6,63.5,62.7,60.2,63,55.5,55.8,59,54.6,47,52.9,56,47.5
2023F,MI,FFICE,48.3,48.1,49.7,53.7,55,57.2,59.1,56.9,58.3,56.9,53.4,53.8,55.4,53.3,45.3,47.2,47.4,42.5,40.6,41.6,40.4,36.6,32.5,30.4,31.6,31.7,31.8,24.9,29.3,28.2,31.8,28.6,28.9,25.4,27.8,28.1,28.7,27.1,25.7,29.1,27.4,25.4,23.5,23.4,23.7,23.5,22.3,20.2,19.9,15.2,17.8,18.1,18,20,19.9,19.6,17.8,18.9,19,18.9,15.9,17.6,18.3,17.9
2023F,MI,FFRCE,22.8,23.8,24.8,24.2,23.6,25.1,26.3,27.3,28,28.7,28.9,29.9,31.2,30,29.2,28.3,28.6,26.2,27.8,26,26,23.9,23.4,22.1,22.4,22.6,22.4,21.4,23.7,24.6,21.7,22.3,23.2,24.1,23.6,24.4,26.1,24.9,21,23.3,24.2,23.6,24.9,26,24,24,20,21.1,21.6,20.5,18.9,19.5,16.8,20.7,21.9,19.4,18.6,18.9,21,21.5,19.6,19,20.8,18.2
2023F,MI,FFTCE,130.4,131.3,140.3,148.1,152.9,162.4,174,176.9,187,191.8,186.9,192.8,199.6,200.2,190.5,191.9,193.6,185,188.7,188.7,179.4,169.9,158.2,155.1,162.4,166.4,169.9,173.7,180.5,177.7,179.4,178,176.8,177.5,185.1,187.7,193.1,190.7,190,197.9,193.9,189.4,188.8,187.1,188.8,190,179.2,181.8,175.4,164.7,167.6,162.5,155.5,163.9,163.8,164.1,154,155.2,163.3,158.7,136.4,147.4,154.1,141.1
2023F,MI,NNACE,0.1,0.1,0.1,0.1,0.2,0.2,0.4,0.5,0.4,0.5,0.6,0.8,0.9,0.7,0.6,0.6,0.6,0.6,0.2,0.7,0.7,0.7,0.7,0.4,0.6,0.6,0.8,0.7,1,0.9,1,1.1,1.2,1.3,1.2,1.4,1.4,1.3,1.2,1.2,1.5,1.2,1.5,1.5,1.5,1.5,1.4,1.4,1.3,1.3,1.4,1.3,1.1,1,1.1,1.1,0.9,1.1,1.2,1.6,1.3,1.5,1.6,1.3
2023F,MI,NNCCE,2.4,2.4,3.5,3.7,4,4.6,5.1,5.8,6.3,7,7.1,7.9,8.7,9.9,10.3,9.9,9.7,7.1,7.7,9.9,10.3,9.5,9.3,8.8,8.7,8.5,7.4,10.1,9.2,9.8,8.6,8.9,9.4,9.7,9.9,10.5,10.8,10.4,8.8,9.7,10.1,9.5,9.5,10.2,9.5,9.4,8.3,8.9,9.3,8.9,8.2,8.8,7.8,9.3,10.1,9.2,8.8,9,10,10.2,9,9,10,9.1
2023F,MI,NNEIE,0.3,0.4,0.1,0.1,0.1,0.2,0.1,0.3,0.4,0.8,3.5,3.8,2.5,2.3,2.8,2.5,2.2,1.2,1.5,1.4,1,0.7,0.4,0.1,0.3,0.2,0.2,0.2,0.1,0.4,3.6,3.8,4.3,4.6,4.8,5.4,6.3,6.5,6.8,6.9,6.6,7,7.8,5.5,7.2,7,5.9,6.7,5,4.5,6.1,6.1,9.8,6,6.1,9,13.3,11.7,14.1,15.4,16.8,14,17.9,22.9
2023F,MI,NNICE,6.2,7.3,7.4,7.7,8.7,10,11.7,13.7,13.2,15.1,13.6,14.3,14.5,17.2,16.9,15.8,16,14,14.5,14.3,13,12.1,10.1,9.3,10.3,9.9,9.5,7.1,10.6,10.8,15.2,14.7,16.3,12.9,12.5,13.2,13.5,13.3,11.7,13,13,12.3,13.1,11.9,11.6,11.7,10.5,8.2,7.8,7.2,8,8.3,8.8,9.4,9.9,9.4,9.4,9.4,9.7,9.6,8.6,8.8,9.3,9
2023F,MI,NNRCE,11.1,12,12.9,13,13.5,14.6,15.5,16.3,17,17.9,18.3,18.5,19.4,18.7,18.8,18.2,18.4,16.2,17.7,20,20.9,19.6,19.5,18.7,18.3,18.4,18.1,17.1,19.1,20.1,17.7,18.2,19.3,20,19.7,20.5,21.4,20.5,17.3,18.9,19.9,18.7,19.9,21.1,19.7,19.3,17,17.8,18.6,17.7,16.4,17.1,14.9,18.1,19.1,17.1,16.2,16.6,18.1,18.6,17.1,16.6,18.4,15.9
2023F,MI,NNTCE,20.1,22.2,24.1,24.7,26.5,29.5,32.8,36.6,37.3,41.3,43.1,45.3,46.1,48.7,49.4,46.9,46.9,39.1,41.6,46.2,45.9,42.6,40.1,37.3,38.2,37.7,36.1,35.2,40.1,41.9,46.1,46.7,50.5,48.6,48.2,51,53.5,51.9,45.8,49.8,51.1,48.6,51.8,50.1,49.5,48.9,43.1,43,42.1,39.6,40.1,41.6,42.4,43.8,46.3,45.7,48.6,47.7,53.1,55.4,52.8,49.9,57.2,58
2023F,MI,PMACE,26.8,27.2,28.5,30.1,31.5,32.7,34.9,36.7,40,42.3,41.3,41.9,45.7,48,46.4,46.2,48.6,49.7,51.1,48.1,43.1,41.6,39.2,40.1,41.6,42.7,43.8,46.2,47.5,47.2,47,47.7,48,50.5,50.5,51.9,52.5,53.8,55.2,57.6,55.9,55.2,56.1,54.4,54.7,53.9,53.9,53.1,48.7,47.4,49,48.1,47.3,49.2,48.6,50.3,51,50.1,51.6,50.4,41.9,45.8,45.7,45.7
2023F,MI,PMCCE,2.3,2.4,2.4,2.4,2.3,2.3,2.3,2.1,2.2,2.3,2.3,2.4,2.7,2.5,2.4,2.3,2.5,2.6,2.5,1.5,1.8,1.5,1.4,1.5,1.8,1.6,1.8,1.3,1.6,1.5,1.4,1.2,1.1,0.9,0.9,1,1.1,1.1,1,0.9,1,1.2,0.9,1,0.9,0.9,0.8,0.7,0.8,0.8,0.7,0.8,0.7,0.8,1.8,1.4,1.4,1.5,1.4,1.6,1.6,1.7,1.7,1.5
2023F,MI,PMEIE,0.2,0.2,0.2,0.2,0.2,0.2,0.3,0.5,0.5,0.7,2.5,4.1,4.5,5.6,6.4,7.3,7.4,7.4,9.6,7.3,4.9,2.8,1.2,0.6,0.6,0.5,0.8,0.7,1.4,1.4,0.7,0.6,0.5,0.6,0.7,0.7,0.7,0.6,1,1.3,1,0.7,1,0.8,0.7,0.8,0.4,0.5,0.4,0.3,0.3,0.3,0.2,0.5,1.2,1,0.9,1.4,1.6,1.1,1.1,1.4,2.1,1.6
2023F,MI,PMICE,11.1,10.9,10.8,10.7,10.8,11.2,10.6,9.7,9.5,10.2,9.9,9.6,10,9.8,8.9,8.5,10.5,11,10.4,7.9,7.1,5.6,5.3,5.4,5.5,5.9,6.3,6.2,6.4,6.2,5.5,5.1,5.4,5,5.2,4.7,5.1,4.9,4.8,5,4.6,3.9,3.7,4.6,4.8,4.6,4.3,4.9,4.3,3.6,3.6,3.6,3.6,4.2,4.2,4.5,4.7,4.6,4.4,4.6,4.4,4.6,4.7,4.5
2023F,MI,PMRCE,8.3,8.4,8.6,8.4,8,8.2,8.3,9,9.3,9.2,9.5,10.4,11.2,10.8,10,9.9,9.9,9.8,9.9,5.9,4.9,4.3,3.8,3.3,3.9,4,4.1,4.2,4.5,4.4,3.9,4,3.8,4,3.8,3.8,4.6,4.3,3.7,4.3,4.3,4.8,4.9,4.9,4.3,4.7,3,3.3,3,2.8,2.5,2.4,1.9,2.6,2.8,2.3,2.4,2.4,2.9,3,2.5,2.4,2.4,2.3
2023F,MI,PMTCE,48.8,49.1,50.5,51.8,52.8,54.6,56.5,58.1,61.6,64.7,65.6,68.4,74,76.8,74,74.2,79,80.5,83.6,70.8,61.8,55.7,50.9,50.9,53.4,54.7,56.9,58.7,61.5,60.8,58.4,58.6,58.9,61,61.1,62.1,64.1,64.7,65.8,69.1,66.8,65.8,66.5,65.7,65.5,64.8,62.4,62.5,57.2,54.9,56.2,55.1,53.8,57.4,58.6,59.5,60.4,60,61.9,60.6,51.7,55.9,56.5,55.7
2023F,MI,TEACE,27.4,27.5,28.7,30.4,31.9,33,35.4,37.2,40.5,42.8,41.9,42.8,46.6,48.6,47,46.7,49.2,50.4,51.3,48.8,43.8,42.3,39.9,40.5,42.2,43.2,44.6,46.9,48.6,48.1,48,48.8,49.2,51.8,51.8,53.3,54,55.1,56.4,58.8,57.3,56.4,57.6,55.9,56.2,55.4,55.3,54.5,50,48.7,50.4,49.4,48.4,50.3,49.7,51.4,51.9,51.1,52.8,52,43.3,47.2,47.3,47
2023F,MI,TECCE,7,7.1,8.3,8.1,7.9,8.7,9.3,9.4,9.9,10.4,10.3,11.3,12.2,13.3,13.4,12.8,12.9,10.3,10.7,11.6,12.7,11.3,11.1,10.6,11.1,10.5,9.7,11.7,11.2,11.6,10.5,10.7,10.9,11.1,11.4,12,12.5,11.9,10.1,10.7,11.2,10.6,11,11.2,10.8,10.6,9.2,10,10.6,10.3,9.4,10,8.7,10.3,12,10.7,10.2,10.5,11.4,11.8,10.6,10.7,11.7,10.6
2023F,MI,TEEIE,24.9,24.9,28.7,31.7,34.5,38.4,44,46.2,50.3,53,52.3,55,54.2,54.9,55.6,56.9,55.5,55.7,58.3,60.7,56.5,55.8,51.2,51.6,55.3,58.4,61.3,68.8,67.7,65.2,67.4,67.7,64.5,65.2,70.7,69.9,71.9,71.8,76.8,76,73.7,73.5,71.9,70.7,74,76.5,72.4,76,73.4,70,71.1,65.6,63.5,62.7,60.2,63,55.5,55.8,59,54.6,47,52.9,56,47.5
2023F,MI,TEICE,48.3,48.1,49.7,53.7,55,57.2,59.1,56.9,58.3,56.9,53.4,53.8,55.4,53.3,45.3,47.2,47.4,42.5,40.6,41.6,40.4,36.6,32.5,30.4,31.6,31.7,31.8,24.9,29.3,28.2,31.8,28.6,28.9,25.4,27.8,28.1,28.7,27.1,25.7,29.1,27.4,25.4,23.5,23.4,23.7,23.5,22.3,20.2,19.9,15.2,17.8,18.1,18,20,19.9,19.6,17.8,18.9,19,18.9,15.9,17.6,18.3,17.9
2023F,MI,TERCE,22.8,23.8,24.8,24.2,23.6,25.1,26.3,27.3,28,28.7,28.9,29.9,31.2,30,29.2,28.3,28.6,26.2,27.8,26,26,23.9,23.4,22.1,22.4,22.6,22.4,21.4,23.7,24.6,21.7,22.3,23.2,24.1,23.6,24.4,26.1,24.9,21,23.3,24.2,23.6,24.9,26,24,24,20,21.1,21.6,20.5,18.9,19.5,16.8,20.7,21.9,19.4,18.6,18.9,21,21.5,19.6,19,20.8,18.2
2023F,MI,TETCE,130.4,131.3,140.3,148.1,152.9,162.4,174,176.9,187,191.8,186.9,192.8,199.6,200.2,190.5,191.9,193.6,185,188.7,188.7,179.4,169.9,158.2,155.1,162.4,166.4,169.9,173.7,180.5,177.7,179.4,178,176.8,177.5,185.1,187.7,193.1,190.7,190,197.9,193.9,189.4,188.8,187.1,188.8,190,179.2,181.8,175.4,164.7,167.6,162.5,155.5,163.9,163.8,164.1,154,155.2,163.3,158.7,136.4,147.4,154.1,141.1
2023F,MN,CDEGR,,,,,,,,,,,,,,,,,,,,,,,,,,,,,,,,,,,,,,405.9,385.6,374.4,372,359.5,360.5,362.3,342.3,336.5,327.2,330,322.9,309,297.7,288.6,267.9,274.1,281.5,256.2,257.3,254.9,256.3,245.1,215.5,218.3,218.8,206.8
2023F,MN,CDTCR,65.8,65.3,65.2,65.5,65.7,65.5,66,65.3,64.8,65.5,65.2,63.5,62.4,62.8,62.4,59.7,60.6,61.3,60,58.5,59.9,59.6,58.6,57.2,60,57.4,56.4,58.8,60.5,61.4,60.4,59.6,59.5,59.4,59.2,58.1,59.2,59.2,59.6,58.5,59.2,59.3,59.3,61.2,59.8,59,58.6,57.9,57.2,55.7,54.5,54.7,53.4,54,53.9,52.8,52.1,52.6,52.6,50.9,49.4,50.5,49.9,49.8
2023F,MN,CDTPR,14,13.8,14.3,14.5,15.2,15.7,16.7,16.2,16.9,18.2,18.2,17.8,18.8,19.5,19.1,18.5,19.6,19.9,20.1,18.9,17.4,16.3,15.7,15.2,16.3,15.9,15.3,16.2,17.9,18.4,18,17.8,17.9,18.5,18.7,19.1,19.9,19.2,19,19,19.9,19,19.3,20.1,19.8,19.8,19.2,19.3,19,17.4,17.3,17,16,16.7,17.5,16.1,16.3,16.2,16.7,16.1,13.5,14.4,14.7,14
2023F,MN,CLACE,0.1,0,0,0,0,0,0,0,0,0,0,0,0,0,0,0,0,0,0,0,0,0,0,0,0,0,0,0,0,0,0,0,0,0,0,0,0,0,0,0,0,0,0,0,0,0,0,0,0,0,0,0,0,0,0,0,0,0,0,0,0,0,0,0
2023F,MN,CLCCE,0.8,0.8,0.6,0.6,0.5,0.6,0.6,0.6,0.6,0.8,0.5,0.5,0.3,0.3,0.4,0.3,0.2,0.2,0.3,0.4,0.2,0.2,0.2,0.3,0.3,0.3,0.3,0.2,0.3,0.4,0.2,0.1,0,0.2,0.4,0.4,0.2,0.2,0.1,0,0,0,0.2,0,0,0.1,0.1,0.1,0.1,0.1,0.1,0.1,0,0,0,0,0,0,0,0,0,0,0,0
2023F,MN,CLEIE,5.2,5.9,6.7,7,8.1,8.1,9.5,9,9.7,10.8,11.9,10.8,11.3,12,13.7,13,16.8,21.3,20.1,18.6,21.1,21,18.1,18,19.8,19.1,16.9,22.4,27,28.6,28.4,27.1,26.7,28.4,28.6,29.1,29.6,29.6,30.3,29,31.8,31.3,31.9,35.1,33.8,33.8,32.9,32.4,31.7,29.2,27.7,27.7,22.6,23.3,27.7,24.3,23.1,22.5,23.1,17.8,14.3,15.7,16.1,12.6
2023F,MN,CLICE,5.2,4.4,4.2,4.8,5.6,5.7,5.1,4.8,3.1,5.5,3.9,2.9,3.4,4.5,3.5,4.7,3.9,3.6,3.7,2.7,1.7,2,1.8,1.8,1.7,2,1.9,1.6,1.4,1.8,2.3,1.4,1.9,2.3,2.5,2.5,3.8,2.7,3.5,3.4,3.8,2.3,2.3,2.2,2.3,2.3,2.3,2.4,2.5,2.1,2.4,2.3,2,2.3,2.2,1.7,1.9,2.1,1.9,1.8,1.3,1.4,1.6,1.6
2023F,MN,CLRCE,1.2,1.2,0.9,0.8,0.6,0.7,0.8,0.8,0.8,1,0.6,0.5,0.2,0.2,0.2,0.1,0.1,0.1,0.1,0.1,0.1,0,0,0.1,0.1,0.1,0.1,0.1,0.1,0.1,0.1,0,0,0,0.1,0.1,0,0,0,0,0,0,0,0,0,0,0,0,0,0,0,0,0,0,0,0,0,0,0,0,0,0,0,0
2023F,MN,CLTCE,12.4,12.4,12.4,13.1,14.8,15.1,16.2,15.2,14.3,18.1,17,14.7,15.3,17.1,17.9,18.1,21.1,25.1,24.3,21.8,23.1,23.2,20.2,20.1,22,21.5,19.1,24.3,28.9,30.9,30.9,28.7,28.6,30.9,31.6,32.1,33.7,32.4,33.9,32.5,35.6,33.6,34.4,37.3,36.2,36.2,35.4,34.9,34.3,31.4,30.1,30.1,24.6,25.6,29.9,26,25,24.6,25,19.6,15.6,17.2,17.7,14.3
2023F,MN,FFACE,12.8,12.9,13.1,13.7,14,14.7,15.7,15.7,17.3,18.4,19.3,20.3,21.3,22.8,22.5,22.6,23.2,23.4,24.7,25.4,23.4,22.4,21.7,22,24.1,23.4,23.6,23.5,24.5,24.1,23.8,25,26.5,27.5,28.4,29.5,30.5,30,31.5,33.6,35.1,34.1,34.7,35.1,36,36.4,36,36,33.9,31.3,30.9,30.1,30.6,30.8,30.8,30.6,32.3,32.4,32.2,32.2,25.8,28.5,28.9,29.4
2023F,MN,FFCCE,3.1,3.3,3.9,3.9,2.9,3.2,3.8,5.2,5.5,5.9,5.9,6,6.2,6.1,6.7,6.3,5.8,5.2,6,4.7,4.5,4.3,4.9,5.6,6.2,6,5.1,4.4,5.4,5.7,5.7,5.5,5,5.3,5.5,5.9,6.3,6.2,5.4,5.4,5.8,5.8,6.4,6.4,5.9,6,5.9,5.9,6.5,6.3,5.7,6,5.3,6.7,7.1,6.3,6.3,6.6,7.2,7.3,6.6,6.8,8.1,7.1
2023F,MN,FFEIE,8,8.7,9.5,10.2,11.1,11.1,12.4,12.2,13.5,14.7,15.8,13.6,15.1,16.1,16.6,14.9,18.4,22.4,21.2,19.5,21.7,21.4,18.4,18.2,20,19.2,17,22.8,27.5,29.3,29.2,28,27.7,29.3,29.6,30.1,30.6,30.8,31.7,30.5,33.1,32.6,33.3,36.9,35.3,35.9,34.8,34.6,33.3,30.5,29.6,29.3,25.7,26,29.4,27.3,26.7,25.3,26.7,22.9,19.2,21.2,19.9,18.4
2023F,MN,FFICE,15.5,14.5,15,14.9,17.4,17.9,18.1,16,15.5,18.5,17,17,18.3,19.7,17.4,17.8,19,17.6,18,17,12.7,10.9,10.8,9.7,9.7,10,10.4,10.3,10.9,11.4,12.2,11.5,12.8,13.2,13.5,13.9,15.6,14.9,14.9,14.4,14.7,13.2,13.2,13.5,13.9,14.1,14.1,15,16.5,14.7,17.1,17.2,17.1,17.6,18.2,16.2,16.9,17.5,17.5,18,16.1,16.7,16.7,16.6
2023F,MN,FFRCE,8.4,8.5,8.8,8.5,8.7,9.7,10.4,10.2,10.7,11.1,11.2,11.4,11.8,11.2,11.3,11.1,11.3,10.7,10.7,10,8.9,7.9,9.2,7.6,7.8,8.1,8.1,7.4,8.7,9.5,8.1,8.9,8.5,9.1,9,9.4,10.7,9.7,8.1,8.5,9.3,8.9,9.4,9.9,9.4,9,8.2,8.9,9.6,9,8.3,8.4,7.3,9.2,9.9,8.1,8.1,8.6,9.9,10.2,9.2,9.3,10.6,9.3
2023F,MN,FFTCE,47.9,47.8,50.3,51.2,54,56.5,60.4,59.3,62.5,68.5,69.3,68.5,72.6,75.9,74.5,72.7,77.8,79.3,80.6,76.6,71.2,66.9,64.9,63.1,67.8,66.6,64.2,68.5,77,80,78.9,78.9,80.4,84.5,86,88.8,93.7,91.5,91.7,92.5,98,94.7,97,101.7,100.6,101.6,98.9,100.4,99.9,91.7,91.7,91,86,90.4,95.3,88.5,90.2,90.4,93.5,90.6,77,82.5,84.2,80.8
2023F,MN,NNACE,0,0,0,0,0.1,0.1,0.1,0.1,0.1,0.2,0.4,0.4,0.4,0.3,0.2,0.2,0.2,0.2,0.2,0.6,0.5,0.5,0.5,0.2,0.4,0.3,0.4,0.3,0.6,0.6,0.6,0.7,0.8,0.9,0.9,1,1.1,1.1,1.1,1.2,1.1,1,1.2,1.1,1.1,1.2,1.1,1.1,1,0.7,0.8,0.8,0.7,0.6,0.7,0.6,0.6,0.7,0.8,0.7,0.6,0.9,1,0.8
2023F,MN,NNCCE,1.1,1.3,2.1,2.2,1.3,1.4,1.9,3.4,3.5,3.8,4.1,4.1,4.3,4.3,4.8,4.8,4.1,3.6,4.3,3.2,3.4,3.5,4,3.8,4,4.1,3.9,3.5,4.3,4.5,4.2,4.6,4.4,4.6,4.5,4.9,5.3,5,4.4,4.8,5.1,5,5.6,5.4,5.2,5.1,4.7,4.9,5.4,5.3,4.8,5.1,4.5,5.7,6.1,5.1,5.1,5.4,6.1,6.3,5.6,5.7,6.7,6
2023F,MN,NNEIE,2.7,2.6,2.6,3,2.8,2.7,2.7,3,3.5,3.4,3.1,2.3,2.7,3,2,1.2,0.7,0.3,0.1,0.4,0.4,0.3,0.2,0.2,0.1,0.1,0.1,0.3,0.3,0.2,0.3,0.3,0.3,0.2,0.3,0.4,0.3,0.3,0.7,0.6,0.5,0.6,0.7,0.9,0.7,1.4,1.3,1.9,1.3,1.3,1.9,1.5,3.1,2.7,1.7,3,3.6,2.7,3.6,5,4.9,5.4,3.7,5.7
2023F,MN,NNICE,2.6,2.8,2.9,2.5,4.1,4.2,4.6,3.7,4.6,4.8,5,6.3,5.4,5.9,5.5,5.2,6.2,5.9,6.1,7.3,5.2,4.5,3.5,3.4,3.6,3.4,3,3.7,4,4.2,4.6,4.8,4.8,5.1,4.9,5.5,5.3,5.6,5.4,5.4,5.5,4.8,4.9,5,5.1,5,5.4,6,7.6,6.8,8.3,8.2,8.4,8.5,9.2,8.3,8.6,8.7,8.6,8.7,7.5,8.2,8.2,8.2
2023F,MN,NNRCE,3.4,3.7,3.9,3.8,4.2,4.6,4.6,4.8,4.8,5.1,5.4,5.4,5.7,5.4,6,6.1,5.6,5.3,5.6,5.9,5.5,5.1,5.7,5.3,5.4,5.7,5.5,4.8,5.8,6.2,5.7,6.3,6.1,6.6,6.5,6.9,7.7,7,6,6.4,7,6.7,7.2,7.4,7.1,6.9,6.3,7,7.6,7.3,6.6,6.7,5.9,7.6,8,6.5,6.4,6.8,7.8,8,7.2,7.3,8.4,7.3
2023F,MN,NNTCE,9.8,10.5,11.7,11.5,12.4,13,13.9,15,16.5,17.3,18,18.5,18.5,18.9,18.5,17.4,16.7,15.3,16.3,17.4,14.9,13.9,13.8,12.9,13.5,13.6,12.9,12.6,15,15.8,15.3,16.7,16.4,17.4,17.2,18.8,19.7,18.9,17.7,18.4,19.3,18.1,19.7,19.7,19.1,19.6,18.9,20.8,22.9,21.3,22.4,22.3,22.6,25.2,25.7,23.4,24.3,24.3,26.8,28.7,25.9,27.4,28,28.1
2023F,MN,PMACE,12.7,12.8,13.1,13.7,13.9,14.6,15.6,15.6,17.2,18.3,18.9,19.9,20.9,22.6,22.3,22.4,22.9,23.2,24.5,24.8,22.9,21.9,21.2,21.8,23.7,23.1,23.2,23.2,23.9,23.5,23.1,24.3,25.7,26.6,27.5,28.5,29.4,28.9,30.4,32.4,33.9,33.1,33.4,34,34.9,35.2,34.9,35,33,30.6,30.1,29.3,29.9,30.2,30,30.1,31.6,31.7,31.4,31.5,25.2,27.7,27.9,28.6
2023F,MN,PMCCE,1.2,1.1,1.2,1.2,1.1,1.2,1.3,1.2,1.3,1.3,1.4,1.4,1.6,1.5,1.4,1.3,1.5,1.4,1.4,1.1,0.9,0.6,0.7,1.5,1.8,1.6,0.9,0.7,0.8,0.8,1.3,0.7,0.6,0.5,0.6,0.6,0.7,1,0.9,0.7,0.7,0.8,0.6,1,0.8,0.8,1.1,0.8,1,1,0.8,0.9,0.8,1,1,1.2,1.2,1.1,1.1,1,1,1.1,1.4,1.1
2023F,MN,PMEIE,0.2,0.1,0.2,0.2,0.2,0.2,0.2,0.2,0.3,0.4,0.7,0.6,1,1,0.9,0.7,0.9,0.9,1,0.6,0.2,0.1,0.1,0,0,0,0,0,0.2,0.5,0.5,0.6,0.7,0.7,0.7,0.5,0.7,0.9,0.7,0.9,0.8,0.7,0.7,0.9,0.8,0.8,0.5,0.4,0.2,0.1,0,0,0,0,0,0,0,0,0,0,0,0.1,0,0.1
2023F,MN,PMICE,7.7,7.3,7.8,7.6,7.7,8,8.3,7.4,7.8,8.1,8,7.8,9.5,9.3,8.5,7.9,9,8.1,8.1,7,5.8,4.5,5.4,4.5,4.4,4.5,5.5,5,5.5,5.4,5.4,5.3,6.1,5.8,6.1,5.8,6.5,6.7,5.9,5.5,5.3,6.1,6,6.3,6.5,6.8,6.4,6.6,6.5,5.7,6.5,6.6,6.6,6.9,6.7,6.3,6.5,6.8,7.1,7.5,7.3,7.1,7,6.8
2023F,MN,PMRCE,3.8,3.6,4,3.9,3.9,4.4,4.9,4.7,5.1,5,5.2,5.5,5.8,5.5,5.1,4.8,5.6,5.3,5,3.9,3.3,2.8,3.5,2.2,2.3,2.4,2.5,2.5,2.7,3.1,2.4,2.6,2.4,2.5,2.4,2.5,3,2.7,2.1,2.1,2.4,2.3,2.1,2.5,2.3,2.1,1.9,1.9,2,1.7,1.7,1.7,1.4,1.7,1.9,1.6,1.6,1.8,2.1,2.2,2,2,2.2,2
2023F,MN,PMTCE,25.7,24.9,26.2,26.6,26.8,28.3,30.3,29.1,31.7,33.2,34.2,35.3,38.9,40,38.2,37.2,39.9,38.9,40,37.4,33.2,29.8,30.9,30,32.3,31.6,32.2,31.5,33.1,33.3,32.6,33.5,35.4,36.2,37.3,37.9,40.4,40.2,40.1,41.6,43.1,43,42.9,44.7,45.3,45.7,44.7,44.7,42.7,39.1,39.2,38.5,38.8,39.7,39.7,39.2,40.9,41.4,41.6,42.3,35.5,38,38.5,38.5
2023F,MN,TEACE,12.8,12.9,13.1,13.7,14,14.7,15.7,15.7,17.3,18.4,19.3,20.3,21.3,22.8,22.5,22.6,23.2,23.4,24.7,25.4,23.4,22.4,21.7,22,24.1,23.4,23.6,23.5,24.5,24.1,23.8,25,26.5,27.5,28.4,29.5,30.5,30,31.5,33.6,35.1,34.1,34.7,35.1,36,36.4,36,36,33.9,31.3,30.9,30.1,30.6,30.8,30.8,30.6,32.3,32.4,32.2,32.2,25.8,28.5,28.9,29.4
2023F,MN,TECCE,3.1,3.3,3.9,3.9,2.9,3.2,3.8,5.2,5.5,5.9,5.9,6,6.2,6.1,6.7,6.3,5.8,5.2,6,4.7,4.5,4.3,4.9,5.6,6.2,6,5.1,4.4,5.4,5.7,5.7,5.5,5,5.3,5.5,5.9,6.3,6.2,5.4,5.4,5.8,5.8,6.4,6.4,5.9,6,5.9,5.9,6.5,6.3,5.7,6,5.3,6.7,7.1,6.3,6.3,6.6,7.2,7.3,6.6,6.8,8.1,7.1
2023F,MN,TEEIE,8,8.7,9.5,10.2,11.1,11.1,12.4,12.2,13.5,14.7,15.8,13.6,15.1,16.1,16.6,14.9,18.4,22.4,21.2,19.5,21.7,21.4,18.4,18.2,20,19.2,17,22.8,27.5,29.3,29.2,28,27.7,29.3,29.6,30.1,30.6,30.8,31.7,30.5,33.1,32.6,33.3,36.9,35.3,35.9,34.8,34.6,33.3,30.5,29.6,29.3,25.7,26,29.4,27.3,26.7,25.3,26.7,22.9,19.2,21.2,19.9,18.4
2023F,MN,TEICE,15.5,14.5,15,14.9,17.4,17.9,18.1,16,15.5,18.5,17,17,18.3,19.7,17.4,17.8,19,17.6,18,17,12.7,10.9,10.8,9.7,9.7,10,10.4,10.3,10.9,11.4,12.2,11.5,12.8,13.2,13.5,13.9,15.6,14.9,14.9,14.4,14.7,13.2,13.2,13.5,13.9,14.1,14.1,15,16.5,14.7,17.1,17.2,17.1,17.6,18.2,16.2,16.9,17.5,17.5,18,16.1,16.7,16.7,16.6
2023F,MN,TERCE,8.4,8.5,8.8,8.5,8.7,9.7,10.4,10.2,10.7,11.1,11.2,11.4,11.8,11.2,11.3,11.1,11.3,10.7,10.7,10,8.9,7.9,9.2,7.6,7.8,8.1,8.1,7.4,8.7,9.5,8.1,8.9,8.5,9.1,9,9.4,10.7,9.7,8.1,8.5,9.3,8.9,9.4,9.9,9.4,9,8.2,8.9,9.6,9,8.3,8.4,7.3,9.2,9.9,8.1,8.1,8.6,9.9,10.2,9.2,9.3,10.6,9.3
2023F,MN,TETCE,47.9,47.8,50.3,51.2,54,56.5,60.4,59.3,62.5,68.5,69.3,68.5,72.6,75.9,74.5,72.7,77.8,79.3,80.6,76.6,71.2,66.9,64.9,63.1,67.8,66.6,64.2,68.5,77,80,78.9,78.9,80.4,84.5,86,88.8,93.7,91.5,91.7,92.5,98,94.7,97,101.7,100.6,101.6,98.9,100.4,99.9,91.7,91.7,91,86,90.4,95.3,88.5,90.2,90.4,93.5,90.6,77,82.5,84.2,80.8
2023F,MO,CDEGR,,,,,,,,,,,,,,,,,,,,,,,,,,,,,,,,,,,,,,516.3,525.3,512.6,481.6,508.5,501.2,516,506.2,504.9,498.6,490.2,464,455.4,462.3,466.2,434.7,442.5,438.6,403.8,384.2,398.5,395.8,363,343.5,351.4,332.9,291.3
2023F,MO,CDTCR,64.6,63.7,64.5,64.7,64.8,64.7,64.4,64.6,65.1,65.4,66.1,66.6,67.6,67.9,67.9,69.7,70.1,70.7,69.9,70.3,72.4,73.5,73,73.9,73.5,68.5,69.1,70.3,68.5,69.3,69.6,68.8,69.9,68,68.4,69.9,70.1,71.2,72.2,71.5,71.3,71.9,72,72.7,73,72.7,72.5,72,71.4,70.8,71.7,71.7,71.1,71.8,70.8,69.9,69.2,70.6,68.4,67.6,68.1,70.6,67.1,65.1
2023F,MO,CDTPR,13.1,12.9,13.8,14,14.3,14.9,15,15.3,16.5,17.5,18.5,18.8,19.9,20.9,20.4,21,22.1,22.9,22.6,22.3,21.2,20.6,20.5,20.7,21.3,20.1,19.7,20.1,20.7,20.7,20.1,20,19.8,19.2,20.4,21.5,22.5,23,23.7,23.6,22.6,23.5,23.4,24.6,24.6,24.9,24.5,24,23.3,22.1,22.8,22.7,21.4,22.1,22,20.5,19.5,20.3,20.3,19,17.6,18.9,18.3,16.4
2023F,MO,CLACE,0.1,0,0,0,0,0,0,0,0,0,0,0,0,0,0,0,0,0,0,0,0,0,0,0,0,0,0,0,0,0,0,0,0,0,0,0,0,0,0,0,0,0,0,0,0,0,0,0,0,0,0,0,0,0,0,0,0,0,0,0,0,0,0,0
2023F,MO,CLCCE,1.1,0.9,0.8,0.5,0.4,0.3,0.3,0.2,0.1,0.1,0.1,0.1,0.1,0.3,0.3,0.2,0.3,0.2,0.4,0.5,0.1,0.2,0.2,0.2,0.2,0.3,0.2,0.4,0.4,0.4,0.5,0.4,0.4,0.5,0.4,0.4,0.4,0.5,0.3,0.4,0.3,0.4,0.4,0.4,0.4,0.4,0.4,0.4,0.4,0.3,0.3,0.3,0.2,0.2,0.2,0.1,0.1,0.1,0,0,0,0,0,0
2023F,MO,CLEIE,7.7,7.7,10,10.9,11.2,11.7,11.9,12.3,14.8,18.2,22.2,24,27,32,31.8,36.3,39.5,43.1,41.9,44.2,46.9,47.1,46.5,50.2,52.5,46.1,44.8,46.4,48.2,48.7,47.8,47.6,46.7,41.2,48.4,53.5,57.1,60.1,63.1,62.3,63.2,65.6,66.7,73.4,74.4,77.1,76.3,73.9,73.1,71.1,74.6,77.4,71,74.5,72,64.4,59.5,65.9,62.1,54.1,51,57,52.5,40.8
2023F,MO,CLICE,5.9,5.1,5.1,5.1,5.4,5.7,5.5,5.2,5.1,4.7,4.1,3.7,4.5,4,4,4.3,4.6,4.6,3.8,3.9,3.4,3.6,3.1,3.2,3.7,3.9,3.7,3.3,3.4,3.1,2.9,2.7,2.5,2.6,2.3,2.4,2.4,3,2.6,2.6,2.1,2.2,2.2,2.2,2.3,2.3,2.3,2.3,2.1,1.7,1.7,1.2,2.2,2.3,2.3,2,1.5,1.9,1.8,1.8,1.7,2,1.8,1.6
2023F,MO,CLRCE,1.5,1.3,1.2,0.6,0.5,0.4,0.3,0.2,0.2,0.1,0.1,0.1,0.1,0.2,0.1,0.1,0.1,0.1,0.1,0.1,0,0,0,0,0.1,0.1,0.1,0.1,0.1,0.1,0.1,0.1,0.1,0.1,0.1,0.1,0.1,0.1,0,0.1,0,0.1,0,0.1,0,0,0,0,0,0,0,0,0,0,0,0,0,0,0,0,0,0,0,0
2023F,MO,CLTCE,16.2,15.1,17.1,17.2,17.4,18,18.1,17.9,20.1,23.2,26.5,27.9,31.7,36.4,36.3,40.9,44.5,47.9,46.2,48.7,50.5,51,49.8,53.7,56.4,50.3,48.7,50.2,52,52.3,51.3,50.8,49.8,44.4,51.2,56.4,60,63.7,66.1,65.4,65.6,68.2,69.2,76,77.2,79.9,79.1,76.6,75.7,73.1,76.6,78.9,73.4,77,74.5,66.6,61.1,67.9,63.9,55.9,52.8,59.1,54.3,42.4
2023F,MO,FFACE,17.9,18,19.4,19.9,20.6,21.5,21.5,22.7,25.4,26.1,27.6,28.5,30,30.3,29.8,30.1,31.5,32.4,33.3,31.7,29.1,28.3,28.8,29.1,29.9,30.6,32,32.7,33.8,34.3,33.8,33.7,34.9,35.8,36.8,38.2,40.3,41.2,44.8,44.2,39.6,39.5,40.5,42.3,40.9,41.6,42,42.3,39.5,38.7,39.5,38.5,37.2,37.3,37.8,37.7,38.3,38.1,38.2,38.4,34.5,36.8,36.8,37.2
2023F,MO,FFCCE,4.9,4.5,4.6,4.2,4.5,4.3,5.6,6.4,6.4,6.4,6.8,6.7,7,6.8,6.7,6.6,7.2,6.9,7.4,7.2,5.4,4.8,5,5,5.1,4.5,4.6,4.8,4.9,4.6,4.5,4.7,4.5,5,4.8,4.8,5.4,5.2,4.5,4.8,4.6,5.2,4.6,4.5,4.6,4.3,4,4,4.6,4.2,4.1,4,3.6,4.3,4.8,4.5,4.2,4.1,4.9,4.7,4.3,4.6,4.6,4.3
2023F,MO,FFEIE,9.5,9.7,12,13.3,13.8,14.3,14.4,14.9,17.2,21.4,25.7,27.8,30.5,35.2,34.6,38.1,41.4,45.3,44.6,45.9,48.1,47.6,46.9,50.5,52.7,46.3,45,46.6,48.4,48.9,48.1,48.4,47,42.2,49.5,55,57.5,60.6,64.3,63.6,65.1,68.2,68.8,74.8,76,79,78.2,76.2,75.5,72.8,76.8,79.5,73.9,76.6,74,66.6,62.4,68.5,65.6,57.9,54.8,60.2,56.8,45.6
2023F,MO,FFICE,15.3,14.5,14.6,14.9,15.7,17.2,16.7,15.7,16.3,16.3,15.5,15,15.7,16.6,15.5,14.8,15.5,15.6,14,14,12.4,12.4,11.3,9.3,10.4,11,9.4,9.8,10,9.5,9.1,8.6,9,9.3,9.6,9.5,9.8,10.1,10,11,9.4,11,11,10.9,12.6,12.2,12.5,12.2,11.1,9.3,9.5,8,9,8.8,9.3,9.6,8,7.9,8.5,8.4,8.3,8.6,8,8.3
2023F,MO,FFRCE,9.4,9.4,9.6,9.2,9.1,9.3,9.7,9.9,10.2,11,11.1,10.9,11.5,11.1,11,11.2,11.4,11,11.3,10.9,9.5,8.7,8.9,8.5,8.2,8.2,7.8,7.6,8.1,8.4,7.5,8,7.7,8.8,8.1,8.3,9.3,8.7,7.3,7.8,7.8,8.5,7.9,7.8,7.3,7,6.3,6.7,7.6,6.9,6.9,6.6,5.3,6.7,7.3,6,5.6,5.4,7.2,7.2,6.4,6.3,6.9,6.1
2023F,MO,FFTCE,56.9,56.2,60.2,61.5,63.6,66.6,67.9,69.6,75.5,81.2,86.6,89,94.7,99.9,97.6,100.8,107.1,111.2,110.7,109.7,104.3,101.7,100.9,102.5,106.2,100.6,98.7,101.4,105.3,105.6,102.9,103.4,103.1,101.1,108.7,115.8,122.3,125.8,130.9,131.4,126.5,132.4,132.8,140.3,141.3,144.1,142.9,141.3,138.2,131.9,136.8,136.6,128.9,133.6,133.2,124.4,118.5,124,124.4,116.6,108.3,116.5,113.1,101.5
2023F,MO,NNACE,0.4,0.4,0.4,0.4,0.5,0.5,0.5,0.6,0.5,0.5,0.7,0.5,0.5,0.5,0.5,0.4,0.3,0.2,0.2,0.4,0.3,0.3,0.2,0.2,0.3,0.2,0.2,0.1,0.3,0.3,0.3,0.1,0.1,0.5,0.2,0.4,0.4,0.4,0.3,0.4,0.4,0.1,0.1,0.2,0.2,0.1,0.1,0.2,0.4,0.2,0.3,0.4,0.3,0.3,0.3,0.3,0.4,0.4,0.5,0.5,0.3,0.2,0.3,0.2
2023F,MO,NNCCE,1.8,1.8,2.1,2.2,2.5,2.2,3.6,4.5,4.3,4.3,4.7,4.8,5.2,4.8,4.8,4.8,5.2,5,5.3,4.9,4.1,3.7,3.7,3.6,3.6,3.2,3.3,3.1,3.4,3.3,3.2,3.4,3.2,3.7,3.5,3.5,3.9,3.7,3.3,3.4,3.4,3.5,3.3,3.3,3.3,3.3,3.1,3.2,3.5,3.3,3.3,3.3,2.9,3.5,3.9,3.3,3.1,3.1,3.8,3.7,3.3,3.4,3.6,3.3
2023F,MO,NNEIE,1.7,1.9,1.9,2.2,2.5,2.6,2.4,2.5,2.4,3.1,3.4,3.6,3,2.8,2.5,1.4,1.3,1.3,1.4,1.1,0.8,0.4,0.2,0.1,0.1,0.1,0.1,0.1,0.1,0.1,0.2,0.7,0.1,0.3,0.2,0.7,0.3,0.4,0.9,1,1.6,1.9,1.6,1.2,1.3,1.7,1.8,2.2,2.3,1.6,2.2,2,2.8,2,1.9,2.1,2.9,2.6,3.4,3.7,3.7,3,4.1,4.6
2023F,MO,NNICE,4.2,4.5,4.7,4.9,5.2,6,5.4,4.6,4.9,5.3,5.7,5.6,5.1,6.1,5.7,4.7,4.7,4.6,3.6,3.2,4.1,3.8,3.3,3.1,3.1,3.4,2.8,2.8,2.8,2.8,2.8,3,3,3.1,3.6,3.6,3.7,3.7,3.3,3.3,3.6,3.5,3.5,3.2,3.4,3.5,3.5,3.6,3.5,3.3,3.4,3.3,3.3,3.3,3.5,3.4,3.3,3.2,3.5,3.4,3.3,3.3,3.4,3.4
2023F,MO,NNRCE,6.1,6.3,6.5,6.5,6.7,7,7,7.2,7.5,8.2,8.4,8.2,8.6,8.1,8.2,8.3,8.5,8.2,8.5,8.4,7.7,6.9,7.3,6.9,7,6.9,6.5,6.2,6.8,6.8,6.2,6.4,6.2,7.1,6.5,6.7,7.3,6.8,5.9,6,6.2,6.2,6.1,6.1,5.9,5.8,5.2,5.5,6.1,5.7,5.7,5.5,4.4,5.7,6.2,5.1,4.7,4.6,6.2,6,5.4,5.5,5.6,5
2023F,MO,NNTCE,14.2,14.9,15.7,16.2,17.4,18.3,18.8,19.3,19.6,21.4,22.7,22.7,22.5,22.3,21.7,19.6,20.1,19.3,19,17.9,17,15.1,14.9,13.9,14.2,13.9,12.9,12.3,13.4,13.3,12.7,13.6,12.7,14.8,14.1,14.8,15.6,15,13.7,14.1,15.2,15.2,14.7,14,14.2,14.4,13.6,14.6,15.7,14.1,14.9,14.5,13.7,14.8,15.9,14.2,14.3,13.9,17.3,17.2,15.9,15.4,16.9,16.6
2023F,MO,PMACE,17.3,17.6,19,19.4,20.1,21,21,22.1,24.9,25.6,26.9,28,29.5,29.8,29.3,29.7,31.2,32.2,33,31.3,28.8,28,28.5,28.9,29.6,30.3,31.8,32.6,33.6,34,33.5,33.5,34.8,35.2,36.6,37.8,39.9,40.8,44.5,43.8,39.2,39.4,40.3,42.1,40.7,41.4,41.9,42.1,39.1,38.5,39.2,38.1,36.9,37,37.4,37.3,37.9,37.7,37.6,37.9,34.3,36.6,36.5,37
2023F,MO,PMCCE,2.1,1.8,1.6,1.6,1.6,1.8,1.8,1.8,1.9,2,2,1.9,1.7,1.7,1.6,1.6,1.7,1.8,1.8,1.8,1.1,0.9,1.1,1.2,1.2,1,1.1,1.3,1.1,0.9,0.8,0.9,0.9,0.9,0.9,0.9,1.1,1,0.9,1,1,1.3,0.9,0.9,0.8,0.6,0.5,0.4,0.7,0.6,0.5,0.4,0.5,0.6,0.6,1.1,1,1,1.1,1,1,1.2,1,0.9
2023F,MO,PMEIE,0.1,0.1,0.1,0.1,0.1,0.1,0.1,0.1,0.1,0.1,0.1,0.2,0.4,0.3,0.3,0.5,0.6,0.9,1.3,0.7,0.3,0.1,0.2,0.2,0.1,0.1,0.1,0.1,0.1,0.1,0.1,0.1,0.1,0.7,0.9,0.8,0.1,0.1,0.3,0.3,0.3,0.7,0.6,0.2,0.2,0.2,0.1,0.1,0.1,0.1,0.1,0.1,0.1,0.1,0.1,0.1,0.1,0.1,0.1,0.1,0.1,0.2,0.2,0.1
2023F,MO,PMICE,5.2,4.9,4.8,4.9,5.1,5.5,5.8,5.9,6.3,6.3,5.7,5.7,6,6.5,5.8,5.9,6.2,6.4,6.7,6.9,4.9,4.9,4.9,2.9,3.6,3.7,2.9,3.7,3.9,3.6,3.4,3,3.5,3.6,3.6,3.6,3.7,3.4,4.1,5.1,3.8,5.3,5.4,5.6,6.9,6.4,6.7,6.3,5.5,4.3,4.4,3.5,3.5,3.2,3.5,4.2,3.1,2.7,3.2,3.3,3.2,3.2,2.8,3.3
2023F,MO,PMRCE,1.7,1.8,1.9,2.1,1.9,1.9,2.3,2.4,2.5,2.6,2.6,2.7,2.8,2.8,2.7,2.8,2.8,2.7,2.7,2.4,1.7,1.7,1.6,1.6,1.1,1.2,1.3,1.3,1.2,1.4,1.1,1.4,1.4,1.5,1.5,1.5,1.9,1.8,1.3,1.7,1.5,2.2,1.7,1.6,1.3,1.2,1.1,1.2,1.5,1.3,1.2,1.1,0.8,1,1.1,0.9,0.9,0.8,1.1,1.2,1,0.9,1.3,1.2
2023F,MO,PMTCE,26.5,26.2,27.4,28.1,28.7,30.3,31,32.4,35.7,36.6,37.3,38.4,40.4,41.2,39.7,40.4,42.5,44,45.5,43.1,36.9,35.7,36.2,34.9,35.6,36.4,37.2,38.9,39.9,40,38.9,38.9,40.7,41.9,43.4,44.6,46.7,47.1,51.1,51.8,45.7,49,48.9,50.3,50,49.8,50.2,50.1,46.8,44.7,45.4,43.2,41.8,41.8,42.8,43.6,43,42.3,43.1,43.5,39.6,42.1,41.8,42.5
2023F,MO,TEACE,17.9,18,19.4,19.9,20.6,21.5,21.5,22.7,25.4,26.1,27.6,28.5,30,30.3,29.8,30.1,31.5,32.4,33.3,31.7,29.1,28.3,28.8,29.1,29.9,30.6,32,32.7,33.8,34.3,33.8,33.7,34.9,35.8,36.8,38.2,40.3,41.2,44.8,44.2,39.6,39.5,40.5,42.3,40.9,41.6,42,42.3,39.5,38.7,39.5,38.5,37.2,37.3,37.8,37.7,38.3,38.1,38.2,38.4,34.5,36.8,36.8,37.2
2023F,MO,TECCE,4.9,4.5,4.6,4.2,4.5,4.3,5.6,6.4,6.4,6.4,6.8,6.7,7,6.8,6.7,6.6,7.2,6.9,7.4,7.2,5.4,4.8,5,5,5.1,4.5,4.6,4.8,4.9,4.6,4.5,4.7,4.5,5,4.8,4.8,5.4,5.2,4.5,4.8,4.6,5.2,4.6,4.5,4.6,4.3,4,4,4.6,4.2,4.1,4,3.6,4.3,4.8,4.5,4.2,4.1,4.9,4.7,4.3,4.6,4.6,4.3
2023F,MO,TEEIE,9.5,9.7,12,13.3,13.8,14.3,14.4,14.9,17.2,21.4,25.7,27.8,30.5,35.2,34.6,38.1,41.4,45.3,44.6,45.9,48.1,47.6,46.9,50.5,52.7,46.3,45,46.6,48.4,48.9,48.1,48.4,47,42.2,49.5,55,57.5,60.6,64.3,63.6,65.1,68.2,68.8,74.8,76,79,78.2,76.2,75.5,72.8,76.8,79.5,73.9,76.6,74,66.6,62.4,68.5,65.6,57.9,54.8,60.2,56.8,45.6
2023F,MO,TEICE,15.3,14.5,14.6,14.9,15.7,17.2,16.7,15.7,16.3,16.3,15.5,15,15.7,16.6,15.5,14.8,15.5,15.6,14,14,12.4,12.4,11.3,9.3,10.4,11,9.4,9.8,10,9.5,9.1,8.6,9,9.3,9.6,9.5,9.8,10.1,10,11,9.4,11,11,10.9,12.6,12.2,12.5,12.2,11.1,9.3,9.5,8,9,8.8,9.3,9.6,8,7.9,8.5,8.4,8.3,8.6,8,8.3
2023F,MO,TERCE,9.4,9.4,9.6,9.2,9.1,9.3,9.7,9.9,10.2,11,11.1,10.9,11.5,11.1,11,11.2,11.4,11,11.3,10.9,9.5,8.7,8.9,8.5,8.2,8.2,7.8,7.6,8.1,8.4,7.5,8,7.7,8.8,8.1,8.3,9.3,8.7,7.3,7.8,7.8,8.5,7.9,7.8,7.3,7,6.3,6.7,7.6,6.9,6.9,6.6,5.3,6.7,7.3,6,5.6,5.4,7.2,7.2,6.4,6.3,6.9,6.1
2023F,MO,TETCE,56.9,56.2,60.2,61.5,63.6,66.6,67.9,69.6,75.5,81.2,86.6,89,94.7,99.9,97.6,100.8,107.1,111.2,110.7,109.7,104.3,101.7,100.9,102.5,106.2,100.6,98.7,101.4,105.3,105.6,102.9,103.4,103.1,101.1,108.7,115.8,122.3,125.8,130.9,131.4,126.5,132.4,132.8,140.3,141.3,144.1,142.9,141.3,138.2,131.9,136.8,136.6,128.9,133.6,133.2,124.4,118.5,124,124.4,116.6,108.3,116.5,113.1,101.5
2023F,MS,CDEGR,,,,,,,,,,,,,,,,,,,,,,,,,,,,,,,,,,,,,,631.5,622.9,656.3,652.8,745.7,661,648.4,648.3,617.2,625.3,634.2,591.8,575.5,596.9,549.4,553,522.3,545.9,558.2,563.8,545.4,571.5,560.5,569.9,542.7,557.5,533.6
2023F,MS,CDTCR,51.5,51.4,52.1,52.8,53.3,53.4,53.5,54.5,55.5,56.2,56,55.9,56.5,58.3,59.4,60.1,61.5,62.3,62.6,62,62,62.1,61.6,61.6,59.6,57.8,59,57.1,56.3,53.9,53.5,52.1,52.7,54,52.1,52.9,53.9,54.3,56.6,56.8,55.6,59.2,57.2,58.6,58.5,57.6,57.7,57.7,58.2,55.9,55.5,53.3,53.6,52.8,53.8,51.6,54,53.2,53.5,51.9,53.8,51.7,53.1,51.1
2023F,MS,CDTPR,8.9,8.8,9.3,10.3,11.2,11,12.1,13,14.9,16.1,17.4,17.8,18.7,18.7,18.2,17,17.8,19.1,20.1,20,18.8,17.7,17.7,16.7,17.2,16.9,17.2,17.9,19.1,17.9,18.7,18.5,18.3,19,18.6,18.9,19.7,20.1,20.2,21.7,21.5,24.4,21.9,22.3,22.7,22,22.8,23.3,22,20.5,21.4,19.6,20.1,19,19.9,20.4,20.7,20.1,21.1,20.9,21.3,21.3,22.1,21.7
2023F,MS,CLACE,0,0,0,0,0,0,0,0,0,0,0,0,0,0,0,0,0,0,0,0,0,0,0,0,0,0,0,0,0,0,0,0,0,0,0,0,0,0,0,0,0,0,0,0,0,0,0,0,0,0,0,0,0,0,0,0,0,0,0,0,0,0,0,0
2023F,MS,CLCCE,0,0,0,0,0,0,0,0,0,0,0,0,0,0,0,0,0,0,0,0,0,0,0,0,0,0,0,0,0,0,0,0,0,0,0,0,0,0,0,0,0,0,0,0,0,0,0,0,0,0,0,0,0,0,0,0,0,0,0,0,0,0,0,0
2023F,MS,CLEIE,0,0,0,0,0,0,0,0,0.6,1.3,1.1,1.2,1.2,2.7,3.2,3.1,3.8,3.4,3.7,5.5,7,7.6,9.3,8.8,9.4,9.8,9.8,11,11.7,8.5,9.3,8.5,7.7,8.8,8.6,9.2,11.6,12,11.5,12.7,13.7,18.5,14.4,16.8,17.3,16.6,17.8,17.3,16.6,13.3,13.9,10,7.6,9.1,10.9,6.6,5.8,5.1,5.7,4.8,5,6,6.1,4.5
2023F,MS,CLICE,0.1,0,0.1,0,0.1,0.1,0.1,0.1,0.1,0.1,0.1,0.1,0.1,0.1,0.1,0.1,0.3,0.2,0.2,0.1,0.1,0.2,0.2,0.3,0.5,0.6,0.5,0.6,0.6,0.6,0.6,0.5,0.5,0.6,0.7,0.7,0.5,0.5,0.5,0.4,0.3,0.4,0.3,0.3,0.4,0.3,0.3,0.3,0.3,0.2,0.3,0.2,0.2,0.3,0.2,0.2,0,0,0,0.1,0.2,0.2,0.2,0.2
2023F,MS,CLRCE,0,0,0,0,0,0,0,0,0,0,0,0,0,0,0,0,0,0,0,0,0,0,0,0,0,0,0,0,0,0,0,0,0,0,0,0,0,0,0,0,0,0,0,0,0,0,0,0,0,0,0,0,0,0,0,0,0,0,0,0,0,0,0,0
2023F,MS,CLTCE,0.1,0.1,0.1,0.1,0.1,0.1,0.1,0.1,0.7,1.4,1.3,1.3,1.3,2.8,3.3,3.2,4,3.7,3.9,5.7,7.1,7.9,9.6,9.1,9.9,10.4,10.3,11.6,12.3,9.1,9.9,9.1,8.3,9.4,9.2,9.9,12.1,12.6,12,13.1,14,18.9,14.7,17.1,17.7,16.9,18.1,17.7,16.9,13.5,14.2,10.3,7.9,9.3,11.1,6.8,5.8,5.1,5.7,4.9,5.2,6.2,6.3,4.8
2023F,MS,FFACE,8.6,8.6,9.4,10.1,10.4,10.6,11.1,11.6,13.2,13.9,14.2,15.1,16.1,16.8,16.7,15.8,16.2,17.2,17.9,17.7,18,17.7,17.4,16.8,16.8,17.5,18.8,20.5,21.5,20,20.2,22,22.9,22.9,23,23.2,23.5,24.3,24.5,25.9,25.3,24.5,25,26.8,25.8,25.2,26.8,26.4,25.2,24.6,22.6,21.8,23.3,21.2,21.5,22.5,22.9,22.5,22.6,23.3,22.2,23.2,23.4,23.5
2023F,MS,FFCCE,1.1,1.2,1.3,1.3,1.4,0.9,1.1,1.2,1.4,1.4,1.7,1.9,1.9,2,2.2,2.2,2.1,2.3,2.4,4.5,3,2.6,1.2,1.6,1.5,1.4,1.3,1.4,1.4,1.4,1.3,1.3,1.4,1.3,1.4,1.4,1.6,1.5,1.5,1.4,1.6,1.6,1.5,1.7,1.5,1.4,1.3,1.8,1.5,1.5,1.5,1.5,1.4,1.4,1.7,1.6,1.5,1.5,1.7,1.6,1.6,1.6,1.7,1.5
2023F,MS,FFEIE,1.9,1.9,2.1,2.6,2.8,3.1,3.1,4.1,5.2,6.3,6.8,7.3,8.3,8.7,9.6,9.3,11.6,13.6,15.5,13.9,14.6,13,14,11.6,12.9,12.9,13.1,13.3,14.1,11.6,13.4,12.2,11,13.6,13.9,15.3,17,17.9,19.6,20.8,21.3,30.7,23.3,23.3,25.3,25.2,25.8,27.7,25.8,23.2,26.6,23.1,23.2,21.7,23.8,24.7,25.9,23.7,25.7,24.5,26.3,25.2,26.8,26.5
2023F,MS,FFICE,6,6,6.2,7,8.3,8.1,9.5,9.9,10.8,11.3,12.7,12.8,13.5,13.4,12,10.8,10.7,11.4,11.4,11.6,9.9,9.7,10.7,10.7,11.3,10,9.8,9.2,10.5,10.9,11.5,10.7,11.1,10.5,9.8,9.6,9.9,10,9.1,11.4,10.7,10.6,10.6,10.4,11.3,10.4,10.8,10.9,10.5,9.7,11,10.4,10.8,10.9,10.8,10.6,10.2,11.1,11.3,11.3,11.4,11.3,11.6,10.9
2023F,MS,FFRCE,1.9,1.8,1.9,2,2.2,2,2.3,2.2,2.6,2.8,3.2,3.4,3.4,3,2.8,2.6,2.5,2.6,2.8,2.6,2.1,2,2,2.1,1.9,1.8,1.8,1.9,1.9,1.9,1.8,1.8,1.9,2,2,1.9,2.2,2,1.9,1.9,2.4,2.4,2.1,2,1.8,1.8,1.6,1.6,1.8,1.8,2,1.7,1.4,1.7,2,1.6,1.4,1.3,1.7,1.6,1.4,1.5,1.5,1.4
2023F,MS,FFTCE,19.4,19.5,20.8,23,25.1,24.8,27.2,29,33.1,35.8,38.6,40.4,43.2,43.9,43.2,40.7,43.2,47.1,49.9,50.2,47.5,45.1,45.4,42.8,44.4,43.6,44.7,46.3,49.3,46,48.3,48,48.1,50.4,50,51.4,54.2,55.8,56.7,61.4,61.3,69.7,62.5,64,65.7,64,66.2,68.3,64.8,60.6,63.7,58.5,60.1,57,59.7,61.1,62,60.2,63,62.3,62.9,62.8,65,63.8
2023F,MS,NNACE,1.7,1.7,1.8,2.1,2.2,2.5,2.6,2.6,2.8,3.1,3.2,3.2,3.1,3.1,2.7,2.1,1.7,1.7,1.7,2.3,2.2,2.2,2,1.5,1.8,1.4,1.6,1.7,1.9,1.9,2.1,1.9,1.9,2,2.1,2.3,2.7,2.5,2,1.7,1.7,1.6,1.5,1.4,1.2,1.2,1.2,1.5,1.6,1.6,1.5,1.6,2.6,1.3,1.1,1.2,1.1,1.1,1.4,1.5,1.6,1.8,2.1,2.3
2023F,MS,NNCCE,0.8,0.9,1,1.1,1.1,0.7,0.9,0.9,1,1,1.3,1.4,1.3,1.3,1.4,1.3,1.1,1.1,1.2,1.5,1.1,1.1,0.9,0.9,1,0.9,0.9,1,1,1,1,1,1,1,1.1,1.1,1.2,1.2,1.2,1.1,1.2,1.2,1.2,1.3,1.2,1.1,1.1,1.1,1.1,1,1.1,1.1,1,1,1.2,1.1,1,1,1.1,1.1,1,1,1.1,1.1
2023F,MS,NNEIE,1.9,1.9,2.1,2.5,2.8,3.1,3.1,4.1,4.6,4.9,5.4,5.7,5.6,3.3,2.3,1.7,1.8,2.1,2.3,3.4,5.1,4,4.5,2.7,3.4,3,2.6,2.2,1.8,2.5,3.6,3.4,2.9,2.2,4.5,6.1,4.6,4,4.2,5.8,5.5,8.2,8.9,5.3,5.9,7.4,7.7,10,9.1,9.9,12.6,13,15.6,12.6,12.9,18.1,20.1,18.6,20,19.7,21.3,19.2,20.6,22
2023F,MS,NNICE,4.1,4.2,4.3,4.6,5.6,5.6,6.7,6,6.7,6.9,7.4,7.8,8.1,7.4,6.8,5.6,4.7,4.3,4.1,4.4,4.2,4.2,5.5,6.1,6.7,5.5,5,4.7,5.2,5.4,5.7,5.8,5.8,5.5,4.7,4.6,4.5,4.6,4.4,6.6,6.4,5.4,5.6,5.1,5.7,5.3,5.5,5.9,6.1,5.8,6.7,6.1,6.1,6.2,6.4,6.5,6.2,6.9,7.1,7,6.9,7,7.4,6.7
2023F,MS,NNRCE,1.3,1.3,1.3,1.3,1.5,1.3,1.6,1.4,1.6,1.6,2,2.2,2.1,1.7,1.6,1.6,1.4,1.4,1.7,2,1.6,1.5,1.5,1.5,1.6,1.4,1.4,1.4,1.4,1.4,1.4,1.4,1.5,1.5,1.5,1.5,1.6,1.5,1.4,1.4,1.5,1.5,1.5,1.5,1.3,1.3,1.2,1.2,1.3,1.3,1.5,1.3,1.1,1.4,1.5,1.3,1.1,1,1.3,1.3,1.1,1.2,1.2,1.1
2023F,MS,NNTCE,9.8,10,10.4,11.7,13.1,13.1,14.9,15.1,16.7,17.5,19.3,20.3,20.3,16.8,14.8,12.3,10.6,10.6,10.9,13.7,14.2,13.1,14.5,12.7,14.4,12.2,11.5,11.1,11.3,12.2,13.7,13.4,13.1,12.3,14,15.5,14.6,13.8,13.2,16.6,16.3,17.9,18.6,14.5,15.3,16.4,16.6,19.7,19.1,19.5,23.4,23.1,26.4,22.5,23.1,28.1,29.4,28.5,31,30.6,32,30.2,32.4,33.1
2023F,MS,PMACE,6.8,6.9,7.6,8.1,8.3,8.2,8.5,9,10.4,10.8,11,11.9,12.9,13.7,13.9,13.7,14.5,15.5,16.1,15.4,15.8,15.5,15.4,15.2,15,16.1,17.2,18.7,19.6,18.2,18.1,20.1,21,20.9,20.8,21,20.8,21.8,22.5,24.2,23.6,22.8,23.5,25.3,24.7,24.1,25.5,24.9,23.6,23,21.1,20.2,20.7,20,20.4,21.3,21.8,21.4,21.2,21.7,20.5,21.4,21.4,21.2
2023F,MS,PMCCE,0.2,0.2,0.2,0.2,0.3,0.3,0.3,0.3,0.4,0.5,0.5,0.5,0.6,0.7,0.8,0.9,1,1.3,1.2,3,1.8,1.6,0.3,0.7,0.5,0.5,0.4,0.5,0.4,0.5,0.4,0.4,0.4,0.3,0.4,0.3,0.4,0.3,0.3,0.3,0.4,0.5,0.3,0.4,0.3,0.3,0.2,0.6,0.4,0.4,0.4,0.4,0.4,0.4,0.4,0.6,0.6,0.6,0.5,0.5,0.6,0.5,0.6,0.5
2023F,MS,PMEIE,0,0,0,0,0,0,0,0,0,0.1,0.2,0.5,1.5,2.8,4.1,4.5,6.1,8,9.5,4.9,2.4,1.4,0.2,0.1,0.1,0.1,0.7,0.1,0.5,0.6,0.6,0.3,0.3,2.6,0.8,0,0.8,1.9,4,2.3,2.2,4,0,1.2,2.1,1.2,0.3,0.3,0.1,0,0.1,0,0,0,0,0,0,0,0,0,0,0,0,0
2023F,MS,PMICE,1.9,1.8,1.9,2.3,2.7,2.5,2.7,3.8,3.9,4.3,5.1,4.9,5.3,5.9,5.1,5.2,5.8,6.8,7.2,7,5.6,5.2,5,4.3,4.1,3.9,4.2,3.9,4.7,4.9,5.2,4.4,4.7,4.4,4.4,4.4,5,4.8,4.2,4.4,3.9,4.8,4.7,5,5.2,4.9,4.9,4.7,4.1,3.6,4.1,4,4.5,4.4,4.2,3.8,4,4.2,4.1,4.3,4.3,4.1,4,4
2023F,MS,PMRCE,0.5,0.6,0.6,0.6,0.7,0.6,0.7,0.8,1,1.2,1.2,1.2,1.3,1.3,1.2,1,1.1,1.2,1.1,0.6,0.5,0.5,0.5,0.6,0.4,0.4,0.4,0.4,0.5,0.5,0.5,0.4,0.4,0.5,0.5,0.4,0.5,0.5,0.5,0.5,0.9,0.9,0.6,0.5,0.5,0.4,0.4,0.4,0.5,0.5,0.5,0.4,0.3,0.4,0.4,0.3,0.3,0.3,0.3,0.4,0.3,0.3,0.3,0.3
2023F,MS,PMTCE,9.5,9.4,10.3,11.3,11.9,11.6,12.3,13.8,15.7,16.9,18,18.8,21.6,24.3,25.1,25.2,28.5,32.8,35.1,30.9,26.1,24.1,21.3,20.9,20.1,21.1,22.8,23.6,25.7,24.7,24.7,25.5,26.8,28.7,26.9,26.1,27.5,29.4,31.5,31.7,31,33,29.2,32.5,32.8,30.8,31.4,30.9,28.7,27.6,26.1,25.1,25.8,25.1,25.4,26.1,26.7,26.5,26.2,26.9,25.7,26.4,26.3,26
2023F,MS,TEACE,8.6,8.6,9.4,10.1,10.4,10.6,11.1,11.6,13.2,13.9,14.2,15.1,16.1,16.8,16.7,15.8,16.2,17.2,17.9,17.7,18,17.7,17.4,16.8,16.8,17.5,18.8,20.5,21.5,20,20.2,22,22.9,22.9,23,23.2,23.5,24.3,24.5,25.9,25.3,24.5,25,26.8,25.8,25.2,26.8,26.4,25.2,24.6,22.6,21.8,23.3,21.2,21.5,22.5,22.9,22.5,22.6,23.3,22.2,23.2,23.4,23.5
2023F,MS,TECCE,1.1,1.2,1.3,1.3,1.4,0.9,1.1,1.2,1.4,1.4,1.7,1.9,1.9,2,2.2,2.2,2.1,2.3,2.4,4.5,3,2.6,1.2,1.6,1.5,1.4,1.3,1.4,1.4,1.4,1.3,1.3,1.4,1.3,1.4,1.4,1.6,1.5,1.5,1.4,1.6,1.6,1.5,1.7,1.5,1.4,1.3,1.8,1.5,1.5,1.5,1.5,1.4,1.4,1.7,1.6,1.5,1.5,1.7,1.6,1.6,1.6,1.7,1.5
2023F,MS,TEEIE,1.9,1.9,2.1,2.6,2.8,3.1,3.1,4.1,5.2,6.3,6.8,7.3,8.3,8.7,9.6,9.3,11.6,13.6,15.5,13.9,14.6,13,14,11.6,12.9,12.9,13.1,13.3,14.1,11.6,13.4,12.2,11,13.6,13.9,15.3,17,17.9,19.6,20.8,21.3,30.7,23.3,23.3,25.3,25.2,25.8,27.7,25.8,23.2,26.6,23.1,23.2,21.7,23.8,24.7,25.9,23.7,25.7,24.5,26.3,25.2,26.8,26.5
2023F,MS,TEICE,6,6,6.2,7,8.3,8.1,9.5,9.9,10.8,11.3,12.7,12.8,13.5,13.4,12,10.8,10.7,11.4,11.4,11.6,9.9,9.7,10.7,10.7,11.3,10,9.8,9.2,10.5,10.9,11.5,10.7,11.1,10.5,9.8,9.6,9.9,10,9.1,11.4,10.7,10.6,10.6,10.4,11.3,10.4,10.8,10.9,10.5,9.7,11,10.4,10.8,10.9,10.8,10.6,10.2,11.1,11.3,11.3,11.4,11.3,11.6,10.9
2023F,MS,TERCE,1.9,1.8,1.9,2,2.2,2,2.3,2.2,2.6,2.8,3.2,3.4,3.4,3,2.8,2.6,2.5,2.6,2.8,2.6,2.1,2,2,2.1,1.9,1.8,1.8,1.9,1.9,1.9,1.8,1.8,1.9,2,2,1.9,2.2,2,1.9,1.9,2.4,2.4,2.1,2,1.8,1.8,1.6,1.6,1.8,1.8,2,1.7,1.4,1.7,2,1.6,1.4,1.3,1.7,1.6,1.4,1.5,1.5,1.4
2023F,MS,TETCE,19.4,19.5,20.8,23,25.1,24.8,27.2,29,33.1,35.8,38.6,40.4,43.2,43.9,43.2,40.7,43.2,47.1,49.9,50.2,47.5,45.1,45.4,42.8,44.4,43.6,44.7,46.3,49.3,46,48.3,48,48.1,50.4,50,51.4,54.2,55.8,56.7,61.4,61.3,69.7,62.5,64,65.7,64,66.2,68.3,64.8,60.6,63.7,58.5,60.1,57,59.7,61.1,62,60.2,63,62.3,62.9,62.8,65,63.8
2023F,MT,CDEGR,,,,,,,,,,,,,,,,,,,,,,,,,,,,,,,,,,,,,,990.6,1018.3,1036.2,976.2,980.4,919,939.7,941,921.9,898.8,902.6,884.6,809.3,823.1,736.3,694.1,712.3,705.7,680.6,659.5,644.4,631.6,641.9,524.9,532.8,536,512.4
2023F,MT,CDTCR,54.5,55.2,55.8,55.8,54.2,52.5,53.6,52.1,53.1,53.7,54.1,53.9,54.9,57.1,56.4,56.8,58.1,62.2,60.2,61.9,61.2,60,58,57.1,62.3,63.5,64.2,66.3,70.3,70.2,69,68.7,72.7,68.5,71.4,69,64.6,66.8,69.6,67.4,69,72.5,69.8,72.3,71.9,70.9,69.6,70.4,70.2,68.7,70.1,67,67.3,68.5,68.2,67.6,66.2,65.2,64.4,65.7,62.6,64.7,64.4,64.4
2023F,MT,CDTPR,15.7,16.9,17.6,17.6,17.7,16.6,17.5,16.3,17.6,19.8,20.5,20.9,21.8,23.3,22.5,22.4,25.6,26.7,27.2,28.8,25.6,23.5,20.3,20.4,25.1,26.8,28.8,29.2,35.7,36.3,34.9,36,36.9,33.1,36,35,31.4,33.6,35.9,36.5,35.1,35.3,33.9,36,37.4,38.1,37.8,39.4,38.1,33.7,35.3,32.1,30.6,31.7,31.9,31.5,29.9,29.6,29.4,30.2,24.1,25.7,26.4,26
2023F,MT,CLACE,0,0,0,0,0,0,0,0,0,0,0,0,0,0,0,0,0,0,0,0,0,0,0,0,0,0,0,0,0,0,0,0,0,0,0,0,0,0,0,0,0,0,0,0,0,0,0,0,0,0,0,0,0,0,0,0,0,0,0,0,0,0,0,0
2023F,MT,CLCCE,0,0,0,0,0,0,0,0,0,0,0,0,0,0,0,0,0,0,0,0,0,0,0,0,0,0,0,0,0,0.1,0.1,0.1,0,0,0,0,0,0.1,0,0,0,0,0,0,0.2,0.2,0.2,0,0,0,0,0,0,0,0,0,0,0,0,0,0,0,0,0
2023F,MT,CLEIE,0.2,0.3,0.4,0.4,0.4,0.4,0.4,0.4,0.5,0.8,1.1,1,1.1,1.3,1.3,1.7,3.8,5.2,5.1,5.6,5.4,5.4,4.2,3.7,8.3,9,12.1,12.3,16.9,16.6,15.6,17,18,14.7,17.4,15.6,13,15.1,17.4,17.5,16.6,17.3,15.7,17.9,18.4,18.7,18.2,19.2,19.2,16.4,19.3,15.7,14.6,15.4,16.3,16.6,15,14.5,14.2,14.9,9.1,11.4,12.1,12.1
2023F,MT,CLICE,0.1,0.1,0.1,0.1,0.1,0.1,0.1,0.1,0.1,0.1,0.1,0.1,0.1,0.1,0.1,0.1,0.2,0.3,0.3,0.4,0.3,0.5,0.4,0.3,0.3,0.4,0.5,0.3,0.4,0.3,0.4,0.5,0.4,0.6,1,1.1,0.2,0.2,0.2,0.3,0.3,0.2,0.1,0.1,0.1,0.1,0.1,0.2,0.1,0.1,0.1,0.1,0.4,0.4,0.5,0.5,0.4,0.4,0.4,0.3,0.3,0.4,0.4,0.3
2023F,MT,CLRCE,0,0,0,0,0,0,0,0,0,0,0,0,0,0,0,0,0,0,0,0,0,0,0,0,0,0,0,0,0,0,0,0,0,0,0,0,0,0,0,0,0,0,0,0,0,0,0,0,0,0,0,0,0,0,0,0,0,0,0,0,0,0,0,0
2023F,MT,CLTCE,0.4,0.5,0.5,0.5,0.6,0.5,0.6,0.5,0.6,0.9,1.1,1.1,1.3,1.4,1.4,1.8,4,5.5,5.5,6,5.7,5.9,4.6,4.1,8.6,9.4,12.7,12.6,17.3,17.1,16.1,17.5,18.5,15.4,18.4,16.7,13.2,15.4,17.7,17.8,16.8,17.6,15.9,18.1,18.7,19.1,18.5,19.3,19.4,16.5,19.4,15.8,15,15.9,16.7,17.1,15.5,14.9,14.6,15.2,9.5,11.8,12.6,12.5
2023F,MT,FFACE,4.2,4.4,4.3,4.1,4.1,4.1,4.4,4,4.4,4.7,4.9,5.1,5.4,6,6.1,5.8,6.3,6.1,6.9,6.5,6.3,5.9,5.7,5.9,5.9,5.8,5.8,5.8,6,5.9,5.8,5.8,6.2,6.4,6.7,7,6.9,7,7,7.3,7.5,7.6,7.6,7.3,7.8,8.3,8.5,8.9,8.2,7.8,8.1,8.2,7.9,8.1,7.8,7.6,7.9,8.1,8.1,8,8.1,8.1,8,7.9
2023F,MT,FFCCE,1.1,1.1,1.1,1.1,1.2,1.1,1,1.1,1,1.2,1.3,1.3,1.4,1.4,1.3,1.4,1.4,1.3,1.4,1.4,1,1,1,1.4,1.3,1.2,0.9,0.8,0.8,0.9,0.9,0.9,0.8,0.9,0.8,0.8,1,1,0.8,0.7,0.9,0.9,0.9,1,1.1,1.1,1.1,0.9,1,1.4,1.2,1.4,1.2,1.3,1.3,1.2,1.4,1.5,1.7,1.7,1.7,1.6,1.8,1.8
2023F,MT,FFEIE,0.3,0.4,0.6,0.5,0.5,0.5,0.6,0.4,0.6,1,1.2,1,1.2,1.6,1.3,1.7,3.8,5.3,5.2,5.8,5.7,5.6,4.2,3.8,8.3,9.1,12.1,12.4,16.9,16.7,15.6,17,18,14.7,17.4,16.4,13.7,15.9,18.2,18.3,17.4,18.2,16.5,18.7,19.2,19.5,19,20,20,17.2,20,16.7,15.7,16.6,17.3,17.8,16.1,15.6,15.2,15.9,10.1,12.5,13.3,13.5
2023F,MT,FFICE,4,4.7,5.1,5.4,5.3,4.7,4.9,4.5,4.9,5.4,5.3,5.6,5.9,6.2,6.1,6,6.1,6.2,5.9,7.4,5.8,5,3.9,4.2,3.9,4.7,3.4,3.4,3.7,4.2,4.3,4.2,4.3,4.6,4.8,5.2,4.9,4.5,4.8,5.1,4.6,4,4.4,4.6,5,5.3,5.8,6.6,6.2,4.9,3.9,4.1,4.5,4.6,4.6,4.4,4.3,4.5,4.6,4.7,4.6,4.5,4.5,4.4
2023F,MT,FFRCE,1.2,1.3,1.3,1.2,1.3,1.4,1.4,1.4,1.4,1.5,1.7,1.8,1.8,1.8,1.6,1.8,1.8,1.7,1.8,1.6,1.4,1.2,1.4,1.3,1.2,1.3,1.2,1.1,1.2,1.3,1.3,1.3,1.1,1.3,1.2,1.3,1.5,1.5,1.2,1.2,1.4,1.4,1.5,1.5,1.6,1.6,1.6,1.6,1.8,1.8,1.6,1.7,1.5,1.6,1.6,1.5,1.5,1.7,1.7,2,1.8,1.7,2,1.8
2023F,MT,FFTCE,10.7,11.7,12.3,12.3,12.5,11.7,12.4,11.4,12.3,13.8,14.3,14.8,15.7,17,16.5,16.8,19.4,20.6,21.3,22.7,20.2,18.7,16.3,16.6,20.6,22.1,23.4,23.5,28.6,29,27.9,29.1,30.5,28,31,30.7,27.9,29.9,32,32.8,31.7,32,30.9,33.1,34.8,35.8,36,38,37.2,33.1,35,32.1,30.8,32.1,32.6,32.5,31.1,31.2,31.2,32.3,26.2,28.4,29.6,29.4
2023F,MT,NNACE,0,0.1,0.1,0.1,0.1,0,0,0,0,0,0,0,0.1,0.1,0.1,0.1,0.1,0.1,0.1,0.1,0.2,0.1,0.1,0.1,0.1,0.1,0.1,0.1,0.1,0.1,0.1,0.1,0.2,0.2,0.2,0.2,0.2,0.2,0.2,0.3,0.4,0.4,0.4,0.5,0.5,0.4,0.4,0.4,0.4,0.3,0.4,0.4,0.4,0.4,0.2,0.2,0.3,0.2,0.2,0.2,0.2,0.2,0.1,0.1
2023F,MT,NNCCE,0.7,0.7,0.7,0.7,0.7,0.7,0.7,0.8,0.7,0.9,1,1,1,1,0.9,1,1,0.9,0.9,0.9,0.8,0.7,0.9,0.7,0.8,0.8,0.7,0.6,0.7,0.7,0.7,0.7,0.6,0.7,0.7,0.7,0.8,0.8,0.7,0.7,0.7,0.7,0.8,0.8,0.7,0.7,0.7,0.7,0.8,1.3,1.1,1.2,1,1.1,1.2,1.1,1.2,1.3,1.5,1.5,1.5,1.4,1.5,1.5
2023F,MT,NNEIE,0,0,0.2,0.2,0.1,0.1,0.2,0,0,0.1,0.1,0.1,0.1,0.1,0.1,0.1,0,0.1,0.1,0.1,0.2,0.1,0,0,0,0,0,0,0,0,0,0,0,0,0,0,0,0,0,0,0,0,0,0,0,0,0,0.1,0,0,0,0.3,0.3,0.4,0.3,0.4,0.3,0.3,0.3,0.3,0.2,0.3,0.4,0.6
2023F,MT,NNICE,1.4,1.5,1.5,1.6,1.7,1.8,1.8,1.5,1.5,2,2.2,2.3,2.1,2.2,2,1.8,1.6,1.6,1.5,1.3,1,0.9,0.7,0.7,0.6,0.5,0.5,0.5,0.5,0.6,0.6,0.6,0.7,0.8,0.8,1.1,1.1,1.1,1.2,1.3,1.4,1.3,1.3,1.3,1.3,1.5,1.7,1.7,1.7,1.3,1.2,1.2,1.2,1.3,1.3,1.3,1.3,1.4,1.5,1.5,1.5,1.5,1.5,1.6
2023F,MT,NNRCE,0.9,0.9,0.9,0.9,1,1.1,1,1,1,1.1,1.4,1.4,1.3,1.4,1.2,1.3,1.3,1.2,1.2,1.2,1,0.9,1.1,0.9,1,1,0.9,0.8,0.9,1,0.9,1,0.9,1.1,1,1.1,1.2,1.1,1,1.1,1.1,1.1,1.2,1.1,1.1,1.1,1,1.1,1.2,1.2,1.1,1.2,1,1.1,1.2,1,1,1.2,1.2,1.3,1.2,1.2,1.3,1.2
2023F,MT,NNTCE,3,3.2,3.4,3.5,3.6,3.7,3.8,3.4,3.3,4.1,4.7,4.8,4.5,4.9,4.3,4.2,3.9,3.7,3.8,3.6,3.2,2.8,2.8,2.4,2.5,2.5,2.2,2.1,2.3,2.5,2.3,2.5,2.4,2.9,2.8,3.1,3.3,3.2,3.2,3.3,3.6,3.5,3.7,3.7,3.6,3.7,3.9,3.9,4.1,4,3.8,4.2,4,4.3,4.2,4,4.1,4.3,4.7,4.8,4.6,4.5,4.9,5.1
2023F,MT,PMACE,4.1,4.3,4.2,4.1,4,4.1,4.4,4,4.4,4.7,4.8,5,5.4,5.9,6,5.8,6.2,6,6.9,6.4,6.2,5.8,5.6,5.8,5.8,5.7,5.7,5.7,5.9,5.8,5.7,5.6,6.1,6.2,6.5,6.8,6.7,6.8,6.8,7,7.1,7.2,7.2,6.8,7.4,7.8,8.1,8.5,7.8,7.6,7.7,7.8,7.5,7.7,7.6,7.3,7.7,7.9,7.9,7.8,7.9,8,7.8,7.8
2023F,MT,PMCCE,0.4,0.4,0.3,0.4,0.5,0.3,0.3,0.3,0.3,0.3,0.3,0.3,0.4,0.4,0.4,0.4,0.4,0.4,0.5,0.4,0.2,0.2,0.2,0.6,0.5,0.5,0.2,0.2,0.1,0.2,0.1,0.1,0.1,0.1,0.1,0.1,0.1,0.1,0.1,0.1,0.1,0.1,0.1,0.2,0.2,0.2,0.2,0.2,0.2,0.1,0.1,0.1,0.1,0.1,0.1,0.2,0.2,0.2,0.2,0.2,0.2,0.2,0.3,0.3
2023F,MT,PMEIE,0,0,0,0,0,0,0,0,0,0,0,0,0,0.1,0,0,0,0.1,0,0.1,0,0,0,0,0,0,0,0,0,0,0,0,0,0,0,0.8,0.7,0.7,0.7,0.8,0.9,0.9,0.8,0.7,0.8,0.7,0.8,0.7,0.7,0.8,0.7,0.8,0.8,0.8,0.7,0.9,0.8,0.8,0.7,0.8,0.8,0.8,0.8,0.8
2023F,MT,PMICE,2.5,3.1,3.5,3.6,3.5,2.8,3.1,2.9,3.4,3.4,3,3.2,3.7,3.9,4,4.1,4.2,4.3,4,5.7,4.5,3.6,2.8,3.2,3,3.8,2.4,2.6,2.8,3.2,3.3,3.1,3.1,3.2,3,3.1,3.6,3.2,3.3,3.6,2.9,2.5,3,3.2,3.6,3.7,3.9,4.7,4.4,3.5,2.7,2.8,2.9,2.9,2.8,2.6,2.5,2.6,2.6,2.8,2.8,2.6,2.6,2.5
2023F,MT,PMRCE,0.2,0.3,0.3,0.3,0.3,0.3,0.3,0.3,0.4,0.4,0.3,0.4,0.4,0.4,0.5,0.5,0.5,0.5,0.6,0.4,0.4,0.2,0.3,0.4,0.3,0.3,0.3,0.3,0.3,0.3,0.3,0.3,0.2,0.2,0.2,0.2,0.3,0.3,0.2,0.2,0.3,0.3,0.3,0.4,0.5,0.5,0.5,0.6,0.6,0.6,0.5,0.5,0.4,0.4,0.5,0.5,0.4,0.5,0.5,0.6,0.6,0.5,0.7,0.5
2023F,MT,PMTCE,7.3,8.1,8.3,8.4,8.3,7.5,8.1,7.5,8.4,8.8,8.5,9,9.9,10.7,10.9,10.8,11.4,11.4,12,13,11.3,9.9,8.9,10.1,9.5,10.2,8.6,8.8,9.1,9.5,9.5,9.1,9.6,9.8,9.8,10.9,11.4,11.2,11.1,11.7,11.3,11,11.3,11.4,12.5,13,13.5,14.7,13.7,12.6,11.7,12,11.8,11.9,11.6,11.4,11.6,12,11.9,12.2,12.2,12.1,12.1,11.9
2023F,MT,TEACE,4.2,4.4,4.3,4.1,4.1,4.1,4.4,4,4.4,4.7,4.9,5.1,5.4,6,6.1,5.8,6.3,6.1,6.9,6.5,6.3,5.9,5.7,5.9,5.9,5.8,5.8,5.8,6,5.9,5.8,5.8,6.2,6.4,6.7,7,6.9,7,7,7.3,7.5,7.6,7.6,7.3,7.8,8.3,8.5,8.9,8.2,7.8,8.1,8.2,7.9,8.1,7.8,7.6,7.9,8.1,8.1,8,8.1,8.1,8,7.9
2023F,MT,TECCE,1.1,1.1,1.1,1.1,1.2,1.1,1,1.1,1,1.2,1.3,1.3,1.4,1.4,1.3,1.4,1.4,1.3,1.4,1.4,1,1,1,1.4,1.3,1.2,0.9,0.8,0.8,0.9,0.9,0.9,0.8,0.9,0.8,0.8,1,1,0.8,0.7,0.9,0.9,0.9,1,1.1,1.1,1.1,0.9,1,1.4,1.2,1.4,1.2,1.3,1.3,1.2,1.4,1.5,1.7,1.7,1.7,1.6,1.8,1.8
2023F,MT,TEEIE,0.3,0.4,0.6,0.5,0.5,0.5,0.6,0.4,0.6,1,1.2,1,1.2,1.6,1.3,1.7,3.8,5.3,5.2,5.8,5.7,5.6,4.2,3.8,8.3,9.1,12.1,12.4,16.9,16.7,15.6,17,18,14.7,17.4,16.4,13.7,15.9,18.2,18.3,17.4,18.2,16.5,18.7,19.2,19.5,19,20,20,17.2,20,16.7,15.7,16.6,17.3,17.8,16.1,15.6,15.2,15.9,10.1,12.5,13.3,13.5
2023F,MT,TEICE,4,4.7,5.1,5.4,5.3,4.7,4.9,4.5,4.9,5.4,5.3,5.6,5.9,6.2,6.1,6,6.1,6.2,5.9,7.4,5.8,5,3.9,4.2,3.9,4.7,3.4,3.4,3.7,4.2,4.3,4.2,4.3,4.6,4.8,5.2,4.9,4.5,4.8,5.1,4.6,4,4.4,4.6,5,5.3,5.8,6.6,6.2,4.9,3.9,4.1,4.5,4.6,4.6,4.4,4.3,4.5,4.6,4.7,4.6,4.5,4.5,4.4
2023F,MT,TERCE,1.2,1.3,1.3,1.2,1.3,1.4,1.4,1.4,1.4,1.5,1.7,1.8,1.8,1.8,1.6,1.8,1.8,1.7,1.8,1.6,1.4,1.2,1.4,1.3,1.2,1.3,1.2,1.1,1.2,1.3,1.3,1.3,1.1,1.3,1.2,1.3,1.5,1.5,1.2,1.2,1.4,1.4,1.5,1.5,1.6,1.6,1.6,1.6,1.8,1.8,1.6,1.7,1.5,1.6,1.6,1.5,1.5,1.7,1.7,2,1.8,1.7,2,1.8
2023F,MT,TETCE,10.7,11.7,12.3,12.3,12.5,11.7,12.4,11.4,12.3,13.8,14.3,14.8,15.7,17,16.5,16.8,19.4,20.6,21.3,22.7,20.2,18.7,16.3,16.6,20.6,22.1,23.4,23.5,28.6,29,27.9,29.1,30.5,28,31,30.7,27.9,29.9,32,32.8,31.7,32,30.9,33.1,34.8,35.8,36,38,37.2,33.1,35,32.1,30.8,32.1,32.6,32.5,31.1,31.2,31.2,32.3,26.2,28.4,29.6,29.4
2023F,NC,CDEGR,,,,,,,,,,,,,,,,,,,,,,,,,,,,,,,,,,,,,,417,403.3,378.1,387.6,371.9,369.5,363.8,356.9,348.3,315.3,322.8,302.3,280.3,305.2,273.7,254.8,253.1,253.1,236.9,231.9,220.6,222.4,215.3,188.1,192,188.6,174.7
2023F,NC,CDTCR,67.4,68.2,68.2,69.3,69.1,70.1,71.1,71.5,71.9,71.9,72.2,71.7,71.4,71.7,72.1,71.1,71.5,69.8,66,67.4,70.3,71.2,68.6,66.6,62.4,63.1,63.6,59.3,59.5,59.9,60.2,59.5,62.9,62.8,58.7,58.3,60.7,61.3,59.7,60.1,60.5,60.5,60.3,59.7,60.6,61,60.4,61.4,59.8,57.6,58.4,56.2,54.5,53.4,53.6,52,51.2,50.5,50.1,50.3,47.5,48.2,47.5,47.5
2023F,NC,CDTPR,11.6,12.1,12.6,13.2,13.4,14.2,15.8,16.4,17.4,18.4,19.1,19,19.7,20.2,19,17.1,18.9,19,17.8,19,19.1,18.9,18,17.7,17.7,17.1,17.8,16.8,17.2,17.6,16.7,16.3,17.6,18,16.9,17.4,18.7,18.5,18.2,17.7,18.4,17.5,17.5,17.5,17.5,17.7,16.6,16.9,16,14,15.4,13.7,12.8,12.8,13,12.4,12.2,11.7,11.9,11.6,10.2,10.9,10.9,10.2
2023F,NC,CLACE,0.1,0,0,0,0,0,0,0,0,0,0,0,0,0,0,0,0,0,0,0,0,0,0,0,0,0,0,0,0,0,0,0,0,0,0,0,0,0,0,0,0,0,0,0,0,0,0,0,0,0,0,0,0,0,0,0,0,0,0,0,0,0,0,0
2023F,NC,CLCCE,1,0.8,0.9,0.7,0.7,0.6,0.6,0.6,0.6,0.6,0.4,0.4,0.5,0.6,0.6,0.6,0.5,0.4,0.4,0.3,0.3,0.3,0.3,0.3,0.2,0.4,0.3,0.3,0.4,0.3,0.3,0.2,0.4,0.5,0.5,0.5,0.4,0.4,0.5,0.3,0.3,0.3,0.3,0.3,0.7,0.3,0.3,0.1,0.6,0.5,0.5,0.4,0.3,0.3,0.4,0.4,0.3,0.3,0.2,0.1,0.1,0.1,0.1,0.1
2023F,NC,CLEIE,13.7,15.1,16.6,18.8,20.5,23.6,28.1,30.9,35.3,38.6,40.6,41.1,42.7,46.2,45.5,41.2,48.1,48.2,43.5,49,55.8,58,54.9,51.9,48.2,46.6,49.1,41.2,42.5,49.8,46.6,47.3,54.5,59,53.7,56.6,64.7,67.2,66.7,66.1,70.1,67.4,69.3,69.4,70.4,73.8,70.9,76,72.6,62.1,68.9,57.4,49.1,45.1,46,37,34.8,32,29.9,29.3,20.4,20.2,14.6,14.2
2023F,NC,CLICE,5.8,6.2,6,6.3,5.9,6.1,6.5,6.2,5.8,5.1,5.1,4.2,3.4,3.4,3.4,3.3,3.1,3.4,3.5,3.8,3.2,4,3.9,4.4,4.7,5.3,6,6,6,6.1,7.1,6.4,6.8,5.9,5.7,5.8,5.5,5.1,4.5,4.2,4.4,4.3,4,3.9,3.6,3.5,3,2.8,2.6,2.2,2.2,1.9,1.6,1.7,1.5,1.4,1.3,1.2,1,0.9,0.9,1,1,0.5
2023F,NC,CLRCE,1.4,1.1,1.2,1,0.9,0.7,0.9,0.8,0.7,0.7,0.6,0.4,0.3,0.3,0.3,0.3,0.2,0.2,0.1,0.1,0.1,0.1,0.1,0,0.1,0.1,0.1,0.1,0.1,0.1,0.1,0,0.1,0.1,0.1,0.1,0.1,0.1,0.1,0,0,0,0,0,0.1,0,0,0,0,0,0,0,0,0,0,0,0,0,0,0,0,0,0,0
2023F,NC,CLTCE,22,23.2,24.8,26.9,28,31,36.2,38.5,42.5,45,46.7,46.1,46.9,50.6,49.7,45.3,51.8,52.1,47.5,53.1,59.4,62.3,59.2,56.6,53.1,52.3,55.4,47.6,49,56.2,54,54,61.8,65.4,60,63,70.7,72.7,71.7,70.6,74.8,72,73.5,73.7,74.8,77.6,74.2,79,75.8,64.8,71.5,59.7,51.1,47.2,47.9,38.8,36.5,33.5,31.1,30.4,21.4,21.3,15.6,14.7
2023F,NC,FFACE,16.4,17.3,17.7,18.7,19.4,19.8,20.9,21.8,23.3,24.7,25.8,26.6,28.3,30.3,30.3,30.1,31.5,33,34.4,34.2,31.5,31.9,31.9,33.3,34,35.1,37,38.8,41.1,39.2,38.2,37.8,38.5,39.9,41.1,42.8,45.3,46.1,47.1,48.1,50.2,49.1,49.7,51.1,52.3,53.4,52.9,54.2,52.2,47.8,52.2,50.6,49,50.2,51.1,52.2,53.4,54,54.8,56,49.8,54.5,54.6,56.1
2023F,NC,FFCCE,2,1.9,2.1,2.1,2,2,2.3,2.7,2.9,3.1,2.9,3.2,3.2,3.1,2.9,2.9,2.8,2.7,2.7,3,3.2,2.8,2.6,3.5,4.1,3.7,3.5,4,4.5,4,3.8,3.6,3.8,4,4.3,4.2,4.7,4.5,4.4,4.1,4.6,4.5,4,4.9,5.3,5,4.6,4.2,5,5.2,5.1,4.3,4.1,4.3,4.8,5.3,5.2,5,5.2,5.1,4.8,5.1,6.5,4.9
2023F,NC,FFEIE,14,15.3,16.8,19,20.7,23.7,28.3,31,35.6,39.4,42.6,43.1,45.9,49.8,48.1,41.4,48.4,48.7,44.4,49.2,56.2,58.3,55.1,52.1,48.3,46.8,49.3,41.4,42.8,50.1,46.9,47.7,54.9,59.3,54,57.1,65.1,67.7,67.8,67.1,71.4,68.7,71.3,70.7,71.8,75.4,72.6,78.4,74.7,64.4,73,62.3,57.3,56,57.5,52.1,51.1,47.5,48.4,46.1,37.1,40.1,40.1,36.1
2023F,NC,FFICE,11.6,12.4,12.5,12.7,12.8,14.2,15.7,15.5,14.8,14.8,15.3,16,17,16.5,15.1,13.3,14.7,15.4,13.7,16.4,14.8,13.8,13.3,13.4,15.6,15.1,16.2,16.2,16,15.7,16.9,16.3,18,17.1,16.3,17.5,17.3,16.9,16,15,15.6,14.9,14,13.3,13.6,13.6,12.6,11.9,11.1,9.5,10.4,10,9.6,10.2,9.9,9.5,9.6,9.6,9.9,10,9.6,10.1,10.2,9.4
2023F,NC,FFRCE,9.1,9.4,10.2,9.9,9.3,9.3,10.2,10.2,10.7,10.5,10.6,10.2,10,9.1,7.7,7.4,8.2,8.1,7.6,7.7,6.7,5.6,5.3,5.3,7.1,6.3,6.2,7,7.5,6.7,5.3,5.4,6,6.3,6,6.6,7.6,6.9,6.7,6.4,7.2,6.8,6.4,7.3,7.2,6.6,5.7,5.6,6,5.7,6.4,5.2,4.4,5.2,5.7,5.4,5.1,4.5,5.5,5.2,4.8,5.4,5.4,4.9
2023F,NC,FFTCE,53.1,56.2,59.3,62.4,64.2,69,77.5,81.2,87.3,92.5,97.2,99.1,104.3,108.8,104.1,95,105.7,107.9,102.8,110.4,112.4,112.3,108.1,107.5,109.1,107.1,112.3,107.4,111.7,115.7,111.1,110.8,121.3,126.6,121.7,128.1,140,142,141.9,140.7,148.9,144.1,145.5,147.2,150.1,154.1,148.4,154.3,148.9,132.7,147.1,132.5,124.4,125.9,129,124.4,124.4,120.6,123.8,122.3,106.2,115.3,116.9,111.4
2023F,NC,NNACE,0.1,0,0.2,0.2,0.2,0.2,0.2,0.2,0.3,0.3,0.3,0.3,0.3,0.3,0.2,0.2,0.2,0.1,0.1,0.3,0.3,0.3,0.4,0.3,0.3,0.3,0.3,0.3,0.3,0.3,0.3,0.3,0.4,0.3,0.3,0.3,0.4,0.4,0.4,0.4,0.4,0.4,0.3,0.3,0.3,0.2,0.3,0.3,0.3,0.4,0.4,0.4,0.3,0.2,0.2,0.2,0.2,0.2,0.2,0.2,0.3,0.3,0.4,0.3
2023F,NC,NNCCE,0.2,0.2,0.3,0.3,0.4,0.4,0.5,0.9,1.1,1.3,1.2,1.4,1.3,1.3,1.1,1.2,1.1,1,1.1,1.3,1.4,1.4,1.4,1.4,1.4,1.4,1.4,1.6,1.8,1.8,1.7,1.9,2,2.1,2.1,2,2.2,2.1,2,2.1,2.4,2.1,2.2,2.4,2.5,2.6,2.5,2.5,2.7,2.8,3,2.7,2.6,3,3.3,3,3.1,2.9,3.2,3.1,2.9,3.1,3.2,3
2023F,NC,NNEIE,0.3,0.1,0.1,0.2,0.1,0.2,0.1,0.1,0.2,0.5,1.1,1.1,0.9,0.4,0.1,0,0,0,0,0,0.1,0,0,0,0,0,0.1,0.1,0.1,0.1,0.2,0.2,0.2,0.2,0.1,0.3,0.2,0.3,0.7,0.7,0.7,0.9,1.7,0.8,1.1,1.5,1.5,2.2,1.9,2.1,3.9,4.8,8.1,10.8,11.1,14.7,16.1,15.3,18,16.6,16.6,19.7,25.3,21.9
2023F,NC,NNICE,1.4,1.8,1.8,1.9,2.2,2.5,2.8,2.8,3.2,3.7,3.9,4,4.4,5,4.6,3.2,2.3,1,1.3,3.6,4.4,4.5,4.2,4,4.2,4,3.8,4,4,4.4,4.6,4.5,4.8,4.9,5,5.6,5.5,5.9,5.7,5.7,5.6,4.7,5.2,4.8,4.8,4.7,4.7,4.7,4.7,4.4,4.9,5.2,5.4,5.7,5.7,5.5,5.5,5.6,6.1,6.2,6,6.4,6.4,6.2
2023F,NC,NNRCE,0.5,0.5,0.6,0.8,0.8,0.8,1,1.2,1.3,1.5,1.5,1.7,1.8,1.5,1.5,1.5,1.8,1.7,1.9,1.7,1.8,1.8,1.7,1.7,1.8,1.6,1.7,2,2.1,2.1,1.9,2.1,2.3,2.6,2.6,2.7,3.2,2.9,2.8,2.9,3.5,3.1,3.2,3.6,3.5,3.5,3.1,3.2,3.5,3.6,4,3.3,3,3.7,4.1,3.5,3.5,3.3,4,3.7,3.5,3.9,3.9,3.5
2023F,NC,NNTCE,2.4,2.7,3,3.4,3.7,4.1,4.7,5.3,6.1,7.3,8.1,8.6,8.8,8.6,7.5,6.1,5.4,3.9,4.4,7,8.1,8,7.6,7.3,7.7,7.2,7.3,8,8.2,8.7,8.7,9,9.7,10,10.2,11,11.6,11.6,11.6,11.7,12.6,11.3,12.7,11.9,12.2,12.5,12.1,12.8,13.1,13.3,16.3,16.4,19.4,23.4,24.3,27.1,28.4,27.3,31.5,29.9,29.2,33.5,39.3,34.8
2023F,NC,PMACE,16.2,17.2,17.5,18.5,19.2,19.5,20.7,21.5,23,24.3,25.5,26.2,28,29.9,30.1,29.9,31.4,32.9,34.3,33.9,31.2,31.5,31.5,33,33.7,34.8,36.8,38.5,40.8,38.8,37.9,37.5,38.2,39.6,40.8,42.4,44.9,45.7,46.8,47.7,49.8,48.8,49.4,50.7,52,53.1,52.6,54,51.9,47.3,51.8,50.2,48.7,50,50.9,51.9,53.2,53.8,54.6,55.8,49.5,54.3,54.2,55.8
2023F,NC,PMCCE,0.9,0.9,1,1,1,1,1.1,1.1,1.2,1.2,1.3,1.3,1.4,1.3,1.1,1.1,1.3,1.3,1.2,1.4,1.5,1.2,0.9,1.9,2.5,2,1.8,2.1,2.3,1.9,1.8,1.5,1.4,1.5,1.7,1.6,2,2,1.9,1.7,2,2.1,1.6,2.2,2.1,2.1,1.8,1.6,1.7,1.9,1.6,1.2,1.2,1,1.2,1.9,1.8,1.8,1.8,1.8,1.9,1.9,3.2,1.9
2023F,NC,PMEIE,0,0,0,0,0,0,0,0,0.1,0.3,0.8,0.9,2.3,3.1,2.5,0.2,0.4,0.5,0.9,0.2,0.2,0.2,0.1,0.2,0.1,0.2,0.2,0.2,0.2,0.2,0.2,0.2,0.1,0.2,0.2,0.2,0.3,0.2,0.3,0.3,0.5,0.4,0.4,0.5,0.3,0.2,0.2,0.2,0.2,0.2,0.2,0.2,0.1,0.2,0.4,0.3,0.2,0.2,0.5,0.1,0.1,0.2,0.2,0.1
2023F,NC,PMICE,4.4,4.4,4.7,4.5,4.7,5.6,6.5,6.5,5.8,6.1,6.3,7.9,9.2,8.1,7.2,6.7,9.3,11,8.9,9,7.2,5.4,5.2,5,6.7,5.8,6.4,6.1,6,5.3,5.3,5.4,6.4,6.3,5.6,6,6.3,5.8,5.8,5.2,5.5,5.8,4.8,4.5,5.2,5.4,4.9,4.3,3.7,3,3.4,3,2.6,2.8,2.7,2.6,2.7,2.8,2.7,2.8,2.7,2.7,2.9,2.7
2023F,NC,PMRCE,7.2,7.7,8.4,8.1,7.6,7.8,8.3,8.2,8.6,8.3,8.5,8.1,7.9,7.2,6,5.6,6.2,6.2,5.6,5.9,4.8,3.8,3.5,3.5,5.2,4.7,4.4,4.9,5.3,4.5,3.3,3.3,3.6,3.6,3.2,3.8,4.3,3.9,3.8,3.4,3.7,3.7,3.1,3.6,3.6,3.1,2.6,2.4,2.5,2.2,2.4,1.8,1.3,1.4,1.6,1.8,1.6,1.2,1.6,1.5,1.3,1.4,1.5,1.4
2023F,NC,PMTCE,28.7,30.3,31.5,32.1,32.5,34,36.7,37.4,38.7,40.2,42.4,44.4,48.7,49.7,46.9,43.5,48.5,51.9,50.8,50.3,44.9,42,41.3,43.6,48.3,47.5,49.6,51.8,54.5,50.8,48.4,47.8,49.7,51.2,51.5,54.1,57.7,57.7,58.7,58.3,61.5,60.8,59.2,61.5,63.1,64,62.1,62.4,60,54.7,59.3,56.5,53.9,55.3,56.8,58.6,59.5,59.8,61.2,62,55.5,60.5,62,61.9
2023F,NC,TEACE,16.4,17.3,17.7,18.7,19.4,19.8,20.9,21.8,23.3,24.7,25.8,26.6,28.3,30.3,30.3,30.1,31.5,33,34.4,34.2,31.5,31.9,31.9,33.3,34,35.1,37,38.8,41.1,39.2,38.2,37.8,38.5,39.9,41.1,42.8,45.3,46.1,47.1,48.1,50.2,49.1,49.7,51.1,52.3,53.4,52.9,54.2,52.2,47.8,52.2,50.6,49,50.2,51.1,52.2,53.4,54,54.8,56,49.8,54.5,54.6,56.1
2023F,NC,TECCE,2,1.9,2.1,2.1,2,2,2.3,2.7,2.9,3.1,2.9,3.2,3.2,3.1,2.9,2.9,2.8,2.7,2.7,3,3.2,2.8,2.6,3.5,4.1,3.7,3.5,4,4.5,4,3.8,3.6,3.8,4,4.3,4.2,4.7,4.5,4.4,4.1,4.6,4.5,4,4.9,5.3,5,4.6,4.2,5,5.2,5.1,4.3,4.1,4.3,4.8,5.3,5.2,5,5.2,5.1,4.8,5.1,6.5,4.9
2023F,NC,TEEIE,14,15.3,16.8,19,20.7,23.7,28.3,31,35.6,39.4,42.6,43.1,45.9,49.8,48.1,41.4,48.4,48.7,44.4,49.2,56.2,58.3,55.1,52.1,48.3,46.8,49.3,41.4,42.8,50.1,46.9,47.7,54.9,59.3,54,57.1,65.1,67.7,67.8,67.1,71.4,68.7,71.3,70.7,71.8,75.4,72.6,78.4,74.7,64.4,73,62.3,57.3,56,57.5,52.1,51.1,47.5,48.4,46.1,37.1,40.1,40.1,36.1
2023F,NC,TEICE,11.6,12.4,12.5,12.7,12.8,14.2,15.7,15.5,14.8,14.8,15.3,16,17,16.5,15.1,13.3,14.7,15.4,13.7,16.4,14.8,13.8,13.3,13.4,15.6,15.1,16.2,16.2,16,15.7,16.9,16.3,18,17.1,16.3,17.5,17.3,16.9,16,15,15.6,14.9,14,13.3,13.6,13.6,12.6,11.9,11.1,9.5,10.4,10,9.6,10.2,9.9,9.5,9.6,9.6,9.9,10,9.6,10.1,10.2,9.4
2023F,NC,TERCE,9.1,9.4,10.2,9.9,9.3,9.3,10.2,10.2,10.7,10.5,10.6,10.2,10,9.1,7.7,7.4,8.2,8.1,7.6,7.7,6.7,5.6,5.3,5.3,7.1,6.3,6.2,7,7.5,6.7,5.3,5.4,6,6.3,6,6.6,7.6,6.9,6.7,6.4,7.2,6.8,6.4,7.3,7.2,6.6,5.7,5.6,6,5.7,6.4,5.2,4.4,5.2,5.7,5.4,5.1,4.5,5.5,5.2,4.8,5.4,5.4,4.9
2023F,NC,TETCE,53.1,56.2,59.3,62.4,64.2,69,77.5,81.2,87.3,92.5,97.2,99.1,104.3,108.8,104.1,95,105.7,107.9,102.8,110.4,112.4,112.3,108.1,107.5,109.1,107.1,112.3,107.4,111.7,115.7,111.1,110.8,121.3,126.6,121.7,128.1,140,142,141.9,140.7,148.9,144.1,145.5,147.2,150.1,154.1,148.4,154.3,148.9,132.7,147.1,132.5,124.4,125.9,129,124.4,124.4,120.6,123.8,122.3,106.2,115.3,116.9,111.4
2023F,ND,CDEGR,,,,,,,,,,,,,,,,,,,,,,,,,,,,,,,,,,,,,,2084,2023.5,2058.5,2040.6,2036.7,1937.9,1812.5,1737.8,1778.7,1648.3,1619.9,1516.4,1434.9,1356.9,1246.5,1056.3,1039.7,978.2,979.8,995,998.2,1004.7,955.2,993.3,995.4,1025,899.6
2023F,ND,CDTCR,67.1,67,67.1,65.3,65.7,65.1,67.5,66.6,67.7,67.2,67.8,67.5,68.9,69.1,69.1,68.2,70.9,74.9,72.7,74.2,76,75.8,76.1,75.9,78.8,81.4,82.7,83,84.6,84.5,85.2,84.6,84.4,84.4,83.7,83.7,83.1,82.2,83.8,82.5,83.4,82.3,83.2,84.2,82.8,82.9,82.6,82.1,81.8,80.5,78.3,76.2,76.8,75.3,74.8,74.9,73.8,71.8,72.2,70.6,67.1,68.6,67.4,67.2
2023F,ND,CDTPR,17.3,16.8,17.9,17.5,17.8,17.3,19.5,21.5,23.2,23.1,23.8,25.4,26.7,25.9,26.6,25.4,28.8,30.6,34.3,38,38.9,40.8,43,44.4,49.8,56.1,57.7,59.3,67.4,67.8,70,71.7,74.2,74.2,74.3,73.7,74.8,72.8,74.9,76.9,79.4,80.7,80.8,80.4,77.2,81.6,78.5,80.7,80.8,77.6,77.8,78.7,80.2,78.6,79.7,76.1,72.1,74.6,77.3,74.3,71.2,72.2,73.5,68.8
2023F,ND,CLACE,0,0,0,0,0,0,0,0,0,0,0,0,0,0,0,0,0,0,0,0,0,0,0,0,0,0,0,0,0,0,0,0,0,0,0,0,0,0,0,0,0,0,0,0,0,0,0,0,0,0,0,0,0,0,0,0,0,0,0,0,0,0,0,0
2023F,ND,CLCCE,0.3,0.3,0.3,0.3,0.2,0.2,0.2,0.2,0.1,0.1,0.1,0.1,0.1,0.1,0.2,0.1,0.1,0.2,0.3,0.2,0.1,0.2,0.2,0.3,0.3,0.2,0.2,0.1,0.1,0.2,0.1,0.1,0.1,0.2,0.2,0.1,0.2,0.2,0.1,0.2,0.2,0.2,0.2,0.2,0.4,0.4,0.2,0.4,0.2,0.2,0.1,0.1,0.1,0.1,0.1,0.1,0.1,0.1,0.1,0.1,0.1,0,0,0
2023F,ND,CLEIE,1.3,1.5,1.4,1.3,1.4,1.3,2.3,3.2,3.8,3.8,4.6,5.7,6.2,6.2,6.6,5.6,8.1,9.4,11.1,12.9,14.6,15.6,17.8,19.3,21,21.7,21.6,21.9,27.2,25.9,27.2,27.9,29,29.1,29.1,28.4,29.6,28.3,30.3,30.6,31.2,30.9,31.3,30.9,29.6,31.9,30.3,31,31.6,31.3,29.8,28.7,29.7,29,29.1,29.7,28.6,28.9,29.8,27.5,26.5,26.5,27.2,24.6
2023F,ND,CLICE,0.7,0.6,0.5,0.5,0.6,0.6,0.6,0.6,0.5,0.7,0.7,0.6,0.6,0.4,0.4,0.7,0.5,0.6,0.9,1,0.7,0.6,0.8,0.7,3.1,6.7,7.7,8.3,7.8,8.4,8.2,8,8.8,8.7,8.9,9.4,8.5,8.1,8.4,8.3,9,8.8,8.6,8.9,7.9,8.7,9,8.7,8.7,8.9,9.1,8.8,8.9,8.4,8.9,9.1,9,9,9.1,8,8.2,8.1,8.1,6.6
2023F,ND,CLRCE,0.5,0.5,0.4,0.3,0.3,0.3,0.3,0.2,0.2,0.2,0.1,0.1,0.1,0.1,0.1,0.1,0,0.1,0.1,0,0,0,0,0,0.1,0.1,0.1,0,0,0,0,0,0,0,0,0,0,0,0,0,0,0,0,0,0,0,0,0,0,0,0,0,0,0,0,0,0,0,0,0,0,0,0,0
2023F,ND,CLTCE,2.9,2.9,2.7,2.4,2.5,2.4,3.4,4.2,4.6,4.8,5.5,6.4,6.9,6.8,7.3,6.5,8.7,10.2,12.3,14.1,15.5,16.4,18.9,20.3,24.4,28.7,29.5,30.3,35.1,34.6,35.6,36.1,38,37.9,38.2,37.9,38.3,36.6,38.9,39.1,40.4,39.9,40.2,40.1,37.9,41.1,39.5,40.1,40.5,40.3,39.1,37.6,38.8,37.5,38.1,39,37.7,38,39,35.6,34.8,34.7,35.4,31.2
2023F,ND,FFACE,2.9,2.9,3.3,3.4,3.4,3.4,3.5,3.7,4.1,3.9,3.9,4.1,4.3,4.5,4.3,4.5,4.7,5,5.2,5.2,5.2,5.2,5.2,4.9,5,4.9,4.7,4.8,4.8,4.7,4.6,4.7,4.9,5.1,5.1,5.1,5.2,5.3,4.7,5.6,5.6,6,6,6.1,6.3,6.2,6.2,7.1,6.3,5.9,6.7,7.8,8.8,9.1,9.8,9.1,8.1,8.6,9.2,9.5,8.4,8.8,8.8,8.9
2023F,ND,FFCCE,0.7,0.6,0.7,0.7,0.6,0.8,0.9,0.8,0.8,0.8,0.8,0.8,0.9,0.9,1.2,1.2,1.1,1.1,1.2,1.3,1.3,0.9,1.1,1.1,0.9,0.9,0.8,0.6,0.7,0.8,0.7,0.8,0.7,0.7,0.8,0.8,0.9,0.9,0.8,0.8,0.9,0.9,0.9,0.9,1,1,0.8,1,0.9,0.9,0.9,1.3,1.2,1.5,1.5,1.1,1,1.1,1.1,1.2,1.2,1.2,1.4,1.3
2023F,ND,FFEIE,1.3,1.5,1.5,1.3,1.4,1.3,2.3,3.2,3.8,3.8,4.6,5.8,6.3,6.2,6.6,5.6,8.1,9.4,11.2,13,14.7,15.6,17.9,19.3,21.1,21.7,21.7,21.9,27.2,25.9,27.3,27.9,29,29.1,29.1,28.4,29.7,28.4,30.3,30.6,31.2,30.9,31.4,30.9,29.6,32,30.4,31,31.7,31.3,29.9,28.7,29.7,29,29.2,30.1,29.2,29.3,30.3,28.3,27.4,27.4,27.9,26.1
2023F,ND,FFICE,4.4,4.2,4.3,4.4,4.5,4.5,4.4,4.4,4.2,4.3,4,3.8,3.9,3.6,3.5,3.7,3.5,3.3,3.5,3.9,3.1,4,3.5,3.6,5.9,9.3,10.4,11,10.4,11.2,11,11.1,11.7,11.6,12,12.5,11.6,11.5,11.6,11.4,12.1,12.5,12.1,12.1,11.6,12.3,12.6,12.5,13,12.5,14,15.2,15.8,16.1,17.3,16.3,15.2,16.4,17.1,16.4,17.5,17.8,18.1,16.8
2023F,ND,FFRCE,1.6,1.6,1.7,1.6,1.6,1.4,1.5,1.4,1.5,1.5,1.4,1.3,1.4,1.2,1.2,1.2,1.2,1.1,1.3,1.5,1.2,1.1,1.1,1.1,1,1.1,1.1,0.9,1.1,1.1,1,1.1,1,1,1,1,1.2,1.2,1,1.1,1.2,1.2,1.2,1.2,1.3,1.2,1,1.1,1.2,1.1,1,1,0.9,1.1,1.1,1,0.9,1,1.1,1.3,1,1,1.2,1.2
2023F,ND,FFTCE,11,10.8,11.4,11.3,11.6,11.3,12.6,13.5,14.4,14.3,14.7,15.9,16.8,16.4,16.9,16.2,18.6,19.9,22.4,24.8,25.4,26.9,28.8,30,33.9,38,38.6,39.2,44.2,43.8,44.6,45.6,47.3,47.6,47.9,47.8,48.6,47.3,48.5,49.5,51,51.6,51.5,51.3,49.8,52.7,51,52.7,53.1,51.6,52.5,54,56.3,56.9,58.9,57.5,54.5,56.4,58.8,56.7,55.5,56.2,57.4,54.3
2023F,ND,NNACE,0,0,0,0,0,0,0,0,0,0,0,0,0,0,0,0,0,0,0,0,0,0,0,0,0,0,0,0.1,0.1,0.1,0.1,0.1,0.2,0.2,0.2,0.3,0.3,0.3,0,0.5,0.6,0.7,0.8,0.8,0.8,0.7,0.7,0.7,0.6,0.5,0.8,0.8,0.9,0.8,0.9,0.8,0.8,1.1,1.2,1.7,1.6,2,2,2
2023F,ND,NNCCE,0.2,0.2,0.2,0.2,0.2,0.3,0.3,0.3,0.4,0.4,0.5,0.5,0.5,0.5,0.6,0.7,0.6,0.6,0.6,0.6,0.6,0.5,0.6,0.5,0.4,0.5,0.4,0.3,0.4,0.5,0.4,0.5,0.4,0.5,0.5,0.5,0.6,0.5,0.5,0.5,0.5,0.5,0.5,0.5,0.5,0.5,0.4,0.5,0.5,0.5,0.5,0.6,0.5,0.7,0.7,0.7,0.6,0.7,0.8,0.8,0.8,0.7,0.9,0.9
2023F,ND,NNEIE,0,0,0,0,0,0,0,0,0,0,0,0,0,0,0,0,0,0,0,0,0,0,0,0,0,0,0,0,0,0,0,0,0,0,0,0,0,0,0,0,0,0,0,0,0,0,0,0,0,0,0,0,0,0,0.1,0.3,0.6,0.4,0.5,0.8,0.8,0.8,0.7,1.5
2023F,ND,NNICE,1,1.1,1.2,1.2,1.2,1.1,1,1,1,0.9,0.8,0.8,0.8,0.7,0.7,0.7,1,0.8,0.8,0.3,0.1,0.8,0.3,0.3,0.4,0.4,0.3,0.4,0.4,0.4,0.5,0.8,0.7,0.7,0.9,0.9,1,1.4,1.4,1.3,1.2,1.3,1.4,1.1,1.2,0.9,1,1.2,1.4,1.1,1.6,1.9,1.9,2.1,2.3,2.8,2.9,3.1,3.6,4.1,5.6,5.7,6,6.3
2023F,ND,NNRCE,0.2,0.2,0.3,0.3,0.3,0.3,0.4,0.3,0.4,0.4,0.4,0.5,0.6,0.4,0.5,0.5,0.5,0.5,0.7,0.6,0.5,0.5,0.6,0.5,0.4,0.5,0.4,0.3,0.4,0.4,0.4,0.5,0.4,0.5,0.5,0.5,0.6,0.6,0.5,0.5,0.5,0.5,0.5,0.5,0.5,0.5,0.4,0.5,0.6,0.6,0.5,0.6,0.5,0.6,0.7,0.6,0.5,0.6,0.7,0.7,0.6,0.6,0.7,0.7
2023F,ND,NNTCE,1.4,1.5,1.7,1.7,1.7,1.7,1.7,1.7,1.7,1.7,1.8,1.8,2,1.7,1.9,1.9,2.2,2,2,1.5,1.3,1.9,1.5,1.4,1.2,1.3,1.1,1.1,1.3,1.4,1.5,1.9,1.7,1.9,2.1,2.2,2.4,2.8,2.4,2.8,2.8,3,3.2,2.9,3,2.6,2.6,3,3.2,2.7,3.4,3.8,3.8,4.3,4.7,5.2,5.5,5.8,6.7,8.2,9.4,9.9,10.3,11.4
2023F,ND,PMACE,2.9,2.9,3.3,3.4,3.4,3.3,3.5,3.7,4.1,3.9,3.9,4.1,4.3,4.5,4.3,4.5,4.7,5,5.2,5.2,5.2,5.2,5.2,4.9,5,4.8,4.7,4.7,4.7,4.6,4.5,4.6,4.8,4.9,4.8,4.8,4.9,5,4.7,5.1,5,5.3,5.2,5.4,5.6,5.5,5.5,6.3,5.6,5.4,5.9,7,7.9,8.3,8.9,8.3,7.3,7.6,8,7.8,6.8,6.7,6.8,6.8
2023F,ND,PMCCE,0.2,0.2,0.2,0.2,0.2,0.3,0.3,0.3,0.3,0.3,0.3,0.2,0.3,0.3,0.4,0.4,0.4,0.3,0.3,0.4,0.5,0.3,0.2,0.3,0.3,0.3,0.2,0.2,0.2,0.2,0.1,0.1,0.1,0.1,0.1,0.1,0.1,0.2,0.2,0.2,0.2,0.2,0.2,0.2,0.1,0.2,0.2,0.2,0.2,0.2,0.3,0.6,0.5,0.7,0.7,0.3,0.3,0.3,0.3,0.3,0.4,0.4,0.4,0.4
2023F,ND,PMEIE,0,0,0,0,0,0,0,0,0,0,0,0.1,0,0,0,0,0,0,0,0.1,0,0,0,0,0.1,0,0,0,0,0,0,0,0,0,0,0,0.1,0.1,0,0,0,0,0,0,0,0,0,0,0,0,0,0,0,0,0,0,0,0,0,0,0,0,0,0
2023F,ND,PMICE,2.6,2.5,2.6,2.7,2.8,2.8,2.8,2.8,2.8,2.7,2.5,2.4,2.5,2.5,2.4,2.3,2.1,1.9,1.9,2.6,2.3,2.6,2.4,2.6,2.4,2.3,2.4,2.3,2.2,2.4,2.3,2.3,2.2,2.2,2.2,2.2,2.2,2,1.9,1.8,2,2.5,2,2.1,2.4,2.6,2.6,2.6,2.9,2.4,3.4,4.5,4.9,5.6,6.1,4.3,3.4,4.3,4.4,4.3,3.6,4,4,3.9
2023F,ND,PMRCE,0.9,0.9,1,1,1,0.7,0.8,0.9,0.9,0.9,0.9,0.8,0.8,0.7,0.6,0.6,0.6,0.5,0.5,0.9,0.6,0.6,0.5,0.5,0.5,0.5,0.6,0.6,0.6,0.7,0.6,0.6,0.5,0.5,0.5,0.5,0.6,0.6,0.5,0.6,0.7,0.7,0.6,0.7,0.7,0.6,0.5,0.5,0.7,0.5,0.5,0.5,0.4,0.4,0.5,0.4,0.4,0.4,0.5,0.6,0.4,0.5,0.5,0.5
2023F,ND,PMTCE,6.7,6.4,7,7.2,7.3,7.2,7.6,7.6,8.1,7.8,7.5,7.7,8,7.9,7.7,7.8,7.8,7.7,8,9.2,8.6,8.7,8.4,8.3,8.3,8,8,7.8,7.7,7.9,7.6,7.6,7.7,7.8,7.7,7.7,7.9,7.9,7.3,7.7,7.8,8.7,8.1,8.3,8.9,9,8.8,9.6,9.5,8.5,10.1,12.5,13.8,15,16.1,13.3,11.3,12.6,13.1,13,11.3,11.6,11.7,11.7
2023F,ND,TEACE,2.9,2.9,3.3,3.4,3.4,3.4,3.5,3.7,4.1,3.9,3.9,4.1,4.3,4.5,4.3,4.5,4.7,5,5.2,5.2,5.2,5.2,5.2,4.9,5,4.9,4.7,4.8,4.8,4.7,4.6,4.7,4.9,5.1,5.1,5.1,5.2,5.3,4.7,5.6,5.6,6,6,6.1,6.3,6.2,6.2,7.1,6.3,5.9,6.7,7.8,8.8,9.1,9.8,9.1,8.1,8.6,9.2,9.5,8.4,8.8,8.8,8.9
2023F,ND,TECCE,0.7,0.6,0.7,0.7,0.6,0.8,0.9,0.8,0.8,0.8,0.8,0.8,0.9,0.9,1.2,1.2,1.1,1.1,1.2,1.3,1.3,0.9,1.1,1.1,0.9,0.9,0.8,0.6,0.7,0.8,0.7,0.8,0.7,0.7,0.8,0.8,0.9,0.9,0.8,0.8,0.9,0.9,0.9,0.9,1,1,0.8,1,0.9,0.9,0.9,1.3,1.2,1.5,1.5,1.1,1,1.1,1.1,1.2,1.2,1.2,1.4,1.3
2023F,ND,TEEIE,1.3,1.5,1.5,1.3,1.4,1.3,2.3,3.2,3.8,3.8,4.6,5.8,6.3,6.2,6.6,5.6,8.1,9.4,11.2,13,14.7,15.6,17.9,19.3,21.1,21.7,21.7,21.9,27.2,25.9,27.3,27.9,29,29.1,29.1,28.4,29.7,28.4,30.3,30.6,31.2,30.9,31.4,30.9,29.6,32,30.4,31,31.7,31.3,29.9,28.7,29.7,29,29.2,30.1,29.2,29.3,30.3,28.3,27.4,27.4,27.9,26.1
2023F,ND,TEICE,4.4,4.2,4.3,4.4,4.5,4.5,4.4,4.4,4.2,4.3,4,3.8,3.9,3.6,3.5,3.7,3.5,3.3,3.5,3.9,3.1,4,3.5,3.6,5.9,9.3,10.4,11,10.4,11.2,11,11.1,11.7,11.6,12,12.5,11.6,11.5,11.6,11.4,12.1,12.5,12.1,12.1,11.6,12.3,12.6,12.5,13,12.5,14,15.2,15.8,16.1,17.3,16.3,15.2,16.4,17.1,16.4,17.5,17.8,18.1,16.8
2023F,ND,TERCE,1.6,1.6,1.7,1.6,1.6,1.4,1.5,1.4,1.5,1.5,1.4,1.3,1.4,1.2,1.2,1.2,1.2,1.1,1.3,1.5,1.2,1.1,1.1,1.1,1,1.1,1.1,0.9,1.1,1.1,1,1.1,1,1,1,1,1.2,1.2,1,1.1,1.2,1.2,1.2,1.2,1.3,1.2,1,1.1,1.2,1.1,1,1,0.9,1.1,1.1,1,0.9,1,1.1,1.3,1,1,1.2,1.2
2023F,ND,TETCE,11,10.8,11.4,11.3,11.6,11.3,12.6,13.5,14.4,14.3,14.7,15.9,16.8,16.4,16.9,16.2,18.6,19.9,22.4,24.8,25.4,26.9,28.8,30,33.9,38,38.6,39.2,44.2,43.8,44.6,45.6,47.3,47.6,47.9,47.8,48.6,47.3,48.5,49.5,51,51.6,51.5,51.3,49.8,52.7,51,52.7,53.1,51.6,52.5,54,56.3,56.9,58.9,57.5,54.5,56.4,58.8,56.7,55.5,56.2,57.4,54.3
2023F,NE,CDEGR,,,,,,,,,,,,,,,,,,,,,,,,,,,,,,,,,,,,,,552.3,566.3,538.4,518.1,520.8,506.3,493.4,478.2,462.5,454.5,446.6,467,472.3,481.2,477.4,461.1,479,449.9,422.3,396.4,386.3,415.1,394.2,365.5,348.7,345.7,314.6
2023F,NE,CDTCR,60.9,60.9,61.4,61.5,61.2,60.7,60,60.5,60.4,61.1,60.8,60.6,61.5,60.8,56,53.9,56.2,54.8,54.7,54.9,58.1,58.3,54.7,59.1,61,62.9,57.8,57.1,60.8,58.6,60.2,60.2,59.2,62.5,62.4,61.4,58.8,59.8,61.5,59.2,61.2,61.8,60,62.4,59.7,61.2,60.7,57.4,57.8,58.2,55.2,58.8,59.8,59.5,56,55.2,54.3,55.1,57.3,55.1,54.8,53.8,54.3,52.3
2023F,NE,CDTPR,13,12.9,13.4,13.7,14,13.7,15.4,15.4,16.6,17.6,18.5,18.3,19.4,19.7,18.8,18.5,20,20,19.6,20.1,19.1,17.9,18.1,18.8,19.8,19.2,18.3,19.2,21.6,20.6,20.8,21.2,20.3,22,21.8,23.1,23.6,24.2,25.3,24.5,24.3,24.9,24.4,25.1,24.8,24.8,25,25,26,26.1,27.3,28.5,27.3,28.6,27.7,26.7,25.2,24.8,27.1,26,23.6,24,24.4,22.9
2023F,NE,CLACE,0,0,0,0,0,0,0,0,0,0,0,0,0,0,0,0,0,0,0,0,0,0,0,0,0,0,0,0,0,0,0,0,0,0,0,0,0,0,0,0,0,0,0,0,0,0,0,0,0,0,0,0,0,0,0,0,0,0,0,0,0,0,0,0
2023F,NE,CLCCE,0.2,0.1,0.1,0.1,0.1,0.1,0,0,0,0.1,0,0,0,0,0,0,0,0,0,0.1,0,0,0,0.1,0.2,0,0,0,0.1,0,0,0,0,0,0,0,0,0.2,0,0,0,0,0,0,0,0,0,0,0,0,0,0,0,0,0,0,0,0,0,0,0,0,0,0
2023F,NE,CLEIE,0.6,0.5,0.9,1.1,1.2,1.1,1,1.2,1.2,2.1,2.3,2.1,2.7,2.9,2.5,2.5,4,4.6,4.6,6.3,8.4,8.7,8.6,9.5,11.1,10.5,9.9,10.5,12.7,12,13.1,13.9,12.8,15.1,14.5,16.4,16.5,17.6,18.8,18.2,18.9,20.6,20,21,20.7,21.1,20.9,19.9,21.7,23.1,23.1,25.4,24.2,26,24.3,23.4,21.1,20.3,23.3,21.3,19,19.1,19.8,17.6
2023F,NE,CLICE,0.8,0.9,1,1,0.9,0.7,0.8,0.5,0.3,0.3,0.5,0.4,0.4,0.6,0.6,0.6,1.1,1,1,1,0.5,0.7,0.6,0.4,0.5,0.5,0.6,0.5,0.5,0.5,0.4,0.6,0.6,0.6,0.7,0.6,0.5,0.5,0.7,0.7,0.8,1,0.7,0.7,0.7,0.7,0.8,0.8,0.7,0.7,1.2,1.8,1.8,1.9,2.1,2,1.9,2,1.9,1.7,1.5,1.6,1.6,1.1
2023F,NE,CLRCE,0.3,0.2,0.2,0.1,0.1,0.1,0.1,0,0,0.1,0,0,0,0,0,0,0,0,0,0,0,0,0,0,0,0,0,0,0,0,0,0,0,0,0,0,0,0,0,0,0,0,0,0,0,0,0,0,0,0,0,0,0,0,0,0,0,0,0,0,0,0,0,0
2023F,NE,CLTCE,1.9,1.7,2.2,2.3,2.2,2,1.9,1.7,1.6,2.6,2.8,2.5,3.2,3.5,3.1,3.1,5.1,5.6,5.7,7.4,8.9,9.4,9.2,10,11.8,11,10.5,11.1,13.3,12.5,13.5,14.5,13.4,15.8,15.2,17.1,17,18.4,19.5,18.9,19.7,21.6,20.8,21.7,21.4,21.9,21.7,20.7,22.4,23.8,24.3,27.2,26,28,26.4,25.5,23,22.4,25.3,23,20.5,20.7,21.4,18.7
2023F,NE,FFACE,6.5,6.7,7,7.6,7.5,7.1,7.5,8.1,9,9.2,9.7,9.9,10.8,11.4,10.7,10.5,11.1,11.8,12.2,11,9.9,9.2,9.5,10.1,9.9,9.9,9.9,10.4,11.3,10.7,10.6,10.4,10.8,10.6,10.8,11.5,12.6,12.8,13.4,13.7,12.2,11.4,11.7,12.2,12.3,12.2,12.4,12.5,12.1,12.2,14.4,13.8,13.3,13.3,13.7,13.7,13.5,13.6,14.2,14.2,13,13.6,13.7,13.6
2023F,NE,FFCCE,1.6,1.5,1.5,1.5,1.6,1.6,1.9,2.5,2.6,2.8,2.9,2.9,2.9,2.5,2.6,2.6,3,2.9,2.5,2.7,2.5,2.3,2.5,2.5,2.8,2.5,2.1,2,2.3,2.1,2.1,2.2,2,2,2.2,2.2,2.3,2.1,1.7,1.6,1.8,1.7,1.6,1.7,1.8,1.6,1.7,1.8,2.1,1.9,1.9,1.9,1.6,2,2,2,1.8,1.9,2.3,2.4,2.2,2.1,2.2,2.2
2023F,NE,FFEIE,2.4,2.4,2.8,3.1,3.2,3.1,3.1,3.3,3.9,4.6,5,4.8,5.5,5.9,5.3,5,5.6,5.8,5.9,7.4,9.1,8.9,8.7,9.6,11.2,10.6,10,10.6,12.9,12.1,13.3,14.1,12.9,15.2,14.6,16.6,16.6,17.8,19.1,18.4,19.3,20.9,20.3,21.3,20.9,21.6,21.4,20.5,22.1,23.3,23.3,25.7,24.7,26.3,24.6,23.7,21.4,20.7,23.8,22,19.6,19.8,20.5,18.4
2023F,NE,FFICE,4.9,5,5,4.9,5.2,4.9,6.2,4.8,4.9,5.2,5.6,5.5,5.7,6.5,6.7,6.7,7.4,6.8,6.6,6.9,5.4,4.9,4.7,4.5,4.8,4.7,4.3,4.6,4.8,4.8,4.4,4.4,4.5,5.2,5.4,5.4,4.9,5.3,6.1,5.3,5.6,5.8,5.6,5.6,5.9,5.8,6.4,7.2,7.5,7.1,7.8,8.4,9,9.1,9,8.9,9.2,9.2,8.9,8.8,9,9.1,9.2,9
2023F,NE,FFRCE,3.1,3.1,3.3,3.1,3.2,3.5,3.8,3.8,4,4.2,4.4,4.4,4.6,4,3.7,3.9,4,3.8,3.6,3.4,3.1,2.8,3.2,3,2.8,2.8,2.6,2.4,2.7,2.8,2.5,2.7,2.5,2.9,2.7,2.7,3.1,2.9,2.6,2.6,2.8,3,2.9,2.8,2.5,2.5,2.4,2.6,2.9,2.7,2.7,2.6,2.1,2.7,2.8,2.3,2.2,2.2,2.8,2.9,2.5,2.4,2.6,2.4
2023F,NE,FFTCE,18.4,18.7,19.6,20.2,20.7,20.1,22.4,22.4,24.4,26,27.5,27.5,29.4,30.1,29,28.6,31.1,31.1,30.7,31.5,30,28.2,28.7,29.8,31.5,30.4,28.9,30.1,34,32.5,32.8,33.8,32.7,35.8,35.7,38.4,39.5,40.9,42.9,41.7,41.6,42.8,42.2,43.6,43.3,43.7,44.2,44.6,46.6,47.2,50,52.4,50.6,53.4,52,50.5,48.1,47.6,52.1,50.3,46.3,47.1,48.2,45.6
2023F,NE,NNACE,0.3,0.4,0.4,0.3,0.4,0.5,0.5,0.5,0.5,0.6,0.7,0.7,0.7,0.7,0.6,0.6,0.5,0.6,0.5,0.4,0.4,0.3,0.3,0.2,0.2,0.3,0.2,0.2,0.2,0.3,0.2,0.1,0.1,0.1,0.2,0.2,0.2,0.2,0.2,0.2,0.2,0.2,0.1,0.3,0.2,0.2,0.2,0.3,0.5,0.4,0.4,0.5,0.4,0.4,0.4,0.4,0.4,0.4,0.5,0.4,0.4,0.2,0.3,0.3
2023F,NE,NNCCE,1.2,1.2,1.2,1.2,1.3,1.3,1.6,2.2,2.2,2.4,2.5,2.5,2.4,2.1,2.3,2.3,2.6,2.5,2.2,2.3,2.3,2.1,2.2,2,2.1,2,1.9,1.7,2,1.9,1.9,2.1,1.8,1.8,2,2.1,2.2,1.8,1.5,1.5,1.5,1.5,1.5,1.5,1.6,1.5,1.5,1.6,1.9,1.7,1.7,1.7,1.4,1.8,1.8,1.6,1.5,1.6,2,2,1.8,1.8,1.8,1.9
2023F,NE,NNEIE,1.7,1.8,1.8,1.9,2,1.9,2.1,2.1,2.6,2.4,2.5,2.6,2.6,2.8,2.5,2,1,0.8,0.7,0.7,0.6,0.2,0.1,0.1,0.1,0.1,0.1,0.1,0.1,0.1,0.2,0.2,0.1,0.1,0.2,0.2,0.1,0.1,0.3,0.2,0.3,0.2,0.3,0.2,0.2,0.4,0.4,0.6,0.4,0.2,0.2,0.2,0.4,0.3,0.2,0.2,0.3,0.3,0.5,0.7,0.6,0.6,0.7,0.8
2023F,NE,NNICE,2,2,2.2,2.1,2.4,2.4,3.3,2.2,2.5,2.7,2.9,2.9,3,3.8,3.7,3.8,3.3,3.1,2.7,2.7,2.6,2.1,1.9,1.9,1.9,1.6,1,1.5,1.6,1.5,1.3,1.2,1.3,1.9,1.9,2.2,1.9,2.3,2.7,2.3,2.4,2.1,2.1,2,2.1,2.2,2.8,3.5,4,4.2,4.4,4.5,4.5,4.7,4.7,4.6,4.9,4.8,4.8,4.9,5.1,5.2,5.3,5.6
2023F,NE,NNRCE,2.2,2.2,2.4,2.1,2.4,2.5,2.8,2.8,2.8,2.9,3.1,3.1,3.2,2.7,2.6,2.8,2.9,2.8,2.6,2.8,2.5,2.2,2.7,2.4,2.4,2.4,2.2,2,2.2,2.3,2.1,2.3,2.1,2.5,2.3,2.3,2.6,2.5,2.2,2.1,2.3,2.5,2.3,2.3,2.1,2,1.9,2.1,2.3,2.2,2.1,2.1,1.7,2.3,2.3,1.9,1.9,1.9,2.4,2.4,2.1,2,2.2,2.1
2023F,NE,NNTCE,7.4,7.6,7.8,7.7,8.4,8.7,10.3,9.9,10.7,11,11.8,11.9,11.9,12.1,11.7,11.4,10.4,9.9,8.5,8.9,8.4,7,7.1,6.6,6.8,6.4,5.4,5.5,6.2,6.1,5.6,5.9,5.4,6.4,6.5,7,7,6.9,6.8,6.4,6.7,6.5,6.4,6.3,6.1,6.3,6.9,8,9.1,8.7,8.9,9.1,8.5,9.4,9.4,8.8,8.9,9.1,10.2,10.3,10,9.9,10.3,10.7
2023F,NE,PMACE,6.2,6.4,6.7,7.2,7,6.6,7,7.5,8.5,8.6,9,9.2,10.1,10.7,10.1,9.9,10.5,11.1,11.7,10.6,9.6,8.9,9.2,9.9,9.7,9.6,9.7,10.1,11.1,10.4,10.4,10.3,10.7,10.4,10.6,11.3,12.3,12.6,13.2,13.6,12,11.3,11.6,11.9,12,12,12.2,12.2,11.6,11.8,14,13.3,12.9,12.9,13.3,13.3,13.1,13.2,13.7,13.8,12.7,13.4,13.4,13.3
2023F,NE,PMCCE,0.2,0.2,0.2,0.2,0.2,0.2,0.3,0.3,0.3,0.3,0.3,0.3,0.4,0.3,0.3,0.3,0.4,0.4,0.3,0.3,0.2,0.2,0.3,0.4,0.5,0.4,0.2,0.2,0.2,0.2,0.2,0.2,0.2,0.2,0.2,0.1,0.1,0.1,0.1,0.1,0.2,0.2,0.1,0.2,0.2,0.1,0.2,0.2,0.2,0.2,0.2,0.1,0.1,0.2,0.2,0.3,0.3,0.3,0.3,0.4,0.4,0.3,0.4,0.3
2023F,NE,PMEIE,0.1,0.1,0.1,0.1,0.1,0.1,0.1,0,0.1,0.1,0.1,0.1,0.2,0.2,0.3,0.4,0.6,0.4,0.6,0.3,0.1,0,0.1,0,0,0,0,0,0.1,0,0,0,0,0,0,0,0,0,0,0,0.1,0,0,0,0,0,0,0,0,0,0,0,0,0,0,0,0,0,0,0,0,0.1,0,0
2023F,NE,PMICE,2,2.1,1.8,1.8,1.9,1.7,2,2.1,2.1,2.1,2.2,2.2,2.3,2.1,2.4,2.4,2.9,2.6,2.9,3.3,2.3,2.1,2.3,2.2,2.4,2.6,2.7,2.6,2.7,2.7,2.7,2.6,2.6,2.6,2.8,2.5,2.5,2.5,2.7,2.2,2.4,2.8,2.8,2.9,3.1,2.9,2.9,3,2.7,2.2,2.1,2.1,2.7,2.4,2.2,2.3,2.4,2.4,2.2,2.3,2.4,2.3,2.3,2.3
2023F,NE,PMRCE,0.7,0.7,0.8,0.8,0.8,0.9,0.9,0.9,1.1,1.2,1.3,1.3,1.4,1.2,1.1,1.1,1.1,1,1,0.6,0.5,0.5,0.5,0.6,0.4,0.4,0.4,0.4,0.4,0.4,0.3,0.4,0.4,0.4,0.4,0.3,0.5,0.4,0.5,0.5,0.5,0.5,0.6,0.5,0.5,0.5,0.4,0.5,0.6,0.5,0.5,0.5,0.4,0.5,0.4,0.4,0.4,0.3,0.4,0.5,0.4,0.4,0.4,0.3
2023F,NE,PMTCE,9.1,9.4,9.6,10.2,10,9.5,10.2,10.8,12.1,12.4,12.9,13.1,14.3,14.5,14.2,14.1,15.6,15.5,16.5,15.2,12.7,11.9,12.4,13.2,12.9,13.1,13,13.4,14.5,13.9,13.7,13.4,13.9,13.6,14,14.3,15.5,15.6,16.6,16.4,15.2,14.8,15.1,15.5,15.8,15.6,15.6,15.8,15.2,14.7,16.8,16,16.1,16,16.2,16.3,16.2,16.1,16.7,17,15.9,16.5,16.5,16.2
2023F,NE,TEACE,6.5,6.7,7,7.6,7.5,7.1,7.5,8.1,9,9.2,9.7,9.9,10.8,11.4,10.7,10.5,11.1,11.8,12.2,11,9.9,9.2,9.5,10.1,9.9,9.9,9.9,10.4,11.3,10.7,10.6,10.4,10.8,10.6,10.8,11.5,12.6,12.8,13.4,13.7,12.2,11.4,11.7,12.2,12.3,12.2,12.4,12.5,12.1,12.2,14.4,13.8,13.3,13.3,13.7,13.7,13.5,13.6,14.2,14.2,13,13.6,13.7,13.6
2023F,NE,TECCE,1.6,1.5,1.5,1.5,1.6,1.6,1.9,2.5,2.6,2.8,2.9,2.9,2.9,2.5,2.6,2.6,3,2.9,2.5,2.7,2.5,2.3,2.5,2.5,2.8,2.5,2.1,2,2.3,2.1,2.1,2.2,2,2,2.2,2.2,2.3,2.1,1.7,1.6,1.8,1.7,1.6,1.7,1.8,1.6,1.7,1.8,2.1,1.9,1.9,1.9,1.6,2,2,2,1.8,1.9,2.3,2.4,2.2,2.1,2.2,2.2
2023F,NE,TEEIE,2.4,2.4,2.8,3.1,3.2,3.1,3.1,3.3,3.9,4.6,5,4.8,5.5,5.9,5.3,5,5.6,5.8,5.9,7.4,9.1,8.9,8.7,9.6,11.2,10.6,10,10.6,12.9,12.1,13.3,14.1,12.9,15.2,14.6,16.6,16.6,17.8,19.1,18.4,19.3,20.9,20.3,21.3,20.9,21.6,21.4,20.5,22.1,23.3,23.3,25.7,24.7,26.3,24.6,23.7,21.4,20.7,23.8,22,19.6,19.8,20.5,18.4
2023F,NE,TEICE,4.9,5,5,4.9,5.2,4.9,6.2,4.8,4.9,5.2,5.6,5.5,5.7,6.5,6.7,6.7,7.4,6.8,6.6,6.9,5.4,4.9,4.7,4.5,4.8,4.7,4.3,4.6,4.8,4.8,4.4,4.4,4.5,5.2,5.4,5.4,4.9,5.3,6.1,5.3,5.6,5.8,5.6,5.6,5.9,5.8,6.4,7.2,7.5,7.1,7.8,8.4,9,9.1,9,8.9,9.2,9.2,8.9,8.8,9,9.1,9.2,9
2023F,NE,TERCE,3.1,3.1,3.3,3.1,3.2,3.5,3.8,3.8,4,4.2,4.4,4.4,4.6,4,3.7,3.9,4,3.8,3.6,3.4,3.1,2.8,3.2,3,2.8,2.8,2.6,2.4,2.7,2.8,2.5,2.7,2.5,2.9,2.7,2.7,3.1,2.9,2.6,2.6,2.8,3,2.9,2.8,2.5,2.5,2.4,2.6,2.9,2.7,2.7,2.6,2.1,2.7,2.8,2.3,2.2,2.2,2.8,2.9,2.5,2.4,2.6,2.4
2023F,NE,TETCE,18.4,18.7,19.6,20.2,20.7,20.1,22.4,22.4,24.4,26,27.5,27.5,29.4,30.1,29,28.6,31.1,31.1,30.7,31.5,30,28.2,28.7,29.8,31.5,30.4,28.9,30.1,34,32.5,32.8,33.8,32.7,35.8,35.7,38.4,39.5,40.9,42.9,41.7,41.6,42.8,42.2,43.6,43.3,43.7,44.2,44.6,46.6,47.2,50,52.4,50.6,53.4,52,50.5,48.1,47.6,52.1,50.3,46.3,47.1,48.2,45.6
2023F,NH,CDEGR,,,,,,,,,,,,,,,,,,,,,,,,,,,,,,,,,,,,,,323.3,300.6,293.2,287,274.5,278.3,318,321,305.4,271.1,266.4,263,242,229.5,222.5,198.6,191,196.9,192.2,170.5,165.9,172.6,164.6,149.4,147.7,151.3,145
2023F,NH,CDTCR,60.3,63.7,63.7,63.5,62.8,63.7,63.4,64.1,65.7,67,67.3,66.9,67.3,65.8,65.7,66.6,65.1,65.6,64.2,64.2,64.6,62.5,63,61.9,63.4,63.2,62,62.9,63.9,63.1,51.7,47.9,45.5,44.6,49,45.8,43.1,47.7,47.2,46.9,48.9,48.6,48.8,50.5,49.2,48.4,48,45.6,45.8,44.5,41.6,43.4,41.6,38,39.2,38.9,36.4,36.4,38.1,36.9,37.3,38.3,37.7,39
2023F,NH,CDTPR,10.6,12.2,12.7,12.7,12.2,11.9,12.8,13.1,14.8,16.7,17.3,17.5,18,17,15.4,15.1,16.1,16.1,15.1,14.2,13.8,12.2,11.8,11.7,13.3,13.2,13.6,14.4,14.4,14.3,13.1,12.9,12.9,13.2,13.1,13,13,13.9,13.7,13.7,14.1,13.5,13.9,16.4,17,16.4,14.8,14.6,14.2,13,12.7,12.4,11.1,10.9,11.3,11.4,10.2,10,10.5,10.2,9,9.6,9.9,9.7
2023F,NH,CLACE,0,0,0,0,0,0,0,0,0,0,0,0,0,0,0,0,0,0,0,0,0,0,0,0,0,0,0,0,0,0,0,0,0,0,0,0,0,0,0,0,0,0,0,0,0,0,0,0,0,0,0,0,0,0,0,0,0,0,0,0,0,0,0,0
2023F,NH,CLCCE,0,0,0,0,0,0,0,0,0,0,0,0,0,0,0,0,0,0,0,0,0,0,0,0,0,0,0,0,0,0,0,0,0,0,0,0,0,0,0,0,0,0,0,0,0,0,0,0,0,0,0,0,0,0,0,0,0,0,0,0,0,0,0,0
2023F,NH,CLEIE,0.2,0.9,0.9,0.9,1,0.9,0.8,0.9,2,2.5,2.5,2.4,2.9,2.7,2.4,2.5,1.9,2.4,1.9,2.8,2.8,2.3,2.5,2.6,3.1,3.7,2.3,3,3.1,2.9,2.9,3.1,3.2,3.3,3.2,3.4,3.4,4.2,3.7,3.4,4.2,3.8,3.8,4,4.1,4.2,4.3,4.3,3.8,3.1,3.2,2.3,1.4,1.6,1.4,1.1,0.5,0.3,0.7,0.4,0.1,0.3,0.4,0.2
2023F,NH,CLICE,0.2,0.2,0.2,0.1,0.1,0.1,0.1,0.1,0.1,0.1,0,0,0,0,0,0,0,0.1,0,0,0,0,0.1,0.1,0.1,0.1,0,0,0,0,0.1,0.1,0.1,0.2,0,0,0,0,0,0,0,0,0,0,0,0,0,0,0,0,0,0,0,0,0,0,0,0,0,0,0,0,0,0
2023F,NH,CLRCE,0,0,0,0,0,0,0,0,0,0,0,0,0,0,0,0,0,0,0,0,0,0,0,0,0,0,0,0,0,0,0,0,0,0,0,0,0,0,0,0,0,0,0,0,0,0,0,0,0,0,0,0,0,0,0,0,0,0,0,0,0,0,0,0
2023F,NH,CLTCE,0.5,1.2,1.2,1.1,1.1,1.1,0.9,1,2.1,2.6,2.6,2.4,2.9,2.7,2.4,2.5,1.9,2.5,1.9,2.8,2.8,2.3,2.6,2.8,3.2,3.8,2.4,3,3.1,3,3,3.3,3.3,3.6,3.2,3.4,3.4,4.2,3.7,3.4,4.2,3.8,3.8,4,4.2,4.2,4.3,4.3,3.8,3.1,3.2,2.3,1.4,1.6,1.4,1.1,0.5,0.3,0.7,0.4,0.1,0.3,0.4,0.2
2023F,NH,FFACE,2.4,2.5,2.5,2.6,2.7,2.6,2.9,3.2,3.4,3.5,3.6,3.8,3.9,4,4,4,4.3,4.4,4.5,4.7,4.1,4,4,4.1,4.5,4.5,4.9,5.3,5.5,5.5,5.2,5.3,5.3,5.4,5.5,5.7,5.9,6.2,6.8,7.1,7.3,7.3,8.1,7.7,7.8,7.3,7.3,7.3,7.1,7,7.1,6.9,6.7,6.8,6.8,6.8,6.7,6.8,6.9,6.9,6,6.6,6.7,6.9
2023F,NH,FFCCE,0.3,0.3,0.3,0.4,0.3,0.3,0.4,0.4,0.4,0.5,0.5,0.5,0.6,0.5,0.5,0.5,0.6,0.6,0.6,0.5,0.9,0.8,0.9,0.7,0.7,0.7,1.1,1.4,1.3,1.3,1.4,1.3,1.2,1.2,1.3,1.2,1.4,1.4,1.2,1.2,1.5,1.4,1.4,1.7,1.9,2,1.4,1.4,1.4,1.4,1.2,1.4,1.2,1.3,1.4,1.5,1.4,1.3,1.5,1.5,1.3,1.4,1.4,1.4
2023F,NH,FFEIE,0.9,1.4,1.4,1.4,1.5,1.6,1.6,1.8,2.9,3.5,3.8,3.7,4,3.7,3.3,3.6,3.4,3.8,3.6,4.8,4.8,4.2,3.7,3.9,4.7,4.8,4.5,4.7,5.4,5.4,4.8,4.4,4.3,4.5,4.4,4.3,4.1,5.1,4.8,4.6,4.6,4.2,4.4,7.2,7.8,7.8,6.9,6.7,6.7,5.4,5.4,5,4.1,3.3,3.3,3.5,2.4,1.8,2,1.8,1.6,2.1,2.4,1.9
2023F,NH,FFICE,0.8,0.8,1.1,1,1,0.8,1.4,1,0.8,1.5,1.7,2,2.1,1.9,1.6,1.5,1.8,1.9,1.4,0.7,0.9,0.6,0.8,0.8,1,0.9,1.2,1.1,0.9,0.8,0.8,0.8,1.1,1.3,1.1,1,0.9,0.9,0.9,0.9,1.1,1.2,1.1,1.1,1.1,1,1.1,0.9,0.8,0.7,0.7,0.7,0.7,0.8,0.8,0.7,0.7,0.8,0.8,0.8,0.7,0.7,0.7,0.8
2023F,NH,FFRCE,2.1,2.5,2.6,2.8,2.5,2.6,2.5,2.7,3,3.2,3.2,3.4,3.5,3.4,3.2,3,3.6,3.4,3.4,2.3,2,1.9,1.8,1.8,2.1,2.3,2.2,2.7,2.6,2.9,2.4,2.4,2.6,2.5,2.6,2.7,2.9,2.9,2.8,2.8,2.9,2.8,2.7,3.3,3.4,3.2,2.8,2.8,2.7,2.5,2.3,2.4,1.9,2.3,2.7,2.7,2.6,2.8,3,3,2.8,2.5,2.5,2.5
2023F,NH,FFTCE,6.5,7.6,8,8.2,8.1,8,8.7,9.1,10.5,12.1,12.8,13.3,14.1,13.6,12.6,12.5,13.6,14,13.5,12.9,12.7,11.4,11.2,11.2,13,13.2,13.9,15.2,15.6,15.8,14.6,14.3,14.4,14.9,14.9,15,15.2,16.5,16.5,16.7,17.4,16.9,17.7,21,22,21.2,19.4,19.2,18.7,17.1,16.7,16.3,14.7,14.4,15.1,15.2,13.8,13.5,14.2,13.9,12.4,13.3,13.8,13.5
2023F,NH,NNACE,0,0,0,0,0,0,0,0,0,0,0,0,0,0,0,0,0,0,0,0,0,0,0,0,0,0,0,0,0,0,0,0,0,0,0.1,0,0,0,0,0,0,0,0,0,0,0,0,0,0,0,0,0,0,0,0,0,0,0,0,0,0,0,0,0
2023F,NH,NNCCE,0,0,0,0,0,0,0,0.1,0.1,0.1,0.1,0.1,0.1,0.1,0.1,0.1,0.1,0.1,0.2,0.2,0.2,0.2,0.2,0.2,0.2,0.3,0.2,0.2,0.3,0.3,0.3,0.3,0.3,0.3,0.3,0.3,0.4,0.4,0.4,0.4,0.5,0.4,0.5,0.5,0.5,0.5,0.5,0.5,0.5,0.5,0.5,0.5,0.4,0.5,0.5,0.5,0.5,0.5,0.6,0.6,0.5,0.5,0.5,0.5
2023F,NH,NNEIE,0,0,0,0,0,0,0,0,0,0,0,0,0,0,0,0,0,0,0,0,0,0,0,0,0,0,0,0,0,0,0,0,0,0,0.1,0.1,0,0,0,0,0,0,0.1,1.6,2.1,2.5,2.3,2.2,2.7,2.1,2.1,2.6,2.8,1.6,1.7,2.3,1.8,1.4,1.2,1.4,1.4,1.8,1.7,1.7
2023F,NH,NNICE,0,0,0,0,0,0,0,0,0,0,0,0.1,0.1,0.1,0.1,0.1,0.1,0.1,0.1,0.1,0,0.1,0.1,0,0.1,0,0,0.1,0.1,0.1,0.2,0.2,0.2,0.2,0.2,0.2,0.3,0.3,0.3,0.3,0.5,0.5,0.4,0.4,0.4,0.4,0.3,0.3,0.3,0.3,0.3,0.4,0.4,0.4,0.4,0.4,0.4,0.5,0.5,0.5,0.5,0.5,0.5,0.5
2023F,NH,NNRCE,0.1,0.1,0.1,0.1,0.1,0.1,0.1,0.1,0.1,0.2,0.2,0.2,0.2,0.2,0.2,0.2,0.2,0.2,0.2,0.2,0.2,0.2,0.2,0.2,0.2,0.2,0.3,0.3,0.3,0.3,0.3,0.3,0.3,0.3,0.3,0.3,0.4,0.4,0.3,0.4,0.4,0.4,0.4,0.4,0.4,0.4,0.4,0.4,0.4,0.4,0.4,0.4,0.4,0.4,0.4,0.4,0.4,0.4,0.4,0.4,0.4,0.4,0.4,0.4
2023F,NH,NNTCE,0.2,0.2,0.2,0.2,0.2,0.2,0.2,0.2,0.2,0.3,0.4,0.4,0.4,0.4,0.4,0.4,0.4,0.4,0.4,0.5,0.5,0.5,0.5,0.5,0.5,0.5,0.5,0.6,0.7,0.7,0.8,0.7,0.9,0.9,1,1.1,1,1.1,1,1.1,1.4,1.3,1.4,3,3.4,3.9,3.4,3.4,3.9,3.3,3.3,3.9,3.9,2.9,3.1,3.7,3.1,2.8,2.7,2.9,2.8,3.2,3.2,3.1
2023F,NH,PMACE,2.4,2.5,2.5,2.6,2.7,2.6,2.9,3.2,3.4,3.5,3.6,3.8,3.9,4,4,4,4.3,4.4,4.5,4.7,4.1,4,4,4.1,4.5,4.5,4.9,5.3,5.5,5.5,5.2,5.3,5.3,5.3,5.4,5.7,5.9,6.2,6.8,7.1,7.3,7.3,8.1,7.7,7.8,7.3,7.3,7.3,7.1,7,7.1,6.9,6.7,6.8,6.8,6.8,6.7,6.8,6.9,6.9,6,6.6,6.7,6.9
2023F,NH,PMCCE,0.2,0.3,0.3,0.3,0.3,0.3,0.3,0.3,0.3,0.4,0.4,0.4,0.4,0.4,0.4,0.4,0.4,0.4,0.4,0.3,0.7,0.5,0.6,0.4,0.5,0.4,0.8,1.1,1,1,1.1,1,0.9,0.8,1,0.9,1,1,0.8,0.9,1.1,1,0.9,1.2,1.4,1.5,0.9,0.9,0.9,0.8,0.8,0.9,0.8,0.8,0.9,1,0.9,0.8,0.9,0.9,0.8,0.9,0.9,0.9
2023F,NH,PMEIE,0.7,0.5,0.5,0.5,0.5,0.7,0.8,0.9,0.8,1,1.3,1.3,1.1,1,0.9,1.1,1.5,1.3,1.7,2,2.1,1.9,1.2,1.3,1.6,1.1,2.2,1.7,2.3,2.4,1.9,1.3,1.1,1.1,1.2,0.9,0.7,0.9,1.1,1.3,0.4,0.4,0.5,1.7,1.5,1,0.3,0.3,0.1,0.1,0.1,0.1,0,0.1,0.2,0.1,0,0.1,0.1,0,0,0,0.3,0
2023F,NH,PMICE,0.5,0.6,0.8,0.9,0.9,0.7,1.3,0.9,0.8,1.4,1.6,1.9,2,1.8,1.5,1.4,1.7,1.8,1.3,0.6,0.8,0.5,0.6,0.6,0.7,0.7,1.2,1,0.8,0.6,0.5,0.5,0.8,0.9,0.9,0.8,0.7,0.6,0.6,0.6,0.6,0.7,0.7,0.7,0.7,0.6,0.8,0.5,0.5,0.5,0.4,0.3,0.3,0.4,0.4,0.3,0.3,0.3,0.3,0.3,0.3,0.2,0.3,0.3
2023F,NH,PMRCE,2,2.4,2.5,2.7,2.4,2.4,2.4,2.6,2.8,3,3,3.1,3.2,3.2,2.9,2.8,3.4,3.2,3.2,2.1,1.8,1.7,1.6,1.5,1.9,2.1,1.9,2.4,2.3,2.6,2.1,2.1,2.2,2.2,2.2,2.4,2.5,2.5,2.5,2.5,2.5,2.5,2.3,2.9,3,2.8,2.4,2.4,2.3,2.1,1.9,2,1.6,1.9,2.3,2.3,2.2,2.4,2.6,2.5,2.4,2,2.1,2.1
2023F,NH,PMTCE,5.8,6.2,6.7,6.9,6.7,6.8,7.6,7.9,8.1,9.2,9.9,10.5,10.7,10.5,9.7,9.6,11.2,11.1,11.1,9.6,9.5,8.6,8,7.9,9.2,8.9,11,11.5,11.8,12.1,10.8,10.2,10.2,10.4,10.7,10.6,10.8,11.2,11.8,12.2,11.9,11.8,12.5,14.1,14.4,13.2,11.7,11.4,11,10.6,10.2,10.2,9.4,9.9,10.6,10.5,10.1,10.3,10.7,10.6,9.5,9.8,10.3,10.2
2023F,NH,TEACE,2.4,2.5,2.5,2.6,2.7,2.6,2.9,3.2,3.4,3.5,3.6,3.8,3.9,4,4,4,4.3,4.4,4.5,4.7,4.1,4,4,4.1,4.5,4.5,4.9,5.3,5.5,5.5,5.2,5.3,5.3,5.4,5.5,5.7,5.9,6.2,6.8,7.1,7.3,7.3,8.1,7.7,7.8,7.3,7.3,7.3,7.1,7,7.1,6.9,6.7,6.8,6.8,6.8,6.7,6.8,6.9,6.9,6,6.6,6.7,6.9
2023F,NH,TECCE,0.3,0.3,0.3,0.4,0.3,0.3,0.4,0.4,0.4,0.5,0.5,0.5,0.6,0.5,0.5,0.5,0.6,0.6,0.6,0.5,0.9,0.8,0.9,0.7,0.7,0.7,1.1,1.4,1.3,1.3,1.4,1.3,1.2,1.2,1.3,1.2,1.4,1.4,1.2,1.2,1.5,1.4,1.4,1.7,1.9,2,1.4,1.4,1.4,1.4,1.2,1.4,1.2,1.3,1.4,1.5,1.4,1.3,1.5,1.5,1.3,1.4,1.4,1.4
2023F,NH,TEEIE,0.9,1.4,1.4,1.4,1.5,1.6,1.6,1.8,2.9,3.5,3.8,3.7,4,3.7,3.3,3.6,3.4,3.8,3.6,4.8,4.8,4.2,3.7,3.9,4.7,4.8,4.5,4.7,5.4,5.4,4.8,4.4,4.3,4.5,4.4,4.3,4.1,5.1,4.8,4.6,4.6,4.2,4.4,7.2,7.8,7.8,6.9,6.7,6.7,5.4,5.4,5,4.1,3.3,3.3,3.5,2.4,1.8,2,1.8,1.6,2.1,2.4,1.9
2023F,NH,TEICE,0.8,0.8,1.1,1,1,0.8,1.4,1,0.8,1.5,1.7,2,2.1,1.9,1.6,1.5,1.8,1.9,1.4,0.7,0.9,0.6,0.8,0.8,1,0.9,1.2,1.1,0.9,0.8,0.8,0.8,1.1,1.3,1.1,1,0.9,0.9,0.9,0.9,1.1,1.2,1.1,1.1,1.1,1,1.1,0.9,0.8,0.7,0.7,0.7,0.7,0.8,0.8,0.7,0.7,0.8,0.8,0.8,0.7,0.7,0.7,0.8
2023F,NH,TERCE,2.1,2.5,2.6,2.8,2.5,2.6,2.5,2.7,3,3.2,3.2,3.4,3.5,3.4,3.2,3,3.6,3.4,3.4,2.3,2,1.9,1.8,1.8,2.1,2.3,2.2,2.7,2.6,2.9,2.4,2.4,2.6,2.5,2.6,2.7,2.9,2.9,2.8,2.8,2.9,2.8,2.7,3.3,3.4,3.2,2.8,2.8,2.7,2.5,2.3,2.4,1.9,2.3,2.7,2.7,2.6,2.8,3,3,2.8,2.5,2.5,2.5
2023F,NH,TETCE,6.5,7.6,8,8.2,8.1,8,8.7,9.1,10.5,12.1,12.8,13.3,14.1,13.6,12.6,12.5,13.6,14,13.5,12.9,12.7,11.4,11.2,11.2,13,13.2,13.9,15.2,15.6,15.8,14.6,14.3,14.4,14.9,14.9,15,15.2,16.5,16.5,16.7,17.4,16.9,17.7,21,22,21.2,19.4,19.2,18.7,17.1,16.7,16.3,14.7,14.4,15.1,15.2,13.8,13.5,14.2,13.9,12.4,13.3,13.8,13.5
2023F,NJ,CDEGR,,,,,,,,,,,,,,,,,,,,,,,,,,,,,,,,,,,,,,275.7,261.2,259.6,246.5,237,233.3,232.9,234.8,238.7,221.6,233.1,223.7,203.8,190.1,191.1,176.2,175.4,183.3,177.7,179,167.6,172.5,162.5,139.7,140.3,142.5,137.4
2023F,NJ,CDTCR,69.1,69.3,69,69.2,69.3,69.5,69.5,69.1,68.6,67.6,66.2,65.4,64.7,65.2,64.9,64.5,64.4,63.3,62.5,62.7,61.9,59.3,59.1,61.3,62.1,58.5,59.9,57.4,56.9,57.5,56.6,55.6,56.3,54.1,55.9,57.1,59.3,58.1,54.3,53.3,54.9,54.2,53.6,55.4,56.4,55.9,54.8,54.9,54.9,51.7,50.7,50.3,49.4,49,49.7,49.2,50.3,48.6,49.6,50.4,48.4,48.7,48.8,48.5
2023F,NJ,CDTPR,14.6,14.8,15.6,15.6,15.8,15.9,16.7,17.3,17.7,17.7,18,17.2,17.5,18,16.4,14.5,16.1,15.6,15.2,15,15.1,14.5,14.7,14.8,15.6,14.8,14.9,15.4,15.1,15.7,14.1,14.1,14.8,14.3,15.4,15.3,15.2,15.2,14.5,14.8,14.7,14.2,14.1,14.3,14.6,15.1,14.2,15.1,14.7,12.7,12,11.9,11.2,11.3,11.8,11.6,11.8,11.1,11.8,11.3,9,9.6,10,9.7
2023F,NJ,CLACE,0.1,0,0,0,0,0,0,0,0,0,0,0,0,0,0,0,0,0,0,0,0,0,0,0,0,0,0,0,0,0,0,0,0,0,0,0,0,0,0,0,0,0,0,0,0,0,0,0,0,0,0,0,0,0,0,0,0,0,0,0,0,0,0,0
2023F,NJ,CLCCE,0.4,0.4,0.3,0.3,0.3,0.3,0.2,0.2,0.2,0.2,0.1,0.2,0.1,0.2,0.2,0.1,0.1,0.1,0.1,0.1,0.1,0.2,0.2,0.2,0.1,0.2,0.1,0.1,0,0,0,0,0,0,0,0,0,0,0,0,0,0,0,0,0,0,0,0,0,0,0,0,0,0,0,0,0,0,0,0,0,0,0,0
2023F,NJ,CLEIE,9.1,11.9,12,12.6,14.3,17.2,17.9,14.7,14,10.7,9.6,8.1,2.7,5.8,7.3,5.4,6.5,6.4,5.5,5.5,6.3,6.9,6.9,7.9,7.2,8.8,6.6,7.8,7,8.3,7,5.3,5.4,5.4,6,7.5,8.2,9.5,8.2,8.4,10.9,10.7,10,10.2,10.8,12,11.1,10.7,9.3,5.7,6.9,4.7,2.4,2.5,2.9,2.2,1.7,1.6,1.6,1.3,1.2,1.2,0.6,0
2023F,NJ,CLICE,5.7,5.4,5.7,4.9,4.6,4.6,4,3.6,3.5,2.3,1.7,0.3,0.1,0.2,0.3,0.1,0.1,0.2,0.1,0,0.1,0.1,0.3,0.6,0.7,0.8,0.6,0.8,0.6,0.7,0.7,0.6,0.5,0.5,0.2,0,0,0,0,0,0,0,0,0,0,0,0,0,0,0,0,0,0,0,0,0,0,0,0,0,0,0,0,0
2023F,NJ,CLRCE,0.6,0.6,0.5,0.5,0.4,0.4,0.3,0.3,0.2,0.2,0.2,0.2,0.1,0.1,0.1,0.1,0,0,0,0,0,0,0,0,0,0.1,0,0,0,0,0,0,0,0,0,0,0,0,0,0,0,0,0,0,0,0,0,0,0,0,0,0,0,0,0,0,0,0,0,0,0,0,0,0
2023F,NJ,CLTCE,16,18.4,18.6,18.3,19.6,22.4,22.4,18.8,17.9,13.4,11.7,8.7,3,6.3,7.8,5.8,6.7,6.8,5.8,5.6,6.5,7.2,7.5,8.7,8,9.8,7.4,8.6,7.7,9,7.7,5.9,6,6,6.2,7.6,8.2,9.5,8.2,8.5,10.9,10.7,10,10.2,10.8,12,11.1,10.7,9.3,5.7,6.9,4.7,2.4,2.5,2.9,2.2,1.7,1.6,1.6,1.3,1.2,1.2,0.6,0
2023F,NJ,FFACE,24.1,23.5,26.1,27.4,28.6,28.6,29.9,31.4,33.2,33.3,35.3,36.5,39.9,40,37.8,37.1,39.2,39.3,40.6,39.5,40.6,44,51.2,54.7,57,57,59.1,60.1,57.4,59,56.9,57.7,58,54.9,60,61,59.1,59.8,60.7,60.6,65.1,63,63.8,62.8,64.7,69.2,68.6,71.9,72.4,61.1,53.5,53.7,51.2,51.2,50.1,50,52.2,49.8,51.8,48.4,38.8,42.4,43.7,45
2023F,NJ,FFCCE,8.4,9.7,10.2,10.1,10,9.5,10.7,12.3,12.3,12.4,13.8,13.3,13.6,13.7,12.1,10.9,14.4,11.8,10.9,11.5,12.6,10.7,9.8,9.1,10.2,9.1,10.5,10.3,11,11.4,10.8,10.8,11.3,10.7,11,10,11.2,11.5,10.1,11.7,10.9,9.4,9.5,10.7,10.9,11.3,9.5,11,10.6,11.1,10.9,11.7,10.5,10.5,12.3,10.7,10,9.6,10.6,10.1,8.9,9.9,10.1,9.5
2023F,NJ,FFEIE,15.9,17.3,17.9,19.2,21.5,24.2,26.7,26.4,28.1,29.3,30.4,28.5,26.6,29.9,27.3,18.2,19.1,20.7,19.3,17,17.9,16.4,14.5,17.1,16.7,14.7,12.9,14.4,14,16.6,12.2,11.9,12.6,13.3,15.4,17,15.8,17.2,16,16.7,19,18.7,19.2,18.2,19.2,19.4,18.4,19.5,18.8,14.7,17.8,15.7,14.9,14.4,16.8,17.8,19.6,16.7,17.3,17.4,13.6,13.3,14.4,13.5
2023F,NJ,FFICE,24.2,25.1,26.7,26.3,25.9,25.8,27.2,28.6,28.5,28.1,27.7,24.4,24.7,25.2,21.9,19.5,22.9,21.7,20.8,26.2,22.1,18.2,17.4,14.7,16.2,13.8,14.1,15.5,15.4,15.5,14.2,14.3,18.4,18.8,19.2,19.3,19.6,19.7,18.5,18.9,12.2,13.3,12.4,13.1,13.6,13.5,12.4,12.2,10.5,8.9,8.6,9.8,9.8,9.3,9.3,9.3,9.8,8.9,9.2,9.4,8.1,8.3,9.3,9.3
2023F,NJ,FFRCE,16.4,17.4,18.1,19.2,19.2,19.8,20.2,21.3,21.8,22.6,22.5,22.5,24,23.4,21.3,20.7,22.2,20.9,20.3,16.4,17.9,18.1,16.6,15.1,17,17.2,17.1,17.9,18.6,18.4,15.3,15.2,16.6,16.2,18.2,16.2,17.9,17.1,15.1,16.2,16.9,16.3,15.8,18.5,17.5,16.9,14.2,16.1,15.9,15.6,14.6,14,12.5,14.7,16.2,15.5,13.5,13.9,15.8,15.3,14,14.8,15.2,13.8
2023F,NJ,FFTCE,89.1,93,99.2,102.1,105.3,107.9,114.7,120,123.9,125.7,129.8,125.2,128.7,132.2,120.4,106.4,117.9,114.4,111.9,110.6,111,107.4,109.5,110.8,117.1,111.7,113.8,118.2,116.4,121,109.5,110,116.9,113.8,123.7,123.4,123.5,125.2,120.5,124.1,124.2,120.8,120.8,123.4,125.9,130.4,123.1,130.7,128.2,111.3,105.5,104.8,98.8,100.2,104.6,103.3,105.1,98.9,104.7,100.5,83.5,88.7,92.7,91.2
2023F,NJ,NNACE,0,0,0,0,0,0,0,0,0,0,0.1,0,0,0,0,0,0,0,0,0,0,0,0.1,0.1,0.1,0.1,0.2,0.2,0.2,0.2,0.1,0.2,0.2,0.2,0.1,0.1,0.2,0.2,0.2,0.2,0.2,0.2,0.1,0.1,0.1,0.1,0.1,0.1,0.1,0.1,0.3,0.3,0.3,0.3,0.7,0.4,0.4,0.3,0.3,0.5,0.4,0.4,0.4,0.4
2023F,NJ,NNCCE,0.6,0.7,0.8,0.9,1.2,1.1,1.2,1.6,1.8,1.9,3,3.3,3.4,3.4,3.2,2.9,5,3,2.6,2.9,3.2,4,4.2,4.2,4.4,4.4,4.5,5,5.3,6.2,6.1,6.4,6.9,6.9,7.2,7.5,8.2,9.2,8,9,8.6,7.1,8,8.8,9.3,9.4,8.4,9.3,9.2,9.8,9.9,10.4,9.5,9.5,11.2,9,8.5,8.2,9.2,8.6,7.6,8.3,8.5,8
2023F,NJ,NNEIE,1.4,1.3,1.5,1.6,1.6,1.2,1.3,1.3,1.5,2.6,2.5,2.2,1.4,1.3,0.8,0.5,0.5,0.4,0,1.7,4.2,4.3,3.5,5.2,5.1,3.3,2,4,2.7,3.7,3.6,5.1,6.2,6.8,7.8,8.2,7,7.3,7.3,7.7,7.3,6.9,8.7,7.1,7.7,6.9,7.2,8.6,9.3,9,10.8,10.9,12.4,11.9,13.7,15.6,17.9,15.1,15.6,16,12.4,12.1,13.7,13.5
2023F,NJ,NNICE,1.5,1.6,1.9,2.2,2.3,2.8,3.1,3.4,3.8,4.1,4.2,4.3,4.3,4.1,3.4,2.8,3.9,2.7,2.3,2.8,3.2,4.6,4.2,4.2,4.4,4.1,3.5,4.1,3.9,4.3,4.7,5.1,9,9.8,10.1,11,10.3,10.1,10.4,10.4,4.6,4.5,4.3,4.2,4.1,4,3.5,3.4,2.9,2.6,2.6,2.6,2.9,3.3,3.3,2.9,3.2,2.9,3.4,3.4,3.1,3.2,4,4.2
2023F,NJ,NNRCE,4.1,4.8,5.3,5.7,5.9,6.3,6.8,7.5,7.5,8,7.6,7.8,8.2,7.4,7.4,7.1,8.1,7.4,7.5,6.9,7.3,7.8,7.9,7.8,8,7.9,8.3,8.9,9.5,10.3,9.1,9.3,10.5,10.5,11.8,10.6,12.1,11.8,10.7,11.5,11.9,11.6,11.5,13.4,12.8,12.7,10.8,12.5,12.1,12.3,11.9,11.6,10.4,12.6,13.7,13.1,11.9,12.2,13.6,13.2,12.3,12.8,13.1,11.9
2023F,NJ,NNTCE,7.6,8.4,9.5,10.4,11,11.5,12.5,13.8,14.6,16.6,17.4,17.6,17.3,16.3,14.8,13.3,17.5,13.5,12.5,14.2,18,20.6,19.9,21.5,22.1,19.8,18.5,22,21.6,24.7,23.6,26.1,32.9,34.2,37.1,37.4,37.8,38.6,36.5,38.7,32.6,30.2,32.6,33.6,34.1,33.1,30,33.9,33.6,33.8,35.6,35.9,35.5,37.7,42.6,41.1,41.9,38.7,42.2,41.7,35.8,36.7,39.8,38
2023F,NJ,PMACE,24,23.5,26.1,27.4,28.6,28.5,29.8,31.4,33.2,33.3,35.2,36.5,39.8,40,37.7,37,39.2,39.3,40.6,39.5,40.6,44,51.1,54.7,56.9,56.8,59,59.9,57.2,58.8,56.8,57.6,57.8,54.7,59.9,60.8,58.9,59.6,60.6,60.3,65,62.8,63.7,62.7,64.6,69.1,68.5,71.8,72.3,61,53.2,53.4,50.9,50.9,49.4,49.6,51.8,49.5,51.4,47.9,38.5,42,43.3,44.6
2023F,NJ,PMCCE,7.4,8.6,9.1,8.9,8.5,8.1,9.3,10.5,10.4,10.4,10.6,9.8,10,10.2,8.8,7.9,9.3,8.7,8.1,8.6,9.3,6.5,5.4,4.7,5.7,4.5,5.9,5.3,5.6,5.2,4.6,4.4,4.3,3.7,3.7,2.4,3,2.3,2.1,2.7,2.3,2.3,1.5,1.9,1.6,1.9,1.2,1.7,1.4,1.3,1,1.2,0.9,1,1.1,1.6,1.5,1.4,1.4,1.5,1.3,1.6,1.7,1.6
2023F,NJ,PMEIE,5.4,4.2,4.4,5,5.7,5.8,7.5,10.4,12.6,16,18.3,18.3,22.6,22.7,19.2,12.2,12.1,13.9,13.7,9.8,7.3,5.2,4.1,4,4.4,2.6,4.3,2.6,4.3,4.7,1.6,1.5,1,1.1,1.6,1.2,0.6,0.4,0.5,0.6,0.8,1.2,0.5,0.9,0.7,0.6,0.2,0.2,0.1,0.1,0.1,0.1,0,0,0.1,0.1,0,0,0.1,0,0,0,0.1,0
2023F,NJ,PMICE,17,18,19.1,19.2,19,18.4,20.1,21.6,21.2,21.7,21.8,19.7,20.2,20.9,18.1,16.6,19,18.7,18.4,23.3,18.8,13.6,12.9,9.9,11.2,8.9,9.9,10.6,10.9,10.4,8.9,8.6,8.9,8.4,9,8.3,9.3,9.5,8.1,8.4,7.5,8.8,8.2,8.9,9.4,9.5,8.8,8.8,7.6,6.3,6,7.1,6.9,6,6,6.3,6.6,6,5.8,6,5,5.1,5.2,5.1
2023F,NJ,PMRCE,11.7,12,12.4,13,12.9,13.1,13.1,13.6,14,14.4,14.7,14.6,15.7,15.8,13.8,13.6,14.1,13.5,12.8,9.5,10.6,10.3,8.6,7.3,8.9,9.3,8.8,9,9.1,8.1,6.2,5.9,6,5.7,6.3,5.6,5.7,5.3,4.4,4.7,5,4.7,4.3,5.1,4.7,4.2,3.4,3.6,3.8,3.2,2.7,2.3,2.1,2.2,2.5,2.4,1.6,1.7,2.2,2.1,1.7,2,2.1,1.9
2023F,NJ,PMTCE,65.5,66.2,71.1,73.4,74.6,73.9,79.8,87.4,91.4,95.7,100.6,98.9,108.3,109.6,97.7,87.4,93.7,94.1,93.6,90.7,86.5,79.6,82.2,80.6,87,82.1,87.9,87.5,87.1,87.3,78.2,78,78.1,73.6,80.5,78.4,77.6,77.1,75.8,76.8,80.7,79.9,78.2,79.5,81,85.3,82,86.2,85.3,71.9,63.1,64.2,60.9,60,59.1,60,61.6,58.6,60.9,57.5,46.5,50.8,52.3,53.2
2023F,NJ,TEACE,24.1,23.5,26.1,27.4,28.6,28.6,29.9,31.4,33.2,33.3,35.3,36.5,39.9,40,37.8,37.1,39.2,39.3,40.6,39.5,40.6,44,51.2,54.7,57,57,59.1,60.1,57.4,59,56.9,57.7,58,54.9,60,61,59.1,59.8,60.7,60.6,65.1,63,63.8,62.8,64.7,69.2,68.6,71.9,72.4,61.1,53.5,53.7,51.2,51.2,50.1,50,52.2,49.8,51.8,48.4,38.8,42.4,43.7,45
2023F,NJ,TECCE,8.4,9.7,10.2,10.1,10,9.5,10.7,12.3,12.3,12.4,13.8,13.3,13.6,13.7,12.1,10.9,14.4,11.8,10.9,11.5,12.6,10.7,9.8,9.1,10.2,9.1,10.5,10.3,11,11.4,10.8,10.8,11.3,10.7,11,10,11.2,11.5,10.1,11.7,10.9,9.4,9.5,10.7,10.9,11.3,9.5,11,10.6,11.1,10.9,11.7,10.5,10.5,12.3,10.7,10,9.6,10.6,10.1,8.9,9.9,10.1,9.5
2023F,NJ,TEEIE,15.9,17.3,17.9,19.2,21.5,24.2,26.7,26.4,28.1,29.3,30.4,28.5,26.6,29.9,27.3,18.2,19.1,20.7,19.3,17,17.9,16.4,14.5,17.1,16.7,14.7,12.9,14.4,14,16.6,12.2,11.9,12.6,13.3,15.4,17,15.8,17.2,16,16.7,19,18.7,19.2,18.2,19.2,19.4,18.4,19.5,18.8,14.7,17.8,15.7,14.9,14.4,16.8,17.8,19.6,16.7,17.3,17.4,13.6,13.3,14.4,13.5
2023F,NJ,TEICE,24.2,25.1,26.7,26.3,25.9,25.8,27.2,28.6,28.5,28.1,27.7,24.4,24.7,25.2,21.9,19.5,22.9,21.7,20.8,26.2,22.1,18.2,17.4,14.7,16.2,13.8,14.1,15.5,15.4,15.5,14.2,14.3,18.4,18.8,19.2,19.3,19.6,19.7,18.5,18.9,12.2,13.3,12.4,13.1,13.6,13.5,12.4,12.2,10.5,8.9,8.6,9.8,9.8,9.3,9.3,9.3,9.8,8.9,9.2,9.4,8.1,8.3,9.3,9.3
2023F,NJ,TERCE,16.4,17.4,18.1,19.2,19.2,19.8,20.2,21.3,21.8,22.6,22.5,22.5,24,23.4,21.3,20.7,22.2,20.9,20.3,16.4,17.9,18.1,16.6,15.1,17,17.2,17.1,17.9,18.6,18.4,15.3,15.2,16.6,16.2,18.2,16.2,17.9,17.1,15.1,16.2,16.9,16.3,15.8,18.5,17.5,16.9,14.2,16.1,15.9,15.6,14.6,14,12.5,14.7,16.2,15.5,13.5,13.9,15.8,15.3,14,14.8,15.2,13.8
2023F,NJ,TETCE,89.1,93,99.2,102.1,105.3,107.9,114.7,120,123.9,125.7,129.8,125.2,128.7,132.2,120.4,106.4,117.9,114.4,111.9,110.6,111,107.4,109.5,110.8,117.1,111.7,113.8,118.2,116.4,121,109.5,110,116.9,113.8,123.7,123.4,123.5,125.2,120.5,124.1,124.2,120.8,120.8,123.4,125.9,130.4,123.1,130.7,128.2,111.3,105.5,104.8,98.8,100.2,104.6,103.3,105.1,98.9,104.7,100.5,83.5,88.7,92.7,91.2
2023F,NM,CDEGR,,,,,,,,,,,,,,,,,,,,,,,,,,,,,,,,,,,,,,820.9,817.9,787.8,801.5,800.8,736.6,735.8,687.8,689.8,682.4,658.1,638.4,635.5,594.1,620.8,596.5,596,545.6,540.4,523.3,530.6,475.4,485.9,461.4,454.1,450.7,382.4
2023F,NM,CDTCR,55.5,55.4,55.4,57,58.6,59.9,59.1,59.2,59.1,60.2,63.1,64.7,64.5,66.1,66.1,65.9,65.3,67.5,67.3,67.4,69.8,70.6,71.2,73.1,72.2,74.2,73.9,73.7,73.2,72.8,70.8,68.9,70.6,70.1,70.7,70.9,72.3,72,72,72.4,72.4,72.9,72.7,73.8,73.5,73,72.7,70.5,70.8,72,70.4,70.5,69.9,69.6,68.1,67.8,66.6,66.7,62.8,62.7,62.5,61.6,60.3,56.7
2023F,NM,CDTPR,18.9,19.3,21,21.9,22.7,23.8,24.4,27,28.4,28.6,34.1,35.3,36.7,36.1,35.8,33.7,35.2,34.2,32.3,31.5,34.2,33,33.1,34.9,32.3,32.4,29.5,31.4,32.3,33.5,34.7,30.8,31.8,31.5,30.6,29.1,30,31.4,30.9,31.1,32,31.9,29.9,30.9,31,30.8,30.8,29.6,28.3,28.3,26.1,27,25.9,25.7,24.2,24.2,23.3,23.6,21.8,23.2,21.3,21.6,22,19.9
2023F,NM,CLACE,0,0,0,0,0,0,0,0,0,0,0,0,0,0,0,0,0,0,0,0,0,0,0,0,0,0,0,0,0,0,0,0,0,0,0,0,0,0,0,0,0,0,0,0,0,0,0,0,0,0,0,0,0,0,0,0,0,0,0,0,0,0,0,0
2023F,NM,CLCCE,0,0,0,0,0,0,0,0,0,0,0,0,0,0,0,0,0,0,0,0,0.1,0,0,0,0,0,0,0,0,0,0,0,0,0,0,0,0,0,0,0,0,0,0,0,0,0,0,0,0,0,0,0,0,0,0,0,0,0,0,0,0,0,0,0
2023F,NM,CLEIE,0.1,0.1,0.1,1.4,2.9,4.1,3.5,4.2,4,4.7,9.4,11.5,11.8,12.8,13.4,12.6,13.1,14.6,13.7,14.3,19.2,18.5,21.2,24.9,23.9,25.3,22.8,24.7,25.2,26.5,26.1,22.2,25.4,25.5,26.3,26,26.4,27.2,27.4,28.2,28.9,28.1,26.9,29,29.4,30.2,30,28.1,27,29.1,25.4,27.1,25.1,24.4,20.4,20.5,18.7,18.9,12.9,14.3,13.2,12.6,13.1,7.1
2023F,NM,CLICE,0.2,0.2,0.1,0.1,0.1,0,0,0,0,0,0,0,0,0,0,0,0,0,0.2,0.2,0,0.3,0.3,0.2,0.2,0.2,0.2,0.1,0.1,0.1,0.1,0.1,0.1,0.1,0.1,0.2,0.2,0.2,0.1,0.2,0.2,0.2,0.2,0.2,0.2,0.2,0.2,0.2,0.1,0.1,0.1,0.1,0.1,0.1,0.1,0.2,0.2,0.2,0.2,0.1,0.1,0.1,0.1,0.1
2023F,NM,CLRCE,0.1,0,0,0,0,0,0,0,0,0,0,0,0,0,0,0,0,0,0,0,0,0,0,0,0,0,0,0,0,0,0,0,0,0,0,0,0,0,0,0,0,0,0,0,0,0,0,0,0,0,0,0,0,0,0,0,0,0,0,0,0,0,0,0
2023F,NM,CLTCE,0.4,0.3,0.2,1.5,3,4.2,3.5,4.2,4.1,4.8,9.5,11.5,11.8,12.8,13.4,12.6,13.1,14.6,13.9,14.5,19.3,18.7,21.5,25.1,24.1,25.5,23,24.8,25.3,26.6,26.2,22.3,25.5,25.6,26.4,26.2,26.5,27.4,27.6,28.4,29.1,28.3,27.1,29.2,29.6,30.4,30.2,28.3,27.1,29.2,25.5,27.2,25.2,24.5,20.6,20.6,18.8,19,13.1,14.5,13.3,12.8,13.2,7.2
2023F,NM,FFACE,6.2,6.8,7.2,7.5,7.3,7.7,7.6,7.9,8.6,8.9,9.3,9.6,10.6,10.8,10.8,10.7,11.1,11.3,12,11.8,11.9,13.1,11.8,10.7,9.9,11.1,11.6,12.1,12.9,13.6,14.9,14.7,14.1,14.8,14.1,12.7,12.7,15.5,15.4,15.5,15.3,15.7,15.4,15.2,15.7,15.3,16,15.4,14,13.7,13.3,13.7,13.7,13.8,14.3,14.4,14.1,15,15.6,15.8,14.8,16.2,15.7,15.6
2023F,NM,FFCCE,0.7,0.7,0.9,0.7,0.9,0.9,0.9,1.7,1.9,1.8,2.1,2.1,2.1,1.7,1.6,1.5,2.1,1.7,1.7,1.7,1.9,1.8,1.6,2.4,1.8,1.3,1.4,1.4,2,1.9,1.7,1.7,1.7,1.7,1.5,1.5,1.6,1.6,1.6,1.7,1.6,1.8,1.7,1.8,1.7,1.7,1.5,1.5,1.7,1.6,1.6,1.5,1.6,1.7,1.6,1.7,1.7,1.6,1.7,2,1.7,1.8,1.9,1.9
2023F,NM,FFEIE,2,2.1,2.2,3.7,5.3,6.7,6.2,7.1,6.9,7.9,12.6,14.4,15.3,16.8,17.6,17,17.3,18.9,17.4,18,22.4,21.5,23.7,26.6,25.6,26.9,23.9,25.7,26.4,28,27.6,23.8,26.6,27,28,27.7,28.2,29.4,29.9,30.5,31.4,30.7,29,31.1,31.1,32.4,33,31.4,30.8,33,29.3,31.2,29.2,28.5,24.7,24.8,23.2,23.1,18.3,20.3,18.6,17.1,18,13.6
2023F,NM,FFICE,7.7,7.3,8.6,7.9,7.5,7,7.8,8.1,8.5,8,8.7,8.7,9.1,9,8.6,8,9,8,7.2,7,6.6,6,6.1,7.1,6.8,5.6,4.6,5.3,5,5.1,6.7,5.9,6.2,6,6.1,6.5,7.9,7.1,6.3,6.3,7.6,7.7,7,7.7,8.1,7.8,7.8,8.3,8,7.3,7.4,7.6,7.7,7.4,7.9,7.6,7.6,7.9,7.9,8.1,7.7,8.4,8.7,8.9
2023F,NM,FFRCE,1.5,1.7,1.7,1.8,1.8,1.8,2.1,2.2,2.3,2.1,2.2,2.3,2.5,1.8,1.8,1.9,2.4,1.8,1.7,1.9,1.9,1.6,1.8,1.9,1.7,1.8,1.6,1.8,1.8,1.8,2,2,2,2,1.8,1.8,2.1,2.2,2.2,2.3,2.3,2.6,2.4,2.2,2.3,2.3,2.1,2.2,2.3,2.2,2.3,2.2,2.1,2.3,2.1,2.1,2.1,1.9,2.2,2.6,2.3,2.3,2.3,2.3
2023F,NM,FFTCE,18,18.6,20.5,21.6,22.8,24.1,24.6,27,28.3,28.9,34.9,37.2,39.6,39.9,40.5,39.1,41.9,41.6,40,40.4,44.7,44,45.1,48.7,45.7,46.7,43.2,46.4,48.2,50.4,52.8,48,50.7,51.5,51.5,50.1,52.5,55.8,55.4,56.3,58.3,58.5,55.5,58,59,59.5,60.4,58.8,56.8,57.7,53.9,56.2,54.1,53.7,50.5,50.5,48.7,49.5,45.7,48.8,45,45.8,46.6,42.2
2023F,NM,NNACE,0.9,1.4,1.4,1.4,1.2,1.5,1.2,1.4,1.5,1.7,1.7,1.7,2.1,1.7,1.8,1.7,1.6,1.3,1.3,1.6,2.1,2.2,1.9,1.7,0.5,1.5,1.5,1.5,2.1,2.9,4.3,4,2.8,3.4,3.1,3.1,1.5,3.4,2.7,2.5,2.4,2.4,2.2,1.6,1.5,1.1,1,0.7,0.7,0.6,0.5,0.4,0.4,0.5,0.5,0.5,0.5,0.5,0.6,0.7,0.7,0.6,0.6,0.8
2023F,NM,NNCCE,0.5,0.6,0.7,0.6,0.7,0.7,0.8,1.6,1.8,1.7,1.9,1.9,1.9,1.5,1.4,1.3,1.9,1.4,1.4,1.5,1.4,1.1,1.2,1.2,1.3,1,1.2,1.1,1.8,1.6,1.3,1.4,1.5,1.5,1.3,1.3,1.5,1.5,1.4,1.4,1.4,1.4,1.3,1.3,1.4,1.3,1.3,1.4,1.4,1.3,1.4,1.4,1.4,1.5,1.4,1.4,1.4,1.3,1.4,1.6,1.4,1.5,1.5,1.5
2023F,NM,NNEIE,1.8,1.9,2.1,2.3,2.5,2.6,2.7,2.9,2.9,3.2,3.2,2.8,3.3,3.7,3.7,3.6,3.8,3.8,3.5,3.3,3.1,3,2.4,1.6,1.6,1.5,1.1,1,1.1,1.5,1.4,1.5,1.2,1.5,1.8,1.7,1.9,2.1,2.4,2.3,2.5,2.6,2,2,1.7,2.2,3,3.3,3.7,3.8,3.8,4,4.1,4.1,4.2,4.3,4.5,4.2,5.4,5.6,5.4,4.5,4.9,6.5
2023F,NM,NNICE,6.4,6.2,7.4,6.8,6.2,5.5,6.4,6.9,6.9,6.3,6.7,6.9,7,6.2,5.9,5.3,6.1,4.7,4.1,3.7,4,3.1,4.1,3.7,3.9,3.3,2.4,3.4,3.1,3.3,4.6,3.4,3.8,3.6,3.8,3.8,5.5,4.7,4.2,4.1,5.5,5.5,4.8,5.2,5.6,5.4,5.1,5.4,5.6,5.4,5.3,5.6,5.5,5.3,5.5,5.5,5.3,5.4,5.4,5.7,5.7,6.4,6.6,6.8
2023F,NM,NNRCE,1.1,1.2,1.3,1.4,1.3,1.4,1.7,1.8,1.8,1.6,1.8,1.9,2,1.4,1.4,1.6,2.1,1.4,1.5,1.6,1.6,1.4,1.5,1.5,1.5,1.3,1.4,1.6,1.6,1.5,1.6,1.6,1.7,1.8,1.6,1.6,1.8,2,1.9,1.8,1.8,1.8,1.7,1.7,1.9,1.8,1.6,1.8,1.9,1.8,1.9,1.9,1.8,2,1.8,1.8,1.8,1.7,1.9,2.3,2,1.9,2,2
2023F,NM,NNTCE,10.8,11.4,12.9,12.5,11.8,11.7,12.9,14.6,15,14.5,15.3,15.2,16.3,14.3,14.3,13.4,15.4,12.7,11.8,11.7,12.1,10.8,11.2,9.7,8.9,8.5,7.6,8.6,9.7,10.8,13.2,11.9,11.1,11.8,11.6,11.5,12.2,13.7,12.6,12.1,13.6,13.6,12,11.8,12,11.8,12,12.6,13.2,13,12.9,13.2,13.1,13.3,13.4,13.5,13.5,13,14.7,15.9,15.2,14.9,15.7,17.5
2023F,NM,PMACE,5.3,5.3,5.8,6.1,6.2,6.2,6.4,6.4,7.1,7.3,7.5,7.9,8.5,9.1,8.9,9.1,9.5,10,10.7,10.2,9.7,10.9,9.9,9.1,9.4,9.6,10.1,10.7,10.8,10.7,10.6,10.7,11.4,11.3,10.9,9.6,11.3,12.1,12.7,13,13,13.3,13.3,13.6,14.2,14.2,15,14.6,13.3,13,12.8,13.3,13.3,13.3,13.8,13.9,13.6,14.5,15,15.1,14.1,15.6,15,14.8
2023F,NM,PMCCE,0.1,0.2,0.1,0.1,0.2,0.1,0.1,0.1,0.1,0.2,0.2,0.2,0.2,0.2,0.2,0.2,0.2,0.2,0.2,0.2,0.4,0.6,0.4,1.1,0.5,0.3,0.2,0.3,0.3,0.3,0.3,0.3,0.2,0.2,0.1,0.2,0.1,0.1,0.2,0.3,0.2,0.4,0.4,0.5,0.3,0.4,0.3,0.2,0.4,0.2,0.2,0.2,0.2,0.2,0.2,0.3,0.3,0.3,0.3,0.4,0.3,0.3,0.4,0.4
2023F,NM,PMEIE,0.1,0.1,0,0,0,0,0,0,0,0,0,0.2,0.2,0.4,0.5,0.8,0.5,0.5,0.2,0.4,0.2,0.1,0.1,0.1,0.1,0,0,0,0,0,0,0,0,0,0,0,0,0,0,0,0,0,0,0,0,0,0,0,0,0,0,0,0,0,0.1,0.1,0,0,0,0.3,0,0,0,0.1
2023F,NM,PMICE,1.1,0.9,1.1,1,1.3,1.5,1.3,1.2,1.5,1.7,1.9,1.7,2.1,2.7,2.7,2.7,2.9,3.2,2.9,3.1,2.6,2.7,1.7,3.2,2.7,2.1,2,1.8,1.8,1.8,2,2.4,2.3,2.3,2.2,2.5,2.2,2.2,1.9,2,1.9,2.1,2,2.3,2.3,2.2,2.5,2.7,2.3,1.8,2,1.9,2,2.1,2.2,1.9,2.1,2.3,2.3,2.3,1.8,1.9,1.9,1.9
2023F,NM,PMRCE,0.3,0.4,0.4,0.4,0.4,0.4,0.3,0.4,0.4,0.5,0.5,0.4,0.5,0.4,0.4,0.3,0.3,0.3,0.3,0.3,0.3,0.2,0.3,0.4,0.2,0.5,0.2,0.2,0.2,0.3,0.4,0.3,0.3,0.2,0.2,0.2,0.2,0.3,0.4,0.5,0.5,0.8,0.6,0.5,0.4,0.5,0.5,0.4,0.4,0.4,0.4,0.4,0.3,0.4,0.3,0.3,0.3,0.3,0.3,0.3,0.3,0.3,0.3,0.3
2023F,NM,PMTCE,6.9,6.9,7.4,7.7,8,8.2,8.2,8.2,9.2,9.6,10.2,10.5,11.5,12.8,12.7,13.1,13.4,14.3,14.3,14.2,13.3,14.5,12.5,13.9,12.8,12.6,12.6,13,13.1,13,13.4,13.7,14.2,14,13.4,12.5,13.8,14.7,15.1,15.8,15.6,16.6,16.4,16.9,17.4,17.3,18.3,18,16.4,15.5,15.4,15.8,15.9,15.9,16.6,16.4,16.4,17.4,17.9,18.3,16.5,18.2,17.7,17.4
2023F,NM,TEACE,6.2,6.8,7.2,7.5,7.3,7.7,7.6,7.9,8.6,8.9,9.3,9.6,10.6,10.8,10.8,10.7,11.1,11.3,12,11.8,11.9,13.1,11.8,10.7,9.9,11.1,11.6,12.1,12.9,13.6,14.9,14.7,14.1,14.8,14.1,12.7,12.7,15.5,15.4,15.5,15.3,15.7,15.4,15.2,15.7,15.3,16,15.4,14,13.7,13.3,13.7,13.7,13.8,14.3,14.4,14.1,15,15.6,15.8,14.8,16.2,15.7,15.6
2023F,NM,TECCE,0.7,0.7,0.9,0.7,0.9,0.9,0.9,1.7,1.9,1.8,2.1,2.1,2.1,1.7,1.6,1.5,2.1,1.7,1.7,1.7,1.9,1.8,1.6,2.4,1.8,1.3,1.4,1.4,2,1.9,1.7,1.7,1.7,1.7,1.5,1.5,1.6,1.6,1.6,1.7,1.6,1.8,1.7,1.8,1.7,1.7,1.5,1.5,1.7,1.6,1.6,1.5,1.6,1.7,1.6,1.7,1.7,1.6,1.7,2,1.7,1.8,1.9,1.9
2023F,NM,TEEIE,2,2.1,2.2,3.7,5.3,6.7,6.2,7.1,6.9,7.9,12.6,14.4,15.3,16.8,17.6,17,17.3,18.9,17.4,18,22.4,21.5,23.7,26.6,25.6,26.9,23.9,25.7,26.4,28,27.6,23.8,26.6,27,28,27.7,28.2,29.4,29.9,30.5,31.4,30.7,29,31.1,31.1,32.4,33,31.4,30.8,33,29.3,31.2,29.2,28.5,24.7,24.8,23.2,23.1,18.3,20.3,18.6,17.1,18,13.6
2023F,NM,TEICE,7.7,7.3,8.6,7.9,7.5,7,7.8,8.1,8.5,8,8.7,8.7,9.1,9,8.6,8,9,8,7.2,7,6.6,6,6.1,7.1,6.8,5.6,4.6,5.3,5,5.1,6.7,5.9,6.2,6,6.1,6.5,7.9,7.1,6.3,6.3,7.6,7.7,7,7.7,8.1,7.8,7.8,8.3,8,7.3,7.4,7.6,7.7,7.4,7.9,7.6,7.6,7.9,7.9,8.1,7.7,8.4,8.7,8.9
2023F,NM,TERCE,1.5,1.7,1.7,1.8,1.8,1.8,2.1,2.2,2.3,2.1,2.2,2.3,2.5,1.8,1.8,1.9,2.4,1.8,1.7,1.9,1.9,1.6,1.8,1.9,1.7,1.8,1.6,1.8,1.8,1.8,2,2,2,2,1.8,1.8,2.1,2.2,2.2,2.3,2.3,2.6,2.4,2.2,2.3,2.3,2.1,2.2,2.3,2.2,2.3,2.2,2.1,2.3,2.1,2.1,2.1,1.9,2.2,2.6,2.3,2.3,2.3,2.3
2023F,NM,TETCE,18,18.6,20.5,21.6,22.8,24.1,24.6,27,28.3,28.9,34.9,37.2,39.6,39.9,40.5,39.1,41.9,41.6,40,40.4,44.7,44,45.1,48.7,45.7,46.7,43.2,46.4,48.2,50.4,52.8,48,50.7,51.5,51.5,50.1,52.5,55.8,55.4,56.3,58.3,58.5,55.5,58,59,59.5,60.4,58.8,56.8,57.7,53.9,56.2,54.1,53.7,50.5,50.5,48.7,49.5,45.7,48.8,45,45.8,46.6,42.2
2023F,NV,CDEGR,,,,,,,,,,,,,,,,,,,,,,,,,,,,,,,,,,,,,,392.5,397.2,376.3,397.2,385,346.8,349.2,345.1,333.1,266.7,265.2,268.1,281.5,290.3,262.7,265.3,275,279.2,254.9,256.1,246.2,245.3,237.1,217.9,216.2,212.4,201.3
2023F,NV,CDTCR,60.1,60.3,60.5,59.7,60.7,62.4,60.8,61,63.4,63.3,62.9,65.3,70.3,70.4,71.9,72.4,73,73.1,71.7,70.7,71.3,72.1,76,73.7,73.6,72.6,75.4,76,77,74.1,74.3,74.5,74.2,72.9,72.4,71.1,71,71.2,70.1,70.3,70.4,70.2,69.4,69.6,69.2,68.9,63.8,64.1,63.4,62.5,62.8,61.6,60.4,61,62,58.5,58.3,58.1,58.2,58,56.2,57.1,56.6,56
2023F,NV,CDTPR,16.3,17,16.8,15.4,15.8,15.9,17.2,17.5,19.8,20.8,21.9,26.5,34.6,35.3,34.2,33.8,34.4,35,31.3,30.6,27.6,28.2,28.8,27.9,28.6,24.7,27.6,26.9,29.2,27.6,25.2,25.2,24.9,24.1,24.2,22.4,22.9,21.6,22,21.4,22.6,21.3,19.2,19.6,20.5,20.6,16.5,16.1,15.4,14.7,15.3,14,13.8,14.3,14.4,13.4,13.7,13.5,13.6,13.5,11.6,12.5,12.7,12.2
2023F,NV,CLACE,0,0,0,0,0,0,0,0,0,0,0,0,0,0,0,0,0,0,0,0,0,0,0,0,0,0,0,0,0,0,0,0,0,0,0,0,0,0,0,0,0,0,0,0,0,0,0,0,0,0,0,0,0,0,0,0,0,0,0,0,0,0,0,0
2023F,NV,CLCCE,0,0,0,0,0.1,0.1,0.1,0,0,0,0.1,0,0,0,0,0,0,0.1,0,0,0,0,0,0,0,0,0,0,0,0,0,0,0,0,0,0,0,0,0,0,0,0,0,0,0,0,0,0,0,0,0,0,0,0,0,0,0,0,0,0,0,0,0,0
2023F,NV,CLEIE,0,0,0,0,0,0.4,0.7,0.8,1.3,1.5,1.3,3.1,7.7,8.2,9.2,9.4,10.3,10.6,8.5,9.2,8.5,10.2,13.5,13,14.5,11.8,15.1,14.5,17.2,15.8,15.3,16.7,16.7,15.9,16.7,14.9,15.7,15.4,17,16.6,18.5,17.5,15.3,17,18,18.5,7.6,7.5,8,7.7,7.3,5.8,4.4,5.5,6.9,2.9,2.3,2.1,2.7,2.9,2.1,2.9,3,2.4
2023F,NV,CLICE,0.3,0.3,0.3,0.2,0.2,0.2,0.1,0,0.1,0.1,0.2,0.3,0.4,0.3,0.3,0.2,0.3,0.3,0.2,0.2,0.3,0.4,0.5,0.4,0.2,0.2,0.2,0.2,0.3,0.4,0.4,0.4,0.4,0.4,0.4,0.5,0.4,0.4,0.6,0.7,0.5,0.5,0.4,0.5,0.5,0.4,0.4,0.4,0.4,0.3,0.4,0.2,0.7,0.7,0.7,0.7,0.6,0.6,0.7,0.6,0.6,0.5,0.5,0.4
2023F,NV,CLRCE,0,0,0,0.1,0.1,0.1,0.1,0,0,0,0.1,0,0,0,0,0,0,0,0,0,0,0,0,0,0,0,0,0,0,0,0,0,0,0,0,0,0,0,0,0,0,0,0,0,0,0,0,0,0,0,0,0,0,0,0,0,0,0,0,0,0,0,0,0
2023F,NV,CLTCE,0.4,0.4,0.4,0.3,0.3,0.8,1,0.9,1.4,1.6,1.6,3.5,8,8.6,9.6,9.6,10.6,11,8.7,9.4,8.9,10.7,13.9,13.3,14.8,12,15.4,14.7,17.5,16.2,15.7,17.2,17,16.4,17.1,15.4,16.1,15.8,17.5,17.3,19,18,15.7,17.4,18.5,18.9,8,7.9,8.5,8,7.7,6,5,6.2,7.6,3.5,2.9,2.6,3.3,3.6,2.7,3.4,3.4,2.8
2023F,NV,FFACE,3,3.3,3.7,3.9,4.3,4,4,4.3,5,5.2,5.2,5.4,5.8,6.3,6.2,6.6,6.9,7.3,8.1,8.1,8.3,8.2,8.1,8.2,7.9,7.9,8.2,9,9.3,9.5,9.4,9.8,10.1,10.4,11,11.4,12.8,12.7,13.1,13.9,14.6,14.5,14.7,15.2,16.1,16.8,18,18.1,16.1,14.5,17.6,17.2,17.2,17.5,17.5,17.6,18.4,19.1,19.1,19.1,15.5,17.8,19,18.6
2023F,NV,FFCCE,0.2,0.2,0.2,0.3,0.3,0.3,0.4,0.5,0.5,0.6,0.8,0.9,0.9,0.9,0.9,1,1.2,1.2,1.2,1.1,0.8,0.7,0.6,0.9,1,0.9,0.9,1.1,1.1,1.1,1.1,1.2,1.1,1.4,1.4,1.4,1.6,1.4,1.5,1.5,1.6,1.4,1.5,1.5,1.7,1.8,1.8,1.8,1.8,1.8,1.8,1.9,1.8,1.9,1.8,2.2,2.2,2.3,2.4,2.5,2,2.3,2.4,2.5
2023F,NV,FFEIE,0.4,0.5,0.6,0.6,0.7,1.2,1.7,1.7,2.2,2.6,2.8,5.3,10,10.7,11.3,11.5,12,13.1,11.1,12.2,11.3,12.9,14.5,13.5,15.1,12.3,15.7,15.1,18.2,17.4,16.9,18.2,18.8,18.4,19.8,18.3,19.7,19.6,21.6,21.6,25.1,24.4,21.3,23.3,25.6,26.6,16.7,16.8,18,18.2,16.9,14.6,14.7,15.4,16,14.4,13.9,12.9,13.7,13.6,13.3,13.7,13.3,12.2
2023F,NV,FFICE,0.9,1,1.1,1,0.9,1,1,0.8,0.9,0.9,1.2,1.4,1.4,1.4,1.2,1.1,1.4,1.3,1.3,1.2,1.1,1.2,1.2,1.6,1.6,1.4,1.3,1.3,1.7,2.2,2.1,2.2,2.5,2.6,2.7,3,2.7,2.9,2.7,2.6,2.5,2.4,2.2,2,2.5,2.8,2.9,2.8,2.7,2.6,2.7,1.8,2.1,2.4,3.2,2.1,3.1,3.5,3.7,3.7,2.8,3,3,3.1
2023F,NV,FFRCE,0.3,0.3,0.3,0.4,0.5,0.6,0.6,0.5,0.6,0.6,0.8,0.8,0.8,0.8,0.7,0.8,0.8,0.8,0.9,0.8,0.9,0.9,1.1,0.9,0.9,1,0.9,1,1.1,1.2,1.2,1.3,1.2,1.4,1.4,1.3,1.4,1.6,1.9,1.8,1.8,2,2,2,2.2,2.2,2.3,2.3,2.3,2.3,2.4,2.4,2.2,2.5,2.1,2.2,2.3,2.4,2.4,2.8,2.7,2.6,2.8,3
2023F,NV,FFTCE,4.7,5.4,5.9,6.1,6.7,7.1,7.7,7.9,9.2,10,10.8,13.8,18.9,20.1,20.4,21,22.2,23.7,22.5,23.4,22.3,23.9,25.3,25.2,26.5,23.5,27.1,27.5,31.4,31.4,30.7,32.7,33.7,34.1,36.3,35.5,38.2,38.2,40.8,41.4,45.6,44.8,41.7,44,48.1,50.2,41.7,41.8,40.9,39.5,41.4,37.9,37.9,39.8,40.6,38.5,40,40.2,41.4,41.7,36.2,39.5,40.5,39.3
2023F,NV,NNACE,0,0,0,0,0,0,0,0,0,0,0,0,0,0,0,0,0,0,0,0,0,0,0,0,0,0,0,0,0,0,0,0,0,0,0,0,0,0,0.1,0.1,0.1,0.1,0.1,0.1,0.2,0.1,0.2,0.2,0.2,0.2,0.2,0.3,0.4,0.3,0.3,0.3,0.3,0.3,0.3,0.3,0.3,0.3,0.3,0.3
2023F,NV,NNCCE,0,0,0,0.1,0.1,0.1,0.2,0.3,0.4,0.5,0.6,0.6,0.7,0.7,0.8,0.8,1,1,1.1,1,0.6,0.5,0.5,0.7,0.7,0.7,0.6,0.7,0.8,0.8,0.8,0.9,0.9,1,1,1,1.1,1.2,1.3,1.2,1.4,1.2,1.2,1.3,1.5,1.5,1.5,1.6,1.6,1.6,1.6,1.7,1.6,1.7,1.6,1.6,1.7,1.8,1.8,1.9,1.4,1.7,1.8,1.9
2023F,NV,NNEIE,0.3,0.5,0.6,0.5,0.7,0.7,0.9,0.9,0.9,1.1,1.5,2.2,2.3,2.3,1.7,1.4,1.4,1.9,1.2,2.2,1.6,2.5,0.9,0.5,0.5,0.5,0.4,0.4,0.6,1.3,1.3,1.2,1.9,2.2,3,3.4,3.9,4.1,4.6,5,6.6,5.9,5.9,6.3,7.5,8.1,9.1,9.4,10,10.5,9.6,8.8,10.3,9.9,9.1,11.6,11.6,10.8,11,10.7,11.2,10.8,10.3,9.8
2023F,NV,NNICE,0.2,0.3,0.3,0.3,0.3,0.4,0.5,0.4,0.5,0.5,0.6,0.6,0.4,0.6,0.5,0.5,0.7,0.5,0.6,0.6,0.4,0.4,0.3,0.5,0.5,0.3,0.2,0.3,0.4,0.4,0.4,0.4,0.5,0.3,0.3,0.4,0.4,0.4,0.5,0.6,0.6,0.6,0.6,0.6,0.6,0.7,0.7,0.7,0.7,0.6,0.6,0.6,0.6,0.7,0.9,0.9,1,1,1.1,1.1,1,0.9,1,1.1
2023F,NV,NNRCE,0.1,0.1,0.1,0.2,0.2,0.2,0.3,0.3,0.3,0.4,0.4,0.5,0.5,0.5,0.5,0.6,0.6,0.6,0.6,0.7,0.7,0.7,0.9,0.6,0.7,0.7,0.7,0.8,0.8,0.9,0.9,1.1,1,1.1,1.2,1.1,1.2,1.4,1.7,1.6,1.6,1.8,1.8,1.8,2,2,2.1,2.1,2.1,2.1,2.2,2.2,2,2.3,1.9,2,2.2,2.3,2.3,2.6,2.5,2.5,2.6,2.8
2023F,NV,NNTCE,0.7,0.9,1,1.1,1.3,1.5,1.9,1.9,2.1,2.5,3,3.8,4,4.1,3.6,3.4,3.8,3.9,3.5,4.5,3.3,4.2,2.6,2.4,2.4,2.2,1.9,2.2,2.6,3.5,3.5,3.6,4.3,4.6,5.6,6,6.7,7.2,8.2,8.5,10.3,9.6,9.6,10.1,11.7,12.5,13.6,13.9,14.6,15.1,14.2,13.6,14.9,14.9,13.9,16.5,16.7,16.1,16.4,16.7,16.4,16.1,16,15.9
2023F,NV,PMACE,3,3.3,3.7,3.9,4.3,4,4,4.3,5,5.2,5.2,5.4,5.8,6.3,6.2,6.6,6.9,7.3,8.1,8.1,8.3,8.2,8,8.2,7.9,7.9,8.2,9,9.3,9.4,9.4,9.8,10,10.3,10.9,11.4,12.7,12.7,13,13.8,14.5,14.4,14.7,15.1,16,16.6,17.8,17.9,15.9,14.3,17.4,17,16.8,17.2,17.2,17.3,18.1,18.8,18.8,18.8,15.2,17.6,18.7,18.3
2023F,NV,PMCCE,0.1,0.2,0.1,0.1,0.2,0.1,0.1,0.1,0.1,0.1,0.2,0.2,0.2,0.2,0.1,0.1,0.1,0.1,0.1,0.1,0.2,0.2,0.1,0.3,0.3,0.2,0.3,0.3,0.3,0.3,0.2,0.2,0.2,0.4,0.4,0.4,0.5,0.2,0.2,0.2,0.2,0.2,0.2,0.2,0.2,0.3,0.3,0.2,0.2,0.2,0.2,0.2,0.2,0.2,0.2,0.5,0.5,0.6,0.6,0.6,0.5,0.6,0.6,0.6
2023F,NV,PMEIE,0,0,0,0,0,0,0,0,0,0,0,0.1,0.1,0.1,0.3,0.6,0.3,0.6,1.3,0.7,1.2,0.1,0.1,0,0,0,0.2,0.2,0.4,0.3,0.2,0.2,0.3,0.3,0.1,0,0.1,0,0,0,0.1,1,0,0,0.1,0,0,0,0,0,0,0,0,0,0,0,0,0,0,0,0,0,0,0
2023F,NV,PMICE,0.4,0.5,0.5,0.4,0.4,0.4,0.4,0.3,0.4,0.4,0.5,0.6,0.6,0.5,0.4,0.4,0.4,0.5,0.6,0.4,0.4,0.4,0.4,0.8,0.9,0.8,0.8,0.7,1.1,1.5,1.4,1.4,1.6,1.8,1.9,2.1,1.9,2,1.6,1.3,1.3,1.4,1.2,1,1.4,1.6,1.7,1.7,1.6,1.7,1.7,1,0.9,1,1.7,0.5,1.5,1.9,2,2,1.2,1.6,1.6,1.5
2023F,NV,PMRCE,0.1,0.2,0.2,0.2,0.2,0.2,0.2,0.2,0.2,0.2,0.3,0.3,0.3,0.3,0.2,0.2,0.2,0.2,0.2,0.2,0.2,0.2,0.2,0.2,0.2,0.3,0.2,0.2,0.2,0.3,0.3,0.2,0.2,0.2,0.2,0.2,0.2,0.2,0.2,0.3,0.2,0.2,0.2,0.2,0.2,0.2,0.2,0.2,0.2,0.2,0.2,0.2,0.1,0.2,0.1,0.1,0.1,0.2,0.1,0.1,0.2,0.2,0.2,0.2
2023F,NV,PMTCE,3.7,4.1,4.5,4.7,5.1,4.8,4.7,5,5.8,5.9,6.1,6.5,6.9,7.4,7.3,7.9,7.9,8.8,10.4,9.5,10.2,9,8.8,9.5,9.3,9.3,9.8,10.6,11.4,11.8,11.5,11.9,12.4,13.1,13.6,14.1,15.4,15.2,15.1,15.7,16.3,17.2,16.4,16.4,17.8,18.8,20,20,17.9,16.4,19.5,18.4,18,18.6,19.2,18.5,20.3,21.5,21.6,21.5,17.1,19.9,21.1,20.6
2023F,NV,TEACE,3,3.3,3.7,3.9,4.3,4,4,4.3,5,5.2,5.2,5.4,5.8,6.3,6.2,6.6,6.9,7.3,8.1,8.1,8.3,8.2,8.1,8.2,7.9,7.9,8.2,9,9.3,9.5,9.4,9.8,10.1,10.4,11,11.4,12.8,12.7,13.1,13.9,14.6,14.5,14.7,15.2,16.1,16.8,18,18.1,16.1,14.5,17.6,17.2,17.2,17.5,17.5,17.6,18.4,19.1,19.1,19.1,15.5,17.8,19,18.6
2023F,NV,TECCE,0.2,0.2,0.2,0.3,0.3,0.3,0.4,0.5,0.5,0.6,0.8,0.9,0.9,0.9,0.9,1,1.2,1.2,1.2,1.1,0.8,0.7,0.6,0.9,1,0.9,0.9,1.1,1.1,1.1,1.1,1.2,1.1,1.4,1.4,1.4,1.6,1.4,1.5,1.5,1.6,1.4,1.5,1.5,1.7,1.8,1.8,1.8,1.8,1.8,1.8,1.9,1.8,1.9,1.8,2.2,2.2,2.3,2.4,2.5,2,2.3,2.4,2.5
2023F,NV,TEEIE,0.4,0.5,0.6,0.6,0.7,1.2,1.7,1.7,2.2,2.6,2.8,5.3,10,10.7,11.3,11.5,12,13.1,11.1,12.2,11.3,12.9,14.5,13.5,15.1,12.3,15.7,15.1,18.2,17.4,16.9,18.2,18.8,18.4,19.8,18.3,19.7,19.6,21.6,21.6,25.1,24.4,21.3,23.3,25.6,26.6,16.7,16.8,18,18.2,16.9,14.6,14.7,15.4,16,14.4,13.9,12.9,13.7,13.6,13.3,13.7,13.3,12.2
2023F,NV,TEICE,0.9,1,1.1,1,0.9,1,1,0.8,0.9,0.9,1.2,1.4,1.4,1.4,1.2,1.1,1.4,1.3,1.3,1.2,1.1,1.2,1.2,1.6,1.6,1.4,1.3,1.3,1.7,2.2,2.1,2.2,2.5,2.6,2.7,3,2.7,2.9,2.7,2.6,2.5,2.4,2.2,2,2.5,2.8,2.9,2.8,2.7,2.6,2.7,1.8,2.1,2.4,3.2,2.1,3.1,3.5,3.7,3.7,2.8,3,3,3.1
2023F,NV,TERCE,0.3,0.3,0.3,0.4,0.5,0.6,0.6,0.5,0.6,0.6,0.8,0.8,0.8,0.8,0.7,0.8,0.8,0.8,0.9,0.8,0.9,0.9,1.1,0.9,0.9,1,0.9,1,1.1,1.2,1.2,1.3,1.2,1.4,1.4,1.3,1.4,1.6,1.9,1.8,1.8,2,2,2,2.2,2.2,2.3,2.3,2.3,2.3,2.4,2.4,2.2,2.5,2.1,2.2,2.3,2.4,2.4,2.8,2.7,2.6,2.8,3
2023F,NV,TETCE,4.7,5.4,5.9,6.1,6.7,7.1,7.7,7.9,9.2,10,10.8,13.8,18.9,20.1,20.4,21,22.2,23.7,22.5,23.4,22.3,23.9,25.3,25.2,26.5,23.5,27.1,27.5,31.4,31.4,30.7,32.7,33.7,34.1,36.3,35.5,38.2,38.2,40.8,41.4,45.6,44.8,41.7,44,48.1,50.2,41.7,41.8,40.9,39.5,41.4,37.9,37.9,39.8,40.6,38.5,40,40.2,41.4,41.7,36.2,39.5,40.5,39.3
2023F,NY,CDEGR,,,,,,,,,,,,,,,,,,,,,,,,,,,,,,,,,,,,,,188,182.5,175.4,174.3,167.5,164.4,172.2,169.5,162.3,144.5,147.6,143,126,129.2,121.6,112.1,112.3,114.5,111,106.5,101.6,104.6,98.7,86.1,90.8,94.2,92
2023F,NY,CDTCR,71,70.4,69.9,69.9,70.6,70.6,69.9,70.2,69.8,69.2,68.3,67,66.6,66.3,65.7,64.8,64.8,64,63,62.1,60.6,59.4,59.5,57.2,57,56.9,57.7,58.5,59,60,59.6,58.1,58.1,56.5,55.2,55.4,54.2,54.5,54.9,54.3,55.3,55,54.4,55.8,55.3,55,53.4,53.4,51.9,50.9,51.9,50.3,49.5,48.4,48.9,48.1,48.2,47.8,48.1,47.4,46.2,48.7,50,50.4
2023F,NY,CDTPR,12.4,12.5,12.6,12.8,13.2,14.2,14.7,15,15.2,15.5,15.6,15.1,15,15.5,14.4,13.6,14.7,14.6,14.4,13.3,12.6,11.7,11.1,10.1,10.3,10.6,10.7,11.3,11.6,11.9,11.5,11,10.9,10.5,10.4,10.7,10.8,10.9,10.8,10.9,11.2,10.9,10.6,11.1,11.2,11,10.1,10.4,9.9,9,9.5,9,8.6,8.6,8.9,8.8,8.6,8.4,8.9,8.6,7.1,7.9,8.4,8.4
2023F,NY,CLACE,0.5,0.1,0.1,0.1,0.1,0.1,0.1,0.1,0.1,0,0,0,0,0,0,0,0,0,0,0,0,0,0,0,0,0,0,0,0,0,0,0,0,0,0,0,0,0,0,0,0,0,0,0,0,0,0,0,0,0,0,0,0,0,0,0,0,0,0,0,0,0,0,0
2023F,NY,CLCCE,1.9,1.8,1.6,1.5,1.3,1.3,1.1,0.9,0.8,0.7,0.7,0.7,0.6,0.7,0.7,0.6,0.5,0.6,0.7,0.6,0.6,0.9,1.2,0.8,0.9,0.8,0.8,0.7,0.6,0.6,0.5,0.6,0.5,0.4,0.4,0.5,0.6,0.5,0.3,0.4,0.2,0.2,0.1,0.2,0.3,0.4,0.3,0.3,0.2,0.1,0,0,0,0,0,0,0,0,0,0,0,0,0,0
2023F,NY,CLEIE,31,28.2,27.2,28.6,33.3,34.5,32.9,34,33.5,31.5,26.1,18.8,14.1,13.6,14.9,14,14,15.3,14.3,14.6,15.1,15.1,15.7,15.9,17.5,18.7,15.2,19,22.2,24.9,24.8,25.1,26.5,23.2,22.5,21.6,22.1,23.4,24.6,23,24.3,23,22.4,23.2,22.3,20.4,20.6,21.1,18.7,12.6,13.5,9.5,4.7,4.5,4.4,2.1,1.5,0.6,0.7,0.5,0.2,0,0,0
2023F,NY,CLICE,29.1,27.1,27.2,28.6,33,33.5,33.3,32.3,30.5,28.7,28.6,20.7,18.1,19.8,19,14.4,19.3,15.5,12.7,14.3,13.6,12.9,10.1,8.5,9.7,8.9,7.6,7.9,8.6,8.8,7.7,7.7,6.7,7.1,7,6.7,6.7,6.8,7,6.7,6.9,5.9,4.2,3.9,3.6,3.7,3.5,3.3,3,2.2,2.4,2.4,2.3,2,1.8,1.8,1.3,1.3,0.9,0.8,0.4,0.5,0.6,0.5
2023F,NY,CLRCE,2.7,2.6,2.4,2,1.9,1.7,1.4,1.2,1.1,0.9,0.8,0.7,0.5,0.4,0.3,0.3,0.2,0.2,0.2,0.1,0.2,0.2,0.2,0.1,0.2,0.2,0.3,0.2,0.2,0.2,0.1,0.1,0.1,0.1,0.1,0.1,0.1,0.1,0,0.1,0,0,0,0,0,0,0,0,0,0,0,0,0,0,0,0,0,0,0,0,0,0,0,0
2023F,NY,CLTCE,65.3,59.8,58.5,60.7,69.6,71.1,68.8,68.4,65.9,61.8,56.2,40.9,33.3,34.5,35,29.3,34,31.6,28,29.6,29.5,29,27.3,25.4,28.4,28.5,24,27.9,31.5,34.5,33.1,33.4,33.8,30.8,29.9,28.9,29.5,30.8,32,30.1,31.4,29.1,26.7,27.3,26.3,24.5,24.4,24.6,21.8,14.9,15.9,11.9,6.9,6.5,6.2,3.9,2.8,1.9,1.6,1.3,0.5,0.5,0.6,0.5
2023F,NY,FFACE,55.6,56.8,56.7,58.1,59.7,61.5,64.8,68.4,70.9,75,76.6,79.3,79,82.9,74.6,73.2,77.4,76.3,76.9,76.1,71.5,66.9,59.9,54.2,49.4,58.2,59.3,62.7,59.8,60,63.9,62.3,60.8,61.7,60.6,62.5,65.7,65.6,66.2,66.5,67.4,67,68.6,74.1,75.3,73.4,74.5,73.8,72.9,70.9,81.2,75.9,74.2,74.7,78.9,77.2,80.2,81,81.6,79.6,59.8,69.2,75.2,77.6
2023F,NY,FFCCE,25.8,28.1,29.1,28.7,26.9,32.8,35.6,38.6,38.2,37.9,38.3,36.9,36.6,36.7,33.2,30,34,34,33.3,26,28.2,22.5,25.5,21.7,25.4,24.6,28.3,26.9,27.4,27.1,26.8,26.5,27.5,28.2,27.7,26.9,27.8,29.6,27.7,30.2,32.1,30.7,31.3,33.1,34.8,28.6,25.4,26.7,25.8,25,24.2,24.2,20.9,22.4,22,22.7,21.6,22,23,22.7,20.2,21.6,22.1,21.4
2023F,NY,FFEIE,39.1,37.9,38.5,41.2,46,49.1,50.7,53.3,55.5,57.8,60,59.9,60.3,60.7,57.8,56.8,55.3,57.2,56.3,51.4,52.4,51.9,50.5,50.7,50,48.9,47.8,53.2,60.9,67,63.2,58.9,54.1,47.8,47.6,51.4,47,52.5,56.7,57.3,56.4,55.5,51.4,52.5,52.9,55.4,46.9,49.6,43.2,34.5,38.2,33.9,32.3,30,30.5,29.1,27.7,22,24.4,21.4,23.4,24.9,27.2,26
2023F,NY,FFICE,51.5,51.1,52.4,53.6,57.7,63.4,65.3,63.7,62.7,62.2,61.6,52.6,49.7,52.5,48,40.7,48.6,45.8,41.5,42.2,33.7,29.6,25.8,19.8,22.6,21.5,18.7,20.2,20.6,21,19.6,18.8,20.1,20.1,20.3,22.1,22.6,21.5,20.8,17.2,16.6,16.2,14.5,13.9,13.7,14.4,14.1,13.4,13,10.7,9.9,10.2,10.1,9.6,9.2,9.5,9.2,8.8,9,9,8,8.2,7.9,8.2
2023F,NY,FFRCE,36.6,39.1,41.9,42,41.7,44.4,45.2,45.3,46.8,47.5,48.4,48.4,49.9,48.7,46,44.2,47.8,46.7,46.7,37.5,35.7,34.6,33.7,31.6,35.5,34.6,36.6,38.5,40.1,38.7,33.8,33,36.4,35.8,35.4,34.4,36.7,34.9,31.7,34.5,39.6,38.5,36.3,39.4,38.4,39.4,32.7,36.4,35.1,32.7,31.5,30.9,30.2,31.9,35.2,35.2,30.6,31.3,36.1,35.5,31.3,33.6,33.8,31.7
2023F,NY,FFTCE,208.6,212.9,218.6,223.6,232,251.2,261.7,269.4,274.1,280.4,284.9,277,275.6,281.4,259.6,244.9,263.2,260.1,254.6,233.2,221.6,205.5,195.4,177.9,182.9,187.8,190.6,201.5,208.9,213.8,207.3,199.5,199,193.6,191.7,197.4,199.8,204.2,203,205.6,212.1,207.8,202,212.9,215.1,211.2,193.6,199.8,190,173.9,184.9,175.1,167.7,168.6,175.8,173.7,169.4,165.1,174.1,168.2,142.7,157.6,166.2,164.9
2023F,NY,NNACE,0.1,0.1,0.1,0.2,0.2,0.2,0.2,0.4,0.2,0.1,0.2,0.2,0.2,0.2,0.2,0.2,0.2,0.1,0.2,0.2,0.2,0.2,0.2,0.2,0.3,0.2,0.2,0.4,0.3,0.3,0.3,0.3,0.3,0.3,0.3,0.5,0.4,0.4,0.4,0.5,0.5,0.3,0.5,0.5,0.5,0.7,0.8,0.8,0.9,0.8,1,1.2,1.2,1.1,1.8,1.9,1.5,1.4,1.5,1.7,1.5,2,2.3,2.1
2023F,NY,NNCCE,3.5,3.9,4.1,4.4,4.4,4.7,6.4,6.6,6.7,6.9,7.6,7.9,8,7.8,7.4,6.9,7.7,7,7.7,7.7,8.7,9,8.9,8.8,9.2,9,9.1,9.1,10.2,10.7,10.6,10.9,11.8,12,12.2,12.6,13.8,17.5,18.3,19.6,20,19,19.7,18.5,19.6,15,14.1,15.5,15.7,15.2,15.6,15.9,14.8,16.5,17.5,17,16.5,17,18,17.6,15.8,16.3,16.6,16.1
2023F,NY,NNEIE,3.2,3.3,3.8,4.5,4.2,4,3.9,4.6,5.5,5.8,5.7,5.3,4.1,3.8,2.1,0.7,0.3,0.2,0.1,4.1,6.8,7.1,8.3,7.4,9.3,9.5,7.3,9.5,8.1,10,12.5,12.5,13.8,13.1,15.7,23.3,17.3,22.4,20.5,23.5,20.2,19.3,19.8,14.2,14,16.5,21,22.1,21.6,19.9,23,23.6,27.3,24.9,24.7,25.7,25.7,21,22.6,20.7,23.1,24.4,25.9,25.7
2023F,NY,NNICE,3.8,3.3,3.9,4,4.4,4.9,6,3.3,4.8,6,6.1,6.1,5.4,6.6,5.7,5.5,5.4,5.1,4.7,4.6,5.9,6.3,5.8,5.1,5.7,5.3,4.6,5.1,4.8,5.1,5.4,6.3,7.8,7.5,8.5,11.3,11.3,10.9,9.1,5.4,5.1,4.5,4.9,4.4,4.2,4.3,4.2,4.1,4.2,3.9,4,4,4,4.3,4.5,4.4,4.2,4.4,4.8,4.7,4.5,4.7,4.7,4.4
2023F,NY,NNRCE,12.3,13.1,14,14.4,14.7,15.6,17.6,17,17.3,17.9,18.8,19.1,19.7,18.7,18.5,17.6,18.3,17.5,17.8,16.8,18,18.1,18.5,17.5,18.3,17.4,18.3,18.3,19.5,19.8,18.4,18.4,20.6,20.9,21,20.5,22,20.5,18.5,20.2,21.9,20.6,20.1,22.3,21.4,22.1,19.3,21.7,21.4,21.9,21.2,21.5,19.6,22.8,25.1,24.7,22.5,23.6,26.5,25.9,23.9,24.3,24.5,22.6
2023F,NY,NNTCE,22.9,23.8,25.9,27.5,27.8,29.5,34,31.8,34.5,36.8,38.3,38.6,37.3,37.1,33.8,30.9,31.9,29.9,30.4,33.4,39.7,40.7,41.7,39,42.7,41.3,39.6,42.3,42.9,45.9,47.3,48.4,54.4,53.9,57.7,68.2,64.8,71.6,66.8,69.2,67.7,63.7,64.9,59.9,59.7,58.6,59.3,64.3,63.8,61.8,64.9,66.1,66.8,69.6,73.7,73.7,70.5,67.4,73.5,70.6,68.9,71.7,74.1,71.1
2023F,NY,PMACE,55,56.5,56.5,57.9,59.4,61.2,64.5,68,70.6,74.8,76.4,79.1,78.8,82.7,74.5,73,77.2,76.2,76.7,75.9,71.3,66.7,59.7,54,49.1,58,59.1,62.3,59.6,59.8,63.6,62,60.5,61.4,60.3,62,65.2,65.2,65.7,66.1,66.9,66.6,68.1,73.7,74.9,72.7,73.7,72.9,72.1,70.1,80.2,74.7,73,73.6,77,75.3,78.7,79.5,80.1,77.9,58.3,67.2,72.9,75.4
2023F,NY,PMCCE,20.4,22.4,23.4,22.8,21.2,26.8,28.1,31.1,30.7,30.2,30.1,28.3,28,28.2,25.1,22.4,25.8,26.4,24.9,17.7,18.9,12.6,15.4,12.1,15.2,14.8,18.3,17.1,16.6,15.8,15.7,15.1,15.1,15.7,15.1,13.8,13.4,11.6,9.1,10.2,11.9,11.5,11.5,14.4,14.9,13.3,11,10.9,9.9,9.8,8.5,8.3,6.1,5.9,4.5,5.7,5.1,5,5,5.1,4.4,5.4,5.6,5.2
2023F,NY,PMEIE,4.9,6.3,7.6,8.2,8.4,10.6,13.9,14.7,16.5,20.6,28.2,35.7,42.2,43.3,40.8,42.1,41,41.7,41.9,32.6,30.5,29.8,26.5,27.3,23.2,20.8,25.2,24.7,30.6,32.1,25.9,21.4,13.8,11.5,9.4,6.5,7.6,6.7,11.6,10.8,11.9,13.2,9.3,15.2,16.5,18.6,5.4,6.4,2.9,2,1.7,0.9,0.4,0.6,1.4,1.3,0.4,0.4,1.1,0.3,0.2,0.5,1.2,0.3
2023F,NY,PMICE,18.6,20.7,21.2,21,20.3,25.1,26.1,28.2,27.4,27.6,26.9,25.8,26.2,26.1,23.2,20.9,23.9,25.2,24.1,23.4,14.2,10.4,9.9,6.2,7.3,7.4,6.4,7.2,7.2,7,6.5,4.8,5.7,5.5,4.8,4.1,4.5,3.9,4.7,5.1,4.6,5.8,5.4,5.5,5.9,6.4,6.4,6,5.7,4.6,3.5,3.7,3.9,3.3,2.9,3.3,3.6,3.2,3.3,3.4,3,3,2.7,3.3
2023F,NY,PMRCE,21.6,23.4,25.5,25.5,25.2,27,26.2,27.2,28.4,28.7,28.8,28.6,29.7,29.6,27.2,26.3,29.4,29,28.7,20.5,17.5,16.3,15,13.9,17,17,18,20,20.5,18.7,15.2,14.5,15.6,14.8,14.4,13.8,14.7,14.3,13.2,14.2,17.7,17.9,16.2,17,17,17.3,13.3,14.6,13.8,10.7,10.3,9.4,10.6,9.1,10.2,10.5,8.1,7.7,9.6,9.6,7.4,9.3,9.2,9.1
2023F,NY,PMTCE,120.5,129.3,134.2,135.4,134.5,150.7,158.8,169.2,173.7,181.8,190.4,197.5,204.9,209.9,190.8,184.8,197.3,198.5,196.3,170.2,152.4,135.8,126.4,113.6,111.8,118,127.1,131.4,134.4,133.4,126.9,117.7,110.8,108.9,104,100.2,105.5,101.8,104.3,106.3,113,115,110.4,125.8,129.1,128.1,109.9,110.9,104.4,97.2,104.1,97.1,94,92.5,96,96.1,96,95.9,99,96.3,73.3,85.4,91.5,93.3
2023F,NY,TEACE,55.6,56.8,56.7,58.1,59.7,61.5,64.8,68.4,70.9,75,76.6,79.3,79,82.9,74.6,73.2,77.4,76.3,76.9,76.1,71.5,66.9,59.9,54.2,49.4,58.2,59.3,62.7,59.8,60,63.9,62.3,60.8,61.7,60.6,62.5,65.7,65.6,66.2,66.5,67.4,67,68.6,74.1,75.3,73.4,74.5,73.8,72.9,70.9,81.2,75.9,74.2,74.7,78.9,77.2,80.2,81,81.6,79.6,59.8,69.2,75.2,77.6
2023F,NY,TECCE,25.8,28.1,29.1,28.7,26.9,32.8,35.6,38.6,38.2,37.9,38.3,36.9,36.6,36.7,33.2,30,34,34,33.3,26,28.2,22.5,25.5,21.7,25.4,24.6,28.3,26.9,27.4,27.1,26.8,26.5,27.5,28.2,27.7,26.9,27.8,29.6,27.7,30.2,32.1,30.7,31.3,33.1,34.8,28.6,25.4,26.7,25.8,25,24.2,24.2,20.9,22.4,22,22.7,21.6,22,23,22.7,20.2,21.6,22.1,21.4
2023F,NY,TEEIE,39.1,37.9,38.5,41.2,46,49.1,50.7,53.3,55.5,57.8,60,59.9,60.3,60.7,57.8,56.8,55.3,57.2,56.3,51.4,52.4,51.9,50.5,50.7,50,48.9,47.8,53.2,60.9,67,63.2,58.9,54.1,47.8,47.6,51.4,47,52.5,56.7,57.3,56.4,55.5,51.4,52.5,52.9,55.4,46.9,49.6,43.2,34.5,38.2,33.9,32.3,30,30.5,29.1,27.7,22,24.4,21.4,23.4,24.9,27.2,26
2023F,NY,TEICE,51.5,51.1,52.4,53.6,57.7,63.4,65.3,63.7,62.7,62.2,61.6,52.6,49.7,52.5,48,40.7,48.6,45.8,41.5,42.2,33.7,29.6,25.8,19.8,22.6,21.5,18.7,20.2,20.6,21,19.6,18.8,20.1,20.1,20.3,22.1,22.6,21.5,20.8,17.2,16.6,16.2,14.5,13.9,13.7,14.4,14.1,13.4,13,10.7,9.9,10.2,10.1,9.6,9.2,9.5,9.2,8.8,9,9,8,8.2,7.9,8.2
2023F,NY,TERCE,36.6,39.1,41.9,42,41.7,44.4,45.2,45.3,46.8,47.5,48.4,48.4,49.9,48.7,46,44.2,47.8,46.7,46.7,37.5,35.7,34.6,33.7,31.6,35.5,34.6,36.6,38.5,40.1,38.7,33.8,33,36.4,35.8,35.4,34.4,36.7,34.9,31.7,34.5,39.6,38.5,36.3,39.4,38.4,39.4,32.7,36.4,35.1,32.7,31.5,30.9,30.2,31.9,35.2,35.2,30.6,31.3,36.1,35.5,31.3,33.6,33.8,31.7
2023F,NY,TETCE,208.6,212.9,218.6,223.6,232,251.2,261.7,269.4,274.1,280.4,284.9,277,275.6,281.4,259.6,244.9,263.2,260.1,254.6,233.2,221.6,205.5,195.4,177.9,182.9,187.8,190.6,201.5,208.9,213.8,207.3,199.5,199,193.6,191.7,197.4,199.8,204.2,203,205.6,212.1,207.8,202,212.9,215.1,211.2,193.6,199.8,190,173.9,184.9,175.1,167.7,168.6,175.8,173.7,169.4,165.1,174.1,168.2,142.7,157.6,166.2,164.9
2023F,OH,CDEGR,,,,,,,,,,,,,,,,,,,,,,,,,,,,,,,,,,,,,,521.4,502.6,489.6,493.1,480.6,480.5,485.8,464.5,465,455.4,463.3,456.1,434.6,438.4,404.9,366.1,377.5,367,332.5,320.4,313.2,317.3,290.9,282.4,280.1,282.4,259.5
2023F,OH,CDTCR,74.4,73.7,73.7,73.5,73.5,73.3,73.3,73.2,73,73.2,73.2,72.6,72.5,72.8,73.2,74,73.7,74.3,72.9,71.8,71.3,71.2,70.7,69.9,70.6,71.5,73,70.9,71,69.8,71.1,70.1,69.8,71.2,69.9,68.6,69.3,68.7,69.5,68.6,68.8,69.7,71.1,71.7,70.2,70.7,70.5,70.8,69.8,69.8,69.7,68.5,66.1,66.5,65.5,63.6,63.3,63.2,61.5,60.3,59.6,59.9,59,57.7
2023F,OH,CDTPR,21.6,20.3,21.2,21.6,22,22.9,24,23.8,24.7,25.8,25.8,25.2,26.5,27.1,27.1,26.4,27.6,27.3,27.3,27.2,25.1,24.5,22.6,21.6,22.3,22.4,22.9,23,23.9,23.8,22.8,22.4,22.7,22.9,22.4,22.6,23.6,23.2,23,22.9,23.5,22.6,23,23.7,23.2,23.7,23.1,23.6,23,20.8,21.4,20.3,18.6,19.7,19.8,18.1,17.6,17.5,17.8,16.8,15.7,16.4,16.7,15.6
2023F,OH,CLACE,1,0.2,0.2,0.2,0.2,0.2,0.2,0.1,0.1,0.1,0.1,0.1,0.1,0,0,0,0,0,0,0,0,0,0,0,0,0,0,0,0,0,0,0,0,0,0,0,0,0,0,0,0,0,0,0,0,0,0,0,0,0,0,0,0,0,0,0,0,0,0,0,0,0,0,0
2023F,OH,CLCCE,3.2,2.7,3,2.4,2.1,2.2,2.3,2,1.8,1.6,1.6,1.5,1.5,1.6,2.2,1.7,1.9,2.2,2.5,1.7,1,1.3,1.3,1.6,1.8,1.5,1.9,1.4,1.3,1,1.2,0.9,1.1,1.1,1,0.8,1.3,0.7,0.8,0.4,0.4,0.5,0.7,0.4,0.8,0.7,0.2,0.3,0.6,0.6,0.6,0.5,0.3,0.4,0.3,0.2,0.1,0,0,0,0,0,0,0
2023F,OH,CLEIE,48.7,47,49.9,52.3,53.3,55.9,59.6,63.6,69.7,75,75.6,80.9,86.3,94.2,93.2,98.7,103.3,104.7,103.1,110.2,105.6,104.7,100.6,98.7,100.7,104.9,108.3,107.6,110.6,114.1,110.5,112.8,114.8,117.6,113.7,114.7,122.5,119.5,123.6,118.6,125,118.5,124.3,128.5,123.2,131.3,127.6,128.8,126.2,111.7,117.5,105.3,84.2,92,87.6,70.2,68,67,57.8,46,44.4,45.1,42.8,30.4
2023F,OH,CLICE,61.7,55.3,58.4,58.9,61.1,63.4,68.4,63.9,65.2,67.6,68.6,56.4,58,56,58.1,51.5,49.9,49.6,46.6,45,37.3,38.6,29.4,24.5,26,24.6,25,26.3,27.5,23.9,23.2,20.3,18.4,16.6,16.4,15.2,13.3,13.2,13.1,12.3,10.4,10.6,8,8.8,8.7,9.3,10.3,10.3,10.2,8.5,11,10.6,12.4,12.7,12.7,12,10.4,10.2,10.5,10.5,8.6,9.7,8.5,8.9
2023F,OH,CLRCE,4.6,3.9,4.3,3.3,3,2.9,3,2.7,2.3,2.1,2,1.5,1.1,0.9,1.1,0.7,0.8,0.8,0.7,0.4,0.3,0.3,0.3,0.3,0.4,0.4,0.6,0.4,0.4,0.3,0.3,0.2,0.2,0.2,0.2,0.1,0.2,0.1,0.1,0.1,0.1,0.1,0.1,0.1,0.1,0.1,0,0,0,0,0,0,0,0,0,0,0,0,0,0,0,0,0,0
2023F,OH,CLTCE,119.3,109.1,115.8,117.1,119.7,124.6,133.6,132.3,139.2,146.4,147.9,140.4,146.9,152.7,154.6,152.6,155.8,157.3,152.9,157.3,144.1,144.8,131.6,125.1,128.9,131.5,135.7,135.8,139.8,139.2,135.1,134.3,134.6,135.6,131.2,130.9,137.3,133.5,137.7,131.4,135.9,129.6,133.1,137.7,132.7,141.3,138.2,139.5,137.1,120.8,129.1,116.4,96.9,105,100.6,82.4,78.5,77.2,68.3,56.4,53,54.8,51.4,39.3
2023F,OH,FFACE,34.4,33.6,35.4,36.2,37.6,38.6,40.7,41.7,44.3,46.2,47.7,48.9,52.8,54.9,53.3,54,56.7,57.9,59.5,57.7,55.9,54.2,52.1,52.1,52.9,53.6,55.4,57,57.6,57.9,56.4,55.8,55.3,57.4,58,59.1,62.2,64,64.8,66.6,69,68.5,69.1,70.3,71.6,70.9,71.7,72,67.6,63,61.1,60.1,58,58.6,60,60.1,59.6,60,60.6,60.2,54.6,58.4,58.3,57.8
2023F,OH,FFCCE,11.1,10.7,11.4,11.2,10.5,11.2,11.6,12,12.4,12.8,13.1,13.4,14.4,14,14.5,13.1,14.2,13.1,14.5,12.1,11.5,11.1,10.7,11,12.8,10.7,11.5,11.6,12.5,11.8,10.6,10.6,11.2,11.2,11.2,11.6,12.8,12.5,10.6,10.9,11.6,11.1,11.1,11.5,11.6,11,9.4,10.3,11.1,10.9,10.5,10.6,9.6,10.8,11.7,11.7,10.9,11.1,12.3,12.3,11.5,11.9,12.7,11.7
2023F,OH,FFEIE,49,47.2,50.2,52.6,53.5,56.1,60,64.1,70.5,76.3,77.4,82.9,88.5,96.6,96.6,100.7,105.4,107.4,106.4,112.4,106.9,105.2,101,99,101,105.3,108.5,107.9,111.1,114.6,110.8,113.3,115.2,118,114.2,115.4,122.9,120,124.4,119.6,125.9,119.4,125.8,129.9,125.6,134.2,130.2,132,128.9,115,122.1,111.8,95.1,102.6,98.7,83.4,81.4,79.9,77.6,67.5,67,68.4,71,62.3
2023F,OH,FFICE,87.2,79.8,83.7,85.5,91.1,96.9,102.8,97.6,100.1,103.5,104.2,92.3,96,94.8,96.3,86.1,87.6,84.1,82.6,85.5,72.7,71.3,57.5,50.5,51.9,49.6,48.2,49.5,53.5,50.1,49,44.8,46.5,44.3,44.6,43.6,43.2,41.9,41.6,41.3,38.2,38.4,36.1,36.9,36.3,35.3,36.7,38.1,38,32.2,35.8,34.8,36.8,37.7,39.2,37.4,36.4,36.9,38.8,37.8,34.8,37.4,35.9,36
2023F,OH,FFRCE,28.8,28.5,30,30,29.3,30.9,32.6,32.9,32.8,33.3,33.1,32.6,33.6,31.6,31.3,30.6,32.9,31.2,31.7,25.5,24,22.6,21.7,19.3,21.4,21.1,22,21.9,23.3,23.8,20.6,21.1,22.2,23.1,22.3,23,24.3,23,19.3,21.3,22.1,19.5,20.6,22,20.7,20.5,17.2,18.9,19.2,18.4,17.6,17.6,15.3,18,19.8,17.8,16.2,16.4,18.8,18.4,17.1,17.2,18.4,16.3
2023F,OH,FFTCE,210.4,199.9,210.7,215.4,222,233.7,247.8,248.3,260.2,272,275.5,270.1,285.2,291.9,292,284.5,296.7,293.7,294.6,293.2,271,264.4,243.1,231.9,240,240.3,245.6,248,258,258.3,247.4,245.7,250.3,253.9,250.3,252.7,265.6,261.3,260.7,259.8,266.8,256.9,262.7,270.6,265.8,272,265.3,271.2,264.7,239.5,247.2,234.9,214.8,227.6,229.4,210.6,204.5,204.3,208.2,196.1,185,193.4,196.3,184.2
2023F,OH,NNACE,0.5,0.5,0.5,0.6,0.6,0.6,0.7,0.7,0.7,0.7,0.7,0.7,0.7,0.7,0.5,0.5,0.4,0.4,0.5,0.8,0.6,0.7,0.8,0.6,0.7,0.5,0.5,0.6,0.6,0.6,0.6,0.5,0.5,0.6,1,1,1.1,1.1,1,1,1,0.9,0.9,0.9,0.7,0.8,0.7,0.8,0.6,0.9,0.9,0.8,0.5,0.6,0.9,1.2,1.1,1.7,1.6,1.8,2.6,3,3.1,3
2023F,OH,NNCCE,5.9,6.4,6.8,7.2,6.6,6.9,7.5,8.4,9,9.6,9.9,10.3,11.3,10.7,10.5,9.2,9.8,8.1,9.4,8.6,8.3,8,7.9,7.2,8.1,7.7,7.7,8.1,8.8,8.9,7.9,8.3,8.8,9,9.2,9.6,10.4,10.2,8.6,9.2,9.8,9.5,9,9.9,9.4,9.2,8.1,8.8,9.2,8.9,8.6,8.8,8,9.2,10.3,9.4,8.7,8.9,10.1,10,9.2,9.6,10.3,9.4
2023F,OH,NNEIE,0.2,0.1,0.1,0.1,0.2,0.2,0.3,0.3,0.6,1,1.2,1.1,0.8,0.8,1.1,0.3,0.2,0.1,0.1,0.3,0.2,0.1,0.1,0.1,0,0,0,0,0.1,0.1,0.1,0.2,0.2,0.1,0.2,0.4,0.2,0.2,0.4,0.6,0.5,0.6,1.2,1,1,1.5,1.3,2,1.3,2.1,3.2,5.1,9.3,8.8,9.7,11.7,11.9,11.6,18.1,20.4,21,21.8,26.6,30.5
2023F,OH,NNICE,11.6,11.7,12.3,13.4,15.3,17.4,18.9,18.4,18.7,19.6,19.7,21.2,22.7,23.1,22.5,18.1,19.7,15,17.3,18.2,15.4,15.3,13.2,12.8,13.4,13.1,12.8,12.3,15.2,15.1,15.1,15.1,15.7,16.1,16.5,17.6,18.3,18,17.6,17.4,18.1,15.8,16.3,15.6,16.4,15.9,15.5,15.8,15.2,12.5,14.4,14.3,14.2,14.7,16.9,15.5,15.8,16.1,17.9,17.3,16.5,17.9,17.9,18.3
2023F,OH,NNRCE,19.9,20.5,21.4,22.1,22,22.6,23.8,24.2,24.3,24.9,24.9,25,26,23.9,23.7,23.2,23.9,21.8,22.6,20.3,19.6,18.8,18.5,16.5,18.2,17.5,18,18.1,19.3,19.8,17,17.8,18.7,19.5,18.8,19.7,20.6,19.6,16.3,17.5,19,17,17.7,18.8,17.8,17.8,15,16.5,16.9,16.1,15.6,15.7,13.8,16.3,18,16.1,14.5,14.7,17,16.4,15.4,15.5,16.6,14.6
2023F,OH,NNTCE,38,39.2,41.2,43.4,44.7,47.6,51.1,52.1,53.4,55.8,56.5,58.3,61.5,59.2,58.4,51.3,54,45.5,49.8,48.2,44.1,42.9,40.4,37.1,40.3,38.8,39,39.2,43.9,44.5,40.7,41.8,43.9,45.3,45.6,48.3,50.6,49.1,44,45.6,48.5,43.8,45.2,46.2,45.4,45.3,40.5,43.9,43.2,40.5,42.6,44.7,45.8,49.8,55.7,53.9,51.9,53,64.7,66,64.6,67.8,74.5,75.9
2023F,OH,PMACE,32.9,32.9,34.7,35.4,36.8,37.8,39.8,40.8,43.5,45.4,46.9,48.1,52,54.2,52.7,53.5,56.2,57.5,59,56.9,55.3,53.5,51.4,51.5,52.2,53.1,54.9,56.4,57,57.3,55.9,55.3,54.8,56.8,57,58.1,61.1,62.9,63.8,65.6,68,67.6,68.1,69.5,70.8,70.2,71,71.2,67,62.1,60.3,59.3,57.5,58,59.1,59,58.6,58.4,59,58.4,52.1,55.5,55.2,54.8
2023F,OH,PMCCE,1.9,1.7,1.6,1.6,1.7,2,1.8,1.6,1.6,1.6,1.6,1.5,1.6,1.7,1.8,2.2,2.6,2.8,2.6,1.8,2.2,1.7,1.5,2.1,3,1.5,2,2,2.5,1.9,1.5,1.3,1.2,1.1,1,1.2,1.1,1.7,1.1,1.2,1.3,1.2,1.4,1.2,1.3,1.1,1.1,1.2,1.2,1.4,1.4,1.3,1.3,1.2,1.1,2.1,2.1,2.2,2.2,2.3,2.4,2.3,2.4,2.3
2023F,OH,PMEIE,0.1,0.1,0.1,0.1,0.1,0.1,0.1,0.2,0.2,0.3,0.7,0.8,1.4,1.6,2.4,1.7,1.8,2.6,3.2,2,1,0.5,0.4,0.3,0.3,0.3,0.3,0.3,0.4,0.5,0.3,0.3,0.2,0.2,0.4,0.3,0.3,0.2,0.3,0.4,0.4,0.3,0.3,0.4,1.4,1.4,1.3,1.1,1.3,1.2,1.4,1.4,1.6,1.7,1.5,1.6,1.4,1.3,1.8,1.1,1.6,1.5,1.6,1.4
2023F,OH,PMICE,13.9,12.9,13,13.2,14.6,16.1,15.5,15.3,16.2,16.2,15.8,14.8,15.2,15.7,15.6,16.5,18,19.5,18.7,22.2,20,17.4,15,13.2,12.5,11.9,10.3,10.9,10.8,11.1,10.6,9.5,12.3,11.5,11.7,10.7,11.7,10.7,10.9,11.7,9.7,12,11.7,12.5,11.3,10.1,10.9,12,12.6,11.1,10.4,9.9,10.2,10.3,9.7,9.9,10.3,10.6,10.4,10,9.6,9.7,9.4,8.8
2023F,OH,PMRCE,4.3,4.1,4.3,4.6,4.3,5.4,5.8,6,6.2,6.3,6.2,6.1,6.5,6.8,6.5,6.7,8.2,8.5,8.3,4.8,4.2,3.5,2.9,2.5,2.8,3.2,3.4,3.4,3.6,3.7,3.3,3.2,3.2,3.4,3.3,3.2,3.6,3.3,2.9,3.8,3,2.4,2.8,3.1,2.8,2.6,2.2,2.4,2.3,2.3,2.1,1.9,1.5,1.6,1.8,1.7,1.6,1.7,1.8,2,1.7,1.8,1.9,1.7
2023F,OH,PMTCE,53.1,51.6,53.7,54.9,57.6,61.5,63.1,63.9,67.6,69.8,71.2,71.4,76.8,79.9,79,80.6,86.9,90.9,91.8,87.7,82.8,76.7,71.1,69.7,70.7,70,70.8,73,74.3,74.5,71.6,69.6,71.8,73.1,73.4,73.5,77.6,78.8,79,82.8,82.3,83.5,84.3,86.7,87.7,85.3,86.6,87.9,84.4,78.2,75.4,73.8,72.1,72.8,73.2,74.3,74,74.1,75.3,73.7,67.4,70.8,70.4,69
2023F,OH,TEACE,34.4,33.6,35.4,36.2,37.6,38.6,40.7,41.7,44.3,46.2,47.7,48.9,52.8,54.9,53.3,54,56.7,57.9,59.5,57.7,55.9,54.2,52.1,52.1,52.9,53.6,55.4,57,57.6,57.9,56.4,55.8,55.3,57.4,58,59.1,62.2,64,64.8,66.6,69,68.5,69.1,70.3,71.6,70.9,71.7,72,67.6,63,61.1,60.1,58,58.6,60,60.1,59.6,60,60.6,60.2,54.6,58.4,58.3,57.8
2023F,OH,TECCE,11.1,10.7,11.4,11.2,10.5,11.2,11.6,12,12.4,12.8,13.1,13.4,14.4,14,14.5,13.1,14.2,13.1,14.5,12.1,11.5,11.1,10.7,11,12.8,10.7,11.5,11.6,12.5,11.8,10.6,10.6,11.2,11.2,11.2,11.6,12.8,12.5,10.6,10.9,11.6,11.1,11.1,11.5,11.6,11,9.4,10.3,11.1,10.9,10.5,10.6,9.6,10.8,11.7,11.7,10.9,11.1,12.3,12.3,11.5,11.9,12.7,11.7
2023F,OH,TEEIE,49,47.2,50.2,52.6,53.5,56.1,60,64.1,70.5,76.3,77.4,82.9,88.5,96.6,96.6,100.7,105.4,107.4,106.4,112.4,106.9,105.2,101,99,101,105.3,108.5,107.9,111.1,114.6,110.8,113.3,115.2,118,114.2,115.4,122.9,120,124.4,119.6,125.9,119.4,125.8,129.9,125.6,134.2,130.2,132,128.9,115,122.1,111.8,95.1,102.6,98.7,83.4,81.4,79.9,77.6,67.5,67,68.4,71,62.3
2023F,OH,TEICE,87.2,79.8,83.7,85.5,91.1,96.9,102.8,97.6,100.1,103.5,104.2,92.3,96,94.8,96.3,86.1,87.6,84.1,82.6,85.5,72.7,71.3,57.5,50.5,51.9,49.6,48.2,49.5,53.5,50.1,49,44.8,46.5,44.3,44.6,43.6,43.2,41.9,41.6,41.3,38.2,38.4,36.1,36.9,36.3,35.3,36.7,38.1,38,32.2,35.8,34.8,36.8,37.7,39.2,37.4,36.4,36.9,38.8,37.8,34.8,37.4,35.9,36
2023F,OH,TERCE,28.8,28.5,30,30,29.3,30.9,32.6,32.9,32.8,33.3,33.1,32.6,33.6,31.6,31.3,30.6,32.9,31.2,31.7,25.5,24,22.6,21.7,19.3,21.4,21.1,22,21.9,23.3,23.8,20.6,21.1,22.2,23.1,22.3,23,24.3,23,19.3,21.3,22.1,19.5,20.6,22,20.7,20.5,17.2,18.9,19.2,18.4,17.6,17.6,15.3,18,19.8,17.8,16.2,16.4,18.8,18.4,17.1,17.2,18.4,16.3
2023F,OH,TETCE,210.4,199.9,210.7,215.4,222,233.7,247.8,248.3,260.2,272,275.5,270.1,285.2,291.9,292,284.5,296.7,293.7,294.6,293.2,271,264.4,243.1,231.9,240,240.3,245.6,248,258,258.3,247.4,245.7,250.3,253.9,250.3,252.7,265.6,261.3,260.7,259.8,266.8,256.9,262.7,270.6,265.8,272,265.3,271.2,264.7,239.5,247.2,234.9,214.8,227.6,229.4,210.6,204.5,204.3,208.2,196.1,185,193.4,196.3,184.2
2023F,OK,CDEGR,,,,,,,,,,,,,,,,,,,,,,,,,,,,,,,,,,,,,,881.2,845.5,821.2,826.5,807.3,793.3,800.5,739.8,756,727.7,715.9,704.7,677.3,669.6,652.2,608.7,584,559,515.3,502.6,482.6,500.2,455.3,437.5,450.6,447.6,418
2023F,OK,CDTCR,57.1,57.1,56.4,56.1,55.8,55.8,56.5,56.7,56.6,56.2,55.9,55.6,55.8,55.8,55.4,55.5,56,56.4,57.4,57,59,61.4,62.2,62.7,63.1,63.2,63.4,63.6,64.4,64.1,64.3,65.4,66.2,65.6,65.4,66.4,66.7,67.6,66.7,66.8,68.1,67.9,68.1,68.3,66.7,66.4,65.8,65.7,66.2,65.9,64.8,65.5,63.8,63.5,63.8,61.7,59.5,58.9,57.3,54.9,53.8,55.6,54.6,53.5
2023F,OK,CDTPR,14.4,14.1,16.3,18.1,18.7,18,17.6,17.9,19.4,20.4,21.6,21.5,22.3,22.1,22.6,22.5,24.4,25.1,26.4,26.8,25.3,25.8,26.4,25.9,26.5,25.7,23.9,25.7,27.1,27.7,27.9,28.1,28.6,29.3,28.5,28.6,29.1,29.2,28.5,27.9,29,29.3,29.1,29.7,28.2,29.9,30.2,30.1,30.5,28.6,28.2,28.2,27.4,26.7,26.9,25.5,24.3,23.6,24.9,23,21.1,21.9,21.6,21.4
2023F,OK,CLACE,0,0,0,0,0,0,0,0,0,0,0,0,0,0,0,0,0,0,0,0,0,0,0,0,0,0,0,0,0,0,0,0,0,0,0,0,0,0,0,0,0,0,0,0,0,0,0,0,0,0,0,0,0,0,0,0,0,0,0,0,0,0,0,0
2023F,OK,CLCCE,0,0,0,0,0,0,0,0,0,0,0,0,0,0,0,0,0,0,0,0,0.1,0,0,0,0,0,0,0,0,0,0,0,0,0,0,0,0,0.4,0,0,0,0,0,0,0,0,0,0,0,0,0,0,0,0,0,0,0,0,0,0,0,0,0,0
2023F,OK,CLEIE,0,0,0,0.1,0,0,0,0,0,0,0,0,0,0,0,0,0,0.7,3.4,4.9,9.5,13.6,18,19.7,20.5,20.8,19.2,21.7,24.5,24.4,25.3,28.2,29.7,31.2,30.1,32,33.9,35.3,33.6,32.7,34.9,34.5,36,36.3,34.1,36.5,35.3,34.1,36,34.5,31.9,35,30.2,30.9,30.8,25.7,20.1,18.1,15.7,8.5,6.4,12.3,9.8,5.8
2023F,OK,CLICE,0.1,0,0,0,0,0,0,0,0,0,0,0,0,0.4,0.4,0,0.1,0.5,0.8,0.8,0.5,1.4,1.3,1.2,1.4,1.7,1.6,1.2,1.1,1.3,1.2,1.5,1.6,2.5,1.5,3.1,1.5,1.5,1.5,1.6,1.3,1.4,1.4,1.3,1.4,1.5,1.4,1.5,1.4,1.1,1.2,1.1,1.1,1.2,1.3,1.1,1.1,0.8,0.7,0.5,0.4,0.3,0.4,0.3
2023F,OK,CLRCE,0.1,0,0,0,0,0,0,0,0,0,0,0,0,0,0,0,0,0,0,0,0,0,0,0,0,0,0,0,0,0,0,0,0,0,0,0,0,0.1,0,0,0,0,0,0,0,0,0,0,0,0,0,0,0,0,0,0,0,0,0,0,0,0,0,0
2023F,OK,CLTCE,0.2,0.1,0.1,0.2,0.1,0.1,0.1,0.1,0,0,0,0,0,0.4,0.4,0.1,0.1,1.2,4.2,5.7,10.1,15,19.4,20.9,22,22.5,20.7,22.9,25.6,25.7,26.5,29.8,31.3,33.8,31.6,35.1,35.4,37.3,35.2,34.3,36.3,35.8,37.3,37.6,35.6,38,36.7,35.6,37.4,35.6,33,36.1,31.2,32.1,32.1,26.8,21.2,19,16.4,9,6.8,12.6,10.2,6.1
2023F,OK,FFACE,10.5,10.9,11.5,12.1,12.4,12.6,13.3,13.8,15,15.4,16.7,17.1,18.2,18.9,18.7,19.3,20.7,21.7,22.4,22.2,21.5,23.1,24.3,24.1,24.1,23.8,22.7,23.1,23.5,24.7,23.7,24.4,26.3,25.4,26.3,25.1,26.6,26.3,26.9,28.1,30.3,33.1,30.9,31.7,29,30.6,31.6,32.1,31.8,30.4,31.2,30.3,30.4,29.9,32.3,31.4,31.3,31.9,32.6,31.7,28.6,30.6,30.7,30.9
2023F,OK,FFCCE,2.1,1.7,1.7,1.9,2,2.1,2.1,2.6,2.8,2.8,3,2.9,3.1,3,3,2.9,3.1,3.3,3.1,3.2,2.9,2.7,2.9,3,3,2.8,2.3,2.2,3.1,2.7,2.5,2.5,2.2,2.4,2.2,2.3,2.8,3.2,2.7,2.4,2.6,2.6,2.5,2.3,2.3,2.4,2.2,2.6,2.7,2.7,2.7,2.6,2.4,2.8,3,3.1,2.9,2.9,3.2,3.5,3.1,3.1,3.3,3.2
2023F,OK,FFEIE,4.6,4.6,5.4,6.5,6.8,6.9,8,8.4,8.8,10.7,12.9,13.2,14.6,15,16.3,16.6,18.3,19.3,22.8,23.6,27.9,29.5,31.7,32.9,33,32,30.1,32.1,34.3,34.4,35.1,37.9,38.3,40,38.9,40.9,41.8,42.8,43.5,42.4,44.6,44.1,46.6,47.1,45.1,49.8,50.5,49.9,51.5,50.1,47.7,49.5,47.5,44.5,42.3,39.9,35.5,30.7,33.5,27.6,25.3,26.7,25.5,25.3
2023F,OK,FFICE,12.2,11.9,16.3,18.9,19.7,17.6,14.8,14.8,16.6,17.3,17.3,17.7,17.7,17.5,18.6,18,21.2,21.9,22.8,25.9,20.1,20.5,21,20.3,22.2,20.8,18.6,21.2,20.5,21.2,22.8,20.4,21.6,22.7,22,22.4,21.5,22.1,20.1,19.2,18.5,17.6,17.1,19,19.4,19.6,21,20.9,22,19.1,20.1,20.6,21.4,21.5,22.5,21.7,22.7,24.1,24.6,24.1,23,23,23.4,23.9
2023F,OK,FFRCE,4.3,4.5,4.6,4.7,4.8,4.7,4.8,4.9,5.3,5.4,5.7,5.5,5.6,5.3,5.2,5.6,5.7,6,5.8,5,4.5,4.3,4.8,5,4.8,4.7,4,3.8,4.3,4.3,3.9,4,3.8,4.6,4.1,4,4.6,4.3,3.9,3.9,4.2,4.1,4.4,4.1,3.8,3.7,3.4,3.9,4.2,3.9,4.1,3.8,3,4.1,4.3,3.7,3.2,3.3,4.2,4.2,3.8,4,3.9,3.7
2023F,OK,FFTCE,33.6,33.6,39.6,44.1,45.7,43.9,43.1,44.5,48.6,51.7,55.5,56.3,59.2,59.6,61.8,62.4,69,72.2,77,79.9,77,80,84.7,85.3,87.1,83.9,77.7,82.4,85.7,87.2,88,89.2,92.2,95.2,93.4,94.6,97.3,98.6,97.2,96,100.1,101.5,101.5,104.2,99.6,106.1,108.7,109.4,112,106.2,105.9,106.9,104.7,102.8,104.3,99.9,95.5,92.9,98.1,91.1,83.8,87.5,86.8,86.9
2023F,OK,NNACE,0.5,0.6,0.4,0.5,0.4,0.7,0.7,0.8,0.8,0.8,1.2,1.4,1.3,1.4,1.3,1.3,1.4,1.5,1,1.4,1.2,1.2,1.5,1.3,1.5,1.4,1.1,1.3,1.5,2,1.4,1.3,1.4,1.4,1.4,1.7,1.8,1.4,1.3,1.3,1.2,1.3,1.3,1.7,1.7,1.7,1.7,1.6,1.5,1.6,1.7,1.7,1.8,2.3,2.6,2.6,2.8,2.8,3.2,3.2,2.5,2.4,2.4,2.6
2023F,OK,NNCCE,1.6,1.3,1.3,1.5,1.6,1.5,1.5,2.1,2.3,2.2,2.4,2.3,2.4,2.2,2.2,2.2,2.4,2.6,2.4,2.8,2.5,2.2,2.4,2.4,2.4,2.2,2,1.8,2.6,2.1,2,2.1,1.9,2.2,2,2.1,2.5,2.4,2.3,2.1,2.3,2.2,2.2,2,2,2.1,1.9,2.2,2.2,2.3,2.3,2.2,2,2.4,2.6,2.3,2.1,2.1,2.6,2.7,2.3,2.4,2.5,2.4
2023F,OK,NNEIE,4.5,4.6,5.4,6.3,6.7,6.9,8,8.4,8.8,10.6,12.8,13.2,14.5,14.9,16.2,16.6,18.3,18.5,19.3,18.6,18.3,15.9,13.7,13.2,12.4,11.1,10.9,10.4,9.8,10,9.7,9.6,8.6,8.8,8.8,8.8,7.8,7.4,9.9,9.6,9.6,9.5,10.6,10.7,10.9,13.2,15.2,15.6,15.5,15.6,15.9,14.5,17.3,13.6,11.4,14.1,15.4,12.6,17.8,19.1,18.9,14.4,15.7,19.5
2023F,OK,NNICE,6.8,6.7,11.1,13.9,14.8,12.4,9.6,9.2,10.7,11.5,11.6,12.1,11.7,10.4,12,11.4,14,14.1,14.1,16.9,12.6,13.3,14.3,13,14.3,12.8,12.2,15.2,14,14.5,16.1,14,14,14.6,15.1,14.3,14.3,14.8,13.4,12.3,12,9.9,9.6,11.2,11.3,11.2,12.1,12.9,14.4,12.9,13.2,13.8,13.6,13.8,14.5,14.7,15.3,15.6,16.7,16.8,17,16.1,16.2,17.1
2023F,OK,NNRCE,3.3,3.5,3.5,3.4,3.7,3.5,3.6,3.7,4.1,4.1,4.2,4.1,4.2,3.9,4,4.2,4.3,4.7,4.5,4.5,4.1,3.8,4.3,4.4,4.4,4.1,3.6,3.5,4,3.9,3.6,3.7,3.6,4.2,3.8,3.7,4.2,3.8,3.5,3.3,3.6,3.5,3.7,3.6,3.3,3.2,2.9,3.3,3.6,3.4,3.6,3.4,2.7,3.6,3.8,3.3,2.8,2.8,3.7,3.7,3.3,3.5,3.3,3.2
2023F,OK,NNTCE,16.7,16.5,21.7,25.6,27.2,25,23.5,24.1,26.6,29.2,32.3,33.1,34.1,32.8,35.7,35.6,40.4,41.3,41.3,44.2,38.8,36.4,36.2,34.3,35,31.6,29.8,32.2,31.9,32.4,32.8,30.8,29.5,31.3,31.1,30.6,30.7,29.9,30.5,28.8,28.6,26.4,27.4,29.2,29.2,31.6,33.9,35.6,37.3,35.8,36.7,35.6,37.4,35.8,35,37,38.3,36,43.9,45.5,44,38.8,40.2,44.8
2023F,OK,PMACE,10,10.3,11.1,11.7,12,11.9,12.6,13.1,14.3,14.7,15.5,15.6,16.8,17.5,17.4,18.1,19.3,20.2,21.4,20.8,20.3,21.9,22.8,22.7,22.6,22.4,21.6,21.8,22,22.7,22.3,23,24.9,24,24.8,23.4,24.8,24.9,25.6,26.8,29.2,31.8,29.6,30,27.3,28.9,29.9,30.6,30.2,28.8,29.5,28.6,28.5,27.5,29.7,28.8,28.5,29.1,29.4,28.5,26.1,28.2,28.3,28.3
2023F,OK,PMCCE,0.5,0.4,0.4,0.4,0.4,0.6,0.6,0.5,0.5,0.5,0.6,0.6,0.8,0.8,0.8,0.7,0.7,0.7,0.7,0.4,0.3,0.4,0.4,0.5,0.6,0.5,0.3,0.4,0.5,0.6,0.5,0.4,0.3,0.2,0.2,0.2,0.3,0.3,0.4,0.3,0.2,0.4,0.3,0.2,0.3,0.3,0.3,0.4,0.4,0.5,0.4,0.4,0.4,0.4,0.4,0.8,0.8,0.8,0.7,0.8,0.8,0.8,0.8,0.7
2023F,OK,PMEIE,0,0,0,0.1,0,0,0,0,0,0,0.1,0,0.1,0.1,0.1,0,0,0.1,0.1,0.1,0,0,0,0,0,0,0.1,0,0,0,0,0,0,0,0,0.1,0.1,0,0,0,0,0.1,0,0.1,0,0,0,0.1,0,0,0,0,0,0,0,0,0,0,0,0,0,0,0,0
2023F,OK,PMICE,5.3,5.2,5.1,5,4.8,5.1,5.2,5.6,6,5.8,5.7,5.7,6,6.7,6.2,6.6,7,7.4,7.9,8.2,7,5.8,5.4,6.2,6.5,6.2,4.8,4.7,5.3,5.4,5.5,4.9,6,5.6,5.4,4.9,5.6,5.8,5.2,5.3,5.2,6.3,6.1,6.5,6.7,6.9,7.5,6.6,6.2,5.1,5.7,5.7,6.7,6.5,6.7,6,6.3,7.6,7.2,6.8,5.6,6.6,6.8,6.5
2023F,OK,PMRCE,1,1,1.1,1.2,1.1,1.1,1.2,1.2,1.2,1.3,1.4,1.4,1.4,1.4,1.3,1.4,1.4,1.4,1.4,0.5,0.4,0.5,0.5,0.7,0.4,0.5,0.4,0.3,0.3,0.4,0.3,0.3,0.3,0.3,0.3,0.3,0.4,0.4,0.4,0.6,0.6,0.6,0.7,0.6,0.5,0.5,0.5,0.6,0.5,0.5,0.5,0.5,0.4,0.5,0.5,0.4,0.4,0.4,0.5,0.5,0.5,0.5,0.5,0.5
2023F,OK,PMTCE,16.7,16.9,17.8,18.3,18.4,18.8,19.5,20.3,22,22.4,23.2,23.3,25.1,26.4,25.7,26.7,28.4,29.7,31.5,29.9,28.1,28.6,29.1,30.1,30.2,29.8,27.1,27.3,28.1,29,28.7,28.6,31.5,30.1,30.7,28.9,31.2,31.4,31.5,33,35.3,39.2,36.8,37.3,34.8,36.6,38.1,38.3,37.3,34.8,36.2,35.2,36,34.9,37.2,36,36,38,37.8,36.6,33,36.1,36.4,36
2023F,OK,TEACE,10.5,10.9,11.5,12.1,12.4,12.6,13.3,13.8,15,15.4,16.7,17.1,18.2,18.9,18.7,19.3,20.7,21.7,22.4,22.2,21.5,23.1,24.3,24.1,24.1,23.8,22.7,23.1,23.5,24.7,23.7,24.4,26.3,25.4,26.3,25.1,26.6,26.3,26.9,28.1,30.3,33.1,30.9,31.7,29,30.6,31.6,32.1,31.8,30.4,31.2,30.3,30.4,29.9,32.3,31.4,31.3,31.9,32.6,31.7,28.6,30.6,30.7,30.9
2023F,OK,TECCE,2.1,1.7,1.7,1.9,2,2.1,2.1,2.6,2.8,2.8,3,2.9,3.1,3,3,2.9,3.1,3.3,3.1,3.2,2.9,2.7,2.9,3,3,2.8,2.3,2.2,3.1,2.7,2.5,2.5,2.2,2.4,2.2,2.3,2.8,3.2,2.7,2.4,2.6,2.6,2.5,2.3,2.3,2.4,2.2,2.6,2.7,2.7,2.7,2.6,2.4,2.8,3,3.1,2.9,2.9,3.2,3.5,3.1,3.1,3.3,3.2
2023F,OK,TEEIE,4.6,4.6,5.4,6.5,6.8,6.9,8,8.4,8.8,10.7,12.9,13.2,14.6,15,16.3,16.6,18.3,19.3,22.8,23.6,27.9,29.5,31.7,32.9,33,32,30.1,32.1,34.3,34.4,35.1,37.9,38.3,40,38.9,40.9,41.8,42.8,43.5,42.4,44.6,44.1,46.6,47.1,45.1,49.8,50.5,49.9,51.5,50.1,47.7,49.5,47.5,44.5,42.3,39.9,35.5,30.7,33.5,27.6,25.3,26.7,25.5,25.3
2023F,OK,TEICE,12.2,11.9,16.3,18.9,19.7,17.6,14.8,14.8,16.6,17.3,17.3,17.7,17.7,17.5,18.6,18,21.2,21.9,22.8,25.9,20.1,20.5,21,20.3,22.2,20.8,18.6,21.2,20.5,21.2,22.8,20.4,21.6,22.7,22,22.4,21.5,22.1,20.1,19.2,18.5,17.6,17.1,19,19.4,19.6,21,20.9,22,19.1,20.1,20.6,21.4,21.5,22.5,21.7,22.7,24.1,24.6,24.1,23,23,23.4,23.9
2023F,OK,TERCE,4.3,4.5,4.6,4.7,4.8,4.7,4.8,4.9,5.3,5.4,5.7,5.5,5.6,5.3,5.2,5.6,5.7,6,5.8,5,4.5,4.3,4.8,5,4.8,4.7,4,3.8,4.3,4.3,3.9,4,3.8,4.6,4.1,4,4.6,4.3,3.9,3.9,4.2,4.1,4.4,4.1,3.8,3.7,3.4,3.9,4.2,3.9,4.1,3.8,3,4.1,4.3,3.7,3.2,3.3,4.2,4.2,3.8,4,3.9,3.7
2023F,OK,TETCE,33.6,33.6,39.6,44.1,45.7,43.9,43.1,44.5,48.6,51.7,55.5,56.3,59.2,59.6,61.8,62.4,69,72.2,77,79.9,77,80,84.7,85.3,87.1,83.9,77.7,82.4,85.7,87.2,88,89.2,92.2,95.2,93.4,94.6,97.3,98.6,97.2,96,100.1,101.5,101.5,104.2,99.6,106.1,108.7,109.4,112,106.2,105.9,106.9,104.7,102.8,104.3,99.9,95.5,92.9,98.1,91.1,83.8,87.5,86.8,86.9
2023F,OR,CDEGR,,,,,,,,,,,,,,,,,,,,,,,,,,,,,,,,,,,,,,287.6,319.3,322.6,286.3,281.6,265.4,258,249.9,243.6,227.5,241.7,230.4,229.8,224.3,198,194.5,204.3,191.8,182.8,173.1,169.6,166.6,171.8,154.9,151.9,145.9,148.4
2023F,OR,CDTCR,47.8,48.6,48.7,49.1,48.6,48.5,48.8,48.8,48.5,46.7,46,45.3,45.9,48.2,45.3,44.7,42.7,42.6,45,43.3,41.7,41.9,40,37.7,37.4,35.9,36.3,38.8,39.2,40.7,41.6,46.7,47.9,49.3,51.1,47.4,46.1,45.8,49.1,49.1,50.2,51.9,49.9,51.1,50,50.8,48.9,50.7,49.6,49.1,49.7,46,45.5,46.8,45.9,45.4,44.5,43.9,44.4,46,44.3,44.7,43.8,44.3
2023F,OR,CDTPR,9.5,9.8,10.1,10.4,10.9,10.7,11.3,11.3,12,12.3,12.2,12.6,13.4,13.2,12,11.5,11.2,11.2,11.8,11.6,10.7,11.2,10.8,9.7,10.2,10,9.8,10.2,10.7,10.9,10.8,11.8,11.9,11.5,11.8,10.7,11.2,10.9,12.4,12.7,12.1,11.7,11.1,11.2,11.4,11.4,11,11.7,11.3,10.7,10.6,9.5,9.3,9.9,9.5,9.3,9.1,9.2,9.3,9.8,8.7,8.9,8.8,9.1
2023F,OR,CLACE,0,0,0,0,0,0,0,0,0,0,0,0,0,0,0,0,0,0,0,0,0,0,0,0,0,0,0,0,0,0,0,0,0,0,0,0,0,0,0,0,0,0,0,0,0,0,0,0,0,0,0,0,0,0,0,0,0,0,0,0,0,0,0,0
2023F,OR,CLCCE,0.2,0.2,0.1,0.1,0.1,0.1,0.1,0.1,0.1,0.1,0,0,0,0,0,0,0,0,0,0,0,0,0,0,0,0,0,0,0,0,0,0,0,0,0,0,0,0,0,0,0,0,0,0,0,0,0,0,0,0,0,0,0,0,0,0,0,0,0,0,0,0,0,0
2023F,OR,CLEIE,0,0,0,0,0,0,0,0,0,0,0,0,0,0,0,0,0,0,0,0,0.8,1.9,0.8,0.6,0.8,0.7,0,0,0,0.5,1.3,2.9,3.7,3.3,4,1.6,1.7,1.4,3.4,3.7,3.7,4.1,3.5,4.1,3.4,3.4,2.3,4.1,3.8,3,3.9,3.2,2.5,3.5,3,2.3,1.9,1.7,1.5,2.5,1.6,0,0,0
2023F,OR,CLICE,0.5,0.5,0.5,0.4,0.4,0.4,0.3,0.3,0.2,0.2,0.2,0.2,0.1,0.2,0.3,0.2,0.5,0.5,0.4,0.4,0.4,0.6,0.3,0.4,0.3,0.3,0.3,0.3,0.3,0.1,0.1,0.2,0.2,0.2,0.3,0.3,0.2,0.2,0.1,0,0,0,0.1,0.1,0.1,0,0.3,0.2,0.2,0.2,0.2,0.2,0.2,0.2,0.2,0.2,0,0.1,0.1,0.1,0.1,0.1,0.1,0.1
2023F,OR,CLRCE,0.2,0.3,0.2,0.2,0.2,0.2,0.2,0.1,0.1,0.1,0,0,0,0,0,0,0,0,0,0,0,0,0,0,0,0,0,0,0,0,0,0,0,0,0,0,0,0,0,0,0,0,0,0,0,0,0,0,0,0,0,0,0,0,0,0,0,0,0,0,0,0,0,0
2023F,OR,CLTCE,0.9,0.9,0.8,0.7,0.7,0.7,0.6,0.5,0.4,0.4,0.3,0.3,0.2,0.2,0.3,0.3,0.6,0.5,0.4,0.4,1.1,2.5,1.1,0.9,1.1,1,0.3,0.3,0.3,0.6,1.5,3.1,3.9,3.5,4.2,1.9,1.9,1.6,3.4,3.7,3.7,4.1,3.6,4.3,3.5,3.4,2.6,4.3,4,3.2,4.1,3.4,2.7,3.7,3.3,2.5,1.9,1.8,1.6,2.6,1.7,0.1,0.1,0.1
2023F,OR,FFACE,7.9,8.2,8.5,8.7,9,9.5,10.4,10.8,12.2,12.4,12.9,13.5,14.5,15.5,14.9,15.1,16,17.1,18.7,19.2,17,17.8,17.9,16.9,16.5,17.2,17.6,18.7,20,20.2,19.9,21.5,21.7,20.7,21.4,21.1,21.9,22,23,23.3,22.7,21.6,22,22.1,22.8,23.3,23.9,24.2,22.3,22.3,21.9,20.7,20.3,20.4,20.6,20.1,20,20.5,21.1,20.6,18.3,19.8,19.6,19.6
2023F,OR,FFCCE,1.5,1.5,1.6,1.7,1.9,1.8,1.9,1.8,1.9,2.2,2.2,2.4,2.6,2.5,2.2,2,1.9,1.8,1.8,1.7,2.2,1.9,2.2,1.9,2.2,1.9,1.8,1.7,1.9,1.8,1.9,1.9,1.7,1.8,1.7,1.8,1.9,1.9,2,2.1,2.1,2.2,2.1,1.8,1.8,1.9,1.9,1.9,2,2,1.9,2,1.8,1.8,1.8,2,2.1,2.5,2.4,2.5,2.4,2.4,2.6,2.6
2023F,OR,FFEIE,0,0,0,0,0,0,0,0,0,0,0.1,0,0,0.2,0,0,0,0.1,0.1,0.5,0.8,1.9,0.9,0.6,0.8,0.7,0,0,0,1.2,1.8,3.6,4.5,4.3,5.4,2.7,3.2,2.7,6.2,6.4,7.5,8.7,6.5,8.2,8.2,8.2,6.4,9.7,10.1,8.9,9.8,6.4,7,9.1,8,8.6,7.8,7.5,8.4,10.5,8.9,8.2,7.4,9.2
2023F,OR,FFICE,5.4,5.8,6.3,6.6,7.1,7.1,7.4,7.4,7.5,8,7.8,8.3,9.3,8.8,7.7,6.9,6.4,6.5,6.7,6.3,6.2,6,5.8,4.4,5.7,4.8,5,5.4,5.6,5.1,5.2,5.3,6,6,5.9,6.3,6.8,6.9,7.9,8.7,6.5,5.5,5.8,5.1,5.5,5.1,5.5,5.2,5.2,4.5,4.4,4.8,4.7,4.6,4.7,4.6,4.8,4.7,4.4,4.5,4.4,4.7,4.7,4.5
2023F,OR,FFRCE,1.9,2,2,2.2,2.5,2.4,2.4,2.4,2.5,2.8,2.7,2.8,2.9,2.7,2.5,2.7,2.4,2,2.4,2.4,2,2.2,2.1,1.9,2.1,2.3,2,1.7,1.9,2.1,2,2.2,1.9,2.4,2.3,2.2,2.5,2.4,2.4,2.8,2.7,2.7,2.7,2.6,2.5,2.7,2.7,2.7,2.9,2.9,2.5,2.9,2.6,2.8,2.5,2.3,2.5,3,2.7,3,2.8,2.9,3.1,3
2023F,OR,FFTCE,16.8,17.6,18.4,19.3,20.6,20.8,22.2,22.4,24.1,25.4,25.6,27,29.3,29.6,27.3,26.8,26.7,27.5,29.6,30.1,28.2,29.8,28.9,25.7,27.3,26.8,26.3,27.6,29.4,30.5,30.8,34.4,35.7,35.1,36.8,34.1,36.2,35.9,41.6,43.2,41.5,40.7,39.1,39.8,40.8,41.1,40.3,43.7,42.6,40.7,40.5,36.8,36.4,38.7,37.6,37.6,37.2,38.3,39,41.2,36.8,38,37.3,38.9
2023F,OR,NNACE,0,0,0,0,0,0,0,0.1,0.2,0.2,0.3,0.4,0.5,0.5,0.4,0.4,0.5,0.5,0.5,0.5,0.3,0.2,0.2,0.2,0.1,0.3,0.2,0.4,0.4,0.5,0.5,0.5,0.4,0.3,0.3,0.4,0.4,0.7,0.7,0.6,0.6,0.6,0.5,0.4,0.5,0.4,0.5,0.5,0.4,0.4,0.4,0.3,0.3,0.2,0.2,0.3,0.3,0.3,0.4,0.3,0.4,0.4,0.5,0.5
2023F,OR,NNCCE,0.2,0.2,0.2,0.2,0.3,0.3,0.4,0.4,0.4,0.6,0.6,0.8,0.8,0.8,0.7,0.9,0.8,0.6,0.7,0.8,0.8,0.8,0.9,0.8,0.9,1,0.9,0.9,1,1.1,1.1,1.2,1.1,1.3,1.3,1.2,1.4,1.4,1.4,1.6,1.6,1.5,1.5,1.4,1.4,1.5,1.5,1.6,1.7,1.6,1.5,1.6,1.6,1.6,1.5,1.4,1.5,1.8,1.6,1.8,1.6,1.7,1.9,1.8
2023F,OR,NNEIE,0,0,0,0,0,0,0,0,0,0,0.1,0,0,0.2,0,0,0,0,0,0.1,0,0,0,0,0,0,0,0,0,0.7,0.4,0.6,0.8,0.9,1.4,1,1.4,1.3,2.9,2.7,3.7,4.5,3,4,4.8,4.8,4.1,5.6,6.3,5.9,5.9,3.3,4.4,5.5,4.9,6.3,5.9,5.8,6.9,8,7.3,8.2,7.4,9.2
2023F,OR,NNICE,1.1,1.2,1.4,1.6,2,2.1,2.4,2.6,2.8,2.9,3.1,3.2,3.4,3.3,3,3.1,2.6,2.3,2.6,2.6,2.1,2.1,1.7,1.7,2.1,2,1.7,1.9,2.1,2.3,2.6,2.9,3.1,3.2,3.4,3.7,4.7,4.9,5.5,5.9,4,3.7,3.7,3.5,3.8,3.7,3.8,3.7,3.6,3,2.9,3,3,3,3,2.9,3.1,3.1,2.9,3,3,3.1,3.1,3
2023F,OR,NNRCE,0.4,0.4,0.4,0.5,0.6,0.6,0.7,0.8,0.8,1.1,1.1,1.2,1.3,1.3,1.2,1.6,1.2,0.6,1,1,1,1,1,0.9,1.1,1.2,1,1,1.1,1.2,1.3,1.4,1.3,1.6,1.6,1.6,1.8,1.8,1.9,2.2,2.1,2.1,2.1,2,2.1,2.2,2.3,2.3,2.4,2.4,2.2,2.5,2.4,2.5,2.2,2.1,2.2,2.7,2.4,2.7,2.5,2.6,2.8,2.7
2023F,OR,NNTCE,1.7,1.8,2,2.4,3,3.1,3.6,3.8,4.3,4.8,5.2,5.5,6,6,5.3,6,5,3.9,4.7,5.1,4.3,4.1,3.9,3.6,4.2,4.5,3.8,4.3,4.7,5.9,5.8,6.7,6.6,7.4,8,7.9,9.8,10.1,12.5,12.9,12.1,12.4,10.8,11.3,12.5,12.6,12.1,13.7,14.5,13.4,12.8,10.7,11.6,12.9,11.9,12.9,13.1,13.8,14.2,15.9,14.8,16,15.6,17.2
2023F,OR,PMACE,7.9,8.2,8.5,8.7,9,9.4,10.3,10.7,12,12.2,12.6,13.1,14,15,14.5,14.7,15.5,16.6,18.2,18.7,16.7,17.6,17.8,16.7,16.4,17,17.4,18.3,19.6,19.8,19.4,21,21.3,20.4,21.1,20.7,21.5,21.3,22.3,22.7,22.1,21,21.5,21.8,22.3,22.9,23.4,23.7,21.9,21.9,21.6,20.4,20.1,20.2,20.3,19.8,19.7,20.2,20.8,20.3,17.9,19.3,19.1,19.1
2023F,OR,PMCCE,1.2,1.2,1.2,1.3,1.5,1.4,1.4,1.3,1.4,1.6,1.5,1.6,1.8,1.7,1.5,1.1,1.1,1.2,1.1,0.9,1.4,1.1,1.3,1.1,1.2,0.8,0.9,0.8,0.9,0.7,0.8,0.7,0.6,0.5,0.5,0.6,0.5,0.5,0.5,0.5,0.5,0.7,0.6,0.4,0.3,0.3,0.3,0.3,0.4,0.4,0.4,0.3,0.2,0.2,0.2,0.5,0.6,0.7,0.8,0.7,0.8,0.8,0.8,0.8
2023F,OR,PMEIE,0,0,0,0,0,0,0,0,0,0,0,0,0,0,0,0,0,0.1,0.1,0.4,0,0,0,0,0,0,0,0,0,0,0,0,0,0,0,0,0,0,0,0,0,0.1,0,0,0,0,0,0,0,0,0,0,0,0,0,0,0,0,0,0,0,0,0,0
2023F,OR,PMICE,3.9,4.1,4.4,4.6,4.7,4.6,4.6,4.6,4.5,4.9,4.5,4.9,5.8,5.3,4.5,3.6,3.3,3.8,3.7,3.2,3.7,3.3,3.8,2.4,3.3,2.6,3,3.1,3.2,2.6,2.5,2.2,2.7,2.5,2.3,2.4,1.9,1.9,2.4,2.8,2.5,1.8,1.9,1.5,1.6,1.4,1.5,1.3,1.4,1.3,1.3,1.6,1.5,1.4,1.5,1.5,1.7,1.5,1.4,1.3,1.3,1.4,1.5,1.4
2023F,OR,PMRCE,1.3,1.3,1.4,1.5,1.7,1.6,1.6,1.5,1.6,1.6,1.5,1.6,1.6,1.5,1.3,1.1,1.2,1.4,1.4,1.3,1,1.2,1.1,0.9,1,1.1,1,0.7,0.8,0.9,0.8,0.7,0.6,0.8,0.7,0.7,0.6,0.6,0.5,0.6,0.6,0.7,0.6,0.6,0.4,0.5,0.4,0.4,0.4,0.4,0.4,0.4,0.3,0.3,0.3,0.3,0.3,0.3,0.3,0.3,0.3,0.4,0.3,0.3
2023F,OR,PMTCE,14.3,14.8,15.6,16.1,16.9,17,18,18.1,19.4,20.2,20.2,21.2,23.1,23.5,21.7,20.5,21.1,23.1,24.5,24.6,22.8,23.2,23.9,21.1,21.9,21.4,22.3,22.9,24.5,24,23.5,24.6,25.2,24.2,24.6,24.3,24.5,24.2,25.7,26.6,25.7,24.2,24.7,24.2,24.7,25.1,25.7,25.6,24.2,24.1,23.7,22.7,22.1,22.2,22.4,22.1,22.2,22.7,23.2,22.7,20.2,21.8,21.6,21.6
2023F,OR,TEACE,7.9,8.2,8.5,8.7,9,9.5,10.4,10.8,12.2,12.4,12.9,13.5,14.5,15.5,14.9,15.1,16,17.1,18.7,19.2,17,17.8,17.9,16.9,16.5,17.2,17.6,18.7,20,20.2,19.9,21.5,21.7,20.7,21.4,21.1,21.9,22,23,23.3,22.7,21.6,22,22.1,22.8,23.3,23.9,24.2,22.3,22.3,21.9,20.7,20.3,20.4,20.6,20.1,20,20.5,21.1,20.6,18.3,19.8,19.6,19.6
2023F,OR,TECCE,1.5,1.5,1.6,1.7,1.9,1.8,1.9,1.8,1.9,2.2,2.2,2.4,2.6,2.5,2.2,2,1.9,1.8,1.8,1.7,2.2,1.9,2.2,1.9,2.2,1.9,1.8,1.7,1.9,1.8,1.9,1.9,1.7,1.8,1.7,1.8,1.9,1.9,2,2.1,2.1,2.2,2.1,1.8,1.8,1.9,1.9,1.9,2,2,1.9,2,1.8,1.8,1.8,2,2.1,2.5,2.4,2.5,2.4,2.4,2.6,2.6
2023F,OR,TEEIE,0,0,0,0,0,0,0,0,0,0,0.1,0,0,0.2,0,0,0,0.1,0.1,0.5,0.8,1.9,0.9,0.6,0.8,0.7,0,0,0,1.2,1.8,3.6,4.5,4.3,5.4,2.7,3.2,2.7,6.2,6.4,7.5,8.7,6.5,8.2,8.2,8.2,6.4,9.7,10.1,8.9,9.8,6.4,7,9.1,8,8.6,7.8,7.5,8.4,10.5,8.9,8.2,7.4,9.2
2023F,OR,TEICE,5.4,5.8,6.3,6.6,7.1,7.1,7.4,7.4,7.5,8,7.8,8.3,9.3,8.8,7.7,6.9,6.4,6.5,6.7,6.3,6.2,6,5.8,4.4,5.7,4.8,5,5.4,5.6,5.1,5.2,5.3,6,6,5.9,6.3,6.8,6.9,7.9,8.7,6.5,5.5,5.8,5.1,5.5,5.1,5.5,5.2,5.2,4.5,4.4,4.8,4.7,4.6,4.7,4.6,4.8,4.7,4.4,4.5,4.4,4.7,4.7,4.5
2023F,OR,TERCE,1.9,2,2,2.2,2.5,2.4,2.4,2.4,2.5,2.8,2.7,2.8,2.9,2.7,2.5,2.7,2.4,2,2.4,2.4,2,2.2,2.1,1.9,2.1,2.3,2,1.7,1.9,2.1,2,2.2,1.9,2.4,2.3,2.2,2.5,2.4,2.4,2.8,2.7,2.7,2.7,2.6,2.5,2.7,2.7,2.7,2.9,2.9,2.5,2.9,2.6,2.8,2.5,2.3,2.5,3,2.7,3,2.8,2.9,3.1,3
2023F,OR,TETCE,16.8,17.6,18.4,19.3,20.6,20.8,22.2,22.4,24.1,25.4,25.6,27,29.3,29.6,27.3,26.8,26.7,27.5,29.6,30.1,28.2,29.8,28.9,25.7,27.3,26.8,26.3,27.6,29.4,30.5,30.8,34.4,35.7,35.1,36.8,34.1,36.2,35.9,41.6,43.2,41.5,40.7,39.1,39.8,40.8,41.1,40.3,43.7,42.6,40.7,40.5,36.8,36.4,38.7,37.6,37.6,37.2,38.3,39,41.2,36.8,38,37.3,38.9
2023F,PA,CDEGR,,,,,,,,,,,,,,,,,,,,,,,,,,,,,,,,,,,,,,530.8,497.8,479.8,492,459,465.9,461.5,454,449.6,440.1,429,406,380,384,369,347.9,354,346.8,316.6,291.8,284.6,287.5,282.8,261.8,279.4,274.3,251.3
2023F,PA,CDTCR,76.9,76.4,76.4,76.3,76.9,76.6,76.2,75.9,75.7,74.9,75.1,74.7,74.5,75.3,73.8,72.4,72,71.4,70.4,71.3,71.4,69.8,68.6,69.5,68.9,67.9,65.5,66.9,67,66.9,63.8,63.7,63.3,63.5,61.8,61.9,61.9,62.6,63.1,61.4,61.8,61,61.3,61.6,61,61.3,61.3,60.7,59.6,57.6,57.7,56.7,55.8,55.3,54.5,52.5,50.6,49.9,49.8,49,47.1,48.9,48,46.3
2023F,PA,CDTPR,22,21,21.8,22.6,23.9,24.4,24.8,24.5,25.2,25.1,26,25.5,26.5,27.4,25.7,24.5,26,25.5,25.5,26.6,24.8,22.9,20.3,20.8,22.3,21.3,20.9,21.8,22.8,23,22.2,21.5,22,22.3,21.9,22.1,22.5,22.6,21.7,21.6,22.7,21.6,22,22.3,22.5,22.6,22,22.2,21.4,19.4,20.1,19.6,18.8,19.5,19.5,18.2,17,16.8,17.1,17.1,14.8,16.4,16.5,15.4
2023F,PA,CLACE,1.4,0.3,0.3,0.3,0.3,0.3,0.3,0.2,0.2,0.1,0.1,0.1,0.1,0,0,0,0,0,0,0,0,0,0,0,0,0,0,0,0,0,0,0,0,0,0,0,0,0,0,0,0,0,0,0,0,0,0,0,0,0,0,0,0,0,0,0,0,0,0,0,0,0,0,0
2023F,PA,CLCCE,8.6,7.9,6.9,6.4,6,5.6,4.9,4.3,4,3.6,3.6,4,3.3,3.9,3.3,2.8,2.8,2.8,3.4,2.4,2.8,3.4,3.3,2.9,3,2.3,2.6,3,2.7,2.9,2.5,2.8,3.2,2.4,2.4,2.5,2.1,2.6,1.8,1.5,1.7,1.7,1.2,1.5,1.5,1.4,1.4,1.5,0.5,0.5,0.4,0.4,0.3,0.3,0.3,0.2,0.1,0.1,0,0,0,0,0,0
2023F,PA,CLEIE,40.3,41.3,44,46,50.7,53.1,55.1,56,59.9,60.1,64.7,71.9,79.1,88.4,78.1,81.9,85.3,82.8,83,95,97.7,90.7,92.2,93.1,94.9,97,94.5,96.2,100.5,103.2,100.3,100.2,101.3,101.7,96.6,101,106.5,109.2,110.3,107.3,115.3,105.4,112.2,111.9,113.2,117.1,118.6,118.5,113.5,102.3,107,98.2,86.4,86.5,77.7,64,54.9,48,44.8,38.1,24.5,30.7,25.7,14.6
2023F,PA,CLICE,80.5,73.3,77.2,82.3,93.3,96.9,96.3,92.6,91.8,83.7,85.6,71.8,70.6,73.7,72.4,68.1,68.3,61.1,59.9,66.5,52.5,45.8,25.9,29.7,39.2,33,26.9,30.6,34.8,34.2,35.5,31.4,34.2,35.6,36.3,36.3,36.8,36.1,26.4,25.1,25.8,24.7,24.6,25.2,25.1,23,22.3,21.6,21.1,13.7,17.2,16.6,17.1,20,20.5,19.2,14.8,15.4,16.2,15.7,10.9,15.2,15.4,14.3
2023F,PA,CLRCE,12.4,11.3,9.9,8.9,8.3,7.5,6.5,5.7,5.1,4.6,4.6,3.8,2.5,2.3,1.6,1.2,1.1,1.1,1,0.6,0.7,0.7,0.7,0.6,0.7,0.6,0.8,0.9,0.8,0.8,0.6,0.6,0.7,0.5,0.4,0.4,0.3,0.3,0.2,0.2,0.2,0.2,0.2,0.2,0.2,0.1,0.1,0.2,0,0,0,0,0,0,0,0,0,0,0,0,0,0,0,0
2023F,PA,CLTCE,143.2,134.1,138.3,143.9,158.7,163.4,163,158.8,161.1,152.1,158.6,151.5,155.5,168.4,155.4,154.1,157.5,147.8,147.4,164.6,153.6,140.6,122,126.3,137.8,132.9,124.8,130.6,138.7,141.1,139,135,139.5,140.2,135.7,140.1,145.7,148.2,138.8,134.1,143,132,138.2,138.8,140,141.7,142.5,141.8,135.1,116.5,124.6,115.3,103.8,106.8,98.5,83.4,69.7,63.5,61,53.8,35.4,45.9,41.1,28.9
2023F,PA,FFACE,37.9,36.3,37.4,39.1,39.9,40.2,41.7,44.2,47.8,48.4,50.6,52.6,56.3,57.5,55.4,54.5,59.3,60.6,61.3,60.1,57.7,54.6,51.3,52.1,53.1,53.6,55.7,59,61.2,57.7,59.3,59.2,60.4,61.8,62.1,62.9,62.6,65.4,67.5,68.1,70.7,70.3,70.6,70.1,71.4,72.5,72.1,71.3,66,64.9,64.2,63.8,62.9,62.4,62.4,60.9,59.7,60.3,60.3,61.3,52.2,56.4,56.7,56.2
2023F,PA,FFCCE,17.2,16.3,15.8,15.6,15.4,15.4,15.2,14.5,14.6,14.6,15.1,15.9,16.1,16.4,14.3,13,14.7,14.3,14.6,12.9,12.7,13.7,13.1,12.9,14.3,12.1,12.7,13.1,13.5,14.6,13.2,13.2,14.1,13.3,14.3,14.1,14.3,13.6,12,12.1,12.9,12.7,12.7,13.4,12.9,12.9,11.7,12.4,11.7,10.8,10.6,10.3,9.1,10.5,11.2,11.4,10.6,10.9,12.1,11.9,10.7,11.4,12.1,11.4
2023F,PA,FFEIE,42.1,42.9,45.5,47.8,52.4,55,58.3,60.1,65.1,70.1,77.5,84.6,92,98.4,89.3,88.3,93.5,94.5,97.8,105.7,107.1,99.1,97.9,102.8,103.1,103.6,101.9,102.9,107.3,111.3,105.7,104.4,104.7,107.5,103.6,106.8,111.8,113.3,116.1,112.2,119.8,109.6,117.4,118,121,125.8,125,127.4,122,114.5,120.9,115.3,108.3,106.9,99.7,88.6,82.6,77,74.9,75.1,70.1,77.5,74.3,66.5
2023F,PA,FFICE,115.2,107.6,112.4,119,132,138.2,139,132.2,132.3,125.7,127.7,114.6,114.9,118.8,114.9,104.8,108,101.2,97.3,106.5,87.5,76.2,53.1,54.2,64.8,55.7,50.5,56.8,60.6,61.1,62.7,56.6,60.7,60.9,61,60.9,60.4,60,49.6,49,49.3,48,47.3,48.3,48.5,46.4,46.6,45.8,44.9,35.1,40.1,40.6,42.2,49.4,53.6,50.8,46,48,50.6,50.5,42.1,49.4,50.7,48.8
2023F,PA,FFRCE,37.4,36.3,36.8,36.3,35.3,35.2,35,35.4,35.7,35.6,36.1,35.9,36,34.9,31.5,30.9,33.3,32.5,31.9,31.3,29.6,27.6,25.6,24.1,27.7,26.1,25.5,25.4,26.9,27.8,23.7,23.9,25.5,26.2,25.8,25,26.2,24.7,21.1,23.5,25.8,24.5,23.9,26.5,25.4,24,20.3,21.7,25.5,19.9,20.3,19.5,17.3,20.1,22.4,20.8,18.5,18.5,21.7,19.5,17.8,19.3,20.1,18
2023F,PA,FFTCE,249.7,239.4,248,257.8,275,284,289.2,286.4,295.5,294.4,307,303.7,315.3,326,305.3,291.5,308.8,303.2,302.9,316.5,294.6,271.3,240.9,246.2,262.9,251.2,246.3,257.2,269.5,272.5,264.5,257.3,265.5,269.7,267,269.8,275.3,276.9,266.3,264.9,278.6,265.2,271.9,276.3,279.2,281.6,275.8,278.7,270.1,245.2,256.1,249.6,239.7,249.3,249.2,232.4,217.3,214.7,219.6,218.3,192.8,213.9,213.8,200.9
2023F,PA,NNACE,0.8,0.7,0.8,0.9,1,1.1,1.2,1.3,1.3,1.4,1.5,1.5,1.5,1.2,1.1,1,1.2,1.3,1.3,1.4,1.6,1.8,1.7,1.6,1.9,1.8,1.8,2,2,1.5,1.9,1.9,2.1,2,2.1,2.1,2.2,2.2,1.8,2,2.1,1.9,2.1,1.9,1.6,1.7,1.5,1.9,2.1,2.3,2.6,2.8,2.1,2.1,2.4,2.4,2.3,2.4,2.6,2.8,2.6,2.9,3.2,2.9
2023F,PA,NNCCE,3.1,3.2,3.4,3.5,3.6,3.7,4.1,4.5,4.8,5.2,5.4,6,6.7,6.4,5.6,5.4,6.8,6.1,6,6,6.4,6.9,6.8,6.2,6.9,6.3,6.3,6.3,7,7.3,6.9,6.9,7.4,7.2,7.6,7.9,8.5,7.9,7.2,7.9,8,7.6,7.5,8.2,7.9,8,7.2,8,8,7.9,7.8,7.8,7,8.3,8.9,8.4,7.9,8.1,9.1,8.9,8.2,8.5,9.2,8.6
2023F,PA,NNEIE,0.3,0.1,0.1,0.2,0.3,0.1,0.1,0.1,0.2,0.4,0.5,0.5,0.3,0.1,0.4,0.1,0,0,0,0.1,0.2,0.2,0.1,0.1,0.1,0.1,0,0.1,0.1,0.5,0.7,0.4,0.7,1.3,1.6,2.2,1.4,1.1,1.6,1.7,1.1,1.2,2.7,2.3,4.2,4.4,5.5,7.9,7.7,11.5,13.4,16.7,21.6,20,21.4,24.1,27.5,28.8,29.5,36.9,45.5,46.7,48.4,51.8
2023F,PA,NNICE,11.3,11.6,12,13.4,14.4,15.2,16.3,15.4,16.8,18.2,18,18.6,19.5,18.6,16.4,13.8,14.5,13.4,13.2,16.4,17.6,17.2,13.8,12.9,13.2,12.2,11,12.3,12.4,13.2,12.9,12.5,12.7,13.1,12.7,13.4,13,12.7,12.3,12.5,12.5,11,11.3,10.8,10.8,10.2,10.5,10.5,10.6,10,11.8,13.3,15.2,18.5,21.7,20.6,21.2,22,24.1,26.2,24.9,27.2,27.5,26.8
2023F,PA,NNRCE,12.7,13,13.4,13.8,13.9,14.1,15.1,15.3,15.7,16.2,16.3,16.7,16.7,16.1,14.8,14.8,15.8,15,15.5,15.6,15.6,15.3,14.7,13.7,14.5,13.4,14,13.8,14.7,14.9,13.2,13.3,14.6,14.8,14.7,14.4,15.3,14.4,12,13.3,14.4,13.4,13.2,14.6,13.7,13.5,11.3,12.7,12.6,12.6,12.3,12.1,10.9,12.9,14.2,13.1,11.9,12.1,13.9,13,12.2,12.4,13,11.3
2023F,PA,NNTCE,28.3,28.7,29.8,31.9,33.1,34.1,36.7,36.7,38.8,41.3,41.7,43.3,44.8,42.4,38.3,35.1,38.3,35.7,36.1,39.5,41.3,41.4,37.1,34.5,36.7,33.9,33.1,34.5,36.3,37.5,35.7,34.9,37.6,38.3,38.7,39.9,40.4,38.3,34.9,37.4,38.2,35.1,36.8,37.8,38.1,37.9,36.1,41.1,41,44.3,47.9,52.8,56.9,61.8,68.5,68.6,70.8,73.4,79.2,87.8,93.3,97.7,101.3,101.4
2023F,PA,PMACE,35.7,35.3,36.3,37.8,38.6,38.8,40.3,42.7,46.3,46.9,49,50.9,54.7,56.2,54.2,53.5,58.1,59.4,59.9,58.6,56.1,52.8,49.6,50.5,51.2,51.7,53.9,57,59.2,56.2,57.4,57.3,58.3,59.8,60.1,60.8,60.4,63.2,65.7,66,68.6,68.4,68.5,68.2,69.7,70.8,70.6,69.4,64,62.6,61.6,61,60.8,60.3,60,58.5,57.4,57.8,57.7,58.5,49.5,53.5,53.5,53.4
2023F,PA,PMCCE,5.5,5.2,5.5,5.7,5.8,6.1,6.2,5.7,5.7,5.7,6,5.9,6.1,6.1,5.4,4.8,5.2,5.4,5.2,4.5,3.6,3.4,3,3.7,4.4,3.5,3.8,3.8,3.8,4.4,3.8,3.5,3.5,3.6,4.4,3.8,3.8,3.1,3,2.8,3.3,3.4,3.9,3.7,3.6,3.5,3.2,2.8,3.2,2.4,2.3,2.1,1.7,1.9,2,2.8,2.6,2.7,3,3,2.5,2.9,2.9,2.8
2023F,PA,PMEIE,1.5,1.5,1.4,1.6,1.5,1.8,3.1,3.9,5,9.7,12.3,12.2,12.6,9.9,10.7,6.3,8.2,11.7,14.8,10.6,9.3,8.2,5.6,9.6,8,6.6,7.3,6.6,6.7,7.6,4.7,3.8,2.7,4.6,5.4,3.7,3.9,3,4.1,3.1,3.4,3,2.5,3.9,3.6,4.2,0.8,1.1,0.8,0.7,0.5,0.4,0.3,0.3,0.5,0.4,0.3,0.2,0.6,0.2,0.1,0.1,0.2,0.1
2023F,PA,PMICE,23.4,22.7,23.2,23.4,24.3,26,26.4,24.2,23.7,23.8,24.1,24.3,24.8,26.4,26.1,22.8,25.1,26.7,24.2,23.6,17.4,13.2,13.4,11.7,12.4,10.4,12.6,13.8,13.4,13.6,14.3,12.7,13.8,12.2,12.1,11.2,10.5,11.2,10.9,11.4,11,12.3,11.4,12.3,12.6,13.2,13.8,13.7,13.2,11.4,11.1,10.7,9.8,11,11.4,11,9.9,10.6,10.3,8.6,6.3,7,7.7,7.7
2023F,PA,PMRCE,12.2,12,13.5,13.6,13.1,13.7,13.4,14.4,14.9,14.8,15.2,15.4,16.8,16.5,15.2,14.9,16.4,16.4,15.4,15.1,13.3,11.6,10.2,9.9,12.4,12.1,10.7,10.7,11.5,12.1,9.8,9.9,10.1,10.9,10.7,10.2,10.6,10,8.9,10.1,11.2,11,10.6,11.7,11.6,10.4,8.8,8.8,12.8,7.3,8,7.4,6.4,7.2,8.2,7.7,6.6,6.5,7.8,6.5,5.7,6.8,7.1,6.7
2023F,PA,PMTCE,78.3,76.7,79.9,82,83.2,86.4,89.4,91,95.6,100.9,106.7,108.8,115.1,115.2,111.6,102.3,113,119.6,119.5,112.4,99.7,89.3,81.8,85.4,88.5,84.4,88.4,92.1,94.6,94,89.9,87.3,88.5,91.1,92.6,89.8,89.1,90.5,92.6,93.4,97.4,98.1,96.9,99.8,101.1,102,97.2,95.9,94,84.4,83.5,81.6,79,80.7,82.2,80.5,76.8,77.8,79.4,76.7,64,70.3,71.4,70.6
2023F,PA,TEACE,37.9,36.3,37.4,39.1,39.9,40.2,41.7,44.2,47.8,48.4,50.6,52.6,56.3,57.5,55.4,54.5,59.3,60.6,61.3,60.1,57.7,54.6,51.3,52.1,53.1,53.6,55.7,59,61.2,57.7,59.3,59.2,60.4,61.8,62.1,62.9,62.6,65.4,67.5,68.1,70.7,70.3,70.6,70.1,71.4,72.5,72.1,71.3,66,64.9,64.2,63.8,62.9,62.4,62.4,60.9,59.7,60.3,60.3,61.3,52.2,56.4,56.7,56.2
2023F,PA,TECCE,17.2,16.3,15.8,15.6,15.4,15.4,15.2,14.5,14.6,14.6,15.1,15.9,16.1,16.4,14.3,13,14.7,14.3,14.6,12.9,12.7,13.7,13.1,12.9,14.3,12.1,12.7,13.1,13.5,14.6,13.2,13.2,14.1,13.3,14.3,14.1,14.3,13.6,12,12.1,12.9,12.7,12.7,13.4,12.9,12.9,11.7,12.4,11.7,10.8,10.6,10.3,9.1,10.5,11.2,11.4,10.6,10.9,12.1,11.9,10.7,11.4,12.1,11.4
2023F,PA,TEEIE,42.1,42.9,45.5,47.8,52.4,55,58.3,60.1,65.1,70.1,77.5,84.6,92,98.4,89.3,88.3,93.5,94.5,97.8,105.7,107.1,99.1,97.9,102.8,103.1,103.6,101.9,102.9,107.3,111.3,105.7,104.4,104.7,107.5,103.6,106.8,111.8,113.3,116.1,112.2,119.8,109.6,117.4,118,121,125.8,125,127.4,122,114.5,120.9,115.3,108.3,106.9,99.7,88.6,82.6,77,74.9,75.1,70.1,77.5,74.3,66.5
2023F,PA,TEICE,115.2,107.6,112.4,119,132,138.2,139,132.2,132.3,125.7,127.7,114.6,114.9,118.8,114.9,104.8,108,101.2,97.3,106.5,87.5,76.2,53.1,54.2,64.8,55.7,50.5,56.8,60.6,61.1,62.7,56.6,60.7,60.9,61,60.9,60.4,60,49.6,49,49.3,48,47.3,48.3,48.5,46.4,46.6,45.8,44.9,35.1,40.1,40.6,42.2,49.4,53.6,50.8,46,48,50.6,50.5,42.1,49.4,50.7,48.8
2023F,PA,TERCE,37.4,36.3,36.8,36.3,35.3,35.2,35,35.4,35.7,35.6,36.1,35.9,36,34.9,31.5,30.9,33.3,32.5,31.9,31.3,29.6,27.6,25.6,24.1,27.7,26.1,25.5,25.4,26.9,27.8,23.7,23.9,25.5,26.2,25.8,25,26.2,24.7,21.1,23.5,25.8,24.5,23.9,26.5,25.4,24,20.3,21.7,25.5,19.9,20.3,19.5,17.3,20.1,22.4,20.8,18.5,18.5,21.7,19.5,17.8,19.3,20.1,18
2023F,PA,TETCE,249.7,239.4,248,257.8,275,284,289.2,286.4,295.5,294.4,307,303.7,315.3,326,305.3,291.5,308.8,303.2,302.9,316.5,294.6,271.3,240.9,246.2,262.9,251.2,246.3,257.2,269.5,272.5,264.5,257.3,265.5,269.7,267,269.8,275.3,276.9,266.3,264.9,278.6,265.2,271.9,276.3,279.2,281.6,275.8,278.7,270.1,245.2,256.1,249.6,239.7,249.3,249.2,232.4,217.3,214.7,219.6,218.3,192.8,213.9,213.8,200.9
2023F,RI,CDEGR,,,,,,,,,,,,,,,,,,,,,,,,,,,,,,,,,,,,,,312.6,304.1,280.7,239.6,247.3,228.4,218.6,199,200.4,183.2,196.7,193.6,206.1,196.3,196.3,185.6,176.4,182.2,183.1,161.6,167,185.3,169.7,166.5,174.5,162.6,175.2
2023F,RI,CDTCR,70.8,69.6,69.6,69.5,68,67.9,67.8,68.1,66.3,66.3,66.2,66.1,66.9,65.3,64.7,63.7,63.8,62.9,62.3,61.6,60.4,60.2,59.4,59,60.5,55.7,62.1,60.8,61.6,60.7,59.3,59.7,56.3,58.5,56.6,56.9,57.6,58.3,57.4,57.4,59.2,60,60.7,61.7,61.5,61.3,59.9,59.7,56.3,57.2,56.9,56.8,57.2,56.9,56.4,55.9,55.4,55,55.5,55.3,53.9,54.8,54.6,54.6
2023F,RI,CDTPR,15.4,13.6,13.9,13.6,12.7,12.1,12,13.3,12.8,13.5,13.8,14.1,13.8,12.8,12.1,11.1,11.2,11.6,10.6,9.7,8.8,8.1,7.7,8,8.8,8.7,9.7,9.9,10.3,9.2,8.8,10.6,12.8,10.6,12.6,11.8,13.2,13.2,13.4,12.6,11.2,11.6,11,10.8,10.2,10.5,9.9,10.5,10.1,10.7,10.4,10.4,9.9,9.5,9.9,10.1,9,9.3,10.3,9.6,8.8,9.7,9.2,10
2023F,RI,CLACE,0,0,0,0,0,0,0,0,0,0,0,0,0,0,0,0,0,0,0,0,0,0,0,0,0,0,0,0,0,0,0,0,0,0,0,0,0,0,0,0,0,0,0,0,0,0,0,0,0,0,0,0,0,0,0,0,0,0,0,0,0,0,0,0
2023F,RI,CLCCE,0,0,0,0,0,0,0,0,0,0,0,0,0,0,0,0,0,0,0,0,0,0,0,0,0,0,0,0,0,0,0,0,0,0,0,0,0,0,0,0,0,0,0,0,0,0,0,0,0,0,0,0,0,0,0,0,0,0,0,0,0,0,0,0
2023F,RI,CLEIE,1.5,1.4,1.4,1.2,1,1.1,1,0.6,0.3,0,0,0,0,0,0.1,0,0,0,0,0,0,0,0,0,0,0,0,0,0,0,0,0,0,0,0,0,0,0,0,0,0,0,0,0,0,0,0,0,0,0,0,0,0,0,0,0,0,0,0,0,0,0,0,0
2023F,RI,CLICE,0,0,0,0,0,0,0,0,0,0,0,0,0,0,0,0,0,0,0,0,0,0,0,0,0,0,0.1,0,0.4,0.1,0,0,0,0,0,0,0,0,0,0,0,0,0,0,0,0,0,0,0,0,0,0,0,0,0,0,0,0,0,0,0,0,0,0
2023F,RI,CLRCE,0,0,0,0,0,0,0,0,0,0,0,0,0,0,0,0,0,0,0,0,0,0,0,0,0,0,0,0,0,0,0,0,0,0,0,0,0,0,0,0,0,0,0,0,0,0,0,0,0,0,0,0,0,0,0,0,0,0,0,0,0,0,0,0
2023F,RI,CLTCE,1.6,1.4,1.4,1.3,1,1.1,1,0.6,0.3,0,0,0,0,0,0.1,0,0,0,0,0,0,0,0,0,0,0,0.1,0,0.4,0.1,0,0,0,0,0,0,0,0,0,0,0,0,0,0,0,0,0,0,0,0,0,0,0,0,0,0,0,0,0,0,0,0,0,0
2023F,RI,FFACE,4.4,3.8,3.8,3.9,3.6,3.9,4,4.6,4.3,4.2,4.6,4.9,4.7,4.3,4.2,4.1,3.9,3.9,3.9,3.9,3.7,3.6,3.6,3.6,3.8,3.6,4,4.3,4.4,4.3,4.1,4.1,4.1,4.1,4,4.1,4.2,4.6,4.5,4.6,4.7,4.7,4.6,4.6,4.4,4.3,4.4,4.3,4.1,4.2,4.2,4,3.8,3.8,4,4,3.7,3.8,4,3.9,3.3,3.6,3.8,3.8
2023F,RI,FFCCE,1.3,1.2,1.3,1.2,1.2,1,0.9,1.1,1.2,1.3,1.4,1.5,1.5,1.5,1.3,1.1,1.2,1.2,1.2,1,0.7,0.7,0.7,0.8,0.9,0.9,1.3,1.2,1.2,1.1,1.1,1.2,1.1,1.1,1.4,1.3,1.4,1.3,1.1,1.1,1.2,1.3,1.2,1.3,1.2,1.1,1,1,0.9,1,0.9,0.9,0.8,0.9,1.1,1,0.8,0.8,1,0.9,0.8,0.9,0.9,0.9
2023F,RI,FFEIE,1.9,1.7,1.7,1.6,1.4,1.5,1.5,1.6,1.5,1.6,1.6,1.4,1.3,1.2,1.2,0.7,0.5,0.5,0.6,0.5,0.9,0.7,0.4,0.5,0.5,0.5,0.7,0.7,0.7,0.5,0.7,1.4,2.2,2,2.1,2,3.4,3.4,3.3,3,2.7,3.2,2.9,2.3,2,2.4,2.3,2.8,2.9,3,3.1,3.5,3.3,2.6,2.5,2.8,2.6,2.8,3.2,2.8,3.2,3.4,2.8,3.9
2023F,RI,FFICE,2.3,1.9,2.4,2.2,2.5,1.6,1.6,1.9,1.9,2.2,2.2,2.4,2.3,2.2,1.8,1.5,1.7,2,1.4,0.9,0.8,0.8,0.7,0.7,0.8,0.9,1,1,1.1,0.7,0.6,1.7,2.9,1,2.6,2.2,1.8,1.6,2.5,2.1,0.7,0.5,0.5,0.6,0.6,0.6,0.6,0.6,0.5,0.7,0.6,0.6,0.5,0.6,0.6,0.6,0.6,0.6,0.6,0.6,0.6,0.6,0.6,0.6
2023F,RI,FFRCE,3.1,3.1,3,3,2.6,2.8,2.7,2.9,3,3.3,3.3,3.5,3.6,3.3,3.1,3.1,3.3,3.3,3.1,2.9,2.2,1.9,1.9,2,2.4,2.6,2.4,2.6,2.8,2.6,2.3,2.4,2.8,2.7,2.7,2.5,2.7,2.6,2.4,2.3,2.5,2.6,2.5,2.8,2.8,2.7,2.2,2.3,2.2,2.3,2.2,2.1,2.1,2.3,2.3,2.4,1.7,1.7,2.2,1.9,1.8,2.1,2.1,2
2023F,RI,FFTCE,13.1,11.7,12.1,12,11.3,10.8,10.8,12.1,11.8,12.6,13.1,13.6,13.5,12.5,11.5,10.5,10.6,11,10.1,9.3,8.3,7.7,7.4,7.6,8.5,8.5,9.5,9.8,10.3,9.2,8.9,10.8,13,10.8,12.8,12,13.5,13.6,13.8,13.1,11.8,12.3,11.7,11.6,11,11.2,10.5,11.1,10.6,11.2,11,11,10.5,10.1,10.5,10.7,9.5,9.8,10.9,10.2,9.7,10.6,10.1,11.1
2023F,RI,NNACE,0,0,0,0,0,0,0,0,0,0,0,0,0,0,0,0,0,0,0,0,0,0,0,0,0,0,0,0,0,0,0,0,0,0,0,0,0,0,0,0,0,0,0,0,0,0,0.1,0.1,0.1,0.1,0.1,0.1,0.1,0.1,0.2,0.2,0.1,0.2,0.1,0.1,0.1,0.1,0.2,0.2
2023F,RI,NNCCE,0.1,0.1,0.1,0.1,0.1,0.1,0.1,0.2,0.2,0.2,0.3,0.2,0.3,0.3,0.2,0.2,0.2,0.2,0.3,0.3,0.4,0.4,0.4,0.4,0.4,0.4,0.4,0.5,0.4,0.5,0.4,0.4,0.5,0.5,0.7,0.7,0.7,0.7,0.6,0.6,0.7,0.7,0.6,0.6,0.6,0.6,0.5,0.6,0.6,0.6,0.6,0.6,0.6,0.6,0.7,0.7,0.6,0.6,0.7,0.7,0.6,0.6,0.6,0.6
2023F,RI,NNEIE,0,0,0,0,0,0,0,0,0.1,0.1,0.1,0.2,0,0,0.1,0,0,0,0,0.1,0.1,0.1,0,0.2,0.2,0.1,0,0.3,0,0.1,0.5,1.3,2.1,2,2.1,1.9,3.4,3.3,3.3,2.9,2.6,3.2,2.9,2.3,1.9,2.4,2.3,2.8,2.9,3,3.1,3.5,3.3,2.5,2.4,2.7,2.5,2.8,3.1,2.8,3.2,3.4,2.7,3.8
2023F,RI,NNICE,0.2,0.1,0.2,0.2,0.2,0.2,0.2,0.3,0.3,0.3,0.3,0.3,0.2,0.2,0.2,0.3,0.3,0.5,0.2,0.3,0.3,0.3,0.3,0.3,0.3,0.2,0.2,0.2,0.2,0.2,0.2,1.4,2.5,0.5,2.2,1.8,1.5,1.3,2.2,1.8,0.4,0.3,0.2,0.2,0.3,0.3,0.3,0.4,0.4,0.4,0.4,0.4,0.4,0.4,0.4,0.5,0.4,0.4,0.5,0.5,0.4,0.4,0.4,0.4
2023F,RI,NNRCE,0.4,0.4,0.4,0.5,0.5,0.5,0.5,0.6,0.6,0.6,0.6,0.7,0.7,0.6,0.7,0.7,0.7,0.7,0.7,0.7,0.7,0.8,0.8,0.7,0.8,0.8,0.9,0.9,1,1,1,0.9,1.1,1.1,1,0.9,1.1,1,0.9,0.9,1,1,1,1.1,1.1,1,0.9,1,1,1,0.9,0.9,0.9,1,1.1,1.1,0.9,1,1.1,1.1,1,1,1,0.9
2023F,RI,NNTCE,0.6,0.7,0.8,0.8,0.8,0.9,0.9,1,1.1,1.2,1.3,1.4,1.2,1.1,1.3,1.2,1.1,1.4,1.2,1.4,1.5,1.5,1.5,1.6,1.7,1.6,1.4,1.9,1.6,1.8,2.1,4.1,6.2,4,5.9,5.4,6.7,6.3,7,6.3,4.9,5.2,4.8,4.3,3.9,4.4,4.2,4.8,4.8,5,5.1,5.4,5.2,4.7,4.8,5.1,4.7,5,5.5,5.2,5.3,5.6,4.9,5.9
2023F,RI,PMACE,4.4,3.8,3.8,3.8,3.6,3.9,4,4.6,4.3,4.2,4.6,4.9,4.7,4.3,4.2,4.1,3.9,3.9,3.9,3.9,3.7,3.6,3.6,3.6,3.8,3.6,4,4.3,4.4,4.3,4.1,4.1,4,4.1,4,4.1,4.1,4.6,4.4,4.6,4.6,4.7,4.6,4.6,4.4,4.3,4.4,4.3,4,4.1,4.1,3.9,3.7,3.7,3.9,3.8,3.6,3.6,3.8,3.8,3.2,3.5,3.6,3.6
2023F,RI,PMCCE,1.2,1.1,1.1,1.1,1.1,0.9,0.8,0.9,1,1.1,1.1,1.2,1.3,1.2,1,0.9,1,1,0.9,0.7,0.4,0.3,0.3,0.4,0.5,0.5,1,0.7,0.7,0.6,0.7,0.7,0.6,0.6,0.7,0.6,0.7,0.7,0.5,0.4,0.5,0.6,0.5,0.7,0.6,0.5,0.4,0.4,0.4,0.5,0.4,0.3,0.2,0.3,0.4,0.3,0.3,0.2,0.3,0.2,0.2,0.3,0.3,0.3
2023F,RI,PMEIE,0.3,0.3,0.3,0.4,0.4,0.4,0.5,1,1.2,1.5,1.4,1.2,1.3,1.2,1,0.7,0.4,0.5,0.6,0.4,0.8,0.6,0.4,0.3,0.3,0.3,0.7,0.4,0.7,0.3,0.2,0.1,0.1,0,0.1,0,0.1,0,0,0,0,0,0,0,0,0,0,0,0,0,0,0,0,0,0,0.1,0,0,0,0,0,0,0,0
2023F,RI,PMICE,2.2,1.7,2.2,2,2.3,1.4,1.3,1.6,1.6,1.9,1.9,2.1,2.1,2,1.6,1.1,1.5,1.5,1.1,0.6,0.5,0.5,0.5,0.4,0.5,0.6,0.8,0.7,0.5,0.4,0.4,0.3,0.4,0.5,0.4,0.3,0.3,0.3,0.3,0.3,0.2,0.2,0.3,0.3,0.3,0.3,0.3,0.2,0.2,0.2,0.2,0.2,0.1,0.1,0.1,0.1,0.1,0.2,0.2,0.2,0.2,0.1,0.1,0.1
2023F,RI,PMRCE,2.7,2.6,2.6,2.5,2.1,2.3,2.2,2.3,2.4,2.7,2.7,2.8,2.9,2.7,2.4,2.4,2.6,2.5,2.4,2.2,1.5,1.1,1.1,1.3,1.5,1.8,1.6,1.7,1.9,1.6,1.4,1.4,1.7,1.6,1.8,1.6,1.6,1.6,1.5,1.4,1.5,1.6,1.5,1.7,1.8,1.7,1.3,1.3,1.3,1.4,1.3,1.2,1.2,1.3,1.2,1.3,0.8,0.7,1.1,0.9,0.8,1.1,1.1,1.1
2023F,RI,PMTCE,10.9,9.6,10,9.9,9.4,8.8,8.9,10.4,10.4,11.3,11.7,12.2,12.3,11.4,10.2,9.2,9.5,9.6,8.9,7.8,6.9,6.2,5.9,6.1,6.7,6.8,8,7.9,8.2,7.3,6.7,6.7,6.8,6.8,6.9,6.6,6.8,7.2,6.8,6.8,6.9,7.1,6.9,7.3,7,6.8,6.4,6.3,5.8,6.2,5.9,5.6,5.3,5.4,5.7,5.6,4.8,4.8,5.4,5,4.4,5,5.2,5.2
2023F,RI,TEACE,4.4,3.8,3.8,3.9,3.6,3.9,4,4.6,4.3,4.2,4.6,4.9,4.7,4.3,4.2,4.1,3.9,3.9,3.9,3.9,3.7,3.6,3.6,3.6,3.8,3.6,4,4.3,4.4,4.3,4.1,4.1,4.1,4.1,4,4.1,4.2,4.6,4.5,4.6,4.7,4.7,4.6,4.6,4.4,4.3,4.4,4.3,4.1,4.2,4.2,4,3.8,3.8,4,4,3.7,3.8,4,3.9,3.3,3.6,3.8,3.8
2023F,RI,TECCE,1.3,1.2,1.3,1.2,1.2,1,0.9,1.1,1.2,1.3,1.4,1.5,1.5,1.5,1.3,1.1,1.2,1.2,1.2,1,0.7,0.7,0.7,0.8,0.9,0.9,1.3,1.2,1.2,1.1,1.1,1.2,1.1,1.1,1.4,1.3,1.4,1.3,1.1,1.1,1.2,1.3,1.2,1.3,1.2,1.1,1,1,0.9,1,0.9,0.9,0.8,0.9,1.1,1,0.8,0.8,1,0.9,0.8,0.9,0.9,0.9
2023F,RI,TEEIE,1.9,1.7,1.7,1.6,1.4,1.5,1.5,1.6,1.5,1.6,1.6,1.4,1.3,1.2,1.2,0.7,0.5,0.5,0.6,0.5,0.9,0.7,0.4,0.5,0.5,0.5,0.7,0.7,0.7,0.5,0.7,1.4,2.2,2,2.1,2,3.4,3.4,3.3,3,2.7,3.2,2.9,2.3,2,2.4,2.3,2.8,2.9,3,3.1,3.5,3.3,2.6,2.5,2.8,2.6,2.8,3.2,2.8,3.2,3.4,2.8,3.9
2023F,RI,TEICE,2.3,1.9,2.4,2.2,2.5,1.6,1.6,1.9,1.9,2.2,2.2,2.4,2.3,2.2,1.8,1.5,1.7,2,1.4,0.9,0.8,0.8,0.7,0.7,0.8,0.9,1,1,1.1,0.7,0.6,1.7,2.9,1,2.6,2.2,1.8,1.6,2.5,2.1,0.7,0.5,0.5,0.6,0.6,0.6,0.6,0.6,0.5,0.7,0.6,0.6,0.5,0.6,0.6,0.6,0.6,0.6,0.6,0.6,0.6,0.6,0.6,0.6
2023F,RI,TERCE,3.1,3.1,3,3,2.6,2.8,2.7,2.9,3,3.3,3.3,3.5,3.6,3.3,3.1,3.1,3.3,3.3,3.1,2.9,2.2,1.9,1.9,2,2.4,2.6,2.4,2.6,2.8,2.6,2.3,2.4,2.8,2.7,2.7,2.5,2.7,2.6,2.4,2.3,2.5,2.6,2.5,2.8,2.8,2.7,2.2,2.3,2.2,2.3,2.2,2.1,2.1,2.3,2.3,2.4,1.7,1.7,2.2,1.9,1.8,2.1,2.1,2
2023F,RI,TETCE,13.1,11.7,12.1,12,11.3,10.8,10.8,12.1,11.8,12.6,13.1,13.6,13.5,12.5,11.5,10.5,10.6,11,10.1,9.3,8.3,7.7,7.4,7.6,8.5,8.5,9.5,9.8,10.3,9.2,8.9,10.8,13,10.8,12.8,12,13.5,13.6,13.8,13.1,11.8,12.3,11.7,11.6,11,11.2,10.5,11.1,10.6,11.2,11,11,10.5,10.1,10.5,10.7,9.5,9.8,10.9,10.2,9.7,10.6,10.1,11.1
2023F,SC,CDEGR,,,,,,,,,,,,,,,,,,,,,,,,,,,,,,,,,,,,,,492,496.9,498.5,506,493.3,488.1,474.3,508.9,482.5,475.8,461.9,451.4,445.2,454.7,419.6,380.7,349.9,361.7,343,325.8,309.4,318.6,289.2,270.8,280.9,264.9,262.4
2023F,SC,CDTCR,62.9,63.8,64.3,64.8,63.2,64,64.9,65.3,64.1,64.1,64.5,62.4,61.5,60.2,55.5,48.7,52.3,54.3,52.8,53.7,56,56.9,59.5,50,52.4,49.1,46.2,46.3,46.3,46.2,45.3,45.6,44.5,45.5,46.1,43.7,46.8,46.3,46.6,47.8,48.7,49.4,48,49.4,50.4,49.2,49.9,49.4,49.2,47.2,47.7,45.8,44.1,41.7,43.5,42.2,41,40.6,41.7,39.3,38,40,39.2,39.6
2023F,SC,CDTPR,11.3,11.7,12.6,13,12.2,12.6,13.6,13.7,14.4,15.2,16.2,16.5,17.2,17.6,16.1,14.7,17.2,18.1,17.4,17.1,17.6,17.5,16.3,15.4,16.2,16.4,16.2,17.2,18,17.6,17.4,17.4,17,18,17.8,17.4,18.3,18.5,19.1,19.8,20.4,19.8,19.9,19.9,21.4,20.7,20.5,20.1,19.2,17.9,18.5,17.3,15.8,14.7,15.4,14.9,14.5,13.8,14.5,13.4,12.3,13.3,12.8,12.8
2023F,SC,CLACE,0.1,0,0,0,0,0,0,0,0,0,0,0,0,0,0,0,0,0,0,0,0,0,0,0,0,0,0,0,0,0,0,0,0,0,0,0,0,0,0,0,0,0,0,0,0,0,0,0,0,0,0,0,0,0,0,0,0,0,0,0,0,0,0,0
2023F,SC,CLCCE,0.3,0.3,0.3,0.3,0.3,0.2,0.3,0.3,0.3,0.3,0.2,0.3,0.3,0.3,0.4,0.4,0.2,0.2,0.1,0.1,0.4,0.2,0.2,0.3,0.2,0.1,0.4,0.2,0.2,0,0,0,0.1,0.2,0.1,0,0,0,0.1,0.5,0,0,0,0,0,0,0.2,0,0,0,0,0,0,0,0,0,0,0,0,0,0,0,0,0
2023F,SC,CLEIE,4.1,4.8,5.4,6.2,5.8,6.6,7.7,8.6,8.2,8.5,8.6,10.5,13.2,12.7,11.2,10.1,12.9,14.7,14.9,16.1,18.7,20.3,20.2,16.7,17.7,18.9,18.7,21.7,22.2,22.8,22,22.3,22.2,25.3,25.7,24.6,28.7,29.5,30.8,33.3,36.4,34.4,33.8,35.2,37,37.5,37.5,39.2,39.7,33.3,36.4,32.8,27.3,23.3,27.8,22,20.4,17.8,19.1,15,12.8,15.3,14.2,15.4
2023F,SC,CLICE,4.2,4.4,4.2,4.4,3.9,4.4,4.3,3.6,3,3.4,4.2,3.4,2.9,2.7,3,2.7,3.1,3.1,3.2,3.4,4.2,4.8,5.3,5.2,5.2,5.9,5.8,6.1,6.2,5.9,5.5,5.3,5.2,5.7,5.5,5.2,4.7,4.8,4.6,4.4,4.7,5,4.7,4.9,4.4,3.7,3.5,3.1,2.8,2.2,2.3,2.2,1.2,1.3,1.4,1.1,0.8,0.6,0.5,0.4,0.3,0.3,0.2,0.2
2023F,SC,CLRCE,0.5,0.4,0.4,0.4,0.4,0.3,0.4,0.3,0.3,0.4,0.3,0.3,0.2,0.2,0.2,0.2,0.1,0.1,0,0,0.1,0,0,0.1,0.1,0,0.1,0.1,0.1,0,0,0,0,0,0,0,0,0,0,0.1,0,0,0,0,0,0,0,0,0,0,0,0,0,0,0,0,0,0,0,0,0,0,0,0
2023F,SC,CLTCE,9.2,9.8,10.3,11.2,10.3,11.5,12.6,12.8,11.8,12.5,13.3,14.4,16.6,16,14.8,13.3,16.3,18,18.3,19.6,23.4,25.3,25.8,22.2,23.2,25,25.1,28.1,28.7,28.7,27.5,27.7,27.4,31.2,31.4,29.9,33.5,34.3,35.5,38.3,41.1,39.4,38.5,40,41.4,41.2,41.2,42.4,42.5,35.5,38.7,35,28.5,24.6,29.2,23.1,21.2,18.4,19.6,15.4,13.1,15.6,14.5,15.6
2023F,SC,FFACE,9,9.2,10.1,10.8,10.3,10.5,11.2,11.3,12.7,13.2,14.1,14.8,15.4,16.7,16.4,16.3,17.4,18,18.9,18.8,17.7,17.5,17.5,18,18.8,19,19.6,19.4,21.3,20.6,22,22.8,22,22.3,22.7,22.7,23.2,24.3,25.7,26.4,27.2,27.3,27.9,28.5,32.2,30.5,32,31.8,30,30.5,31.5,30.8,29.6,30.6,30.1,31.6,32.5,33.1,33,32.5,29.3,32.4,31.5,31.8
2023F,SC,FFCCE,1.1,1,1.2,1.2,1.1,1.1,1.2,1.3,1.4,1.6,1.6,1.7,1.7,1.9,1.8,1.9,2.9,2.7,2.1,1.7,2.1,1.7,1.5,1.9,1.8,1.7,1.9,1.9,2,1.7,1.4,1.4,1.6,1.8,1.7,1.7,1.8,1.7,2,2.3,1.8,1.7,1.7,1.7,1.7,1.7,1.8,1.6,1.7,1.6,1.8,1.6,1.6,1.7,1.8,2.1,2.1,2.1,2.3,2.2,2.1,2.3,2.3,2.2
2023F,SC,FFEIE,5.4,6,6.6,7.4,6.8,7.7,8.7,9.6,10.1,10.8,12.3,13.4,15.6,16.3,15,13,15.2,17.9,18.3,18.2,20.3,21.6,20.5,16.8,17.8,19,18.9,21.8,22.4,23.1,22.4,22.9,22.3,25.5,26,25.1,28.9,29.9,31.6,34.2,37.2,35.2,36,36.2,39.4,40.4,40.4,42.2,42.3,37.8,41.3,38.3,33.7,28.5,32.8,29.5,27.7,25.2,28.8,25,22.8,25,24.7,25.4
2023F,SC,FFICE,8.6,8.7,9,9.3,9,9.3,9.9,9.2,9,9.7,10.6,10.6,10.5,10.5,9.6,8.8,11.4,11.9,10.7,11.5,12.5,12.7,10.9,10.9,12.2,12.1,11.6,12.4,13.1,12.9,13.2,12.8,13.4,14,13.6,13.3,12.9,13.2,13.4,13.4,13.2,13.8,14,14,14.5,13.5,13,11.8,10.9,10.1,9.1,8.5,8,7.4,7.8,8,7.7,7.4,7.7,7.5,7.1,7.3,6.8,7.3
2023F,SC,FFRCE,3.2,3.2,3.5,3.3,3.1,2.8,3.2,3.3,3.5,3.7,3.6,3.7,3.6,3.5,2.9,2.6,3.7,3.5,3.1,2.5,2.6,2.2,2,2.1,2.5,2.3,2.4,2.7,2.7,2.6,2.1,2.3,2.2,2.4,2.2,2.3,2.5,2.3,2.2,2.3,2.4,2.2,2.2,2.3,2.4,2.3,2,1.9,1.9,1.9,2.3,1.8,1.5,1.8,2.1,1.8,1.8,1.7,2.1,1.9,1.9,2.1,2.1,1.9
2023F,SC,FFTCE,27.1,28.2,30.5,31.9,30.3,31.4,34.2,34.7,36.8,38.9,42.2,44,46.8,48.8,45.7,42.6,50.6,54.1,53.1,52.8,55.1,55.7,52.4,49.7,53.1,54,54.3,58.1,61.5,60.9,61.1,62.2,61.5,65.9,66.1,65.1,69.4,71.3,74.9,78.6,81.9,80.3,81.7,82.7,90.2,88.4,89.2,89.3,86.9,82,85.8,81.1,74.4,70,74.5,73.1,71.9,69.6,73.8,69.1,63.3,69,67.4,68.8
2023F,SC,NNACE,0.1,0.1,0.1,0.1,0.1,0.1,0.1,0.1,0.1,0.2,0.2,0.2,0.2,0.2,0.1,0.1,0.2,0.2,0.2,0.2,0.2,0.2,0.2,0.1,0.1,0.1,0.1,0.1,0.1,0.1,0.2,0.2,0.2,0.2,0.1,0.2,0.2,0.2,0.2,0.2,0.2,0.2,0.2,0.2,0.1,0.1,0.1,0.1,0.1,0.2,0.2,0.2,0.2,0.1,0.1,0.1,0.2,0.1,0.2,0.1,0.1,0.1,0.1,0.1
2023F,SC,NNCCE,0.3,0.3,0.3,0.4,0.3,0.4,0.4,0.5,0.6,0.7,0.8,0.8,0.8,0.9,0.8,0.9,1.9,1.7,1.3,1,1.3,1.1,0.8,0.9,0.9,0.8,0.9,0.9,0.9,0.9,0.8,0.9,0.9,0.9,1,1,1.1,1.1,1.1,1.1,1.2,1.1,1.2,1.2,1.2,1.2,1.1,1.2,1.2,1.2,1.3,1.2,1.2,1.3,1.4,1.3,1.3,1.3,1.4,1.4,1.3,1.4,1.4,1.4
2023F,SC,NNEIE,1.3,1.2,1.2,1.2,1,1,1,0.8,1.6,1.6,2.5,2.2,1.3,1.4,1.2,0.8,0.2,0.1,0.3,0.3,0.3,0.3,0,0.1,0,0,0.1,0,0.1,0.1,0.4,0.5,0.1,0.1,0.2,0.4,0.1,0.1,0.5,0.6,0.5,0.6,2,0.7,1.7,2.5,2.8,2.8,2.5,4.1,4.8,5.5,6.3,5.1,4.7,7.4,7.3,7.4,9.4,9.9,10,9.7,10.3,10
2023F,SC,NNICE,1.2,1.3,1.7,1.8,2.2,2.5,3.1,3.2,3.6,4.1,4.2,4.2,4.3,4.5,3.8,3.7,3.9,3.6,2.9,3.9,4.9,5,3.3,3.3,3.7,3.3,3.2,3.4,3.6,3.9,4.6,4.5,5,5,5.1,5.2,5,5.4,5.4,5.4,5.1,4.2,5.1,4.2,4.2,4,4.1,4.1,3.8,3.4,3.9,4.1,4.3,4.4,4.4,4.4,4.6,4.8,5,5.1,5,5.2,5.2,5
2023F,SC,NNRCE,0.4,0.4,0.5,0.6,0.6,0.7,0.6,0.8,0.9,1,1,1.1,1.1,1.2,1.1,1,1.8,1.7,1.5,1,1,1,1,1,1,0.9,1,1.1,1.1,1.1,1,1.1,1.2,1.3,1.3,1.4,1.6,1.4,1.4,1.4,1.6,1.5,1.5,1.6,1.6,1.6,1.4,1.4,1.5,1.5,1.8,1.5,1.2,1.5,1.7,1.5,1.5,1.4,1.7,1.6,1.6,1.8,1.8,1.7
2023F,SC,NNTCE,3.2,3.3,3.8,4.1,4.3,4.7,5.2,5.4,6.9,7.6,8.6,8.4,7.7,8.2,7,6.6,8,7.4,6.3,6.3,7.6,7.5,5.2,5.4,5.8,5.2,5.3,5.6,6,6.2,7,7.1,7.3,7.5,7.7,8.1,8,8.2,8.5,8.7,8.6,7.7,9.9,8,8.9,9.4,9.5,9.5,9.2,10.4,11.9,12.4,13.2,12.4,12.4,14.8,14.8,15,17.7,18.2,18,18.3,18.9,18.1
2023F,SC,PMACE,8.8,9.1,10,10.6,10.2,10.3,11,11.1,12.6,13,13.9,14.6,15.3,16.5,16.3,16.2,17.2,17.8,18.7,18.6,17.5,17.4,17.4,17.8,18.6,18.8,19.5,19.2,21.1,20.5,21.8,22.6,21.8,22.1,22.5,22.5,23.1,24.1,25.5,26.2,27,27.2,27.8,28.3,32.1,30.4,31.8,31.7,29.9,30.4,31.3,30.6,29.4,30.5,29.9,31.5,32.3,32.9,32.9,32.4,29.2,32.2,31.4,31.7
2023F,SC,PMCCE,0.5,0.5,0.6,0.5,0.5,0.5,0.5,0.5,0.6,0.6,0.6,0.6,0.7,0.7,0.6,0.6,0.8,0.8,0.7,0.7,0.5,0.5,0.4,0.7,0.7,0.7,0.6,0.7,0.8,0.8,0.6,0.5,0.6,0.6,0.6,0.7,0.6,0.7,0.8,0.7,0.6,0.6,0.5,0.5,0.5,0.5,0.5,0.5,0.5,0.4,0.4,0.4,0.4,0.4,0.4,0.8,0.8,0.9,0.9,0.8,0.8,0.9,0.9,0.9
2023F,SC,PMEIE,0,0,0,0,0,0,0.1,0.1,0.3,0.7,1.3,0.7,1,2.1,2.6,2.1,2.1,3.1,3,1.8,1.2,1,0.2,0.1,0.1,0.1,0.1,0,0.1,0.1,0.1,0.1,0.1,0.1,0.1,0.1,0.1,0.2,0.4,0.4,0.3,0.2,0.2,0.3,0.7,0.4,0.1,0.2,0.1,0.5,0.1,0.1,0.1,0.1,0.2,0.1,0.1,0.1,0.2,0.1,0.1,0.1,0.1,0.1
2023F,SC,PMICE,3.2,3.1,3.2,3.1,2.9,2.4,2.6,2.4,2.3,2.2,2.3,2.9,3.3,3.3,2.8,2.4,4.5,5.2,4.5,4.2,3.4,2.9,2.3,2.5,3.4,2.8,2.5,2.9,3.3,3.1,3.1,3,3.3,3.2,2.9,3,3.2,3,3.4,3.5,3.4,4.6,4.1,4.9,5.9,5.9,5.3,4.6,4.2,4.4,2.9,2.3,2.5,1.8,2.1,2.5,2.3,2,2.1,2,1.8,1.7,1.4,2.2
2023F,SC,PMRCE,2.3,2.4,2.6,2.3,2.1,1.9,2.2,2.2,2.3,2.3,2.2,2.3,2.2,2,1.6,1.4,1.8,1.7,1.5,1.5,1.5,1.1,1,1,1.4,1.4,1.3,1.5,1.5,1.5,1.1,1.2,0.9,1.1,0.9,0.9,0.9,0.9,0.8,0.8,0.9,0.7,0.7,0.7,0.8,0.7,0.6,0.5,0.5,0.4,0.5,0.4,0.3,0.3,0.3,0.3,0.3,0.3,0.3,0.3,0.3,0.3,0.3,0.3
2023F,SC,PMTCE,14.8,15,16.4,16.6,15.7,15.1,16.4,16.5,18.1,18.8,20.3,21.2,22.5,24.7,23.9,22.7,26.4,28.6,28.5,26.8,24.1,22.9,21.3,22,24.2,23.9,24,24.4,26.8,26,26.6,27.4,26.7,27.1,27,27.2,27.9,28.8,30.9,31.6,32.2,33.2,33.2,34.7,39.9,37.9,38.4,37.4,35.2,36.1,35.3,33.7,32.7,33,33,35.2,35.8,36.2,36.5,35.6,32.2,35.2,34.1,35.1
2023F,SC,TEACE,9,9.2,10.1,10.8,10.3,10.5,11.2,11.3,12.7,13.2,14.1,14.8,15.4,16.7,16.4,16.3,17.4,18,18.9,18.8,17.7,17.5,17.5,18,18.8,19,19.6,19.4,21.3,20.6,22,22.8,22,22.3,22.7,22.7,23.2,24.3,25.7,26.4,27.2,27.3,27.9,28.5,32.2,30.5,32,31.8,30,30.5,31.5,30.8,29.6,30.6,30.1,31.6,32.5,33.1,33,32.5,29.3,32.4,31.5,31.8
2023F,SC,TECCE,1.1,1,1.2,1.2,1.1,1.1,1.2,1.3,1.4,1.6,1.6,1.7,1.7,1.9,1.8,1.9,2.9,2.7,2.1,1.7,2.1,1.7,1.5,1.9,1.8,1.7,1.9,1.9,2,1.7,1.4,1.4,1.6,1.8,1.7,1.7,1.8,1.7,2,2.3,1.8,1.7,1.7,1.7,1.7,1.7,1.8,1.6,1.7,1.6,1.8,1.6,1.6,1.7,1.8,2.1,2.1,2.1,2.3,2.2,2.1,2.3,2.3,2.2
2023F,SC,TEEIE,5.4,6,6.6,7.4,6.8,7.7,8.7,9.6,10.1,10.8,12.3,13.4,15.6,16.3,15,13,15.2,17.9,18.3,18.2,20.3,21.6,20.5,16.8,17.8,19,18.9,21.8,22.4,23.1,22.4,22.9,22.3,25.5,26,25.1,28.9,29.9,31.6,34.2,37.2,35.2,36,36.2,39.4,40.4,40.4,42.2,42.3,37.8,41.3,38.3,33.7,28.5,32.8,29.5,27.7,25.2,28.8,25,22.8,25,24.7,25.4
2023F,SC,TEICE,8.6,8.7,9,9.3,9,9.3,9.9,9.2,9,9.7,10.6,10.6,10.5,10.5,9.6,8.8,11.4,11.9,10.7,11.5,12.5,12.7,10.9,10.9,12.2,12.1,11.6,12.4,13.1,12.9,13.2,12.8,13.4,14,13.6,13.3,12.9,13.2,13.4,13.4,13.2,13.8,14,14,14.5,13.5,13,11.8,10.9,10.1,9.1,8.5,8,7.4,7.8,8,7.7,7.4,7.7,7.5,7.1,7.3,6.8,7.3
2023F,SC,TERCE,3.2,3.2,3.5,3.3,3.1,2.8,3.2,3.3,3.5,3.7,3.6,3.7,3.6,3.5,2.9,2.6,3.7,3.5,3.1,2.5,2.6,2.2,2,2.1,2.5,2.3,2.4,2.7,2.7,2.6,2.1,2.3,2.2,2.4,2.2,2.3,2.5,2.3,2.2,2.3,2.4,2.2,2.2,2.3,2.4,2.3,2,1.9,1.9,1.9,2.3,1.8,1.5,1.8,2.1,1.8,1.8,1.7,2.1,1.9,1.9,2.1,2.1,1.9
2023F,SC,TETCE,27.1,28.2,30.5,31.9,30.3,31.4,34.2,34.7,36.8,38.9,42.2,44,46.8,48.8,45.7,42.6,50.6,54.1,53.1,52.8,55.1,55.7,52.4,49.7,53.1,54,54.3,58.1,61.5,60.9,61.1,62.2,61.5,65.9,66.1,65.1,69.4,71.3,74.9,78.6,81.9,80.3,81.7,82.7,90.2,88.4,89.2,89.3,86.9,82,85.8,81.1,74.4,70,74.5,73.1,71.9,69.6,73.8,69.1,63.3,69,67.4,68.8
2023F,SD,CDEGR,,,,,,,,,,,,,,,,,,,,,,,,,,,,,,,,,,,,,,487.8,444.9,447.3,441.9,416,383.4,380.1,365.5,337.1,333.9,331.9,344.7,331.1,336.6,306.5,305.8,315.2,309.1,276.6,286.8,282.1,297.3,303.1,281.9,271.7,279.2,262.8
2023F,SD,CDTCR,62.4,62.2,62.6,59.8,59.5,58.8,57,56.5,56.3,55.2,55.1,54,54.3,56.7,56.2,57.5,60.5,62.1,61.3,62.2,62.1,63.1,62.4,61.2,61.3,61.7,60.5,58.3,61.9,61.8,63.2,64.4,63.8,65.2,63.2,61.2,58.2,58.3,61.4,59.9,61.9,64.5,61.8,60.4,58.8,55.7,54.5,54.3,52.7,49.8,48.1,46.4,47.4,48,47.4,44.9,45.3,44.8,44.7,44.7,43.4,41.3,41.5,41.5
2023F,SD,CDTPR,11.3,11.3,11.7,11.6,11.8,11.6,12.1,12.2,12.8,13.2,14,13.8,14.2,13.9,13.4,15.9,18.1,17.7,18.7,18.3,16.7,15.8,16.4,15,15.5,15.8,15.3,13.5,16.5,16.7,16.8,16.5,16.4,16.9,17.7,17.2,17.1,17.8,17.2,17.9,18.8,17.8,18,18,17.8,17.1,17,17.5,18.7,18.2,18.5,17.7,17.8,18.2,18.1,16.5,17,16.7,17.6,17.9,16.8,16.8,17,16.4
2023F,SD,CLACE,0,0,0,0,0,0,0,0,0,0,0,0,0,0,0,0,0,0,0,0,0,0,0,0,0,0,0,0,0,0,0,0,0,0,0,0,0,0,0,0,0,0,0,0,0,0,0,0,0,0,0,0,0,0,0,0,0,0,0,0,0,0,0,0
2023F,SD,CLCCE,0.1,0.1,0.1,0.1,0.1,0.1,0.1,0,0,0,0,0,0,0,0,0,0,0,0,0,0,0.1,0,0,0,0,0,0,0,0,0,0,0,0,0,0,0,0,0,0,0,0,0,0,0,0,0,0,0,0,0,0,0,0,0,0,0,0,0,0,0,0,0,0
2023F,SD,CLEIE,0.4,0.4,0.4,0.4,0.4,0.4,0.4,0.4,0.4,0.4,0.5,0.5,0.5,0.6,0.6,2.2,3.2,3,3.3,3.3,3.2,3,2.9,2.6,2.9,2.8,2.3,1,2.9,2.8,2.9,3.2,3,2.9,3.2,2.9,2.5,3.4,3.1,3.6,3.6,3.6,3.3,3.5,3.8,3.1,3.3,2.7,3.8,3.4,3.5,2.8,3.1,2.9,2.8,1.6,2.2,2.1,2.4,2.7,1.8,1.7,2,1.7
2023F,SD,CLICE,0,0,0,0,0,0,0,0,0,0,0,0,0,0,0,0.1,0.3,0.3,0.3,0.1,0.2,0.3,0.5,0.3,0.4,0.5,0.4,0.4,0.3,0.4,0.4,0.5,0.4,0.5,0.7,0.6,0.6,0.7,0.7,0.8,1.2,0.6,0.5,0.6,0.4,0.4,0.4,0.4,0.3,0.2,0.3,0.3,0.3,0.3,0.3,0.3,0.3,0.4,0.3,0.4,0.3,0.3,0.4,0.4
2023F,SD,CLRCE,0.1,0.1,0.1,0.1,0.1,0.1,0.1,0.1,0.1,0,0,0,0,0,0,0,0,0,0,0,0,0,0,0,0,0,0,0,0,0,0,0,0,0,0,0,0,0,0,0,0,0,0,0,0,0,0,0,0,0,0,0,0,0,0,0,0,0,0,0,0,0,0,0
2023F,SD,CLTCE,0.6,0.6,0.6,0.6,0.5,0.5,0.5,0.5,0.5,0.5,0.5,0.6,0.5,0.6,0.7,2.3,3.5,3.4,3.7,3.4,3.5,3.4,3.5,2.9,3.3,3.3,2.8,1.4,3.2,3.3,3.3,3.7,3.4,3.4,3.9,3.6,3.2,4.1,3.9,4.4,4.8,4.2,3.8,4.1,4.2,3.5,3.8,3.2,4.1,3.6,3.7,3.1,3.4,3.3,3.2,1.9,2.5,2.5,2.6,3,2.1,2.1,2.4,2.1
2023F,SD,FFACE,2.9,3,3.2,3.4,3.3,3.2,3.3,3.4,3.7,3.7,3.8,4.1,4.3,4.4,4.3,4.4,4.7,4.8,4.9,5,4.5,4.3,4.4,4.3,4.4,4.6,4.3,4.4,4.6,4.6,4.7,4.5,5.1,5.1,5.4,5.5,5.5,5.4,5.5,5.7,5.8,5.7,6.3,5.9,6,6.1,6.1,6.3,5.9,6.1,6.4,6.4,6.7,6.4,6.7,6.8,6.7,6.7,6.8,6.7,6.5,6.9,6.9,6.7
2023F,SD,FFCCE,0.7,0.7,0.7,0.7,0.7,0.7,0.8,0.8,0.8,0.9,0.9,0.8,0.9,0.8,0.9,0.9,1,1,0.9,0.8,0.7,0.7,0.7,0.7,0.7,0.8,0.7,0.8,0.7,0.7,0.7,0.7,0.7,0.7,0.7,0.8,0.8,0.8,0.7,0.7,0.7,0.7,0.7,0.7,0.7,0.7,0.6,0.7,0.8,0.8,0.8,0.8,0.6,0.8,0.8,0.7,0.7,0.8,0.9,0.9,0.9,0.8,0.9,0.9
2023F,SD,FFEIE,0.7,0.7,0.8,0.7,0.6,0.6,0.6,0.6,0.6,0.7,0.9,0.8,0.8,0.9,0.9,2.4,3.4,3.1,3.4,3.3,3.3,3.1,3,2.6,2.9,2.8,2.4,1,2.9,2.9,3,3.2,3,2.9,3.2,3,2.6,3.5,3.3,3.8,3.9,3.9,3.4,3.7,3.9,3.3,3.5,3,3.9,3.4,3.6,2.9,3.2,3.2,3,1.9,2.6,2.5,2.9,3.2,2.3,2.4,2.7,2.7
2023F,SD,FFICE,2.1,2,2.1,2.1,2.2,2.1,2.2,2.1,2,2.1,2.2,2.1,2,2,1.8,1.8,1.9,1.8,2.1,2.2,1.9,1.8,2,1.7,1.7,1.7,2,2,2.1,2.1,2,2,1.9,2.2,2.4,2.2,2.3,2.3,2.1,2.2,2.5,2,2.2,2.3,2.1,2.2,2.1,2.7,3,3.1,3.3,3.6,3.5,3.8,3.7,3.7,3.7,3.7,3.8,3.8,4.1,4,3.9,3.8
2023F,SD,FFRCE,1.4,1.4,1.5,1.4,1.5,1.4,1.3,1.3,1.4,1.5,1.6,1.5,1.6,1.4,1.3,1.4,1.5,1.4,1.5,1.3,1.2,1.1,1.2,1.1,1.1,1.1,1.3,1.2,1.2,1.4,1.4,1.2,1,1.2,1.2,1.2,1.5,1.3,1.1,1.1,1.2,1.1,1.2,1.2,1.1,1,1,1,1.2,1.2,1.1,1,0.9,1.1,1.1,0.9,1,1,1.2,1.3,1.1,1,1.1,1
2023F,SD,FFTCE,7.7,7.8,8.3,8.2,8.3,8,8.2,8.2,8.6,8.8,9.3,9.3,9.6,9.4,9.1,10.9,12.4,12.2,12.9,12.6,11.5,10.9,11.3,10.4,10.8,11,10.7,9.4,11.5,11.6,11.7,11.6,11.7,12.2,12.9,12.7,12.7,13.2,12.8,13.4,14.2,13.5,13.7,13.7,13.7,13.3,13.3,13.8,14.9,14.7,15.1,14.6,14.9,15.3,15.3,14.1,14.7,14.6,15.4,15.9,14.9,15.1,15.4,15.1
2023F,SD,NNACE,0,0,0,0,0,0,0,0,0,0,0,0,0,0,0,0,0,0,0,0,0,0,0,0,0,0,0,0,0,0,0,0,0.1,0.1,0.1,0.1,0.2,0.2,0.2,0.3,0.3,0.3,0.3,0.3,0.3,0.3,0.3,0.3,0.2,0.2,0.3,0.4,0.3,0.4,0.3,0.3,0.4,0.4,0.4,0.4,0.3,0.3,0.4,0.3
2023F,SD,NNCCE,0.4,0.4,0.4,0.4,0.4,0.5,0.5,0.6,0.6,0.6,0.6,0.6,0.6,0.6,0.6,0.6,0.8,0.8,0.7,0.5,0.5,0.4,0.5,0.5,0.5,0.5,0.5,0.4,0.5,0.5,0.5,0.5,0.5,0.6,0.5,0.6,0.6,0.6,0.5,0.5,0.5,0.5,0.5,0.6,0.5,0.5,0.5,0.5,0.6,0.6,0.6,0.6,0.5,0.7,0.7,0.6,0.6,0.6,0.7,0.8,0.7,0.7,0.7,0.7
2023F,SD,NNEIE,0.2,0.3,0.3,0.2,0.2,0.2,0.2,0.2,0.2,0.2,0.2,0.2,0.2,0.2,0.2,0.2,0.1,0,0,0,0,0,0,0,0,0,0,0,0,0,0,0,0,0,0,0.1,0,0.1,0.2,0.1,0.2,0.2,0.1,0.1,0.1,0.2,0.2,0.2,0.1,0,0.1,0.1,0.1,0.2,0.2,0.3,0.4,0.3,0.5,0.5,0.5,0.6,0.7,1
2023F,SD,NNICE,0.3,0.3,0.3,0.3,0.3,0.2,0.3,0.2,0.2,0.3,0.4,0.3,0.3,0.3,0.3,0.3,0.4,0.4,0.4,0.2,0.2,0.2,0.2,0.2,0.2,0.2,0.2,0.2,0.3,0.3,0.3,0.3,0.3,0.3,0.3,0.4,0.4,0.4,0.3,0.3,0.3,0.2,0.6,0.6,0.6,0.6,0.6,1.1,1.7,1.9,2.1,2.1,2.2,2.4,2.4,2.4,2.4,2.4,2.5,2.5,2.5,2.7,2.5,2.4
2023F,SD,NNRCE,0.4,0.4,0.5,0.4,0.5,0.5,0.5,0.5,0.5,0.7,0.7,0.7,0.7,0.6,0.6,0.6,0.8,0.7,0.8,0.6,0.6,0.5,0.6,0.6,0.6,0.6,0.6,0.5,0.6,0.6,0.5,0.6,0.6,0.7,0.6,0.7,0.8,0.7,0.6,0.6,0.7,0.7,0.7,0.7,0.7,0.7,0.6,0.7,0.7,0.7,0.7,0.7,0.6,0.8,0.8,0.7,0.7,0.7,0.8,0.8,0.8,0.7,0.8,0.7
2023F,SD,NNTCE,1.3,1.4,1.5,1.3,1.4,1.4,1.5,1.5,1.5,1.8,1.9,1.7,1.8,1.6,1.7,1.7,2.1,1.9,1.9,1.4,1.3,1.2,1.3,1.2,1.3,1.3,1.2,1.1,1.3,1.4,1.3,1.4,1.4,1.7,1.6,1.8,2,1.9,1.8,1.9,2,2,2.2,2.3,2.2,2.3,2.2,2.8,3.4,3.5,3.8,3.9,3.7,4.4,4.4,4.3,4.4,4.4,4.9,5,4.7,5,5.1,5.2
2023F,SD,PMACE,2.9,3,3.2,3.4,3.3,3.2,3.3,3.4,3.7,3.7,3.8,4.1,4.3,4.4,4.3,4.4,4.7,4.8,4.9,5,4.5,4.3,4.4,4.2,4.4,4.6,4.3,4.4,4.6,4.6,4.7,4.5,5,4.9,5.3,5.4,5.4,5.2,5.4,5.4,5.5,5.4,5.9,5.6,5.6,5.8,5.8,6,5.7,6,6.1,6,6.3,6.1,6.4,6.5,6.3,6.3,6.4,6.3,6.2,6.5,6.5,6.3
2023F,SD,PMCCE,0.2,0.2,0.2,0.2,0.2,0.2,0.2,0.2,0.2,0.2,0.2,0.2,0.3,0.2,0.2,0.2,0.2,0.2,0.2,0.3,0.2,0.2,0.2,0.2,0.2,0.2,0.2,0.3,0.3,0.2,0.2,0.2,0.2,0.2,0.2,0.2,0.2,0.2,0.2,0.2,0.2,0.2,0.2,0.2,0.1,0.1,0.1,0.2,0.2,0.2,0.2,0.2,0.1,0.1,0.1,0.1,0.1,0.2,0.2,0.2,0.2,0.2,0.2,0.2
2023F,SD,PMEIE,0,0,0,0,0,0,0,0,0,0,0.1,0.1,0.1,0.1,0,0.1,0.1,0.1,0.1,0.1,0,0,0,0,0,0,0,0,0,0,0,0,0,0,0,0,0,0,0,0,0.1,0,0,0,0,0,0,0.1,0,0,0,0,0,0,0,0,0,0,0,0,0,0,0,0
2023F,SD,PMICE,1.8,1.7,1.8,1.8,1.9,1.9,1.9,1.9,1.8,1.8,1.9,1.8,1.7,1.7,1.5,1.4,1.2,1.2,1.4,1.9,1.4,1.3,1.3,1.2,1.1,1,1.4,1.5,1.5,1.4,1.4,1.2,1.2,1.4,1.4,1.2,1.3,1.2,1,1.1,1.1,1.2,1.1,1.1,1.2,1.1,1.1,1.2,1,1,0.9,1.1,1,1.1,1,1,1,0.9,0.9,0.9,1.3,1,1,0.9
2023F,SD,PMRCE,0.9,0.8,0.9,0.9,0.9,0.8,0.8,0.7,0.8,0.8,0.8,0.8,0.9,0.8,0.7,0.7,0.7,0.6,0.7,0.7,0.6,0.5,0.6,0.5,0.5,0.5,0.7,0.7,0.6,0.8,0.8,0.6,0.4,0.6,0.5,0.5,0.7,0.6,0.5,0.5,0.6,0.5,0.5,0.5,0.4,0.4,0.4,0.4,0.5,0.4,0.4,0.4,0.3,0.3,0.3,0.3,0.3,0.3,0.3,0.4,0.3,0.3,0.3,0.3
2023F,SD,PMTCE,5.7,5.8,6.1,6.3,6.3,6.1,6.3,6.2,6.6,6.5,6.9,7,7.3,7.2,6.7,6.8,6.8,6.9,7.3,7.9,6.8,6.3,6.5,6.2,6.2,6.4,6.6,6.9,7,7,7.1,6.5,6.8,7.1,7.3,7.3,7.5,7.2,7.1,7.1,7.4,7.3,7.7,7.3,7.4,7.5,7.4,7.8,7.4,7.6,7.5,7.7,7.7,7.6,7.8,7.9,7.8,7.7,7.9,7.9,8.1,8,8,7.7
2023F,SD,TEACE,2.9,3,3.2,3.4,3.3,3.2,3.3,3.4,3.7,3.7,3.8,4.1,4.3,4.4,4.3,4.4,4.7,4.8,4.9,5,4.5,4.3,4.4,4.3,4.4,4.6,4.3,4.4,4.6,4.6,4.7,4.5,5.1,5.1,5.4,5.5,5.5,5.4,5.5,5.7,5.8,5.7,6.3,5.9,6,6.1,6.1,6.3,5.9,6.1,6.4,6.4,6.7,6.4,6.7,6.8,6.7,6.7,6.8,6.7,6.5,6.9,6.9,6.7
2023F,SD,TECCE,0.7,0.7,0.7,0.7,0.7,0.7,0.8,0.8,0.8,0.9,0.9,0.8,0.9,0.8,0.9,0.9,1,1,0.9,0.8,0.7,0.7,0.7,0.7,0.7,0.8,0.7,0.8,0.7,0.7,0.7,0.7,0.7,0.7,0.7,0.8,0.8,0.8,0.7,0.7,0.7,0.7,0.7,0.7,0.7,0.7,0.6,0.7,0.8,0.8,0.8,0.8,0.6,0.8,0.8,0.7,0.7,0.8,0.9,0.9,0.9,0.8,0.9,0.9
2023F,SD,TEEIE,0.7,0.7,0.8,0.7,0.6,0.6,0.6,0.6,0.6,0.7,0.9,0.8,0.8,0.9,0.9,2.4,3.4,3.1,3.4,3.3,3.3,3.1,3,2.6,2.9,2.8,2.4,1,2.9,2.9,3,3.2,3,2.9,3.2,3,2.6,3.5,3.3,3.8,3.9,3.9,3.4,3.7,3.9,3.3,3.5,3,3.9,3.4,3.6,2.9,3.2,3.2,3,1.9,2.6,2.5,2.9,3.2,2.3,2.4,2.7,2.7
2023F,SD,TEICE,2.1,2,2.1,2.1,2.2,2.1,2.2,2.1,2,2.1,2.2,2.1,2,2,1.8,1.8,1.9,1.8,2.1,2.2,1.9,1.8,2,1.7,1.7,1.7,2,2,2.1,2.1,2,2,1.9,2.2,2.4,2.2,2.3,2.3,2.1,2.2,2.5,2,2.2,2.3,2.1,2.2,2.1,2.7,3,3.1,3.3,3.6,3.5,3.8,3.7,3.7,3.7,3.7,3.8,3.8,4.1,4,3.9,3.8
2023F,SD,TERCE,1.4,1.4,1.5,1.4,1.5,1.4,1.3,1.3,1.4,1.5,1.6,1.5,1.6,1.4,1.3,1.4,1.5,1.4,1.5,1.3,1.2,1.1,1.2,1.1,1.1,1.1,1.3,1.2,1.2,1.4,1.4,1.2,1,1.2,1.2,1.2,1.5,1.3,1.1,1.1,1.2,1.1,1.2,1.2,1.1,1,1,1,1.2,1.2,1.1,1,0.9,1.1,1.1,0.9,1,1,1.2,1.3,1.1,1,1.1,1
2023F,SD,TETCE,7.7,7.8,8.3,8.2,8.3,8,8.2,8.2,8.6,8.8,9.3,9.3,9.6,9.4,9.1,10.9,12.4,12.2,12.9,12.6,11.5,10.9,11.3,10.4,10.8,11,10.7,9.4,11.5,11.6,11.7,11.6,11.7,12.2,12.9,12.7,12.7,13.2,12.8,13.4,14.2,13.5,13.7,13.7,13.7,13.3,13.3,13.8,14.9,14.7,15.1,14.6,14.9,15.3,15.3,14.1,14.7,14.6,15.4,15.9,14.9,15.1,15.4,15.1
2023F,TN,CDEGR,,,,,,,,,,,,,,,,,,,,,,,,,,,,,,,,,,,,,,541.3,506.5,494.4,512.7,508,488,467.3,450.9,443.1,439.1,437.4,410.1,354.4,373.2,349.5,317.2,304.7,315.8,293.2,293.6,272.7,257.7,248.2,225.4,230.3,220.4,209.7
2023F,TN,CDTCR,70.4,69.7,68.9,70.6,68.2,67.6,67.9,67.6,69.7,69.5,68.6,67.6,68.6,69.6,69.3,69.9,71.5,70.8,71.1,69.5,71.2,69.4,63.3,63.4,63.7,66.4,71.4,70.7,69.2,62.6,64.9,62.9,63.9,71.1,65.8,65.4,62.6,62.8,61.2,61.8,63.4,62,61.9,62.6,61.6,61.5,63.3,62.3,61.4,57.7,58.3,57.4,56.7,54.2,55.5,55.2,54.2,53.1,49.8,49.4,47.3,49.7,49.6,48.8
2023F,TN,CDTPR,16.3,16,16,17.1,15.9,16.3,17.8,17.6,20.2,20.6,19.8,19,21.2,23.8,21.4,21,23.5,23.2,23.2,22.3,21.9,21.5,19,20.4,21.1,21.9,22.1,21.7,22.1,21.3,21.5,20.3,21.1,22.8,21.3,22.3,22.1,22.3,21.9,21.8,22.6,22.1,21.8,21.4,21.5,21.4,21.3,20.9,19.6,16.1,17.2,16.5,15.3,14.9,15.6,14.9,15.2,14.4,13.8,13.5,12,13.2,12.9,12.4
2023F,TN,CLACE,0.1,0,0,0,0,0,0,0,0,0,0,0,0,0,0,0,0,0,0,0,0,0,0,0,0,0,0,0,0,0,0,0,0,0,0,0,0,0,0,0,0,0,0,0,0,0,0,0,0,0,0,0,0,0,0,0,0,0,0,0,0,0,0,0
2023F,TN,CLCCE,0.9,0.8,0.9,0.8,0.6,0.7,0.6,0.5,0.5,0.7,0.5,0.7,0.6,0.5,0.5,0.5,0.4,0.4,0.4,0.3,0.4,0.3,0.3,1,0.6,0.3,0.1,0.2,0.4,0.4,0.4,0.3,0.3,0.2,0.2,0.3,0.2,0.3,0.1,0.2,0.2,0.3,0.1,0.3,0.1,0.1,0.1,0.1,0.2,0.2,0.2,0.2,0.2,0.2,0.1,0,0,0,0,0,0,0,0,0
2023F,TN,CLEIE,27.8,25.7,25.3,28.7,24.3,23.9,25.6,24.9,32.7,33.7,31.6,29.5,36.2,44.2,38.6,39.4,47.7,45.8,46.4,44.1,47.9,45.3,37.1,41.8,42.9,46.9,47.7,47.2,48.1,43.9,47.4,44.5,47,55.4,49.1,54.2,52.9,55.8,53.7,53.6,58.6,56.4,54.2,50.8,53.8,55,57.1,56.6,53.9,39.1,42.4,39.4,34.2,31.9,34.9,30.1,31.5,28.2,20.6,17.6,14.1,18.7,17,16.6
2023F,TN,CLICE,5.5,6,5.6,6.1,6,6.7,7.5,7.3,7.8,6.3,5.5,4.3,5,5.6,5.3,4.7,5.1,6.3,6.8,7,6.3,8.2,7.2,9,9.1,9.7,9.7,9.3,9.4,9.5,9.2,8.9,8.8,9.4,9.7,9,8.7,8.5,8.1,7.8,8.2,8.7,8.2,8.2,7.9,7.7,7.4,7.3,7.3,6.3,6.6,6.3,6.1,6.1,5.8,5.3,4.8,3.8,3.5,3.1,2.8,2.9,2.6,2.8
2023F,TN,CLRCE,1.3,1.1,1.2,1.1,0.9,0.9,0.8,0.7,0.7,0.8,0.7,0.6,0.4,0.3,0.2,0.2,0.2,0.1,0.1,0.1,0.1,0.1,0.1,0.2,0.1,0.1,0,0.1,0.1,0.1,0.1,0.1,0.1,0,0,0,0,0,0,0,0,0,0,0,0,0,0,0,0,0,0,0,0,0,0,0,0,0,0,0,0,0,0,0
2023F,TN,CLTCE,35.6,33.6,33,36.7,31.9,32.2,34.5,33.4,41.7,41.5,38.4,35.2,42.2,50.6,44.7,44.8,53.4,52.6,53.7,51.5,54.8,53.8,44.7,52,52.8,57,57.6,56.7,58,53.9,57.1,53.8,56.2,65,59,63.5,61.8,64.6,61.9,61.7,67.1,65.4,62.5,59.3,61.8,62.8,64.6,64.1,61.4,45.6,49.2,45.9,40.4,38.2,40.8,35.4,36.3,32,24.1,20.7,16.9,21.6,19.6,19.4
2023F,TN,FFACE,12.2,13.2,14,15,15.4,16,17.3,17.9,19.3,20.6,21.5,22.7,24.9,27.2,26.7,27.4,28.6,29.6,31.4,31.8,28.9,28.9,28.1,28,30.1,30.7,32.8,32.2,32.7,33.6,32.9,31.2,32.6,34.2,35.1,37,38.3,38.6,39.5,40.7,41.7,41.3,43.8,45.4,45.2,45.3,45.7,45.7,42.1,40.6,42.3,41.9,40.4,40.4,41.5,42.1,42.8,43.3,43.9,45.3,41.6,45.3,45,45
2023F,TN,FFCCE,2.5,2.9,3.3,2.7,2.5,2.6,2.8,3,3.3,3.5,3.5,3.7,3.7,3.7,3.6,3.5,3.4,3.1,2.9,3.4,3.6,3.3,3.3,4.5,4.5,4.4,3.4,3.4,3.8,3.7,3.4,3.4,3.6,3.6,3.5,3.6,4.1,3.9,3.5,3.7,3.9,3.8,3.7,4.1,3.8,3.5,3.4,3.5,3.7,3.7,3.9,3.6,3.1,3.5,3.8,3.8,3.7,3.7,4.3,4.2,3.9,4.3,4.4,3.9
2023F,TN,FFEIE,28.1,26.1,25.7,28.9,24.8,24.8,26.9,26.3,33.9,34.7,32.6,30.5,37.2,45,38.7,40,48.8,47.4,48.6,44.4,48.2,45.4,37.3,42,43,47,47.8,47.3,48.3,44,47.5,44.7,47.1,55.7,49.4,54.5,53.1,56,54.7,54.4,59.3,56.9,54.5,51.4,54,55.5,57.5,57.2,54.3,39.4,43.8,41,37.7,33.9,37.5,33.9,36.2,32.3,26.1,24,19.7,24,23.7,22.2
2023F,TN,FFICE,11.7,12.2,11.9,13,13.7,15.1,17.1,16.6,17.2,16.9,15.7,14.8,16.6,18.5,17.4,14.9,17.2,18.4,17.7,18.8,16.9,18.7,16.5,17.2,18.1,18.3,18,18,18.5,18.3,18.3,18.1,19.5,19.5,19.7,19.4,19.3,19.9,20.2,19.7,18.9,20.5,19.4,19.5,19.5,19.3,19.1,18.5,17.9,13.7,14.4,14.8,14.5,14.9,14.8,14.4,14.5,14.1,14.5,14.1,13.7,14.2,13.8,13.5
2023F,TN,FFRCE,3.8,3.5,3.8,4.1,3.5,3.6,4,4.2,4.4,4.7,4.7,4.6,4.7,4.3,3.9,3.9,4,3.9,3.6,3.4,3.2,3.1,3,3.1,3.2,2.9,2.8,3,3.5,3.6,3.3,3.4,3.7,4,4,4.1,4.8,4.4,4.1,4.3,4.8,4.6,4.7,4.6,4.4,4.4,4.1,4.1,4.4,4.3,4.8,4.1,3.2,4.2,4.8,4.1,3.6,3.5,4.6,4.3,4,4.4,4.5,3.9
2023F,TN,FFTCE,58.4,57.9,58.6,63.7,59.9,62.1,68,68.1,78.2,80.4,77.9,76.4,87,98.7,90.3,89.7,102,102.5,104.2,101.7,100.8,99.4,88.2,94.9,99,103.4,104.9,103.9,106.8,103.3,105.5,100.7,106.4,117.1,111.7,118.6,119.6,122.8,122,122.8,128.7,127.2,126.2,125.1,126.9,128.1,129.8,129,122.4,101.8,109.2,105.4,98.9,97,102.3,98.3,100.9,96.9,93.4,91.9,82.9,92.2,91.3,88.5
2023F,TN,NNACE,0.3,0.8,0.9,1,1.1,1.3,1.2,1.2,1.2,1.4,1.4,1.4,1.4,1.5,1.3,1,0.8,0.8,0.8,1.1,0.9,0.9,0.9,0.6,0.7,0.6,0.7,0.8,0.9,1,1.1,0.9,0.9,1,1,1,1.3,1.3,0.9,0.8,0.8,0.8,0.6,0.7,0.6,0.5,0.5,0.6,0.6,0.6,0.5,0.6,0.5,0.4,0.4,0.4,0.4,0.3,0.5,0.8,1,1,1,1.1
2023F,TN,NNCCE,1.3,1.8,2.1,1.5,1.6,1.6,1.7,1.9,2.1,2.3,2.3,2.4,2.5,2.5,2.4,2.3,2.1,1.9,1.7,2.3,2.4,2.3,2.1,2.3,2.5,2.4,2.3,2.4,2.5,2.6,2.4,2.5,2.5,2.8,2.8,2.8,3.2,3,2.9,2.9,2.9,2.9,2.9,3.1,3,3,2.8,2.8,3,2.8,3.1,2.8,2.4,2.9,3.1,2.9,2.7,2.7,3.2,3.1,2.9,3.2,3.3,2.9
2023F,TN,NNEIE,0.4,0.4,0.4,0.3,0.4,0.9,1.3,1.4,1.2,1,0.9,1,0.9,0.7,0,0,0,0,0,0,0.1,0,0,0,0,0,0,0,0,0,0,0,0,0.1,0.1,0.1,0,0.1,0.3,0.3,0.3,0.1,0.1,0.3,0.1,0.3,0.4,0.4,0.2,0.2,1.2,1.4,3.4,2,2.4,3.7,4.7,4,5.5,6.3,5.6,5.2,6.5,5.5
2023F,TN,NNICE,4,3.8,3.8,4.3,4.9,5.2,5.9,5.8,5.8,6.3,6.5,6.8,7.1,8.4,7.7,5.9,6.1,5.8,5.2,6.3,6.4,6.3,5.8,5.3,5.4,5.2,4.8,5.2,5.5,5.7,5.8,6.1,6.7,6.6,6.3,6.6,6.7,7.3,7.6,7.6,6.9,6.3,6.3,6,5.3,5.1,5,4.9,4.9,4.4,5,5.6,5.5,5.8,6.2,6.1,6.5,7.1,7.8,7.8,7.7,8.1,8.1,7.6
2023F,TN,NNRCE,1.9,1.9,1.9,2.3,2,2.1,2.3,2.3,2.4,2.5,2.5,2.5,2.9,2.5,2.4,2.4,2.4,2.4,2.2,2.5,2.4,2.3,2.3,2.2,2.4,2.2,2.2,2.4,2.6,2.7,2.5,2.7,2.9,3.2,3.1,3.3,3.9,3.5,3.2,3.3,3.8,3.7,3.8,3.8,3.6,3.6,3.4,3.3,3.8,3.6,4,3.6,2.9,3.8,4.3,3.7,3.2,3.1,4.1,3.8,3.6,4,4,3.5
2023F,TN,NNTCE,7.9,8.7,9.1,9.4,10,11,12.4,12.6,12.7,13.4,13.7,14.1,14.8,15.6,13.8,11.7,11.4,10.9,9.9,12.2,12.2,11.8,11.1,10.4,11,10.3,10.1,10.8,11.5,11.9,11.9,12.2,13,13.7,13.3,13.8,15.1,15.2,15,14.9,14.7,13.9,13.8,14,12.5,12.5,12.1,12,12.5,11.7,13.8,14.1,14.8,14.9,16.5,16.8,17.5,17.2,21.1,21.9,20.8,21.5,22.9,20.7
2023F,TN,PMACE,11.9,12.3,13.1,13.9,14.3,14.7,16,16.7,18.1,19.2,20,21.2,23.5,25.6,25.4,26.4,27.8,28.8,30.6,30.7,28,27.9,27.2,27.4,29.4,30.1,32.1,31.3,31.8,32.6,31.8,30.3,31.7,33.2,34.1,36,36.9,37.3,38.6,39.9,41,40.6,43.2,44.7,44.6,44.8,45.2,45.2,41.5,40,41.7,41.3,39.8,40.1,41.1,41.7,42.4,43,43.5,44.4,40.6,44.3,44,43.9
2023F,TN,PMCCE,0.3,0.3,0.3,0.3,0.3,0.3,0.5,0.6,0.6,0.6,0.6,0.6,0.6,0.7,0.6,0.7,0.9,0.8,0.8,0.7,0.8,0.8,0.8,1.3,1.4,1.7,1,0.9,0.9,0.7,0.6,0.5,0.7,0.6,0.6,0.5,0.6,0.6,0.6,0.6,0.7,0.6,0.7,0.7,0.7,0.5,0.5,0.6,0.5,0.6,0.6,0.6,0.6,0.4,0.5,0.9,0.9,1,1,1,1,1,1,1
2023F,TN,PMEIE,0,0,0,0,0,0,0,0,0,0,0,0,0.1,0.1,0.1,0.6,1.1,1.6,2.2,0.3,0.2,0.1,0.1,0.1,0.1,0.1,0.1,0.1,0.2,0.2,0.1,0.1,0.1,0.2,0.2,0.2,0.2,0.2,0.6,0.4,0.5,0.4,0.2,0.4,0.1,0.2,0.1,0.1,0.2,0.1,0.2,0.2,0.1,0.1,0.2,0.1,0.1,0.1,0.1,0.1,0.1,0.1,0.2,0.1
2023F,TN,PMICE,2.2,2.4,2.5,2.6,2.8,3.2,3.7,3.5,3.7,4.3,3.8,3.7,4.4,4.4,4.3,4.3,6.1,6.3,5.7,5.5,4.2,4.2,3.6,3,3.5,3.5,3.5,3.5,3.6,3.1,3.3,3.1,4,3.6,3.7,3.8,4,4,4.5,4.3,3.8,5.5,5,5.3,6.3,6.5,6.7,6.3,5.8,3,2.9,2.8,2.9,2.9,2.8,3,3.2,3.2,3.2,3.2,3.2,3.1,3.1,3.1
2023F,TN,PMRCE,0.6,0.5,0.6,0.7,0.6,0.7,0.9,1.2,1.3,1.4,1.4,1.5,1.4,1.5,1.3,1.3,1.4,1.4,1.3,0.8,0.7,0.8,0.6,0.7,0.7,0.7,0.5,0.6,0.8,0.8,0.6,0.7,0.7,0.7,0.8,0.8,1,0.9,0.8,1,1,0.8,0.9,0.8,0.8,0.8,0.7,0.7,0.6,0.7,0.8,0.5,0.3,0.4,0.5,0.4,0.4,0.4,0.4,0.5,0.4,0.4,0.5,0.4
2023F,TN,PMTCE,14.9,15.5,16.6,17.6,18,18.9,21.1,22,23.7,25.5,25.9,27.1,30,32.4,31.8,33.2,37.2,39,40.7,38,33.8,33.8,32.4,32.5,35.2,36.1,37.2,36.4,37.2,37.5,36.5,34.7,37.3,38.3,39.4,41.2,42.7,43,45.2,46.2,47,47.9,49.9,51.8,52.6,52.7,53.2,52.8,48.5,44.6,46.2,45.4,43.7,43.9,45,46.1,47,47.7,48.2,49.2,45.3,49,48.8,48.5
2023F,TN,TEACE,12.2,13.2,14,15,15.4,16,17.3,17.9,19.3,20.6,21.5,22.7,24.9,27.2,26.7,27.4,28.6,29.6,31.4,31.8,28.9,28.9,28.1,28,30.1,30.7,32.8,32.2,32.7,33.6,32.9,31.2,32.6,34.2,35.1,37,38.3,38.6,39.5,40.7,41.7,41.3,43.8,45.4,45.2,45.3,45.7,45.7,42.1,40.6,42.3,41.9,40.4,40.4,41.5,42.1,42.8,43.3,43.9,45.3,41.6,45.3,45,45
2023F,TN,TECCE,2.5,2.9,3.3,2.7,2.5,2.6,2.8,3,3.3,3.5,3.5,3.7,3.7,3.7,3.6,3.5,3.4,3.1,2.9,3.4,3.6,3.3,3.3,4.5,4.5,4.4,3.4,3.4,3.8,3.7,3.4,3.4,3.6,3.6,3.5,3.6,4.1,3.9,3.5,3.7,3.9,3.8,3.7,4.1,3.8,3.5,3.4,3.5,3.7,3.7,3.9,3.6,3.1,3.5,3.8,3.8,3.7,3.7,4.3,4.2,3.9,4.3,4.4,3.9
2023F,TN,TEEIE,28.1,26.1,25.7,28.9,24.8,24.8,26.9,26.3,33.9,34.7,32.6,30.5,37.2,45,38.7,40,48.8,47.4,48.6,44.4,48.2,45.4,37.3,42,43,47,47.8,47.3,48.3,44,47.5,44.7,47.1,55.7,49.4,54.5,53.1,56,54.7,54.4,59.3,56.9,54.5,51.4,54,55.5,57.5,57.2,54.3,39.4,43.8,41,37.7,33.9,37.5,33.9,36.2,32.3,26.1,24,19.7,24,23.7,22.2
2023F,TN,TEICE,11.7,12.2,11.9,13,13.7,15.1,17.1,16.6,17.2,16.9,15.7,14.8,16.6,18.5,17.4,14.9,17.2,18.4,17.7,18.8,16.9,18.7,16.5,17.2,18.1,18.3,18,18,18.5,18.3,18.3,18.1,19.5,19.5,19.7,19.4,19.3,19.9,20.2,19.7,18.9,20.5,19.4,19.5,19.5,19.3,19.1,18.5,17.9,13.7,14.4,14.8,14.5,14.9,14.8,14.4,14.5,14.1,14.5,14.1,13.7,14.2,13.8,13.5
2023F,TN,TERCE,3.8,3.5,3.8,4.1,3.5,3.6,4,4.2,4.4,4.7,4.7,4.6,4.7,4.3,3.9,3.9,4,3.9,3.6,3.4,3.2,3.1,3,3.1,3.2,2.9,2.8,3,3.5,3.6,3.3,3.4,3.7,4,4,4.1,4.8,4.4,4.1,4.3,4.8,4.6,4.7,4.6,4.4,4.4,4.1,4.1,4.4,4.3,4.8,4.1,3.2,4.2,4.8,4.1,3.6,3.5,4.6,4.3,4,4.4,4.5,3.9
2023F,TN,TETCE,58.4,57.9,58.6,63.7,59.9,62.1,68,68.1,78.2,80.4,77.9,76.4,87,98.7,90.3,89.7,102,102.5,104.2,101.7,100.8,99.4,88.2,94.9,99,103.4,104.9,103.9,106.8,103.3,105.5,100.7,106.4,117.1,111.7,118.6,119.6,122.8,122,122.8,128.7,127.2,126.2,125.1,126.9,128.1,129.8,129,122.4,101.8,109.2,105.4,98.9,97,102.3,98.3,100.9,96.9,93.4,91.9,82.9,92.2,91.3,88.5
2023F,TX,CDEGR,,,,,,,,,,,,,,,,,,,,,,,,,,,,,,,,,,,,,,764.6,720.1,682.5,686.7,660,656.3,644.1,609.5,569.1,534.2,506,487.4,461.4,465.5,463.4,436.1,434.7,423.9,399.5,400,397,390.4,377.3,352.7,352.7,341.1,319.5
2023F,TX,CDTCR,54.4,54.2,54.1,53.6,53.6,53.5,53.1,52.9,52.8,52.7,52.7,52.6,52.8,53.5,53.5,54.7,54.3,54.7,55.3,55.8,55.8,56.7,58.4,58.9,57.9,58.4,58.1,57.5,57.4,56.9,56.3,55.7,55.4,56.5,54.9,54.3,54.8,54.3,53.8,54.5,55,55.5,55.2,55.5,54.9,55.4,55.4,55.4,56.2,55.5,54.2,54.6,53.7,53.4,54,52.5,52.1,52.5,50.5,50.1,48.7,48.8,48.6,47.7
2023F,TX,CDTPR,25,24.5,25.1,25.9,26.3,26.9,28.1,29.4,30.5,31.7,32.3,33,34.3,36.6,35.3,32.7,33,35.3,36.7,37.6,36.9,35.6,32.5,31.5,32.2,32.1,31.2,31.5,33.4,34.2,33.8,32.8,32.6,32.7,32,31.5,33.3,33.3,32.9,31.8,32.5,31.6,31.5,30.8,30.2,28.6,28,27.4,25.8,23.9,24.4,24.8,24,24.8,24.5,23.8,23.4,23.4,23.8,23.5,21.4,22.4,22.1,21.8
2023F,TX,CLACE,0,0,0,0,0,0,0,0,0,0,0,0,0,0,0,0,0,0,0,0,0,0,0,0,0,0,0,0,0,0,0,0,0,0,0,0,0,0,0,0,0,0,0,0,0,0,0,0,0,0,0,0,0,0,0,0,0,0,0,0,0,0,0,0
2023F,TX,CLCCE,0,0,0,0,0,0,0,0,0,0,0,0,0,0,0,0,0,0,0,0,0,0,0,0,0,0,0,0.1,0.1,0,0,0,0,0,0,0,0,0,0,0,0,0,0.1,0.2,0,0,0,0,0,0,0,0,0,0,0,0,0,0,0,0,0,0,0,0
2023F,TX,CLEIE,0,0,0,0,0,0,0,0,0,0,0,0,2.5,6.3,6.9,11.3,15.5,22.1,34,47.9,63.8,73,80.6,90.4,93.4,101.1,103.7,108.6,115.2,121.1,121,120.9,120.4,129,124,123.7,134.2,137.7,135.5,139.7,140.5,135,141.1,146.2,148.7,148.9,146.9,149.7,149.6,141.4,148.4,160,141.3,150.5,148.8,126.2,125.1,137.7,112.7,94,83,92.2,88.7,76.7
2023F,TX,CLICE,2.2,1.7,1.9,1.7,2.4,2.7,2.5,2.1,2.3,2.3,2.8,2.2,2.2,5.5,5.6,7.3,5.9,5.2,5.8,7.8,5.9,8.6,7.9,6.2,8.8,8,6.8,5.9,4.9,5.9,5.8,6,5.7,6.7,7.8,6,7,7,5.9,5.9,6.9,7.1,6.7,6.8,6.6,6.6,6.7,3.8,3.7,1.6,1.3,1.8,1.9,2.1,2.6,1.9,1.3,1.2,1,0.9,0.6,0.6,0.6,0.4
2023F,TX,CLRCE,0,0,0,0,0,0,0,0,0,0,0,0,0,0,0,0,0,0,0,0,0,0,0,0,0,0,0,0,0,0,0,0,0,0,0,0,0,0,0,0,0,0,0,0,0,0,0,0,0,0,0,0,0,0,0,0,0,0,0,0,0,0,0,0
2023F,TX,CLTCE,2.3,1.7,1.9,1.8,2.4,2.7,2.5,2.1,2.3,2.3,2.8,2.2,4.7,11.8,12.5,18.5,21.4,27.3,39.7,55.7,69.7,81.5,88.5,96.7,102.1,109.2,110.6,114.5,120.2,127,126.8,127,126.1,135.7,131.8,129.7,141.1,144.7,141.5,145.6,147.4,142.2,147.9,153.2,155.4,155.6,153.6,153.6,153.3,143,149.8,161.9,143.2,152.6,151.4,128.1,126.4,138.8,113.8,94.9,83.6,92.8,89.3,77.2
2023F,TX,FFACE,56,56.9,58.4,60.1,62,64.2,66.4,70,76.4,81,84.6,87.8,95.1,104.2,106.3,110.4,114.3,122.7,129.7,134,127.8,129.5,133.4,132.8,138.4,143.4,146.9,143.7,151.4,151.9,152.2,149.2,152.8,151.6,155.2,153.1,166.5,170.9,179.9,178.4,183.6,190.8,197.4,192.3,193.6,194.4,202,203.3,194.9,186.6,184,183.9,183.7,198,199.7,203.7,208.9,211.3,218.8,226,191.4,213.5,222.8,223
2023F,TX,FFCCE,4.8,4.7,5.1,5.6,6.1,6.1,7,9.8,10.5,10.9,11.1,10.7,11.1,12.6,11.2,10.2,11.1,13.1,14.1,20.2,14.6,15,14.5,19.1,13.9,12.7,11.3,12.5,12.9,12.9,11.8,11.9,12.1,10.8,11.2,13,11.2,13.2,11.2,11.4,13.7,11.8,14.3,14.2,11.9,10.6,9.7,10.1,10.8,11.1,12.1,12.6,11.2,11.5,12.1,13.2,12.5,12.1,14.8,14.1,12.9,14,14.5,14.1
2023F,TX,FFEIE,22.4,23.1,27.1,30.5,33.2,35.2,38.9,42.9,46.9,53.6,57.9,63.8,72.9,77.7,81.4,85.2,91.8,105.5,118.9,127.2,143.2,148.9,152,156.8,162.9,167.7,164.8,166.7,173,185.8,183.6,182.9,180.7,197.1,190.7,191.1,201.7,206.2,215.5,219.8,228.8,220.1,226.9,227,226.1,230.6,228.4,231,228.8,218,222.1,239.6,223.7,227.8,226.3,214.9,208.8,212.4,202.2,190.8,176.8,180.2,186.2,185.3
2023F,TX,FFICE,145.6,145,148.4,154.2,155.4,160.9,169.4,174.8,181.7,189,193.7,201.9,207.8,229.3,219,190.3,193.6,206.5,215.4,222.1,229.2,218.1,184.9,174.1,186.8,184.6,181.9,187.9,206,209.9,216.2,213.9,220.6,221.8,225,228.5,250.7,253.7,243.9,232,240.7,236.8,231.7,230.8,233.5,203.1,203.8,195.3,180.9,165.7,184,186.8,198.5,207.4,209,208.3,212.6,216.2,232.7,237.1,232.2,242.9,228.8,235.8
2023F,TX,FFRCE,11.7,11.4,13,13.2,13.4,12.9,13.5,13.8,14.7,15.8,16.1,16.2,16.6,16.4,15,15.3,15.6,17.3,17.8,18.9,13.7,12.9,13.3,13.2,14,13.4,12.2,13.2,13,14.1,13,13.1,12.7,13.5,12.6,12.2,13.1,13.6,12.1,11.7,13,14,13.9,13.4,12.2,12,10.5,12.5,12,11.7,13.7,12.1,10.2,12.4,14,12.8,10.8,9.9,13.4,13.7,12.1,12.2,13.8,11.8
2023F,TX,FFTCE,240.5,241.1,252,263.6,270.1,279.3,295.1,311.3,330.3,350.4,363.4,380.4,403.5,440.2,433,411.3,426.3,465.1,495.8,522.4,528.6,524.3,498.1,496.1,516,521.8,517.1,524,556.2,574.6,576.9,571.2,578.8,594.6,594.7,597.9,643.2,657.6,662.5,653.3,679.8,673.5,684.3,677.7,677.2,650.7,654.4,652.2,627.4,593.2,615.9,635,627.3,657.2,661.2,652.8,653.5,662,681.9,681.7,625.5,662.8,666.1,669.9
2023F,TX,NNACE,2.9,3.4,3.4,3.6,3.6,3.7,3.7,4,4.7,4.7,5.2,5.4,5.7,5.7,5.1,4.5,3.9,3.6,4.1,4.3,5.7,5.6,5.6,5.8,5.9,5.1,4.5,4.5,5.9,5.9,5.9,4.5,4.5,4.5,5.3,4.5,4.2,4.5,3.7,3.9,3.5,3.9,5,3.2,3.2,4.5,4.7,5,6.1,6.5,4.5,4.8,7.7,16.2,5.8,4.9,4.9,4.7,6.5,9.5,10.9,12.3,13.7,13.9
2023F,TX,NNCCE,3.3,3.4,3.7,4.1,4.5,4.4,4.9,7.7,7.7,7.8,8,7.8,7.7,8.5,7.4,6.4,7.4,8.6,9.2,12.8,9.2,8.6,10.4,8.6,9.1,8.4,8.1,8.6,9.7,10.1,9.5,10,10.3,9.6,10,11.6,9.8,11.8,9.4,9.4,10.4,9.3,12.4,11.9,10.6,8.7,8,8.8,9.1,9.1,10.4,10.1,8.8,9.4,10.1,9.6,9,9,11.7,10.8,9.3,9.8,10.6,10.6
2023F,TX,NNEIE,22.4,23.1,27,30.5,33.2,35.2,38.8,42.9,46.9,53.6,57.8,63.6,69.6,68.4,71.9,73.1,74.4,81,81.6,77.1,78.6,75.3,70.5,64.6,69.1,65.8,60.7,57.6,57.2,62.8,62.2,61.8,60.1,65.9,64.5,65.7,65.5,66.9,78.2,78.3,85.5,82.2,83.8,78.7,75.7,79.9,79.6,79.9,78.1,75.1,73,78.8,82.3,77.1,77.5,88.7,83.6,74.7,89.4,96.8,93.8,87.9,97.2,108.4
2023F,TX,NNICE,107.8,107.5,108.4,108.7,105.9,111.6,118.2,123.1,128.3,130.8,134.8,143.2,139.5,150.9,141.8,114.1,113.7,113.8,115.9,104.3,114.4,110.3,84.4,83.3,88.7,92.3,88.5,96.5,106.4,111.2,112.8,110.6,109.1,111.6,110.6,116.8,129.6,124,125,114.1,127,121.4,119,113.8,111.9,86.8,84.6,85.3,87.5,81.3,93,94.7,99.7,102.3,106.1,106.4,108.1,109.1,118.3,119.3,122.8,125.9,125.6,130.4
2023F,TX,NNRCE,9.4,9.1,10.8,10.9,10.6,10,10.9,11.1,11.7,12.1,12.6,12.9,13.1,13.2,12.2,12.7,12.9,14.7,14.9,17.2,12.3,11.5,12.1,11.7,12.7,11.7,10.8,11.6,11.6,12.7,11.6,12.2,11.9,12.6,11.8,11.4,12.6,12.8,11.1,9.7,10.6,11.3,11.5,11.3,10.5,10.1,9,10.9,10.5,10.4,12.4,10.9,9.3,11.3,12.8,11.6,9.6,8.9,12.4,12.4,11.1,11.4,12.5,10.8
2023F,TX,NNTCE,145.7,146.6,153.3,157.8,157.7,165,176.6,188.8,199.2,209,218.4,232.9,235.6,246.6,238.3,210.8,212.3,221.8,225.7,215.6,220.3,211.2,182.9,174.1,185.6,183.3,172.7,178.9,190.7,202.6,202,199.1,195.9,204.3,202.2,210,221.8,220,227.4,215.4,237,228.2,231.7,218.9,211.8,190,186,189.9,191.2,182.4,193.3,199.3,207.7,216.3,212.3,221.1,215.1,206.4,238.2,248.7,247.9,247.2,259.6,274.1
2023F,TX,PMACE,53.1,53.5,55,56.5,58.4,60.5,62.6,66,71.8,76.3,79.4,82.4,89.4,98.5,101.2,105.9,110.4,119.1,125.6,129.7,122.1,123.9,127.8,127,132.4,138.3,142.4,139.3,145.5,146,146.4,144.7,148.3,147.1,149.9,148.5,162.3,166.4,176.2,174.5,180.1,186.9,192.5,189.1,190.4,189.8,197.3,198.3,188.8,180.1,179.5,179.1,176,181.9,193.9,198.8,204,206.6,212.3,216.5,180.5,201.2,209.1,209
2023F,TX,PMCCE,1.5,1.3,1.4,1.5,1.7,1.7,2.1,2,2.8,3.2,3.2,2.9,3.4,4.2,3.9,3.8,3.7,4.5,4.9,7.5,5.4,6.3,4.1,10.5,4.8,4.4,3.1,3.8,3.1,2.8,2.3,1.9,1.8,1.2,1.3,1.4,1.4,1.3,1.7,1.9,3.3,2.5,1.8,2.1,1.3,1.9,1.7,1.4,1.7,2,1.8,2.5,2.3,2.1,2,3.5,3.5,3.2,3.1,3.3,3.6,4.2,3.9,3.5
2023F,TX,PMEIE,0,0,0,0,0,0,0,0,0,0,0.1,0.2,0.9,3,2.6,0.9,1.8,2.4,3.3,2.2,0.8,0.7,1,1.7,0.4,0.8,0.4,0.5,0.6,1.9,0.4,0.2,0.2,2.1,2.2,1.8,2,1.7,1.8,1.8,2.9,2.8,2,2.1,1.8,1.7,1.8,1.3,1.2,1.5,0.6,0.8,0.2,0.2,0.1,0.1,0.1,0.1,0,0,0,0.2,0.2,0.2
2023F,TX,PMICE,35.6,35.8,38.1,43.7,47.1,46.6,48.6,49.5,51.2,55.9,56.1,56.5,66.1,72.8,71.6,68.9,74,87.4,93.8,110,108.9,99.2,92.6,84.6,89.4,84.2,86.5,85.5,94.6,92.8,97.6,97.3,105.8,103.5,106.6,105.7,114.1,122.7,112.9,111.9,106.8,108.3,106,110.2,114.9,109.7,112.5,106.2,89.7,82.8,89.7,90.2,97,103.1,100.3,100,103.1,105.9,113.4,116.9,108.8,116.5,102.6,104.9
2023F,TX,PMRCE,2.2,2.2,2.3,2.3,2.8,2.9,2.6,2.7,3.1,3.7,3.4,3.3,3.5,3.2,2.8,2.6,2.7,2.6,2.9,1.7,1.4,1.4,1.2,1.4,1.3,1.6,1.5,1.6,1.4,1.4,1.3,0.9,0.8,0.8,0.8,0.7,0.5,0.8,1,2,2.4,2.7,2.4,2.1,1.7,1.9,1.5,1.6,1.5,1.3,1.3,1.2,0.9,1.1,1.2,1.2,1.2,1,1,1.4,1,0.8,1.2,1
2023F,TX,PMTCE,92.5,92.8,96.9,104,110,111.6,116,120.3,128.9,139,142.2,145.3,163.2,181.7,182.1,182,192.6,215.9,230.4,251.1,238.6,231.5,226.7,225.3,228.3,229.3,233.9,230.7,245.3,245,248.1,245.1,256.8,254.6,260.7,258.2,280.3,292.9,293.6,292.2,295.4,303.2,304.7,305.6,310.1,305.1,314.8,308.7,282.9,267.8,272.8,273.8,276.4,288.3,297.5,303.5,312,316.7,329.9,338.1,294,322.8,317.1,318.6
2023F,TX,TEACE,56,56.9,58.4,60.1,62,64.2,66.4,70,76.4,81,84.6,87.8,95.1,104.2,106.3,110.4,114.3,122.7,129.7,134,127.8,129.5,133.4,132.8,138.4,143.4,146.9,143.7,151.4,151.9,152.2,149.2,152.8,151.6,155.2,153.1,166.5,170.9,179.9,178.4,183.6,190.8,197.4,192.3,193.6,194.4,202,203.3,194.9,186.6,184,183.9,183.7,198,199.7,203.7,208.9,211.3,218.8,226,191.4,213.5,222.8,223
2023F,TX,TECCE,4.8,4.7,5.1,5.6,6.1,6.1,7,9.8,10.5,10.9,11.1,10.7,11.1,12.6,11.2,10.2,11.1,13.1,14.1,20.2,14.6,15,14.5,19.1,13.9,12.7,11.3,12.5,12.9,12.9,11.8,11.9,12.1,10.8,11.2,13,11.2,13.2,11.2,11.4,13.7,11.8,14.3,14.2,11.9,10.6,9.7,10.1,10.8,11.1,12.1,12.6,11.2,11.5,12.1,13.2,12.5,12.1,14.8,14.1,12.9,14,14.5,14.1
2023F,TX,TEEIE,22.4,23.1,27.1,30.5,33.2,35.2,38.9,42.9,46.9,53.6,57.9,63.8,72.9,77.7,81.4,85.2,91.8,105.5,118.9,127.2,143.2,148.9,152,156.8,162.9,167.7,164.8,166.7,173,185.8,183.6,182.9,180.7,197.1,190.7,191.1,201.7,206.2,215.5,219.8,228.8,220.1,226.9,227,226.1,230.6,228.4,231,228.8,218,222.1,239.6,223.7,227.8,226.3,214.9,208.8,212.4,202.2,190.8,176.8,180.2,186.2,185.3
2023F,TX,TEICE,145.6,145,148.4,154.2,155.4,160.9,169.4,174.8,181.7,189,193.7,201.9,207.8,229.3,219,190.3,193.6,206.5,215.4,222.1,229.2,218.1,184.9,174.1,186.8,184.6,181.9,187.9,206,209.9,216.2,213.9,220.6,221.8,225,228.5,250.7,253.7,243.9,232,240.7,236.8,231.7,230.8,233.5,203.1,203.8,195.3,180.9,165.7,184,186.8,198.5,207.4,209,208.3,212.6,216.2,232.7,237.1,232.2,242.9,228.8,235.8
2023F,TX,TERCE,11.7,11.4,13,13.2,13.4,12.9,13.5,13.8,14.7,15.8,16.1,16.2,16.6,16.4,15,15.3,15.6,17.3,17.8,18.9,13.7,12.9,13.3,13.2,14,13.4,12.2,13.2,13,14.1,13,13.1,12.7,13.5,12.6,12.2,13.1,13.6,12.1,11.7,13,14,13.9,13.4,12.2,12,10.5,12.5,12,11.7,13.7,12.1,10.2,12.4,14,12.8,10.8,9.9,13.4,13.7,12.1,12.2,13.8,11.8
2023F,TX,TETCE,240.5,241.1,252,263.6,270.1,279.3,295.1,311.3,330.3,350.4,363.4,380.4,403.5,440.2,433,411.3,426.3,465.1,495.8,522.4,528.6,524.3,498.1,496.1,516,521.8,517.1,524,556.2,574.6,576.9,571.2,578.8,594.6,594.7,597.9,643.2,657.6,662.5,653.3,679.8,673.5,684.3,677.7,677.2,650.7,654.4,652.2,627.4,593.2,615.9,635,627.3,657.2,661.2,652.8,653.5,662,681.9,681.7,625.5,662.8,666.1,669.9
2023F,US,CCNIE,-0.6,-0.9,-0.6,-0.8,-1.2,-2.1,-2.8,-1.7,-2,-4.1,-6.6,-3.8,-3,-0.8,6.4,1.5,0,1.7,14.2,7.1,-4,-1.8,-2.5,-1.8,-1.3,-1.5,-1.9,1,4.5,3.5,0.5,1.1,3.9,3.1,6.6,6.9,2.6,5.3,7.6,6.6,7.4,3.3,6.9,5.7,15.7,5,6.9,2.9,4.6,-2.7,-0.7,1.3,0.5,-2,-2.5,-2,-2.2,-3.3,-2.9,-2.4,-1.5,-5.5,-6.3,-3.7
2023F,US,CDEGR,,,,,,,,,,,,,,,,,,,,,,,,,,,,,,,,,,,,,,451.5,435,419.8,416.9,405,400.9,394.9,387.1,375,360,358,346.1,329.6,332.4,319.2,299.5,300.1,295.8,278.8,269,260.7,260.8,247.8,225.6,227.6,223.8,210.9
2023F,US,CDTCR,66.3,66,65.9,65.8,65.8,65.9,65.8,65.4,65.2,64.8,64.5,64,64,64,63.6,63.4,63.5,63.3,62.7,62.8,62.6,62.5,62.2,62.2,62.1,62,62,61.8,61.7,61.4,61.1,60.6,60.6,60.7,60.3,59.9,60.2,60.6,60.7,60.3,60.8,61.1,60.7,61.3,61,61.1,60.8,60.6,60.1,58.8,58.7,57.9,57,56.7,56.7,55.5,54.7,54.4,54.1,53.2,51.5,52.4,52,51.1
2023F,US,CDTPR,16.1,16,16.4,16.8,17.3,17.8,18.6,18.9,19.8,20.4,20.7,20.7,21.6,22.3,21.3,20.5,21.5,22,22,22,20.9,20.2,19,18.7,19.5,19.4,19.2,19.7,20.5,20.6,20.2,19.7,19.8,19.9,20,20,20.4,20.5,20.4,20.4,20.8,20.2,20.2,20.2,20.4,20.3,19.8,19.9,19.1,17.6,18,17.5,16.6,16.9,17,16.3,15.9,15.7,16.1,15.6,13.8,14.7,14.8,14.2
2023F,US,CLACE,7.2,1.8,1.6,1.6,1.7,1.5,1.4,1.1,1,0.7,0.7,0.4,0.4,0.2,0.2,0.1,0,0,0,0,0,0,0,0,0,0,0,0,0,0,0,0,0,0,0,0,0,0,0,0,0,0,0,0,0,0,0,0,0,0,0,0,0,0,0,0,0,0,0,0,0,0,0,0
2023F,US,CLCCE,38.6,35.2,34.3,30.2,26.1,25.2,25,21.4,19.7,18.5,15.7,17,14.6,15.3,16.7,14,13.8,14.2,15.8,14.5,11.2,13.2,14.9,15.5,16.2,13.2,13,12.2,12.6,11.1,11.9,11.1,11.3,11.2,11.2,11.1,11.5,12.2,9.6,9.7,8.2,8.4,8.4,7.9,9.8,9.1,6.2,6.7,7.6,6.9,6.6,5.8,4.1,3.9,3.8,3,2.3,2,1.8,1.6,1.4,1.4,1.4,1.1
2023F,US,CLEIE,402,414.2,439.7,480.3,511.7,553.7,599.4,613,665.2,686.6,687.5,694.3,745.9,823.7,812.1,836,925.5,975.7,975.2,1072,1156.4,1200.6,1192.5,1254.1,1327.9,1387.4,1371.4,1437.6,1511,1534.7,1546.4,1547.2,1568.3,1631.6,1637.8,1659.9,1751.4,1795.8,1827,1835.1,1926.1,1869.1,1888.9,1930.1,1941.6,1982.9,1952.8,1985.7,1958.4,1740,1827.6,1722.7,1511.8,1571.3,1568.5,1351.5,1241.9,1207,1153,973.6,788.1,910,851.3,694.4
2023F,US,CLICE,421.8,403.6,407.8,426.8,456,474.5,482.1,456.9,449.7,433.3,425.3,362,366.6,372.7,362.6,339.5,336.6,320,319.9,338.8,287.9,290.1,234.3,230.2,263.4,257.3,246,250.9,269.8,263.4,258.7,245.4,239.6,237,241.1,240.9,230.5,229.4,219,211.6,219,208.4,194.6,195.5,205.7,187.6,186.6,177.8,172.8,128.4,151.5,147.9,142.4,142.8,141.1,127.6,111.3,109.2,107.7,102.4,86.9,91.7,86.2,81.7
2023F,US,CLRCE,55.5,50.6,49.4,41.7,36,33.4,33.1,28.4,25.1,23.6,19.9,16.4,11.1,9,7.9,6,5.6,5.5,4.7,3.6,3,2.9,3.1,3,3.8,3.7,3.9,3.6,3.6,2.9,3,2.4,2.5,2.5,2,1.7,1.6,1.5,1.2,1.3,1,1,1.1,1.2,1.1,0.8,0.6,0.7,0,0,0,0,0,0,0,0,0,0,0,0,0,0,0,0
2023F,US,CLTCE,925.1,905.4,932.8,980.6,1031.5,1088.3,1141,1120.8,1160.7,1162.7,1149,1090.1,1138.6,1220.9,1199.4,1195.6,1281.6,1315.5,1315.6,1428.8,1458.4,1506.8,1444.8,1502.8,1611.4,1661.6,1634.3,1704.4,1797,1812.1,1820,1806.1,1821.7,1882.2,1892.1,1913.6,1994.9,2039,2056.8,2057.8,2154.4,2087,2093,2134.7,2158.2,2180.4,2146.2,2171,2138.7,1875.3,1985.6,1876.5,1658.3,1718.1,1713.4,1482,1355.5,1318.2,1262.6,1077.6,876.4,1003.1,938.9,777.2
2023F,US,FFACE,746.9,757.5,789.6,820,844.3,874.1,921,967.2,1046.2,1091.3,1131.7,1176.3,1246.5,1312.1,1278.2,1288.6,1350.5,1402.9,1460.1,1449.9,1394.9,1381.1,1350.3,1356.1,1388.3,1420.1,1470.2,1517.1,1576.7,1587.7,1583.6,1564,1587.5,1601,1640.9,1675.9,1725.6,1745.5,1782.4,1828.6,1884.5,1855.8,1895.5,1912.6,1967.5,1988.1,2019.5,2022.2,1892.3,1827,1842.4,1808.4,1771.7,1791.4,1809.8,1833.7,1865.9,1884,1915.5,1921.8,1631,1806.9,1842.5,1854.9
2023F,US,FFCCE,186.4,187.6,196.3,193.7,194.5,207.7,220.9,239.4,246.2,255.6,262.5,266.9,271.5,274.1,262.2,247.9,267.6,262.9,264.9,265,247.6,229.9,230.7,232.1,242.1,223.2,222.7,225.8,236.9,233.8,225.4,226.3,227.5,225.2,227.6,230.9,239.7,239.9,223.1,225.3,238.5,229.3,230.8,241.4,237.9,227,207.3,216.7,225.6,223.1,220.6,221.6,200.9,222.6,233.8,239.4,231.5,233.2,253.8,254.8,232.9,244.8,260.6,245.3
2023F,US,FFEIE,538.1,556.2,589.5,641.9,687,735.6,809.5,840.1,926.9,995.9,1061.4,1098.8,1195.1,1285.8,1251.1,1244.8,1353.5,1442.3,1449.2,1509.6,1555.4,1564.9,1486.8,1528.5,1594.9,1636.5,1623,1687.5,1772,1831.8,1820.3,1817.5,1830.8,1906.4,1930.7,1947.8,2020.4,2087.7,2176.7,2189.6,2296.4,2258.7,2272.7,2303.9,2334.8,2400.5,2344.7,2411,2359.7,2145.7,2259.6,2158.9,2023.9,2038.8,2037.8,1901,1809.2,1732.3,1754.2,1607.6,1439.8,1541.4,1532,1414.1
2023F,US,FFICE,1056.3,1046.8,1076,1118.6,1184.6,1228.1,1272,1260.3,1287.9,1315.3,1320.5,1276.7,1318.8,1378,1318.3,1197.6,1251.9,1269.5,1257.4,1304,1180.2,1108.6,977.4,928.3,1021.8,975.9,950.7,985.6,1042.3,1042.9,1061.7,1029.1,1079.6,1070.4,1089.2,1100.3,1133.6,1140.3,1101,1082.2,1077.5,1052.2,1034.8,1030.9,1068.8,1014.3,1021.6,1007.3,974,854.5,922.9,929.1,941.4,961.1,971.5,945.6,943.6,961.5,998.4,1003,949.3,972.8,955.6,954.4
2023F,US,FFRCE,386.9,394.7,413.7,411.9,410.4,421.9,433.4,445.5,458.6,475.2,477.8,483.3,495,474.8,450.5,450,472.6,458.5,456.3,422.9,381.5,355.3,354.1,335.4,359.6,355.1,346.8,352.4,373.7,380.4,339.4,346.3,356.1,372.5,363.8,361.1,389.9,371.5,338.5,359.4,379.5,367.1,367.8,385.8,372.3,364.7,323,344,357.1,338.5,335.6,325.9,286,332.3,348.8,322.3,298.5,301.5,343.8,346.5,318.9,325.3,340.5,313.3
2023F,US,FFTCE,2914.6,2942.8,3065.1,3186,3320.9,3467.3,3656.7,3752.5,3965.8,4133.2,4253.9,4302,4526.9,4724.8,4560.3,4428.8,4696.1,4836.1,4887.9,4951.3,4759.5,4639.8,4399.3,4380.3,4606.6,4610.8,4613.4,4768.6,5001.5,5076.5,5030.4,4983.3,5081.5,5175.5,5252.2,5316,5509.1,5584.9,5621.7,5685.1,5876.4,5763.1,5801.6,5874.5,5981.3,5994.7,5916.2,6001.2,5808.7,5388.8,5581.2,5444,5223.9,5346.2,5401.8,5242.1,5148.7,5112.5,5265.6,5133.7,4571.8,4891.3,4931.1,4781.9
2023F,US,NNACE,19,20.7,21,23.2,23.9,27.5,29.3,31.5,32.2,34.4,39.3,40.4,41.7,39.5,36.3,31.5,29.6,28.8,28.7,32.5,34.5,35,32.5,26.8,28.9,27.6,26.6,28.5,33.6,34.4,36.2,32.9,32.4,34.3,37.6,38.6,39.3,41.9,35.3,35.8,35.7,34.8,37.1,33.3,32,33.1,33.2,35.3,36.8,38,38.3,39.1,41.5,47.1,40.4,39.5,40.1,42.4,50.9,58.9,58.7,65,72.1,71.4
2023F,US,NNCCE,56,59.1,66.2,69,74.9,78.6,88.5,106.8,113.2,122.8,130.1,136.2,141.8,141,138.6,135.5,144,135,140.1,150.3,139.5,134.6,139.8,131.2,136.1,131,124.8,131.2,144.1,147,141.4,147.3,151.3,154.6,156.5,164,171.1,174.2,163,164.9,171.9,163.8,170.2,172.6,169.6,162.7,153.4,163.4,170.8,168.9,167.7,170.6,156.9,179.2,189.2,175.4,170.5,173.5,192.7,193.1,173.8,180.6,192.7,183
2023F,US,NNEIE,94.6,100.2,107.9,117.7,127.7,127.7,143.8,151.3,173,191.3,214.6,216.9,216.6,198.2,186.2,171.3,167.2,174,174.6,191.1,201.4,199,176.6,158.4,170.2,167.1,142.4,155.3,143.4,169,176.3,179.7,186.9,188.3,211.7,229.2,205.6,219.7,248.5,260.7,281.8,291,306.9,278.7,297.4,319.7,338.7,372.3,362.9,373.5,400.6,410.4,493.8,445,444,525.9,545.9,506.4,578.9,617.8,635.5,613.8,660.2,705
2023F,US,NNICE,306.5,316.6,331,347.1,365.7,377.2,400.8,413.8,442.4,473.1,487.4,505.5,507,536.3,514.3,439.8,451.8,445.7,441.5,440.5,429.1,422,364.5,348.4,381.4,362.1,342.6,374.9,394.3,417.3,435.9,441.8,458.5,465.7,469.6,493.5,510,515.7,503.2,481.7,488.1,442.9,453.3,439.8,443.5,409.9,407.2,416.2,416.5,392.2,427.2,438.3,454.4,470.3,486.4,477.2,486.5,499,529.7,537.1,527.4,535.4,544.3,547.8
2023F,US,NNRCE,170.3,178.3,190.9,195.9,206.8,213.1,225.9,235.4,242.7,257.9,262.6,270,278.7,265.1,259.7,266.4,273,260.6,264.4,267.9,253.7,242.5,248.3,236.2,245.8,239.2,232.4,233.1,250.1,258.9,237.2,246,253.1,268,262,262.3,283.9,270,245.7,255.7,269.1,258.3,264.4,275.7,263.8,261.7,236.6,256.1,265.1,258.9,258.5,254.9,224.8,266.2,277.6,252.9,238.7,242.2,274.4,276.1,257.2,259.3,272.9,248
2023F,US,NNTCE,646.5,674.8,717,753,798.9,824.1,888.3,938.7,1003.5,1079.6,1133.9,1169,1185.8,1180.2,1135,1044.6,1065.6,1044.1,1049.3,1082.2,1058.2,1033.1,961.7,901,962.3,927.1,868.7,923,965.5,1026.6,1027.1,1047.7,1082.2,1110.9,1137.4,1187.6,1209.9,1221.4,1195.7,1198.8,1246.6,1190.7,1231.8,1200,1206.3,1187.2,1169.1,1243.3,1252.1,1231.6,1292.4,1313.2,1371.4,1407.9,1437.6,1470.9,1481.8,1463.5,1626.5,1683,1652.6,1654.1,1742.3,1755.2
2023F,US,PMACE,720.7,734.9,767,795.2,818.7,845.1,890.2,934.7,1013,1056.2,1091.8,1135.5,1204.5,1272.4,1241.8,1257,1320.8,1374,1431.4,1417.4,1360.4,1346.1,1317.7,1329.3,1359.4,1392.5,1443.7,1488.6,1543.1,1553.3,1547.4,1531,1555.1,1566.8,1603.2,1637.3,1686.3,1703.6,1747.1,1792.8,1848.7,1821,1858.4,1879.3,1935.5,1955,1986.3,1987,1855.5,1789,1804.2,1769.3,1730.2,1744.3,1769.4,1794.2,1825.8,1841.6,1864.6,1862.9,1572.3,1741.9,1770.4,1783.5
2023F,US,PMCCE,91.8,93.3,95.7,94.5,93.5,103.8,107.4,111.1,113.3,114.3,116.7,113.6,115.1,117.7,106.9,98.4,109.8,113.6,109,100.3,96.8,82.2,76,85.3,89.8,79,84.9,82.5,80.2,75.7,72.1,67.9,64.9,59.4,59.9,55.8,57.1,53.5,50.5,50.7,58.3,57.1,52.3,60.8,58.5,55.1,47.7,46.5,47.2,47.2,46.3,45.2,39.9,39.5,40.8,61.1,58.7,57.7,59.3,60.1,57.7,62.8,66.4,61.2
2023F,US,PMEIE,41.5,41.8,42,43.9,47.6,54.2,66.3,75.8,88.7,117.9,159.4,187.6,232.6,263.9,252.8,237.5,260.8,292.6,299.3,246.5,197.7,165.3,117.7,116,96.7,82,109.2,94.6,117.6,128.1,97.5,90.7,75.5,86.4,81.2,58.7,63.4,72.2,101.3,93.8,88.5,98.6,76.9,95.1,95.8,98,53.3,53,38.4,32.2,31.4,25.8,18.3,22.4,25.3,23.7,21.4,18.9,22.2,16.2,16.2,17.7,20.5,14.7
2023F,US,PMICE,328,326.7,337.2,344.7,363,376.5,389.1,389.6,395.9,408.9,407.8,409.3,445.1,469,441.5,418.2,463.6,503.8,496,524.7,463.2,396.5,378.6,349.6,376.9,356.5,362.1,359.8,378.2,362.1,367.1,342,381.5,367.7,378.5,365.8,393.1,395.2,378.7,388.8,370.3,400.9,386.9,395.6,419.5,416.8,427.8,413.2,384.8,333.9,344.2,342.9,344.6,348,344.1,340.8,345.7,353.2,361,363.5,335.1,345.7,325,324.9
2023F,US,PMRCE,161.1,165.9,173.4,174.2,167.7,175.4,174.3,181.7,190.7,193.7,195.3,196.9,205.3,200.7,182.9,177.6,193.9,192.5,187.2,151.4,124.7,109.9,102.8,96.3,110,112.2,110.5,115.7,120,118.5,99.2,97.9,100.5,102.1,99.8,97.2,104.4,100,91.6,102.4,109.4,107.8,102.3,109,107.4,102.1,85.8,87.2,92,79.6,77.1,71,61.2,66.1,71.2,69.4,59.8,59.3,69.4,70.4,61.6,66,67.6,65.2
2023F,US,PMTCE,1343.1,1362.6,1415.3,1452.5,1490.5,1554.9,1627.4,1693,1801.6,1890.9,1970.9,2042.9,2202.6,2323.7,2225.9,2188.6,2348.9,2476.5,2523,2440.3,2242.9,2100,1992.8,1976.5,2032.9,2022.1,2110.3,2141.2,2239.1,2237.8,2183.3,2129.5,2177.6,2182.4,2222.7,2214.8,2304.3,2324.5,2369.3,2428.6,2475.4,2485.4,2476.8,2539.8,2616.8,2627.1,2600.9,2586.9,2417.9,2281.9,2303.2,2254.3,2194.2,2220.3,2250.8,2289.2,2311.5,2330.7,2376.5,2373.1,2042.8,2234.2,2249.9,2249.5
2023F,US,TEACE,746.9,757.5,789.6,820,844.3,874.1,921,967.2,1046.2,1091.3,1131.7,1176.3,1246.5,1312.1,1278.2,1288.6,1350.5,1402.9,1460.1,1449.9,1394.9,1381.1,1350.3,1356.1,1388.3,1420.1,1470.2,1517.1,1576.7,1587.7,1583.6,1564,1587.5,1601,1640.9,1675.9,1725.6,1745.5,1782.4,1828.6,1884.5,1855.8,1895.5,1912.6,1967.5,1988.1,2019.5,2022.2,1892.3,1827,1842.4,1808.4,1771.7,1791.4,1809.8,1833.7,1865.9,1884,1915.5,1921.8,1631,1806.9,1842.5,1854.9
2023F,US,TECCE,186.4,187.6,196.3,193.7,194.5,207.7,220.9,239.4,246.2,255.6,262.5,266.9,271.5,274.1,262.2,247.9,267.6,262.9,264.9,265,247.6,229.9,230.7,232.1,242.1,223.2,222.7,225.8,236.9,233.8,225.4,226.3,227.5,225.2,227.6,230.9,239.7,239.9,223.1,225.3,238.5,229.3,230.8,241.4,237.9,227,207.3,216.7,225.6,223.1,220.6,221.6,200.9,222.6,233.8,239.4,231.5,233.2,253.8,254.8,232.9,244.8,260.6,245.3
2023F,US,TEEIE,538.1,556.2,589.5,641.9,687,735.6,809.5,840.1,926.9,995.9,1061.4,1098.8,1195.1,1285.8,1251.1,1244.8,1353.5,1442.3,1449.2,1509.6,1555.4,1564.9,1486.8,1528.5,1594.9,1636.5,1623,1687.5,1772,1831.8,1820.3,1817.5,1830.8,1906.4,1930.7,1947.8,2020.4,2087.7,2176.7,2189.6,2296.4,2258.7,2272.7,2303.9,2334.8,2400.5,2344.7,2411,2359.7,2145.7,2259.6,2158.9,2023.9,2038.8,2037.8,1901,1809.2,1732.3,1754.2,1607.6,1439.8,1541.4,1532,1414.1
2023F,US,TEICE,1056.3,1046.8,1076,1118.6,1184.6,1228.1,1272,1260.3,1287.9,1315.3,1320.5,1276.7,1318.8,1378,1318.3,1197.6,1251.9,1269.5,1257.4,1304,1180.2,1108.6,977.4,928.3,1021.8,975.9,950.7,985.6,1042.3,1042.9,1061.7,1029.1,1079.6,1070.4,1089.2,1100.3,1133.6,1140.3,1101,1082.2,1077.5,1052.2,1034.8,1030.9,1068.8,1014.3,1021.6,1007.3,974,854.5,922.9,929.1,941.4,961.1,971.5,945.6,943.6,961.5,998.4,1003,949.3,972.8,955.6,954.4
2023F,US,TERCE,386.9,394.7,413.7,411.9,410.4,421.9,433.4,445.5,458.6,475.2,477.8,483.3,495,474.8,450.5,450,472.6,458.5,456.3,422.9,381.5,355.3,354.1,335.4,359.6,355.1,346.8,352.4,373.7,380.4,339.4,346.3,356.1,372.5,363.8,361.1,389.9,371.5,338.5,359.4,379.5,367.1,367.8,385.8,372.3,364.7,323,344,357.1,338.5,335.6,325.9,286,332.3,348.8,322.3,298.5,301.5,343.8,346.5,318.9,325.3,340.5,313.3
2023F,US,TETCE,2914.6,2942.8,3065.1,3186,3320.9,3467.3,3656.7,3752.5,3965.8,4133.2,4253.9,4302,4526.9,4724.8,4560.3,4428.8,4696.1,4836.1,4887.9,4951.3,4759.5,4639.8,4399.3,4380.3,4606.6,4610.8,4613.4,4768.6,5001.5,5076.5,5030.4,4983.3,5081.5,5175.5,5252.2,5316,5509.1,5584.9,5621.7,5685.1,5876.4,5763.1,5801.6,5874.5,5981.3,5994.7,5916.2,6001.2,5808.7,5388.8,5581.2,5444,5223.9,5346.2,5401.8,5242.1,5148.7,5112.5,5265.6,5133.7,4571.8,4891.3,4931.1,4781.9
2023F,UT,CDEGR,,,,,,,,,,,,,,,,,,,,,,,,,,,,,,,,,,,,,,708.7,696.4,655.9,662.7,630.3,608.2,606.4,592.5,570.1,539.1,528.3,522.2,497.1,478.8,466.2,438.5,458.7,435.1,409.1,361.5,342.8,336,318.6,294.1,295,276.8,243.9
2023F,UT,CDTCR,71.4,70.6,68.5,68.4,68.2,68.4,68.6,67.9,67.9,67.6,67.1,67.5,66.6,68.5,69.1,69.8,67.6,70.7,70.9,71.3,71.7,73,72.1,71.7,72,72.6,73.4,76.7,78.4,78,78.6,76.4,78.1,77.3,77.5,75.9,75.4,76.2,76.2,76,76.5,77.1,77.4,77,77.8,77.5,76.4,75.9,75.5,75.2,74.6,73.9,73.2,73.6,73.3,72.8,70.3,70.4,70,69.4,68.8,69.6,68,65.7
2023F,UT,CDTPR,23.3,21.9,21,20.4,21.7,22.3,22.7,21.8,22.6,23.6,22.9,23.2,22.7,24.1,24.7,25.1,24.1,24.2,24.9,25.8,24.4,22.2,20.7,21,22.1,22.4,21.6,26.5,30.6,30.6,31.5,30,30,29.9,29.5,28.8,28.4,28.8,29.4,28.3,29.1,27.7,26.9,26.9,27.5,27.5,27.2,27.2,26.2,23.9,23.1,22.9,21.6,22.9,22.2,21.3,19.3,19,19.4,19.2,17.4,18.6,17.7,16
2023F,UT,CLACE,0.1,0,0,0,0,0,0,0,0,0,0,0,0,0,0,0,0,0,0,0,0,0,0,0,0,0,0,0,0,0,0,0,0,0,0,0,0,0,0,0,0,0,0,0,0,0,0,0,0,0,0,0,0,0,0,0,0,0,0,0,0,0,0,0
2023F,UT,CLCCE,0.3,0.2,0.3,0.2,0.2,0.2,0.2,0.2,0.1,0.2,0.1,0.3,0.2,0.3,0.6,0.2,0.3,0.5,0.5,1,0.4,0.4,0.3,0.4,0.5,0.4,0.3,0.2,0.3,0.4,0.5,0.6,0.4,0.2,0.2,0.1,0.2,0.2,0.2,0.2,0.1,0.1,0.4,0.1,0.4,0.1,0.1,0,0,0,0,0,0,0,0,0,0,0,0,0,0,0,0,0
2023F,UT,CLEIE,1.2,1.3,1.1,1.1,1,0.9,1.1,1,1,0.9,1,1,1.3,2.3,2.9,4.6,2.8,5.6,7,9.2,10.7,10.8,10.9,11.4,12.4,14.2,14.8,24.7,27.4,28.3,29.7,28,30.1,30.8,31.5,29.7,30.2,31.2,32,32.7,33.1,32.3,33.6,34.8,35.1,35.5,34.9,35.3,35.9,33.3,32.4,31.7,29.5,32.5,31.5,30.1,24.4,25.2,25.3,24.7,22.7,25.7,22.1,16
2023F,UT,CLICE,6.5,5.6,4.3,4.1,5.1,5.6,5.8,5.3,5.5,5.9,6,5.7,5.5,6.5,6.3,5.9,6.2,6.2,5.9,5.6,4.6,5.3,3.8,3.4,4.5,4.1,2.7,1.1,4.2,4.4,4.5,4.1,3.9,4.1,4.3,4.4,3.7,4.1,5.3,3.5,5,4.1,1.3,1.3,2.6,3.1,1.5,2,1.9,1.5,1.6,1.3,1.3,1.4,1.3,1.4,1.3,1.1,0.8,0.8,0.7,0.7,0.7,0.7
2023F,UT,CLRCE,0.4,0.4,0.4,0.3,0.3,0.3,0.3,0.3,0.2,0.2,0.1,0.3,0.2,0.2,0.3,0.1,0.1,0.2,0.1,0.2,0.1,0.1,0.1,0.1,0.1,0.1,0.1,0.1,0.1,0.1,0.1,0.1,0.1,0,0,0,0,0,0,0,0,0,0.1,0,0,0,0,0,0,0,0,0,0,0,0,0,0,0,0,0,0,0,0,0
2023F,UT,CLTCE,8.4,7.6,6.1,5.8,6.6,7,7.3,6.7,6.8,7.2,7.3,7.3,7.2,9.2,10,10.8,9.5,12.4,13.5,16.1,15.8,16.5,15.1,15.1,17.5,18.8,17.9,26,32.1,33.2,34.8,32.7,34.5,35.1,36.1,34.3,34.1,35.5,37.6,36.5,38.3,36.6,35.4,36.2,38.2,38.7,36.5,37.3,37.8,34.8,34,33.1,30.8,33.9,32.8,31.5,25.7,26.3,26.1,25.5,23.4,26.5,22.8,16.7
2023F,UT,FFACE,4.6,4.3,4.7,4.7,4.8,5,5.6,5.5,6,6.3,6.5,7,7.3,7.8,8,8.1,8.3,8.7,9.3,9.4,9,8.8,8.7,9,9.1,9.4,10.1,10.4,10.8,10.2,10.6,11,11.2,11.6,11.8,12.9,13.5,14.1,14.3,14.8,15.8,15.1,15.6,16,16.6,16.7,18.5,18.3,16.8,16.1,15.7,16.7,16.1,16.3,16.5,16.9,17.2,17.6,18.8,18.4,17.1,18.3,19.2,19.5
2023F,UT,FFCCE,1.4,1.6,1.8,1.8,1.9,1.8,1.4,1.4,1.5,1.6,1.4,1.7,1.5,1.8,2,1.7,2.3,2.1,2,1.8,1.5,0.6,1.7,1.4,1.4,1.3,1.1,1.5,1.8,1.6,1.7,1.9,1.6,1.7,1.9,1.9,2,2.2,2.2,2.2,2.1,2.3,2.6,2.2,2.5,2.3,2.3,2.3,2.4,2.4,2.4,2.6,2.3,2.7,2.5,2.4,2.6,2.7,2.8,3.1,2.9,3,3.2,3.4
2023F,UT,FFEIE,2.5,2.6,2.2,2.1,1.9,1.9,2.1,2,2,1.8,2,2,2.1,2.7,3.2,4.8,3,6,7.4,9.7,11,11,11,11.5,12.5,14.3,14.8,24.8,27.5,28.4,29.8,28.3,30.5,31.1,32,30.2,30.5,31.4,32.4,33.1,33.7,33.2,34.5,35.6,35.6,36.2,36.6,38.5,39,36.1,35.1,34,32.1,35.3,34.7,33.2,27.7,27.5,28.7,28.4,26.4,29.9,26.5,20.9
2023F,UT,FFICE,10.8,10.2,9.4,9.4,10.7,11.4,11.5,10.9,11.5,12.4,11.9,11.9,12,13.1,13.4,13,13.5,13,12.6,12.3,10.9,10.1,8.3,8.3,9.4,8.3,6.7,5.2,9,9.2,9.7,9.1,8.9,9.1,9.1,10.2,9.6,10,11.4,9.1,10.5,9.3,6.3,6.6,7.8,8.9,7.9,8.1,7.7,6.7,7,7.2,7.7,8.2,8,7.7,7.5,7.4,7.1,7.1,6.6,6.8,6.7,6.5
2023F,UT,FFRCE,1.7,1.8,2,1.9,2,1.9,2.2,2.3,2.3,2.6,2.5,3,2.8,2.9,3.1,3.4,3.7,2.2,2.8,3.5,3.6,3.3,2.5,3.4,3.4,3.6,3.1,2.6,2.7,2.9,2.8,3.1,2.7,3.1,2.9,2.9,3.1,3.4,3.2,3.2,3.3,3.3,3.5,3.2,3.6,3.4,3.5,3.5,3.9,3.8,3.8,4,3.4,4.1,3.6,3.3,3.6,3.8,3.9,4.4,4.2,4.1,4.5,4.7
2023F,UT,FFTCE,21,20.5,20.1,19.9,21.2,22.1,22.9,22.2,23.3,24.7,24.4,25.5,25.8,28.2,29.6,31,30.7,32,34.1,36.6,35.9,33.7,32.2,33.5,35.8,36.9,35.9,44.5,51.6,52.3,54.5,53.4,55,56.7,57.8,58,58.7,61.1,63.6,62.4,65.4,63.2,62.5,63.6,66,67.5,68.8,70.7,69.8,65.1,64,64.5,61.7,66.5,65.3,63.6,58.8,59,61.2,61.4,57.3,62.1,60.2,55
2023F,UT,NNACE,0,0,0,0,0,0,0,0,0,0,0,0,0,0,0,0,0,0,0,0,0,0,0.1,0.1,0.1,0.1,0.1,0,0.1,0.1,0.1,0,0.1,0.2,0.2,0.2,0.2,0.2,0.2,0.2,0.2,0.3,0.4,0.4,0.5,0.5,0.6,0.7,0.7,0.6,0.6,0.6,0.7,0.8,0.8,0.8,0.7,0.6,0.7,0.7,0.7,0.7,0.7,0.7
2023F,UT,NNCCE,0.6,0.6,0.7,0.6,0.8,0.8,0.3,0.3,0.4,0.5,0.5,0.4,0.4,0.5,0.3,0.3,0.7,0.5,0.4,0,0,0,1.1,0.5,0.5,0.5,0.2,0.8,1,1,0.9,1.1,0.9,1.3,1.5,1.5,1.6,1.7,1.7,1.7,1.7,1.7,1.9,1.8,1.7,1.9,1.9,1.9,2.1,2.1,2.1,2.2,2,2.3,2.1,2,2.2,2.3,2.3,2.6,2.4,2.4,2.6,2.7
2023F,UT,NNEIE,0.2,0.3,0.3,0.2,0.2,0.2,0.4,0.4,0.3,0.2,0.2,0.1,0.2,0.2,0.2,0.2,0.1,0.3,0.4,0.3,0.3,0.2,0.2,0.1,0,0,0,0,0,0,0,0.3,0.4,0.4,0.5,0.5,0.2,0.2,0.3,0.4,0.6,0.8,0.8,0.8,0.5,0.7,1.6,3.1,3.1,2.7,2.7,2.2,2.6,2.7,3.2,3.1,3.3,2.2,3.3,3.7,3.7,4.2,4.4,4.8
2023F,UT,NNICE,1.8,1.9,2.1,2.3,2.6,2.7,2.5,2.4,2.6,3,3,2.9,3,2.9,2.9,2.7,3,2.7,2.6,2.9,2.9,2.4,2.2,2.5,2.8,2.6,2,2.3,2.6,2.8,3.1,3.1,3,3,2.7,3.8,3.7,3.7,3.9,3.5,3.5,2.9,2.6,2.5,2.5,2.5,2.9,3.1,2.9,2.8,3,3.2,3.6,3.9,3.7,3.6,3.4,3.3,3.2,3.2,3.1,3.1,3,2.9
2023F,UT,NNRCE,1.2,1.4,1.5,1.4,1.6,1.5,1.8,1.9,2,2.2,2.2,2.5,2.4,2.4,2.5,3,3.3,1.8,2.4,3.1,3.3,3.1,2.3,3.1,3.1,3.3,2.9,2.4,2.4,2.6,2.5,2.9,2.6,3,2.8,2.8,3,3.2,3.2,3.1,3.1,3.1,3.3,3.1,3.4,3.2,3.4,3.4,3.7,3.6,3.7,3.9,3.3,3.9,3.5,3.2,3.5,3.7,3.7,4.2,4.1,4,4.4,4.6
2023F,UT,NNTCE,3.8,4.1,4.6,4.6,5.2,5.2,5,5.1,5.3,5.8,6,5.9,6.1,6.1,6,6.2,7.2,5.3,5.9,6.3,6.5,5.7,5.8,6.2,6.5,6.5,5.2,5.6,6.2,6.5,6.6,7.5,6.9,7.8,7.7,8.7,8.8,9,9.3,8.9,9.1,8.8,9.1,8.6,8.7,8.9,10.4,12.2,12.5,11.8,12.1,12.2,12.2,13.6,13.2,12.7,13.1,12.1,13.3,14.5,14,14.4,15.1,15.7
2023F,UT,PMACE,4.5,4.3,4.7,4.7,4.7,5,5.6,5.5,5.9,6.3,6.5,7,7.3,7.8,8,8.1,8.3,8.6,9.2,9.4,9,8.7,8.6,8.9,9.1,9.3,10.1,10.4,10.7,10.1,10.6,11,11.2,11.5,11.7,12.7,13.3,13.9,14.2,14.6,15.6,14.8,15.3,15.6,16.1,16.2,17.8,17.6,16.1,15.6,15.1,16.1,15.4,15.6,15.7,16.1,16.5,17,18.1,17.7,16.4,17.6,18.6,18.8
2023F,UT,PMCCE,0.6,0.8,0.9,0.9,0.9,0.9,0.9,0.9,1,1,0.8,1,0.9,1,1.1,1.2,1.2,1.2,1.1,0.8,1,0.2,0.3,0.6,0.5,0.3,0.5,0.5,0.4,0.3,0.3,0.3,0.2,0.2,0.2,0.2,0.2,0.2,0.3,0.3,0.2,0.4,0.3,0.3,0.3,0.3,0.3,0.3,0.3,0.3,0.3,0.4,0.4,0.4,0.4,0.4,0.5,0.4,0.4,0.4,0.5,0.6,0.6,0.7
2023F,UT,PMEIE,1.1,1,0.8,0.8,0.7,0.8,0.7,0.7,0.7,0.8,0.8,0.9,0.6,0.2,0.1,0.1,0,0.1,0.1,0.1,0.1,0,0,0,0,0,0.1,0.1,0,0,0,0,0,0,0,0,0,0,0,0,0,0,0,0,0,0,0.1,0,0,0,0,0,0,0,0,0,0,0,0,0,0,0,0,0
2023F,UT,PMICE,2.5,2.7,3,3,3,3.1,3.3,3.2,3.4,3.5,2.9,3.3,3.5,3.8,4.2,4.3,4.2,4.1,4.1,3.8,3.4,2.4,2.2,2.5,2.1,1.7,2,1.8,2.1,2,2.1,1.9,2.1,2,2.1,2,2.2,2.3,2.2,2.1,2,2.3,2.3,2.7,2.6,3.2,3.5,3.1,2.9,2.4,2.4,2.7,2.8,2.9,3,2.7,2.9,3,3.1,3,2.9,3,3,2.9
2023F,UT,PMRCE,0.1,0.1,0.1,0.1,0.1,0.1,0.1,0.2,0.2,0.2,0.2,0.2,0.2,0.3,0.3,0.3,0.2,0.2,0.2,0.2,0.1,0.1,0.1,0.2,0.2,0.1,0.1,0.2,0.2,0.2,0.1,0.1,0.1,0.1,0.1,0.1,0.1,0.1,0.1,0.1,0.1,0.2,0.1,0.1,0.1,0.1,0.2,0.2,0.2,0.2,0.1,0.1,0.1,0.1,0.1,0.1,0.1,0.2,0.2,0.2,0.1,0.1,0.2,0.2
2023F,UT,PMTCE,8.8,8.8,9.4,9.5,9.5,9.9,10.6,10.4,11.2,11.7,11.2,12.3,12.5,13,13.6,14,14,14.3,14.7,14.2,13.5,11.4,11.3,12.1,11.8,11.6,12.7,12.9,13.4,12.6,13.1,13.3,13.6,13.8,14.1,15,15.8,16.6,16.7,17.1,18,17.8,18.1,18.7,19.1,19.9,21.8,21.2,19.5,18.5,17.9,19.3,18.7,19,19.2,19.3,20,20.6,21.8,21.4,19.9,21.2,22.3,22.6
2023F,UT,TEACE,4.6,4.3,4.7,4.7,4.8,5,5.6,5.5,6,6.3,6.5,7,7.3,7.8,8,8.1,8.3,8.7,9.3,9.4,9,8.8,8.7,9,9.1,9.4,10.1,10.4,10.8,10.2,10.6,11,11.2,11.6,11.8,12.9,13.5,14.1,14.3,14.8,15.8,15.1,15.6,16,16.6,16.7,18.5,18.3,16.8,16.1,15.7,16.7,16.1,16.3,16.5,16.9,17.2,17.6,18.8,18.4,17.1,18.3,19.2,19.5
2023F,UT,TECCE,1.4,1.6,1.8,1.8,1.9,1.8,1.4,1.4,1.5,1.6,1.4,1.7,1.5,1.8,2,1.7,2.3,2.1,2,1.8,1.5,0.6,1.7,1.4,1.4,1.3,1.1,1.5,1.8,1.6,1.7,1.9,1.6,1.7,1.9,1.9,2,2.2,2.2,2.2,2.1,2.3,2.6,2.2,2.5,2.3,2.3,2.3,2.4,2.4,2.4,2.6,2.3,2.7,2.5,2.4,2.6,2.7,2.8,3.1,2.9,3,3.2,3.4
2023F,UT,TEEIE,2.5,2.6,2.2,2.1,1.9,1.9,2.1,2,2,1.8,2,2,2.1,2.7,3.2,4.8,3,6,7.4,9.7,11,11,11,11.5,12.5,14.3,14.8,24.8,27.5,28.4,29.8,28.3,30.5,31.1,32,30.2,30.5,31.4,32.4,33.1,33.7,33.2,34.5,35.6,35.6,36.2,36.6,38.5,39,36.1,35.1,34,32.1,35.3,34.7,33.2,27.7,27.5,28.7,28.4,26.4,29.9,26.5,20.9
2023F,UT,TEICE,10.8,10.2,9.4,9.4,10.7,11.4,11.5,10.9,11.5,12.4,11.9,11.9,12,13.1,13.4,13,13.5,13,12.6,12.3,10.9,10.1,8.3,8.3,9.4,8.3,6.7,5.2,9,9.2,9.7,9.1,8.9,9.1,9.1,10.2,9.6,10,11.4,9.1,10.5,9.3,6.3,6.6,7.8,8.9,7.9,8.1,7.7,6.7,7,7.2,7.7,8.2,8,7.7,7.5,7.4,7.1,7.1,6.6,6.8,6.7,6.5
2023F,UT,TERCE,1.7,1.8,2,1.9,2,1.9,2.2,2.3,2.3,2.6,2.5,3,2.8,2.9,3.1,3.4,3.7,2.2,2.8,3.5,3.6,3.3,2.5,3.4,3.4,3.6,3.1,2.6,2.7,2.9,2.8,3.1,2.7,3.1,2.9,2.9,3.1,3.4,3.2,3.2,3.3,3.3,3.5,3.2,3.6,3.4,3.5,3.5,3.9,3.8,3.8,4,3.4,4.1,3.6,3.3,3.6,3.8,3.9,4.4,4.2,4.1,4.5,4.7
2023F,UT,TETCE,21,20.5,20.1,19.9,21.2,22.1,22.9,22.2,23.3,24.7,24.4,25.5,25.8,28.2,29.6,31,30.7,32,34.1,36.6,35.9,33.7,32.2,33.5,35.8,36.9,35.9,44.5,51.6,52.3,54.5,53.4,55,56.7,57.8,58,58.7,61.1,63.6,62.4,65.4,63.2,62.5,63.6,66,67.5,68.8,70.7,69.8,65.1,64,64.5,61.7,66.5,65.3,63.6,58.8,59,61.2,61.4,57.3,62.1,60.2,55
2023F,VA,CDEGR,,,,,,,,,,,,,,,,,,,,,,,,,,,,,,,,,,,,,,343.7,330.1,319.7,330.4,312.6,305.6,306.8,302.8,292.6,272.5,280,252.7,229.9,235.1,213.4,203.7,215.8,219.2,215,216.9,204,207.7,196.7,182.9,173.5,166.1,158.3
2023F,VA,CDTCR,72.9,72.9,73.3,73.4,73.4,73.5,72.9,73,72.9,71.7,71,70,69,65.3,65.2,63.7,64.2,63.3,59.7,63.9,61.3,58.4,57.6,57.6,59,56.6,58.2,60.6,59.9,62.6,57.7,58.3,58.3,58.6,56.9,57.1,57.6,58,58.1,57.7,59.8,61,60.7,61.2,59.8,59.3,58.9,59.3,57.7,55.5,56.2,54.9,52.5,53.5,52.9,52.3,51.9,50.4,50.6,49.6,47.8,48.2,47.9,47.2
2023F,VA,CDTPR,16.2,15.8,16.2,16.7,16.8,17.6,18.1,17.8,18.4,18.4,18.6,18.4,18.4,18.3,17.1,16.1,16.8,16.8,16.1,16.8,15.2,14.4,13.6,13.9,14.7,14.4,15,15.8,16.1,16.4,15.3,15.3,15.2,15.6,15.2,15.4,16,16.1,16.2,16.3,17.3,16.8,16.4,16.8,17.1,17.1,16,16.5,14.9,13.3,13.9,12.6,12,12.8,12.9,12.8,13,12.4,12.9,12.4,11.3,11.3,11.1,10.8
2023F,VA,CLACE,0.2,0.1,0,0,0,0,0,0,0,0,0,0,0,0,0,0,0,0,0,0,0,0,0,0,0,0,0,0,0,0,0,0,0,0,0,0,0,0,0,0,0,0,0,0,0,0,0,0,0,0,0,0,0,0,0,0,0,0,0,0,0,0,0,0
2023F,VA,CLCCE,1.3,1.1,1.1,1,1,0.8,0.8,0.7,0.7,0.6,0.5,0.5,0.5,0.7,1,0.5,0.7,0.7,0.4,0.4,0.4,0.3,0.5,0.5,0.6,0.5,0.5,0.6,0.5,0.4,0.5,0.3,0.4,0.6,0.6,0.6,0.8,0.4,0.4,0.3,0.2,0.3,0.2,0.2,0.2,0.3,0.1,0.2,0.2,0.2,0.2,0.2,0.1,0.1,0.2,0.1,0.1,0.1,0.1,0.1,0,0,0,0
2023F,VA,CLEIE,15.9,16.7,18.7,19.4,20.5,20.8,21,20.6,23,19.7,15.7,13.6,11.5,11.5,10,9.1,13.2,11.6,10,12.2,13.2,15.4,15.7,15.8,17.6,17.5,18,20.2,20.6,25.2,22,23.1,24.6,27.7,25.3,27.3,31.1,32.2,33,34.1,39.4,37.3,37.4,35.5,34.8,35.2,33.6,35.7,31.6,25.6,25.9,20.6,14.7,21.4,20.8,17.5,16.9,11.1,10.1,4.1,3.8,3,3.2,1.4
2023F,VA,CLICE,10.9,11.8,11.4,12.5,12.3,13.9,13.6,12.9,11.9,10.2,9.4,7.3,6.5,6,5.3,6.3,5,5.1,5.6,7.6,8.3,9.3,8.4,9.6,10.8,10,10.2,11,11.2,10.8,11.1,12.7,11,9.2,9.1,8.5,8.6,8.3,8.1,7.8,8.6,8.7,8.3,8.4,8,8.1,7.6,7.7,7.7,6,6.8,6.6,6.3,6,5.5,4.4,4.3,4,4,3.9,3.3,3.4,3.1,2.9
2023F,VA,CLRCE,1.8,1.6,1.6,1.4,1.3,1.1,1.1,1,0.9,0.7,0.6,0.5,0.4,0.4,0.5,0.2,0.3,0.3,0.1,0.1,0.1,0.1,0.1,0.1,0.1,0.1,0.1,0.2,0.2,0.1,0.1,0.1,0.1,0.1,0.1,0.1,0.1,0,0,0,0,0,0,0,0,0,0,0,0,0,0,0,0,0,0,0,0,0,0,0,0,0,0,0
2023F,VA,CLTCE,30.1,31.2,32.8,34.2,35.2,36.7,36.7,35.1,36.5,31.2,26.1,21.9,18.9,18.6,16.8,16.1,19.2,17.8,16.2,20.2,21.9,25,24.6,26.1,29,28.1,28.7,32,32.5,36.4,33.7,36.1,36,37.6,35.2,36.5,40.6,41,41.6,42.2,48.2,46.3,45.9,44.1,43,43.6,41.3,43.6,39.5,31.8,32.9,27.4,21.1,27.6,26.4,22.1,21.2,15.2,14.2,8,7.1,6.5,6.4,4.4
2023F,VA,FFACE,20.9,19.5,20,21,22.1,23.8,25,27,27.9,30.1,31.9,33.6,34.6,35.7,34,33.4,35,35.8,36.6,35.9,34.3,34.4,33.1,33.9,34.3,35.7,37.7,40.3,42.6,40.9,41.5,40.6,40.3,41,41.7,42.4,42.9,44.3,45,45.8,48.8,48.6,48.8,51.1,54.7,55.5,56.8,56.6,51.7,49.8,52.2,50,50.4,50.2,52,51.6,53.2,53.7,54.9,55.8,46.8,50,49.8,51
2023F,VA,FFCCE,2.8,2.7,2.7,2.7,2.7,2.6,2.9,3.1,3.2,3.1,3.3,3.6,3.7,4.1,4.2,3.5,3.9,3.9,3.9,3.8,3.6,3.3,3.7,4.4,4.5,4.2,4.6,5,4.8,4.5,4.5,4.2,4.6,5,5.1,5.3,6.1,5.6,5.4,5.4,5.9,5.4,5,5.8,5.7,5.7,5,5.1,4.9,4.9,5,4.7,4.5,4.9,5.4,5.8,5.7,5.8,6.2,6.1,5.6,5.9,6.1,5.7
2023F,VA,FFEIE,16.1,16.9,18.8,19.5,20.7,21,21.2,20.9,23.4,24.4,24.8,24.6,24.5,24.2,23.6,22,25.5,25.2,23.1,24.1,20.6,18.8,17.4,17.3,19,18.3,20.3,22.5,22.7,28.6,23.4,25.5,27.1,31.6,29.5,30.8,33.6,34.8,37.2,38.7,43.4,42.8,42,41.6,41.3,42.1,37.5,42.1,36.8,31.6,34.5,28.7,25.3,31.1,30.5,32,33.7,28.8,30.6,26.9,28.8,24.4,22.9,21.4
2023F,VA,FFICE,16.8,17.4,17.5,19.2,19.4,21.7,22,19.9,19.7,17.7,16.9,16.1,16.2,16.4,14.9,14.3,13.2,13.9,13.1,15.9,16.2,15.9,15,15.8,17.9,17.1,17.4,18.4,18.7,18.3,19.3,19.6,18.5,16.9,17.2,17.3,17.1,17.5,17.2,16.8,16.9,16.5,16.2,17.3,17.6,17.7,16.7,16.9,16.3,12.6,13,12.6,12.7,12.7,12.3,11.3,11.2,11.2,11.3,11.6,10.8,11.6,11.1,10.8
2023F,VA,FFRCE,8.2,8.4,8.7,8.9,8.4,8.5,9.3,9.6,9.8,9.4,9.7,9.4,9.6,9.1,8.2,7.9,8.5,8.5,7.9,9.7,7.1,5.9,5.6,5.8,7.4,7.2,7.4,7.8,8.3,7.9,6.5,6.4,6.9,7.1,7,7.1,8.1,7.7,7.1,7.2,8.2,7.5,7.3,8.3,8.4,8.4,7,7.4,7,6.9,7.1,6.4,5.4,6.5,7,6.5,5.7,5.6,6.6,6.1,5.8,6.2,6.4,5.7
2023F,VA,FFTCE,64.7,64.8,67.8,71.4,73.4,77.6,80.5,80.4,84,84.7,86.6,87.4,88.6,89.5,84.9,81.1,86,87.3,84.6,89.4,81.8,78.3,74.8,77.2,83,82.5,87.4,93.9,97.1,100.2,95.2,96.2,97.5,101.7,100.5,103,107.7,110,111.9,113.9,123.2,120.8,119.3,124.1,127.7,129.4,123,128.1,116.7,105.8,111.8,102.4,98.4,105.5,107.2,107.3,109.6,105.1,109.6,106.4,97.8,98.1,96.4,94.6
2023F,VA,NNACE,0.2,0.3,0.3,0.3,0.4,0.4,0.4,0.4,0.4,0.4,0.4,0.4,0.4,0.3,0.2,0.2,0.1,0.1,0.1,0.2,0.4,0.6,0.6,0.4,0.4,0.2,0.3,0.4,0.5,0.3,0.4,0.4,0.4,0.3,0.4,0.3,0.4,0.4,0.4,0.5,0.5,0.4,0.4,0.4,0.3,0.3,0.3,0.4,0.5,0.5,0.6,0.8,0.5,0.5,0.4,0.5,0.5,0.5,0.6,0.8,0.6,0.8,0.8,0.7
2023F,VA,NNCCE,0.6,0.7,0.7,0.7,0.7,0.8,1,1.2,1.3,1.5,1.6,1.9,1.9,2,1.9,1.7,1.9,1.9,2.3,1.8,2.1,1.9,2.1,2.1,1.9,1.9,2,2.2,2.3,2.4,2.3,2.4,2.8,2.9,2.9,3.1,3.3,3.4,3.2,3.4,3.6,3.3,3.4,3.5,3.5,3.6,3.4,3.7,3.7,3.7,3.8,3.5,3.3,3.7,4,3.8,3.8,3.8,4.2,4,3.8,4,4.2,3.8
2023F,VA,NNEIE,0.1,0.1,0.1,0.1,0.1,0.1,0.1,0.1,0.2,0.2,0.2,0.2,0.3,0.2,0.3,0,0,0.1,0.1,0.2,0.1,0.1,0.2,0.2,0.2,0.1,0,0.1,0.1,0.2,0.5,0.9,1.3,2.2,2.2,2.5,1.7,1.1,2.1,2.3,2,1.8,1.9,1.9,2.7,3.7,3.3,4.9,4.2,5.2,7.7,7.8,10.4,9.4,8.8,13.6,16.4,17.3,19.8,22.7,24.8,21.1,19.2,19.8
2023F,VA,NNICE,1.2,1.2,1.4,1.5,1.7,1.9,2.9,2.2,2.3,2.2,2.4,2.6,2.8,2.8,2.7,1.9,1.7,1.6,1.7,2.2,2.8,2.8,2.7,2.5,2.5,2.7,2.6,3,2.9,3.1,4,3.2,3.7,4,4.6,5.2,4.5,4.6,5,5.1,4.1,3.6,4.1,3.8,4,4.1,4,4,3.6,3.4,3.6,3.9,4.3,4.5,4.8,5,5.1,5.4,5.5,5.7,5.9,6.4,6.1,6.1
2023F,VA,NNRCE,1.5,1.6,1.7,1.8,1.9,2,2.2,2.3,2.4,2.6,2.7,2.7,3,2.8,2.6,2.6,2.8,2.7,2.9,2.8,2.9,2.8,2.6,2.6,2.8,2.7,2.8,3.1,3.2,3.4,2.8,3,3.4,3.6,3.6,3.8,4.2,4.1,3.5,3.8,4.4,3.9,4.1,4.7,4.5,4.7,3.9,4.5,4.4,4.6,4.8,4.3,3.9,4.7,5.2,4.7,4.3,4.3,5,4.6,4.2,4.6,4.7,4.1
2023F,VA,NNTCE,3.6,3.8,4.2,4.5,4.8,5.2,6.5,6.3,6.6,7,7.3,7.7,8.4,8.2,7.7,6.5,6.6,6.3,7.2,7.2,8.4,8.1,8.1,7.7,7.8,7.6,7.7,8.7,8.9,9.5,10.1,9.9,11.6,13,13.6,14.9,14.2,13.6,14.2,15,14.6,12.9,14,14.3,15.1,16.4,14.9,17.4,16.4,17.4,20.4,20.3,22.4,22.9,23.1,27.6,30.1,31.3,35.1,37.7,39.3,36.8,35,34.5
2023F,VA,PMACE,20.5,19.1,19.6,20.6,21.7,23.4,24.6,26.6,27.4,29.7,31.5,33.2,34.2,35.4,33.7,33.2,34.8,35.6,36.5,35.7,33.9,33.8,32.5,33.5,33.9,35.5,37.4,40,42.2,40.6,41.1,40.2,40,40.7,41.3,42.1,42.4,43.8,44.6,45.3,48.4,48.2,48.3,50.7,54.4,55.2,56.5,56.2,51.2,49.3,51.6,49.3,49.9,49.8,51.6,51.2,52.7,53.2,54.3,55,46.2,49.2,49,50.4
2023F,VA,PMCCE,0.9,0.9,0.9,1,1,1,1.1,1.1,1.2,1.1,1.2,1.2,1.3,1.4,1.2,1.2,1.3,1.4,1.2,1.6,1.2,1.1,1.1,1.8,2,1.8,2.2,2.2,1.9,1.7,1.7,1.5,1.5,1.5,1.6,1.6,2,1.8,1.8,1.8,2.1,1.8,1.4,2.1,1.9,1.8,1.6,1.3,1.1,1,1.1,0.9,1.1,1.1,1.2,1.9,1.9,1.9,2,2,1.8,1.9,1.9,1.8
2023F,VA,PMEIE,0.1,0.1,0.1,0.1,0.1,0.1,0.1,0.1,0.2,4.4,8.9,10.8,12.8,12.4,13.3,12.9,12.2,13.5,13,11.8,7.2,3.2,1.6,1.3,1.2,0.8,2.3,2.2,2,3.2,0.9,1.6,1.2,1.7,2,1,0.8,1.5,2.1,2.3,2,3.7,2.7,4.2,3.8,3.2,0.6,1.5,0.9,0.8,1,0.4,0.3,0.2,0.9,0.9,0.4,0.4,0.7,0.2,0.2,0.2,0.5,0.1
2023F,VA,PMICE,4.7,4.4,4.7,5.2,5.3,5.9,5.5,4.8,5.6,5.2,5.1,6.3,7,7.6,7,6.1,6.5,7.1,5.7,6.1,5.1,3.9,4,3.7,4.6,4.4,4.7,4.4,4.7,4.4,4.2,3.7,3.8,3.8,3.5,3.6,4,4.6,4.1,3.9,4.2,4.3,3.8,5.1,5.6,5.4,5.1,5.2,5.1,3.2,2.5,2.1,2.1,2.1,2.1,1.9,1.9,1.8,1.8,1.9,1.6,1.9,1.9,1.8
2023F,VA,PMRCE,4.9,5.3,5.4,5.7,5.2,5.5,6,6.4,6.6,6.1,6.4,6.3,6.2,5.9,5.1,5.1,5.4,5.5,4.9,6.9,4.1,3.1,2.9,3.1,4.4,4.3,4.5,4.5,4.9,4.4,3.5,3.3,3.4,3.4,3.4,3.3,3.8,3.6,3.5,3.4,3.9,3.6,3.1,3.6,3.8,3.7,3,2.9,2.6,2.3,2.3,2.1,1.6,1.8,1.8,1.8,1.4,1.3,1.6,1.5,1.5,1.7,1.7,1.6
2023F,VA,PMTCE,31,29.8,30.8,32.7,33.4,35.8,37.3,39,40.9,46.5,53.1,57.8,61.4,62.7,60.4,58.5,60.2,63.2,61.3,62,51.4,45.1,42,43.4,46.2,46.8,51,53.2,55.7,54.3,51.4,50.3,49.9,51.1,51.7,51.6,53,55.4,56.1,56.7,60.5,61.6,59.4,65.6,69.6,69.3,66.8,67.1,60.9,56.5,58.5,54.7,54.9,55,57.6,57.5,58.3,58.6,60.4,60.6,51.3,54.9,55,55.7
2023F,VA,TEACE,20.9,19.5,20,21,22.1,23.8,25,27,27.9,30.1,31.9,33.6,34.6,35.7,34,33.4,35,35.8,36.6,35.9,34.3,34.4,33.1,33.9,34.3,35.7,37.7,40.3,42.6,40.9,41.5,40.6,40.3,41,41.7,42.4,42.9,44.3,45,45.8,48.8,48.6,48.8,51.1,54.7,55.5,56.8,56.6,51.7,49.8,52.2,50,50.4,50.2,52,51.6,53.2,53.7,54.9,55.8,46.8,50,49.8,51
2023F,VA,TECCE,2.8,2.7,2.7,2.7,2.7,2.6,2.9,3.1,3.2,3.1,3.3,3.6,3.7,4.1,4.2,3.5,3.9,3.9,3.9,3.8,3.6,3.3,3.7,4.4,4.5,4.2,4.6,5,4.8,4.5,4.5,4.2,4.6,5,5.1,5.3,6.1,5.6,5.4,5.4,5.9,5.4,5,5.8,5.7,5.7,5,5.1,4.9,4.9,5,4.7,4.5,4.9,5.4,5.8,5.7,5.8,6.2,6.1,5.6,5.9,6.1,5.7
2023F,VA,TEEIE,16.1,16.9,18.8,19.5,20.7,21,21.2,20.9,23.4,24.4,24.8,24.6,24.5,24.2,23.6,22,25.5,25.2,23.1,24.1,20.6,18.8,17.4,17.3,19,18.3,20.3,22.5,22.7,28.6,23.4,25.5,27.1,31.6,29.5,30.8,33.6,34.8,37.2,38.7,43.4,42.8,42,41.6,41.3,42.1,37.5,42.1,36.8,31.6,34.5,28.7,25.3,31.1,30.5,32,33.7,28.8,30.6,26.9,28.8,24.4,22.9,21.4
2023F,VA,TEICE,16.8,17.4,17.5,19.2,19.4,21.7,22,19.9,19.7,17.7,16.9,16.1,16.2,16.4,14.9,14.3,13.2,13.9,13.1,15.9,16.2,15.9,15,15.8,17.9,17.1,17.4,18.4,18.7,18.3,19.3,19.6,18.5,16.9,17.2,17.3,17.1,17.5,17.2,16.8,16.9,16.5,16.2,17.3,17.6,17.7,16.7,16.9,16.3,12.6,13,12.6,12.7,12.7,12.3,11.3,11.2,11.2,11.3,11.6,10.8,11.6,11.1,10.8
2023F,VA,TERCE,8.2,8.4,8.7,8.9,8.4,8.5,9.3,9.6,9.8,9.4,9.7,9.4,9.6,9.1,8.2,7.9,8.5,8.5,7.9,9.7,7.1,5.9,5.6,5.8,7.4,7.2,7.4,7.8,8.3,7.9,6.5,6.4,6.9,7.1,7,7.1,8.1,7.7,7.1,7.2,8.2,7.5,7.3,8.3,8.4,8.4,7,7.4,7,6.9,7.1,6.4,5.4,6.5,7,6.5,5.7,5.6,6.6,6.1,5.8,6.2,6.4,5.7
2023F,VA,TETCE,64.7,64.8,67.8,71.4,73.4,77.6,80.5,80.4,84,84.7,86.6,87.4,88.6,89.5,84.9,81.1,86,87.3,84.6,89.4,81.8,78.3,74.8,77.2,83,82.5,87.4,93.9,97.1,100.2,95.2,96.2,97.5,101.7,100.5,103,107.7,110,111.9,113.9,123.2,120.8,119.3,124.1,127.7,129.4,123,128.1,116.7,105.8,111.8,102.4,98.4,105.5,107.2,107.3,109.6,105.1,109.6,106.4,97.8,98.1,96.4,94.6
2023F,VT,CDEGR,,,,,,,,,,,,,,,,,,,,,,,,,,,,,,,,,,,,,,303.8,280.6,276.4,272.7,257.2,239.5,241.8,243.8,232.4,226.4,221.9,196.2,208.9,190.1,183.1,170.5,181.2,184.3,190.5,181.9,178,177.5,179.9,167.5,164.5,158.5,154.2
2023F,VT,CDTCR,58,60.1,60.1,61.4,61,62.1,61.3,61.3,61.3,61.8,62.8,62.1,61.8,53.2,47,42.1,44.7,43.5,43.5,41,39.5,36.6,33,38.3,38.7,40.2,42.5,38.3,37.3,39.8,41.1,39.4,42,42.8,38.7,38.8,39.9,38.5,41.2,37.2,39.3,40.7,40.3,40.5,42.8,41.2,37.8,38.6,35.9,33.8,33.7,33.6,27.7,27.7,28.3,37.4,39.1,37.4,37.2,34.7,35.4,35.8,35.7,38.4
2023F,VT,CDTPR,9.1,9.9,10,10.1,9.4,10.9,11.4,11.1,11.5,11.9,12.4,12.1,12.6,12.7,11.3,10.8,12.1,11.8,11.6,10.6,9,8.7,7.8,8.4,9.4,9.8,9.4,10.1,10.4,10.1,9.7,10,10.7,10.7,10.3,10.2,10.6,10.9,10.4,10.8,11.1,10.8,10.3,10.8,11.4,11,10.7,10.4,9.5,9.9,9.4,9.2,8.7,9.1,9.4,9.8,9.4,9.3,9.3,9.6,8.4,8.6,8.5,8.4
2023F,VT,CLACE,0,0,0,0,0,0,0,0,0,0,0,0,0,0,0,0,0,0,0,0,0,0,0,0,0,0,0,0,0,0,0,0,0,0,0,0,0,0,0,0,0,0,0,0,0,0,0,0,0,0,0,0,0,0,0,0,0,0,0,0,0,0,0,0
2023F,VT,CLCCE,0.1,0.1,0.1,0.1,0.1,0,0,0,0,0,0,0,0,0,0,0,0,0,0,0,0,0,0,0,0,0.1,0,0,0,0,0,0,0,0,0,0,0,0,0,0,0,0,0,0,0,0,0,0,0,0,0,0,0,0,0,0,0,0,0,0,0,0,0,0
2023F,VT,CLEIE,0,0.1,0,0.1,0.1,0.1,0.1,0.1,0.1,0.1,0.1,0.1,0.1,0.1,0.1,0,0,0,0,0,0,0,0.1,0.1,0.1,0.1,0,0,0,0,0,0,0,0,0,0,0,0,0,0,0,0,0,0,0,0,0,0,0,0,0,0,0,0,0,0,0,0,0,0,0,0,0,0
2023F,VT,CLICE,0.1,0.1,0.1,0.1,0,0,0,0,0,0,0,0,0,0,0,0,0,0,0,0,0,0,0,0,0,0,0,0,0,0,0,0,0,0,0,0,0,0.2,0,0.2,0,0,0,0,0,0,0,0,0,0,0,0,0,0,0,0,0,0,0,0,0,0,0,0
2023F,VT,CLRCE,0.1,0.1,0.1,0.1,0.1,0.1,0.1,0,0,0,0,0,0,0,0,0,0,0,0,0,0,0,0,0,0,0,0,0,0,0,0,0,0,0,0,0,0,0,0,0,0,0,0,0,0,0,0,0,0,0,0,0,0,0,0,0,0,0,0,0,0,0,0,0
2023F,VT,CLTCE,0.3,0.4,0.3,0.3,0.3,0.3,0.2,0.2,0.2,0.2,0.2,0.2,0.1,0.1,0.1,0.1,0.1,0.1,0,0.1,0.1,0.1,0.1,0.1,0.1,0.2,0.1,0,0,0,0,0,0,0,0,0,0,0.3,0,0.2,0,0,0,0,0,0,0,0,0,0,0,0,0,0,0,0,0,0,0,0,0,0,0,0
2023F,VT,FFACE,1.4,1.3,1.4,1.4,1.4,1.5,1.6,1.7,1.8,1.9,2.1,2.2,2.3,2.4,2.4,2.4,2.5,2.7,2.7,2.6,2.4,2.4,2.3,2.4,2.6,2.6,2.7,3,3.2,3,3,3,3.2,3.4,3.4,3.6,3.7,3.6,3.6,3.7,3.7,3.7,3.6,3.7,3.8,3.8,3.9,3.8,3.5,3.5,3.4,3.3,3.2,3.3,3.2,3.3,3.3,3.2,3,3.1,2.6,2.9,2.8,2.9
2023F,VT,FFCCE,0.4,0.5,0.5,0.5,0.4,0.6,0.6,0.5,0.5,0.6,0.6,0.6,0.7,0.7,0.5,0.6,0.7,0.7,0.7,0.5,0.5,0.5,0.4,0.3,0.4,0.5,0.5,0.6,0.6,0.6,0.6,0.7,0.7,0.7,0.7,0.6,0.7,0.7,0.8,0.7,0.8,0.8,0.7,0.8,0.8,0.7,0.7,0.7,0.6,0.7,0.6,0.6,0.6,0.8,0.8,1,0.9,0.8,0.9,0.9,0.9,0.9,0.9,0.9
2023F,VT,FFEIE,0.1,0.1,0.1,0.1,0.1,0.1,0.1,0.1,0.2,0.2,0.3,0.2,0.2,0.2,0.2,0.1,0.1,0.1,0,0.1,0.1,0.1,0.1,0.1,0.1,0.1,0,0,0,0,0,0.1,0,0,0,0,0,0,0.1,0,0.1,0,0,0,0,0,0,0,0,0,0,0,0,0,0,0,0,0,0,0,0,0,0,0
2023F,VT,FFICE,0.4,0.4,0.4,0.4,0.3,0.5,0.5,0.4,0.4,0.5,0.5,0.5,0.6,0.6,0.5,0.5,0.7,0.6,0.6,0.5,0.5,0.4,0.5,0.4,0.5,0.4,0.6,0.5,0.6,0.5,0.4,0.4,0.5,0.5,0.4,0.4,0.4,0.7,0.5,0.6,0.6,0.5,0.5,0.5,0.6,0.6,0.6,0.5,0.5,0.5,0.5,0.5,0.5,0.4,0.4,0.4,0.4,0.4,0.4,0.5,0.5,0.4,0.4,0.4
2023F,VT,FFRCE,1.3,1.5,1.6,1.6,1.5,1.7,1.9,1.9,2,2.1,2,1.9,2.1,2.1,1.8,1.6,1.9,1.7,1.8,1.6,1.2,1.1,0.8,1.1,1.4,1.5,1.2,1.3,1.4,1.5,1.4,1.5,1.6,1.6,1.5,1.4,1.5,1.5,1.4,1.4,1.6,1.6,1.5,1.6,1.8,1.7,1.5,1.5,1.3,1.5,1.3,1.3,1.1,1.3,1.4,1.4,1.3,1.4,1.5,1.6,1.4,1.4,1.3,1.3
2023F,VT,FFTCE,3.6,3.9,3.9,4,3.7,4.4,4.7,4.7,5,5.2,5.5,5.5,5.8,6,5.3,5.2,5.9,5.8,5.8,5.3,4.6,4.5,4,4.4,5,5.2,5,5.4,5.7,5.6,5.5,5.7,6.1,6.2,6,6,6.3,6.5,6.2,6.5,6.8,6.6,6.4,6.7,7.1,6.8,6.7,6.5,5.9,6.2,5.9,5.8,5.4,5.7,5.9,6.1,5.9,5.8,5.8,6,5.4,5.5,5.5,5.4
2023F,VT,NNACE,0,0,0,0,0,0,0,0,0,0,0,0,0,0,0,0,0,0,0,0,0,0,0,0,0,0,0,0,0,0,0,0,0,0,0,0,0,0,0,0,0,0,0,0,0,0,0,0,0,0,0,0,0,0,0,0,0,0,0,0,0,0,0,0
2023F,VT,NNCCE,0,0,0,0,0,0,0,0,0,0,0,0,0,0,0,0,0,0,0,0.1,0,0,0,0,0.1,0.1,0.1,0.1,0.1,0.1,0.1,0.1,0.1,0.1,0.1,0.1,0.2,0.2,0.2,0.1,0.1,0.1,0.1,0.1,0.1,0.1,0.1,0.1,0.1,0.1,0.1,0.1,0.1,0.3,0.3,0.3,0.3,0.3,0.4,0.4,0.4,0.4,0.4,0.4
2023F,VT,NNEIE,0,0,0,0,0,0,0,0,0,0,0,0,0,0,0.1,0,0,0,0,0,0,0,0,0,0,0,0,0,0,0,0,0.1,0,0,0,0,0,0,0,0,0.1,0,0,0,0,0,0,0,0,0,0,0,0,0,0,0,0,0,0,0,0,0,0,0
2023F,VT,NNICE,0,0,0,0,0,0,0,0,0,0,0.1,0.1,0.1,0.1,0.1,0.1,0.1,0.1,0.1,0.1,0.1,0.1,0.1,0.1,0.1,0.1,0.1,0.1,0.1,0.1,0.1,0.1,0.1,0.1,0.1,0.1,0.1,0.1,0.1,0.2,0.2,0.1,0.2,0.1,0.1,0.1,0.1,0.2,0.2,0.1,0.2,0.1,0.1,0.1,0.1,0.1,0.1,0.1,0.1,0.1,0.1,0.1,0.1,0.1
2023F,VT,NNRCE,0,0,0,0,0,0,0,0,0,0.1,0.1,0.1,0.1,0.1,0.1,0.1,0.1,0.1,0.1,0.1,0.1,0.1,0.1,0.1,0.1,0.1,0.1,0.1,0.1,0.1,0.1,0.1,0.1,0.1,0.1,0.1,0.1,0.1,0.1,0.1,0.2,0.1,0.1,0.2,0.2,0.2,0.2,0.2,0.2,0.2,0.2,0.2,0.2,0.2,0.2,0.2,0.2,0.2,0.2,0.2,0.2,0.2,0.2,0.2
2023F,VT,NNTCE,0,0,0,0,0,0,0,0.1,0.1,0.1,0.1,0.2,0.2,0.2,0.3,0.2,0.2,0.2,0.2,0.2,0.2,0.2,0.2,0.2,0.3,0.3,0.3,0.3,0.3,0.3,0.4,0.4,0.4,0.4,0.4,0.4,0.4,0.4,0.4,0.4,0.6,0.4,0.4,0.4,0.5,0.4,0.4,0.5,0.5,0.5,0.4,0.5,0.4,0.5,0.6,0.6,0.7,0.6,0.7,0.8,0.7,0.7,0.7,0.7
2023F,VT,PMACE,1.4,1.3,1.4,1.4,1.4,1.5,1.6,1.7,1.8,1.9,2.1,2.2,2.3,2.4,2.4,2.4,2.5,2.7,2.7,2.6,2.4,2.4,2.3,2.4,2.6,2.6,2.7,3,3.2,3,3,3,3.2,3.4,3.4,3.6,3.7,3.6,3.6,3.7,3.7,3.7,3.6,3.7,3.8,3.8,3.9,3.8,3.5,3.5,3.4,3.3,3.2,3.3,3.2,3.3,3.3,3.2,3,3.1,2.6,2.9,2.8,2.9
2023F,VT,PMCCE,0.4,0.4,0.4,0.5,0.4,0.5,0.6,0.5,0.5,0.5,0.6,0.6,0.6,0.6,0.5,0.5,0.7,0.6,0.6,0.4,0.4,0.4,0.3,0.3,0.3,0.3,0.4,0.5,0.5,0.5,0.5,0.5,0.6,0.5,0.5,0.4,0.5,0.5,0.6,0.6,0.6,0.7,0.6,0.6,0.7,0.6,0.6,0.5,0.5,0.5,0.5,0.5,0.5,0.5,0.5,0.7,0.5,0.4,0.5,0.5,0.5,0.5,0.5,0.5
2023F,VT,PMEIE,0,0,0,0,0,0,0,0,0.1,0.1,0.1,0.1,0.1,0.1,0.1,0,0,0,0,0,0,0,0,0,0,0,0,0,0,0,0,0,0,0,0,0,0,0,0,0,0.1,0,0,0,0,0,0,0,0,0,0,0,0,0,0,0,0,0,0,0,0,0,0,0
2023F,VT,PMICE,0.3,0.3,0.3,0.3,0.3,0.4,0.5,0.4,0.4,0.4,0.5,0.5,0.5,0.5,0.4,0.4,0.6,0.5,0.5,0.4,0.4,0.3,0.3,0.3,0.4,0.3,0.5,0.4,0.5,0.4,0.3,0.3,0.4,0.4,0.3,0.3,0.3,0.3,0.3,0.3,0.4,0.3,0.3,0.4,0.5,0.4,0.4,0.3,0.3,0.3,0.4,0.4,0.3,0.3,0.3,0.3,0.3,0.3,0.3,0.3,0.4,0.3,0.3,0.3
2023F,VT,PMRCE,1.2,1.4,1.5,1.5,1.4,1.7,1.8,1.9,2,2,1.9,1.8,2,2,1.7,1.5,1.8,1.7,1.7,1.6,1.1,1,0.7,1,1.3,1.4,1.1,1.2,1.3,1.4,1.3,1.3,1.5,1.4,1.4,1.3,1.4,1.3,1.3,1.2,1.5,1.4,1.3,1.4,1.6,1.5,1.4,1.3,1.2,1.3,1.2,1.1,0.9,1.1,1.2,1.2,1.1,1.2,1.3,1.3,1.2,1.2,1.1,1.1
2023F,VT,PMTCE,3.2,3.5,3.6,3.7,3.5,4.2,4.5,4.4,4.7,4.9,5.2,5.1,5.5,5.6,4.9,4.9,5.6,5.5,5.5,5.1,4.3,4.1,3.7,4.1,4.6,4.7,4.7,5.1,5.4,5.3,5.1,5.3,5.7,5.8,5.6,5.6,5.9,5.8,5.8,5.9,6.2,6.2,5.9,6.2,6.6,6.4,6.2,6,5.5,5.7,5.4,5.3,5,5.2,5.3,5.5,5.2,5.2,5.1,5.2,4.7,4.8,4.8,4.7
2023F,VT,TEACE,1.4,1.3,1.4,1.4,1.4,1.5,1.6,1.7,1.8,1.9,2.1,2.2,2.3,2.4,2.4,2.4,2.5,2.7,2.7,2.6,2.4,2.4,2.3,2.4,2.6,2.6,2.7,3,3.2,3,3,3,3.2,3.4,3.4,3.6,3.7,3.6,3.6,3.7,3.7,3.7,3.6,3.7,3.8,3.8,3.9,3.8,3.5,3.5,3.4,3.3,3.2,3.3,3.2,3.3,3.3,3.2,3,3.1,2.6,2.9,2.8,2.9
2023F,VT,TECCE,0.4,0.5,0.5,0.5,0.4,0.6,0.6,0.5,0.5,0.6,0.6,0.6,0.7,0.7,0.5,0.6,0.7,0.7,0.7,0.5,0.5,0.5,0.4,0.3,0.4,0.5,0.5,0.6,0.6,0.6,0.6,0.7,0.7,0.7,0.7,0.6,0.7,0.7,0.8,0.7,0.8,0.8,0.7,0.8,0.8,0.7,0.7,0.7,0.6,0.7,0.6,0.6,0.6,0.8,0.8,1,0.9,0.8,0.9,0.9,0.9,0.9,0.9,0.9
2023F,VT,TEEIE,0.1,0.1,0.1,0.1,0.1,0.1,0.1,0.1,0.2,0.2,0.3,0.2,0.2,0.2,0.2,0.1,0.1,0.1,0,0.1,0.1,0.1,0.1,0.1,0.1,0.1,0,0,0,0,0,0.1,0,0,0,0,0,0,0.1,0,0.1,0,0,0,0,0,0,0,0,0,0,0,0,0,0,0,0,0,0,0,0,0,0,0
2023F,VT,TEICE,0.4,0.4,0.4,0.4,0.3,0.5,0.5,0.4,0.4,0.5,0.5,0.5,0.6,0.6,0.5,0.5,0.7,0.6,0.6,0.5,0.5,0.4,0.5,0.4,0.5,0.4,0.6,0.5,0.6,0.5,0.4,0.4,0.5,0.5,0.4,0.4,0.4,0.7,0.5,0.6,0.6,0.5,0.5,0.5,0.6,0.6,0.6,0.5,0.5,0.5,0.5,0.5,0.5,0.4,0.4,0.4,0.4,0.4,0.4,0.5,0.5,0.4,0.4,0.4
2023F,VT,TERCE,1.3,1.5,1.6,1.6,1.5,1.7,1.9,1.9,2,2.1,2,1.9,2.1,2.1,1.8,1.6,1.9,1.7,1.8,1.6,1.2,1.1,0.8,1.1,1.4,1.5,1.2,1.3,1.4,1.5,1.4,1.5,1.6,1.6,1.5,1.4,1.5,1.5,1.4,1.4,1.6,1.6,1.5,1.6,1.8,1.7,1.5,1.5,1.3,1.5,1.3,1.3,1.1,1.3,1.4,1.4,1.3,1.4,1.5,1.6,1.4,1.4,1.3,1.3
2023F,VT,TETCE,3.6,3.9,3.9,4,3.7,4.4,4.7,4.7,5,5.2,5.5,5.5,5.8,6,5.3,5.2,5.9,5.8,5.8,5.3,4.6,4.5,4,4.4,5,5.2,5,5.4,5.7,5.6,5.5,5.7,6.1,6.2,6,6,6.3,6.5,6.2,6.5,6.8,6.6,6.4,6.7,7.1,6.8,6.7,6.5,5.9,6.2,5.9,5.8,5.4,5.7,5.9,6.1,5.9,5.8,5.8,6,5.4,5.5,5.5,5.4
2023F,WA,CDEGR,,,,,,,,,,,,,,,,,,,,,,,,,,,,,,,,,,,,,,281.6,279.9,264.4,257.7,249.7,227.1,230.7,230.8,220.1,206.7,208.1,197.1,196.2,181.6,167,158.8,167.7,158.5,157,159.6,149.6,139.5,142.6,115.8,116.7,116.3,112.7
2023F,WA,CDTCR,49,48.9,48.6,47.6,47,47,46,45.2,44.7,44.8,44.5,44.6,46.1,47.3,44.9,46.1,45.1,49.1,46,48.4,47.6,45.6,45.1,43.3,44.1,45.5,45.4,48.8,49.6,50.1,48.6,49.2,52,50.2,50.9,48.9,48.1,46.6,50.2,49,49.6,51.5,47.8,49.8,49.9,50.4,48.1,50.1,49,49.4,47.9,45.4,44,46.3,45.7,46.5,45.8,45.9,45.8,48.5,43.7,45.1,44.5,47.9
2023F,WA,CDTPR,10.5,10.8,11,11.2,11.8,12.2,12.5,12.5,13.4,13.6,13.1,13.4,15.1,16.5,15,15.1,14.8,15.9,15.1,15.4,14,13.9,12.8,11.7,13.1,13.5,13.6,14.6,15.1,15.2,14.6,14.3,15.6,14.2,14.9,14.2,14.6,14,14.5,14.6,14.2,13.3,12.1,12.4,12.5,12.6,12.1,12.7,12,11.5,10.9,10.1,9.8,10.6,10.2,10.4,10.8,10.6,10.4,11,8.8,9.5,9.6,9.7
2023F,WA,CLACE,0,0,0,0,0,0,0,0,0,0,0,0,0,0,0,0,0,0,0,0,0,0,0,0,0,0,0,0,0,0,0,0,0,0,0,0,0,0,0,0,0,0,0,0,0,0,0,0,0,0,0,0,0,0,0,0,0,0,0,0,0,0,0,0
2023F,WA,CLCCE,0.2,0.2,0.1,0.1,0.1,0.1,0.1,0.1,0.1,0.1,0,0.1,0,0,0,0,0,0.2,0.3,0.2,0.3,0.2,0.3,0.4,0.4,0.4,0.1,0.1,0.2,0.2,0.1,0.1,0.2,0.2,0.2,0.1,0,0,0,0,0,0,0,0.1,0,0,0,0,0,0,0,0,0,0,0,0,0,0,0,0,0,0,0,0
2023F,WA,CLEIE,0,0,0,0,0,0,0,0,0,0,0,0,3.1,5.8,4.5,6.2,6.3,8.3,6.5,8,7.6,7.6,5.9,6.6,6.9,8,5.1,8.4,8.7,8.5,7.5,7.9,9.6,8.7,9.6,6.1,8.3,7.3,9.5,9,9.8,9.2,9.4,11,10.5,10.6,6.4,8.8,8.8,7.7,8.8,5.3,3.9,7,7.1,5.4,4.9,5.8,5.7,7.6,5.5,3.4,3.9,4.6
2023F,WA,CLICE,1,1,1.1,1,0.8,0.8,0.8,0.6,0.5,0.5,0.5,0.5,0.3,0.4,0.6,1,1.3,1.2,1.2,1.2,0.7,0.7,0.8,0.5,0.4,0.4,0.7,0.6,0.5,0.5,0.5,0.4,0.3,0.3,0.4,0.4,0.3,0.3,0.3,0.2,0.3,0.3,0.2,0.2,0.2,0.1,0.2,0.3,0.3,0.3,0.3,0.2,0.2,0.2,0.3,0.2,0.2,0.1,0.1,0.1,0.1,0.1,0.1,0.1
2023F,WA,CLRCE,0.2,0.3,0.2,0.2,0.2,0.2,0.2,0.1,0.1,0.1,0,0,0,0,0,0,0,0.1,0.1,0.1,0.1,0,0.1,0.1,0.1,0.1,0,0,0.1,0,0,0,0,0,0,0,0,0,0,0,0,0,0,0,0,0,0,0,0,0,0,0,0,0,0,0,0,0,0,0,0,0,0,0
2023F,WA,CLTCE,1.4,1.5,1.5,1.3,1.1,1.2,1.1,0.8,0.7,0.7,0.6,0.6,3.5,6.2,5.1,7.2,7.7,9.7,8.1,9.4,8.7,8.6,7,7.6,7.8,8.9,6,9.1,9.4,9.2,8.1,8.5,10.1,9.3,10.1,6.6,8.6,7.6,9.8,9.2,10.1,9.5,9.6,11.3,10.8,10.7,6.6,9.1,9,8,9.1,5.4,4.1,7.2,7.3,5.6,5.1,5.9,5.9,7.7,5.7,3.5,4,4.7
2023F,WA,FFACE,12.8,13.1,13.6,13.8,14.2,14.7,16,17.6,20.1,20.6,20.6,21.1,21.4,23.3,23.4,25,26.2,26.9,29,31.3,29.8,29.1,27.2,26.1,28,29.6,34.6,35.6,37.2,40.2,40.9,41.6,46.4,42.1,43.1,45.2,44.6,45.7,43,43.8,44.9,42.8,41.5,41.9,43.3,43.4,44.7,47.5,42.2,41.4,38.5,39.5,39.6,40.4,39.4,41.9,47,45.2,45.1,46.5,34.6,41.4,42.7,42.5
2023F,WA,FFCCE,1.8,1.8,1.8,1.8,2.1,2,2.1,2.1,2.3,2.3,2.4,2.6,2.7,3.1,3,2.8,2.8,3,2.8,3,2.9,2.7,3.5,3.4,4,4.7,3.2,3.2,3.8,3.4,3.2,3.3,2.8,3.1,3.1,3.2,3.3,3.3,3.1,3.5,3.5,3.9,3.3,3.3,3.1,3.3,3.4,3.4,3.9,3.7,3.7,3.8,3.7,3.8,3.9,4.1,4.3,4.5,4.7,4.6,4.6,4.7,5,4.8
2023F,WA,FFEIE,0,0,0,0,0,0,0.1,0,0,0,0,0,3.2,6,4.5,6.2,6.3,8.3,6.5,8.3,7.8,7.7,5.9,6.6,7,8,5.1,8.4,8.8,9.1,7.5,8,10.2,10.3,11.9,8.4,10.7,9,11.8,10.8,14.2,14.1,11.5,14.2,14.1,14.2,9.6,12,12.8,12.7,13.2,7.4,6.2,11.7,11.7,10.9,9.6,10.4,10.1,13.7,11,9.8,9.5,12.4
2023F,WA,FFICE,11.6,12.4,13.3,13.7,14.3,15.3,15.4,15.6,16.8,17.6,16.5,17.1,19.6,19.9,17.9,16.6,15.4,17.5,16.3,15,14.1,16.2,14.9,11.2,14.7,13.6,14.3,16,16.9,16,16.3,15.3,17.6,15.5,17.8,17.2,18.2,16.5,21.3,21.9,16.2,12.6,11.3,11.3,12,12.9,14.1,14,14.5,13.3,12.8,12.4,13.1,12.5,12.3,13.4,13.1,12.6,12.9,13,12.2,11.5,11.5,10.9
2023F,WA,FFRCE,3.9,3.9,3.8,3.9,4.4,4.2,4.5,4.2,4.7,5,5.2,5.3,5.3,4.9,4.3,4.2,4.1,4.4,4.2,4.1,3.4,3.2,3.3,2.9,3.2,3.4,3.2,2.9,3.3,3.5,3.5,3.8,3.5,4.2,4.2,4.1,4.7,4.8,4.7,5.3,5.2,6,5.5,5,4.9,5,5.1,5.2,5.6,5.6,5.1,5.6,5.1,5.3,5.1,4.7,5.1,6.1,5.6,6.1,5.8,6,6.2,5.8
2023F,WA,FFTCE,30.1,31.1,32.4,33.2,35,36.1,38.1,39.6,43.8,45.5,44.7,46.1,52.2,57.3,53.1,54.8,54.8,60,58.8,61.7,58,58.8,54.8,50.2,56.8,59.4,60.4,66.2,70.1,72.2,71.5,72,80.4,75.1,80.1,78,81.6,79.3,83.9,85.3,84,79.4,73.1,75.6,77.4,78.9,76.9,82,79.1,76.7,73.3,68.7,67.7,73.7,72.3,74.9,79.1,78.9,78.4,84,68.2,73.5,74.9,76.3
2023F,WA,NNACE,0,0,0,0,0,0,0.1,0.1,0.2,0.3,0.4,0.3,0.4,0.4,0.3,0.3,0.3,0.3,0.4,0.4,0.2,0.1,0.1,0.1,0.1,0.2,0.1,0.2,0.2,0.2,0.3,0.3,0.2,0.2,0.4,0.5,0.4,0.5,0.5,0.4,0.3,0.5,0.4,0.4,0.5,0.5,0.4,0.4,0.4,0.4,0.4,0.4,0.5,0.6,0.5,0.7,0.7,0.7,0.8,0.7,0.8,0.8,1,1
2023F,WA,NNCCE,0.4,0.4,0.4,0.5,0.7,0.6,0.7,0.9,0.9,1,1,1.2,1.3,1.8,1.8,1.8,1.7,1.7,1.4,1.9,1.7,1.6,1.7,1.6,1.8,2,1.7,1.8,2,2.1,2.1,2.3,2.1,2.4,2.4,2.4,2.7,2.6,2.5,2.8,2.8,3.1,2.5,2.6,2.6,2.7,2.8,2.9,3.1,3,2.8,3.1,2.9,3.1,3,2.8,2.9,3.4,3.3,3.5,3.2,3.3,3.6,3.4
2023F,WA,NNEIE,0,0,0,0,0,0,0,0,0,0,0,0,0,0,0,0,0,0,0,0.1,0.1,0,0,0,0,0,0,0,0.1,0.5,0,0.1,0.6,1.5,2.3,2.2,2.3,1.5,2.2,1.8,4,4.7,2.2,3.1,3.6,3.6,3.2,3.1,4.1,5,4.3,2.1,2.3,4.7,4.7,5.5,4.7,4.6,4.4,6.1,5.4,6.4,5.5,7.7
2023F,WA,NNICE,2.7,2.9,3.4,3.6,4.2,4.4,4.5,4.7,5.1,5,5,5.2,5.5,6.6,5.8,4.9,4.2,4.1,3.7,4.5,3.4,3.6,2.5,2.7,3.4,3.4,2.9,3.5,3.7,3.9,4.1,4.2,4.2,4.9,5.8,5.9,6.1,6,7.1,6.7,4.5,4,3.6,3.5,3.6,3.6,3.8,3.9,4,3.8,3.8,4.1,4.2,4.3,4.3,4.1,4.3,4.4,4.3,4.3,4.3,4.5,4.4,4
2023F,WA,NNRCE,0.4,0.5,0.5,0.7,1,1,1.2,1.3,1.5,1.7,1.8,1.9,2.2,2,2,1.9,1.8,1.7,1.5,1.8,1.7,1.5,1.6,1.4,1.6,1.8,1.6,1.6,1.9,2.1,2.2,2.5,2.4,2.9,2.9,2.9,3.5,3.4,3.4,4,4,4.6,4,3.9,3.9,4,4.1,4.4,4.6,4.6,4.1,4.7,4.4,4.6,4.4,4,4.4,5.2,4.8,5.2,5,5.1,5.4,5
2023F,WA,NNTCE,3.5,3.8,4.4,4.8,5.9,6,6.5,7,7.7,8,8.2,8.6,9.4,10.8,9.9,8.9,8.1,7.8,6.9,8.7,7.1,6.8,6,5.8,6.9,7.3,6.4,7.1,7.9,8.8,8.7,9.4,9.4,12,13.8,13.8,14.8,14,15.8,15.8,15.6,17,12.6,13.5,14.2,14.3,14.3,14.7,16.2,16.9,15.5,14.3,14.3,17.3,16.8,17.2,17,18.4,17.5,19.8,18.7,20.2,20,21.2
2023F,WA,PMACE,12.7,13,13.6,13.8,14.2,14.6,15.9,17.5,19.9,20.3,20.3,20.8,21,22.9,23.1,24.7,25.8,26.6,28.6,30.9,29.6,28.9,27.1,26,27.9,29.4,34.5,35.4,37,40,40.6,41.3,46.2,41.8,42.7,44.7,44.2,45.2,42.5,43.4,44.6,42.3,41.1,41.5,42.8,42.9,44.3,47,41.8,41,38.1,39.1,39.1,39.8,38.8,41.2,46.3,44.5,44.3,45.8,33.8,40.6,41.7,41.5
2023F,WA,PMCCE,1.3,1.2,1.2,1.2,1.3,1.2,1.3,1.2,1.3,1.3,1.4,1.4,1.4,1.3,1.1,1,1,1.1,1.1,0.9,0.9,0.9,1.5,1.4,1.8,2.4,1.3,1.4,1.7,1.2,1,0.9,0.5,0.5,0.6,0.7,0.6,0.7,0.5,0.7,0.6,0.7,0.8,0.6,0.5,0.6,0.6,0.5,0.8,0.6,0.9,0.7,0.8,0.8,0.8,1.3,1.4,1.1,1.4,1.1,1.4,1.4,1.4,1.4
2023F,WA,PMEIE,0,0,0,0,0,0,0.1,0,0,0,0,0,0.1,0.2,0,0,0,0,0,0.3,0.1,0,0,0,0,0,0,0,0,0.1,0,0,0,0,0,0.1,0.2,0.2,0,0,0.3,0.2,0,0,0,0,0,0,0,0,0,0,0,0,0,0,0,0,0,0,0,0,0,0
2023F,WA,PMICE,7.9,8.4,8.8,9.1,9.3,10.1,10.2,10.3,11.2,12,10.9,11.4,13.8,13,11.4,10.7,9.9,12.2,11.5,9.3,10,11.8,11.6,7.9,10.9,9.8,10.7,12,12.7,11.6,11.7,10.7,13.1,10.2,11.7,10.9,11.9,10.2,13.9,15,11.4,8.4,7.5,7.6,8.2,9.2,10.1,9.8,10.2,9.2,8.7,8.2,8.7,8,7.8,9.1,8.6,8.1,8.5,8.5,7.8,6.9,6.9,6.8
2023F,WA,PMRCE,3.2,3.2,3,3,3.2,3,3.1,2.8,3.1,3.2,3.3,3.3,3.1,2.9,2.4,2.2,2.3,2.6,2.6,2.3,1.6,1.7,1.6,1.4,1.5,1.5,1.5,1.3,1.4,1.4,1.3,1.3,1.1,1.2,1.3,1.2,1.3,1.4,1.3,1.3,1.2,1.4,1.5,1.1,1,1,1,0.9,1,1,1,0.9,0.7,0.7,0.7,0.6,0.7,0.9,0.8,1,0.8,0.9,0.8,0.8
2023F,WA,PMTCE,25.2,25.9,26.6,27.1,28,28.9,30.5,31.8,35.5,36.9,35.9,36.9,39.4,40.4,38,38.6,39.1,42.5,43.8,43.7,42.2,43.3,41.7,36.8,42.1,43.1,48,50,52.8,54.2,54.6,54.1,60.9,53.8,56.2,57.6,58.1,57.6,58.3,60.3,58.2,52.9,50.9,50.8,52.4,53.8,56.1,58.2,53.9,51.8,48.7,48.9,49.3,49.3,48.2,52.1,57,54.6,55,56.4,43.8,49.8,50.8,50.4
2023F,WA,TEACE,12.8,13.1,13.6,13.8,14.2,14.7,16,17.6,20.1,20.6,20.6,21.1,21.4,23.3,23.4,25,26.2,26.9,29,31.3,29.8,29.1,27.2,26.1,28,29.6,34.6,35.6,37.2,40.2,40.9,41.6,46.4,42.1,43.1,45.2,44.6,45.7,43,43.8,44.9,42.8,41.5,41.9,43.3,43.4,44.7,47.5,42.2,41.4,38.5,39.5,39.6,40.4,39.4,41.9,47,45.2,45.1,46.5,34.6,41.4,42.7,42.5
2023F,WA,TECCE,1.8,1.8,1.8,1.8,2.1,2,2.1,2.1,2.3,2.3,2.4,2.6,2.7,3.1,3,2.8,2.8,3,2.8,3,2.9,2.7,3.5,3.4,4,4.7,3.2,3.2,3.8,3.4,3.2,3.3,2.8,3.1,3.1,3.2,3.3,3.3,3.1,3.5,3.5,3.9,3.3,3.3,3.1,3.3,3.4,3.4,3.9,3.7,3.7,3.8,3.7,3.8,3.9,4.1,4.3,4.5,4.7,4.6,4.6,4.7,5,4.8
2023F,WA,TEEIE,0,0,0,0,0,0,0.1,0,0,0,0,0,3.2,6,4.5,6.2,6.3,8.3,6.5,8.3,7.8,7.7,5.9,6.6,7,8,5.1,8.4,8.8,9.1,7.5,8,10.2,10.3,11.9,8.4,10.7,9,11.8,10.8,14.2,14.1,11.5,14.2,14.1,14.2,9.6,12,12.8,12.7,13.2,7.4,6.2,11.7,11.7,10.9,9.6,10.4,10.1,13.7,11,9.8,9.5,12.4
2023F,WA,TEICE,11.6,12.4,13.3,13.7,14.3,15.3,15.4,15.6,16.8,17.6,16.5,17.1,19.6,19.9,17.9,16.6,15.4,17.5,16.3,15,14.1,16.2,14.9,11.2,14.7,13.6,14.3,16,16.9,16,16.3,15.3,17.6,15.5,17.8,17.2,18.2,16.5,21.3,21.9,16.2,12.6,11.3,11.3,12,12.9,14.1,14,14.5,13.3,12.8,12.4,13.1,12.5,12.3,13.4,13.1,12.6,12.9,13,12.2,11.5,11.5,10.9
2023F,WA,TERCE,3.9,3.9,3.8,3.9,4.4,4.2,4.5,4.2,4.7,5,5.2,5.3,5.3,4.9,4.3,4.2,4.1,4.4,4.2,4.1,3.4,3.2,3.3,2.9,3.2,3.4,3.2,2.9,3.3,3.5,3.5,3.8,3.5,4.2,4.2,4.1,4.7,4.8,4.7,5.3,5.2,6,5.5,5,4.9,5,5.1,5.2,5.6,5.6,5.1,5.6,5.1,5.3,5.1,4.7,5.1,6.1,5.6,6.1,5.8,6,6.2,5.8
2023F,WA,TETCE,30.1,31.1,32.4,33.2,35,36.1,38.1,39.6,43.8,45.5,44.7,46.1,52.2,57.3,53.1,54.8,54.8,60,58.8,61.7,58,58.8,54.8,50.2,56.8,59.4,60.4,66.2,70.1,72.2,71.5,72,80.4,75.1,80.1,78,81.6,79.3,83.9,85.3,84,79.4,73.1,75.6,77.4,78.9,76.9,82,79.1,76.7,73.3,68.7,67.7,73.7,72.3,74.9,79.1,78.9,78.4,84,68.2,73.5,74.9,76.3
2023F,WI,CDEGR,,,,,,,,,,,,,,,,,,,,,,,,,,,,,,,,,,,,,,462.4,435.6,435.4,433.3,418.5,414.8,397.3,390.9,393,358.8,361.1,367.7,347.4,344.2,334.2,303.7,335.4,326.6,315.4,298.3,305.4,306.7,283.8,269.1,276.2,267.2,250.3
2023F,WI,CDTCR,72,71.9,71.3,71.4,71.6,70.8,70.7,70.2,69.7,69.1,68.8,65.8,66,63.3,61.4,60.6,61.3,61.1,59.8,60.9,56.8,56.6,56.3,56.7,56.8,56.5,59.1,59.5,59.1,60.5,61.7,61.8,61.5,61.7,61.9,62,62,64.7,62.8,62.1,62.6,62.5,62.8,62.2,63,62.6,61.1,60.8,60.9,59.9,59.4,59.5,57,59.2,59.1,58.5,57.2,58.1,57.2,55.5,55.5,56.6,55.1,55.2
2023F,WI,CDTPR,15.2,15.5,15.9,16.2,16.5,16.9,17.8,18.3,18.6,19.5,19.9,19,18.7,18.9,18.1,17.6,18.3,18.8,19,18.8,17.3,16.6,16.3,16.7,17.1,17,16.9,17.1,17.9,17.9,17.5,17.7,17.4,17.8,18.2,18.6,19.2,19.6,19.1,19.8,20,19.6,19.7,19.3,19.5,20,18.5,18.7,18.7,17,17.4,17.2,15.9,17.6,17.6,17.3,16.5,17,17.4,16.2,14.7,15.7,15.4,14.5
2023F,WI,CLACE,0.2,0.1,0,0,0,0,0,0,0,0,0,0,0,0,0,0,0,0,0,0,0,0,0,0,0,0,0,0,0,0,0,0,0,0,0,0,0,0,0,0,0,0,0,0,0,0,0,0,0,0,0,0,0,0,0,0,0,0,0,0,0,0,0,0
2023F,WI,CLCCE,2.4,2.6,2.4,2,1.6,1.8,1.9,1.6,1.6,1.5,1.2,1.4,0.9,0.6,0.7,0.7,0.9,0.6,0.4,0.6,0.1,0.1,0.1,0.1,0.2,0,0.1,0.2,0.1,0,0,0,0,0.1,0.1,0.3,0.2,0.3,0.3,0.4,0.4,0.4,0.3,0.3,0.3,0.7,0.1,0.1,0.5,0.3,0.3,0.3,0.1,0.1,0.1,0.1,0.1,0.1,0.1,0.1,0,0,0,0
2023F,WI,CLEIE,12,11.7,12.4,14,15.2,15.3,17.2,17.9,18.6,20.9,22.3,20.9,22.5,21.9,19.9,19.6,22.1,23.1,22.7,24.4,25.8,26,25.7,28.5,29.9,29.5,30.5,32.2,32.9,32.6,33,34.3,33.4,34.1,35.6,37.2,39.1,41.8,40.7,41.5,43.3,42.9,42.8,42.5,43.5,45.5,40.3,40.4,41.8,37.1,40.2,39.2,32.6,40.3,36.7,36.4,32.3,35.2,32.7,25.1,22.6,26.4,21.3,20.4
2023F,WI,CLICE,11,11.3,11.2,11.5,12.6,13.4,13.5,12.6,11.5,11.1,11.3,8.4,7.7,6.6,5.6,5.2,5.6,5.2,4.9,5.4,5.1,5,5,4.9,4.3,4.7,4.7,4.3,4.3,4.4,4.5,4.3,4.2,4.1,4.5,4.5,3.8,4,3.9,3.8,3.8,3.7,3.8,3.7,3.8,3.7,3.8,3.8,3.6,3.2,3.3,3.2,3,3,3.1,2.6,1.8,1.9,1.9,1.7,1.2,1.1,1,0.7
2023F,WI,CLRCE,3.4,3.7,3.5,2.8,2.2,2.4,2.5,2.1,2.1,2,1.5,1.3,0.6,0.4,0.3,0.3,0.3,0.2,0.1,0.1,0,0,0,0,0.1,0,0,0,0,0,0,0,0,0,0,0,0,0,0,0,0,0,0,0,0,0.1,0,0,0,0,0,0,0,0,0,0,0,0,0,0,0,0,0,0
2023F,WI,CLTCE,28.9,29.2,29.5,30.3,31.6,33,35.2,34.2,33.8,35.5,36.2,32,31.7,29.5,26.5,25.8,28.9,29.2,28.1,30.5,31.1,31.1,30.8,33.5,34.5,34.3,35.3,36.7,37.5,37.1,37.5,38.6,37.6,38.3,40.3,42,43.2,46.2,44.9,45.7,47.5,47,46.9,46.6,47.7,49.9,44.1,44.4,45.9,40.6,43.8,42.7,35.7,43.4,39.8,39,34.1,37.2,34.6,26.8,23.9,27.5,22.3,21.1
2023F,WI,FFACE,12.8,12.6,13.2,13.7,14,14.3,15.2,15.8,16.9,18,19.1,20,21.2,22.2,22.1,22.6,23.6,24.4,25.6,25.2,23.3,22.7,21.6,21.7,21.7,22.1,22.6,22.7,24.3,24.5,24.2,24.2,24.7,25.3,26.8,27.4,27.8,27.9,29.5,30.2,29.9,29.6,29.7,29.6,30.7,30.1,30.7,30.7,29.5,28.8,29.5,28.5,28.4,28,30,29.6,29.3,28.9,30.7,30.4,27.2,29.2,29.7,29.5
2023F,WI,FFCCE,4.3,4.5,4.7,4.2,4,4.4,4.8,4.8,4.9,5.7,5.3,5.1,4.4,4.7,5.3,5.4,5.2,5.2,5.8,6,5.1,4.3,4.6,5.6,6.2,5.6,4.1,4.4,4.9,5.2,4.8,5,4.8,5.2,5.1,5.5,6,5.9,5.6,5.7,5.6,5.4,5.8,6.1,5.7,6.2,5.3,5.5,6.5,5.8,5.2,5.5,4.8,6,6.5,5.9,5.9,6,6.6,6.7,6.1,6.6,7.5,6.8
2023F,WI,FFEIE,12.1,12.3,13.1,14.7,15.7,16.1,18.1,19,19.9,22.7,24.7,22.9,24.6,24.2,22.1,21.2,23.4,24.2,24.3,26.1,26.8,26.6,26.1,28.8,30.1,29.7,30.7,32.4,33.2,32.8,33.2,34.5,33.6,34.4,36.1,37.9,39.7,42.9,42.2,43,44.7,44.4,44.1,44,45.2,49.2,43.5,44.3,44.8,39.9,43.1,42.3,37.4,43.8,40.1,42,38.9,41.2,39.9,33.3,31.5,35,31.1,30.1
2023F,WI,FFICE,19.2,19.7,20.1,20.9,22.9,23.8,24.3,24.4,24.3,24.2,24.8,22.4,20.7,21.1,19.4,18.4,17.9,19.7,18.7,17.9,15.5,14.7,14.5,13.5,13.5,13.2,13.2,13.2,13.7,14,14.1,14.3,14.2,15,15.5,15.5,15.5,16,14.8,16.4,17.2,16.7,16.9,15.1,15.8,15.3,14.6,14.7,14.3,12.5,12.7,13,12.6,13.7,14.1,13.2,12.6,13.3,13.7,13.4,12.2,12,12,10.9
2023F,WI,FFRCE,12,12.8,13.3,12.8,12.3,13,13.7,14.7,14.7,14.8,14.3,14.3,13.4,13.2,13.2,13.1,13.9,13.6,14,12.9,10.9,9.9,10.4,9,9.6,10,9.7,9.2,10.4,10.6,9.5,10.2,9.9,10.6,10.2,10.3,11.5,10.4,9,10.1,10.3,9.8,10.5,10.7,10.2,9.9,9,9.4,10.2,9.3,8.6,8.9,7.6,9.8,10.4,8.9,8.7,8.9,9.9,10.8,9.8,9.5,10.5,8.9
2023F,WI,FFTCE,60.3,62,64.3,66.4,68.9,71.6,76.2,78.7,80.7,85.4,88.2,84.8,84.3,85.5,82.1,80.8,84,87,88.5,88.2,81.6,78.3,77.1,78.7,81,80.6,80.3,81.9,86.4,87.1,85.8,88.1,87.2,90.5,93.6,96.6,100.6,103.1,101.1,105.4,107.7,105.8,107,105.6,107.7,110.8,103,104.7,105.2,96.3,99,98.1,90.8,101.1,101.1,99.6,95.2,98.3,100.8,94.6,86.8,92.4,90.8,86.2
2023F,WI,NNACE,0,0,0,0,0.1,0.1,0.1,0.2,0.1,0.2,0.4,0.3,0.3,0.3,0.3,0.3,0.1,0.1,0.1,0.2,0.4,0.4,0.2,0.1,0.2,0.1,0.2,0.2,0.2,0.2,0.2,0.2,0.2,0.2,0.5,0.2,0.2,0.2,0.2,0.2,0.2,0.2,0.2,0.2,0.2,0.2,0.2,0.2,0.1,0.1,0.2,0.1,0.1,0.2,0.2,0.2,0.2,0.2,0.2,0.3,0.2,0.2,0.3,0.2
2023F,WI,NNCCE,0.6,0.7,1,0.9,1,1.3,1.6,1.8,2,2.8,2.9,2.6,2.4,3,3.5,3.7,3.1,3.3,4.2,4.3,4.1,3.6,3.7,3.6,3.8,3.9,3,3.1,3.6,3.7,3.5,3.8,3.8,4.1,4.2,4.6,5,4.8,4.4,4.4,4.3,4.1,4.6,4.7,4.4,4.6,4.6,4.8,5.2,4.9,4.4,4.7,4.2,5.4,5.9,5,4.9,5,5.5,5.6,5.1,5.6,6.5,5.8
2023F,WI,NNEIE,0.1,0.6,0.7,0.7,0.5,0.8,0.9,1.1,1.2,1.7,1.7,1.6,1.5,1.6,1.8,1.1,0.6,0.3,0.4,1.1,0.7,0.4,0.2,0.2,0.1,0.1,0.1,0.1,0.1,0.1,0.1,0.1,0.2,0.2,0.2,0.5,0.4,0.9,1.3,1.1,1.1,1.2,1.1,1.3,1.1,3.1,2.4,2.9,2.2,2.2,2.3,2.6,4.7,3.3,3.3,5.4,6.4,5.8,7,8,8.7,8.2,9.5,9.5
2023F,WI,NNICE,1.6,2,2.5,3.1,3.8,4.3,4.9,5.3,6.2,6.8,7.4,8.2,7.2,8.7,8.3,8,6.3,8.3,8,7.1,6.7,6.7,6,5.8,6.1,6,5.6,5.8,6.3,6.6,6.3,6.7,6.7,6.9,7,7.6,7.8,8.1,7.3,7.6,7.9,6.9,7.1,7.2,7.4,6.9,6.2,6.3,6.7,6.3,6.3,6.7,6.6,7.2,7.6,7.3,7.7,8.2,8.8,8.7,8.2,8,8,7.2
2023F,WI,NNRCE,2.6,2.9,3.2,3.5,3.7,4.3,4.5,4.9,5.1,5.5,5.7,5.9,5.7,5.9,6.3,6.5,6.6,6.4,6.9,6.7,6.6,6,6.3,6,6,6.2,5.9,5.5,6.5,6.8,6.1,6.6,6.6,7,6.9,7.3,7.9,7.3,6.2,6.8,7.2,6.7,7.3,7.6,7.2,7.1,6.5,7,7.6,7.2,6.6,7,6.1,7.8,8.3,7,6.9,7.2,8,8.4,7.7,7.3,8.3,6.8
2023F,WI,NNTCE,4.9,6.2,7.4,8.2,9.1,10.7,12,13.3,14.6,17,18,18.5,17.1,19.5,20.2,19.5,16.8,18.5,19.6,19.5,18.6,17.1,16.5,15.8,16.1,16.3,14.7,14.7,16.7,17.4,16.3,17.5,17.5,18.4,18.9,20.2,21.4,21.2,19.4,20.2,20.8,19,20.3,20.9,20.3,21.9,19.8,21.2,21.8,20.6,19.8,21,21.6,23.9,25.2,24.9,26.2,26.4,29.5,31,29.9,29.4,32.6,29.6
2023F,WI,PMACE,12.6,12.6,13.1,13.6,13.9,14.2,15.1,15.6,16.7,17.8,18.8,19.7,20.9,21.9,21.8,22.3,23.5,24.3,25.6,25,22.9,22.3,21.3,21.6,21.5,22,22.4,22.5,24.1,24.2,24,23.9,24.5,25.1,26.3,27.1,27.6,27.7,29.3,30,29.6,29.4,29.5,29.4,30.5,29.9,30.5,30.5,29.3,28.7,29.3,28.3,28.3,27.8,29.8,29.4,29.1,28.7,30.5,30.2,27,29,29.4,29.3
2023F,WI,PMCCE,1.3,1.3,1.3,1.3,1.3,1.3,1.3,1.4,1.3,1.3,1.2,1.2,1.2,1.1,1.1,1.1,1.2,1.2,1.2,1.1,0.9,0.6,0.7,1.8,2.2,1.7,1.1,1.1,1.2,1.4,1.3,1.2,1,1,0.8,0.7,0.7,0.8,0.9,1,0.9,0.9,1,1.1,1,0.9,0.6,0.6,0.8,0.6,0.5,0.6,0.5,0.5,0.5,0.9,0.9,1,1,1,0.9,1,1.1,1
2023F,WI,PMEIE,0,0,0,0,0,0,0,0,0.1,0.1,0.7,0.5,0.5,0.7,0.4,0.5,0.7,0.8,1.2,0.6,0.3,0.2,0.1,0.1,0.1,0.1,0.1,0.1,0.1,0.1,0,0.1,0.1,0.1,0.2,0.2,0.2,0.2,0.3,0.3,0.2,0.2,0.2,0.3,0.6,0.6,0.8,0.9,0.8,0.6,0.6,0.5,0.1,0.1,0.2,0.1,0.2,0.2,0.2,0.2,0.2,0.4,0.2,0.1
2023F,WI,PMICE,6.6,6.4,6.4,6.4,6.5,6.1,5.9,6.5,6.6,6.3,6.1,5.9,5.9,5.8,5.5,5.2,6,6.1,5.8,5.4,3.6,3,3.5,2.8,3.1,2.5,2.9,3,3,3,3.3,3.3,3.3,4,3.9,3.5,4,3.9,3.6,5.1,5.6,6.2,6,4.2,4.6,4.8,4.6,4.6,4,3,3,3.1,3.1,3.5,3.5,3.4,3.1,3.2,3.1,3,2.8,2.9,3,3
2023F,WI,PMRCE,6,6.3,6.6,6.6,6.4,6.3,6.6,7.7,7.6,7.3,7.1,7,7.1,6.9,6.7,6.3,7,6.9,7,6.1,4.3,3.9,4,3,3.5,3.7,3.7,3.6,3.9,3.8,3.4,3.5,3.3,3.6,3.3,3,3.6,3.1,2.7,3.2,3,3,3.1,3,2.9,2.8,2.5,2.4,2.6,2.1,2,1.9,1.5,2,2.1,1.8,1.7,1.7,1.9,2.4,2.1,2.2,2.2,2.1
2023F,WI,PMTCE,26.5,26.5,27.5,27.9,28.1,27.9,29,31.2,32.3,32.9,34,34.2,35.5,36.4,35.4,35.5,38.4,39.3,40.7,38.2,31.9,30,29.7,29.3,30.4,30,30.2,30.4,32.2,32.6,32,32,32.1,33.8,34.5,34.5,36,35.7,36.8,39.5,39.4,39.8,39.8,38,39.7,39,39.1,39.1,37.6,35,35.4,34.4,33.6,33.9,36.1,35.6,34.9,34.8,36.7,36.8,33,35.6,35.9,35.6
2023F,WI,TEACE,12.8,12.6,13.2,13.7,14,14.3,15.2,15.8,16.9,18,19.1,20,21.2,22.2,22.1,22.6,23.6,24.4,25.6,25.2,23.3,22.7,21.6,21.7,21.7,22.1,22.6,22.7,24.3,24.5,24.2,24.2,24.7,25.3,26.8,27.4,27.8,27.9,29.5,30.2,29.9,29.6,29.7,29.6,30.7,30.1,30.7,30.7,29.5,28.8,29.5,28.5,28.4,28,30,29.6,29.3,28.9,30.7,30.4,27.2,29.2,29.7,29.5
2023F,WI,TECCE,4.3,4.5,4.7,4.2,4,4.4,4.8,4.8,4.9,5.7,5.3,5.1,4.4,4.7,5.3,5.4,5.2,5.2,5.8,6,5.1,4.3,4.6,5.6,6.2,5.6,4.1,4.4,4.9,5.2,4.8,5,4.8,5.2,5.1,5.5,6,5.9,5.6,5.7,5.6,5.4,5.8,6.1,5.7,6.2,5.3,5.5,6.5,5.8,5.2,5.5,4.8,6,6.5,5.9,5.9,6,6.6,6.7,6.1,6.6,7.5,6.8
2023F,WI,TEEIE,12.1,12.3,13.1,14.7,15.7,16.1,18.1,19,19.9,22.7,24.7,22.9,24.6,24.2,22.1,21.2,23.4,24.2,24.3,26.1,26.8,26.6,26.1,28.8,30.1,29.7,30.7,32.4,33.2,32.8,33.2,34.5,33.6,34.4,36.1,37.9,39.7,42.9,42.2,43,44.7,44.4,44.1,44,45.2,49.2,43.5,44.3,44.8,39.9,43.1,42.3,37.4,43.8,40.1,42,38.9,41.2,39.9,33.3,31.5,35,31.1,30.1
2023F,WI,TEICE,19.2,19.7,20.1,20.9,22.9,23.8,24.3,24.4,24.3,24.2,24.8,22.4,20.7,21.1,19.4,18.4,17.9,19.7,18.7,17.9,15.5,14.7,14.5,13.5,13.5,13.2,13.2,13.2,13.7,14,14.1,14.3,14.2,15,15.5,15.5,15.5,16,14.8,16.4,17.2,16.7,16.9,15.1,15.8,15.3,14.6,14.7,14.3,12.5,12.7,13,12.6,13.7,14.1,13.2,12.6,13.3,13.7,13.4,12.2,12,12,10.9
2023F,WI,TERCE,12,12.8,13.3,12.8,12.3,13,13.7,14.7,14.7,14.8,14.3,14.3,13.4,13.2,13.2,13.1,13.9,13.6,14,12.9,10.9,9.9,10.4,9,9.6,10,9.7,9.2,10.4,10.6,9.5,10.2,9.9,10.6,10.2,10.3,11.5,10.4,9,10.1,10.3,9.8,10.5,10.7,10.2,9.9,9,9.4,10.2,9.3,8.6,8.9,7.6,9.8,10.4,8.9,8.7,8.9,9.9,10.8,9.8,9.5,10.5,8.9
2023F,WI,TETCE,60.3,62,64.3,66.4,68.9,71.6,76.2,78.7,80.7,85.4,88.2,84.8,84.3,85.5,82.1,80.8,84,87,88.5,88.2,81.6,78.3,77.1,78.7,81,80.6,80.3,81.9,86.4,87.1,85.8,88.1,87.2,90.5,93.6,96.6,100.6,103.1,101.1,105.4,107.7,105.8,107,105.6,107.7,110.8,103,104.7,105.2,96.3,99,98.1,90.8,101.1,101.1,99.6,95.2,98.3,100.8,94.6,86.8,92.4,90.8,86.2
2023F,WV,CDEGR,,,,,,,,,,,,,,,,,,,,,,,,,,,,,,,,,,,,,,1842.6,1868.3,1828.1,1826.5,1661.4,1839.5,1771.7,1703.4,1687.8,1666.4,1686.2,1588.4,1271.5,1400.2,1337.3,1259.9,1274.5,1347.5,1237,1282.6,1206.2,1149.3,1105.7,1029.4,1164.5,1025,923.5
2023F,WV,CDTCR,73.6,74.1,74.2,76.9,77.1,77.1,78.3,79.7,79.3,80.1,79.6,79.9,80.4,81.7,82,81.9,82.5,82.3,81.4,81.5,82.8,83.2,83.2,84.1,84.6,84.6,84.4,84.3,84.2,84.5,84.8,84.9,84.6,84.2,84.3,84.2,84.6,84.5,85.3,86,85.6,85,85.5,86.3,86.1,85.9,85.7,85.9,85.4,82.8,83,82.6,81.8,81.1,81.2,80.5,80.6,80.1,78.4,77.4,76,77.3,75.5,73.4
2023F,WV,CDTPR,25.9,28.5,29,32,33.7,34.8,37.7,38.6,42.9,44.3,44,44.1,49.6,54.1,55.3,53.1,55.5,54,50.3,52.1,52.6,53.3,49.2,50.1,54.7,53.6,54,54.9,58.4,60.7,57.7,53.3,54.3,54.4,58.5,57.5,59.2,61.1,63.5,64.3,64,58.7,65.7,63.6,62,62.9,62.8,63.8,61.3,48.8,54.2,52.7,49.6,50.8,54,49.8,51.5,49.9,49.3,47.5,42.8,49.4,44.6,42.1
2023F,WV,CLACE,0.3,0.1,0.1,0.1,0.1,0.1,0.1,0.1,0.1,0,0,0,0,0,0,0,0,0,0,0,0,0,0,0,0,0,0,0,0,0,0,0,0,0,0,0,0,0,0,0,0,0,0,0,0,0,0,0,0,0,0,0,0,0,0,0,0,0,0,0,0,0,0,0
2023F,WV,CLCCE,0.2,0.2,0.3,0.3,0.2,0.2,0.3,0.4,0.4,0.3,0.2,0.3,0.3,0.4,0.7,0.4,0.3,0.4,0.5,0.6,0.3,0.4,0.4,0.5,0.4,0.2,0.2,0.3,0.2,0.3,0.3,0.2,0.2,0.2,0.2,0.1,0.2,0.2,0.4,0.4,0.5,0.1,0.1,0.1,0.1,0.2,0.1,0.1,0,0,0,0,0,0,0,0,0,0,0,0,0,0,0,0
2023F,WV,CLEIE,13.4,15.4,15.8,17,17.6,18.1,21.8,25.4,29.7,32.9,33,35.8,44.2,52.2,55.7,57,61.3,61.7,57.1,62.2,65.8,69.4,64.6,68.1,72.9,74.1,72.9,72.4,75.2,76.7,70.8,65.8,67.7,67.5,73.7,73.4,78.6,82.6,83.6,86.3,84.9,75.2,87.4,86.7,82.7,85.9,86.1,87.4,85.2,66.4,74.9,72.5,67.5,69.2,73.7,65.9,68.9,65.4,60.6,56.8,49.1,57.7,50.3,44.7
2023F,WV,CLICE,18.9,20.1,20.1,23.4,25.6,26,26.2,24.8,26,25.2,24.1,21.9,22.7,23.6,22.7,19.7,20.6,17.9,16.5,15.5,15,13.2,11.5,9.7,11.8,8.5,10.1,10,11.4,11.4,11.6,10.1,9.3,10,10.5,9.1,7.8,6.1,8.9,7.7,7.6,7.1,7.1,6.6,6.5,5.5,5.2,6.1,5.9,4.4,5.9,5.9,4.7,4.4,4.2,3.8,2.9,2.5,2.6,2.6,2.5,2.9,1.1,0.6
2023F,WV,CLRCE,0.3,0.3,0.5,0.4,0.3,0.3,0.4,0.5,0.5,0.3,0.2,0.3,0.3,0.2,0.3,0.2,0.1,0.1,0.1,0.1,0.1,0.1,0.1,0.1,0.1,0,0.1,0.1,0.1,0.1,0.1,0,0,0,0,0,0,0,0,0,0.1,0,0,0,0,0,0,0,0,0,0,0,0,0,0,0,0,0,0,0,0,0,0,0
2023F,WV,CLTCE,33.2,36.2,36.8,41.1,43.8,44.7,48.8,51.1,56.6,58.7,57.6,58.3,67.5,76.4,79.5,77.2,82.4,80.1,74.3,78.4,81.1,83.1,76.5,78.4,85.2,82.7,83.3,82.7,86.9,88.5,82.9,76.2,77.3,77.8,84.4,82.6,86.7,89,92.9,94.4,93,82.4,94.6,93.3,89.4,91.6,91.4,93.7,91.1,70.8,80.8,78.4,72.2,73.6,77.9,69.8,71.8,67.9,63.2,59.4,51.6,60.6,51.4,45.3
2023F,WV,FFACE,5.9,5.5,5.6,6,6.1,6.6,6.9,6.9,7.4,6.6,7.6,8.1,8.7,9.6,9.4,9.7,9.9,10.5,10.7,10.6,10.2,9.9,9.5,10.4,10.9,10.8,9.6,10.1,10.4,10.5,10.3,10.2,11.1,11.4,12,12.2,11,12,12.6,12.2,12.7,12.5,12.3,11.9,12.4,12.5,12.5,12.3,10.8,11.1,11.4,11,11.4,11,11,11.3,12,11.3,12.8,12.2,11.1,12.8,12.6,12.9
2023F,WV,FFCCE,1.2,1.2,1.4,1.3,1.2,1.2,1.3,1.5,1.6,1.5,1.5,1.7,1.9,1.9,2.1,1.9,1.6,1.7,1.9,2,1.7,2,1.7,1.9,1.9,1.6,1.6,1.6,1.9,2.1,2,1.8,1.9,1.8,1.8,1.8,2,1.9,2,2.1,2.2,1.9,1.7,1.8,1.7,1.8,1.6,1.6,1.6,1.5,1.6,1.6,1.5,1.6,1.6,1.7,1.7,1.6,1.8,1.8,1.6,1.7,1.7,1.6
2023F,WV,FFEIE,13.4,15.5,15.9,17.1,17.7,18.2,21.9,25.4,29.8,33.1,33.3,36,44.5,52.4,56.3,57.3,61.7,62.1,57.9,62.6,66.1,69.8,64.9,68.3,73,74.2,73,72.6,75.4,76.9,71,66,67.9,67.7,73.9,73.6,78.7,82.8,83.7,86.4,85.1,75.6,87.7,87,83,86.2,86.4,87.8,85.4,66.6,75.1,72.8,67.7,69.5,74.2,66.8,69.6,66.1,61.3,57.8,50.4,59,51.4,46.6
2023F,WV,FFICE,24.2,26.5,26.1,29.5,32.1,32.7,33.2,30.6,33.1,32.4,31.1,28.6,30,30.1,29,25.6,27.6,25.2,22.8,22.2,21.2,19.2,16.8,14.3,16.9,13.1,14.7,15.1,16.5,17.4,17.7,15.5,14.8,15.4,16.2,14.9,13.6,12,14.8,13.3,13.3,13.3,14.7,12.4,13.1,12,12.3,13.4,13,9.1,10.6,10.7,10,10.3,11.1,10.3,9.4,10.1,11.2,11.9,12,13.1,11.6,12
2023F,WV,FFRCE,3.3,3.3,3.5,3.6,3.5,3.4,3.6,3.7,3.8,3.8,3.7,3.7,4,3.7,3.6,3.4,3.5,3.6,3.5,3.7,3.5,3.3,3,2.7,2.8,2.6,2.6,2.6,2.7,2.7,2.4,2.3,2.5,2.5,2.5,2.4,2.7,2.6,2.3,2.4,2.4,2.4,2.2,2.3,2.3,2.1,2,1.9,1.9,1.8,1.9,1.8,1.5,1.9,1.9,1.8,1.6,1.5,1.8,1.7,1.7,1.7,1.7,1.5
2023F,WV,FFTCE,48,52.1,52.5,57.5,60.6,62.1,66.9,68.2,75.7,77.4,77.1,78.1,89.1,97.7,100.4,97.9,104.2,103,96.7,101.1,102.6,104.2,96,97.5,105.5,102.3,101.7,102.1,106.9,109.6,103.4,95.9,98,98.9,106.5,104.9,107.9,111.2,115.3,116.4,115.7,105.7,118.6,115.4,112.6,114.6,114.8,117,112.7,90.1,100.6,97.9,92.1,94.2,99.9,91.9,94.3,90.7,89,85.3,76.7,88.2,79.1,74.6
2023F,WV,NNACE,0.5,0.4,0.4,0.5,0.8,1,1,0.9,0.9,0,0.4,0.5,0.8,1,0.9,0.8,0.8,0.8,0.8,0.9,0.7,0.8,0.7,0.5,0.9,1,0.9,0.7,0.8,0.6,0.5,0.5,0.9,1.2,1.7,1.5,1.8,1.8,1.7,1.7,1.9,1.7,1.9,1,1.1,1.1,1.1,1.2,1,1.3,1.2,1.2,1.8,1.7,1.7,1.7,1.2,1.1,1.1,1.4,1.7,1.9,1.9,1.9
2023F,WV,NNCCE,0.9,0.9,0.9,1,0.8,0.8,0.9,1,1.1,1.2,1.2,1.3,1.5,1.4,1.3,1.4,1.1,1.1,1.2,1.2,1.2,1.2,1.1,1,1,1,0.9,1,1.3,1.3,1.2,1.2,1.4,1.4,1.4,1.5,1.6,1.5,1.4,1.5,1.5,1.6,1.4,1.5,1.4,1.4,1.4,1.3,1.4,1.4,1.4,1.4,1.3,1.4,1.4,1.3,1.3,1.3,1.4,1.4,1.2,1.3,1.4,1.2
2023F,WV,NNEIE,0.1,0,0,0,0,0.1,0,0,0,0,0,0,0,0,0,0,0,0,0,0,0,0,0,0,0,0,0,0,0,0,0,0,0,0,0,0,0,0,0,0,0,0.1,0.1,0.1,0.1,0.1,0.2,0.2,0.1,0.1,0.1,0.1,0.1,0.2,0.4,0.7,0.6,0.6,0.6,0.9,1.2,1.1,0.9,1.8
2023F,WV,NNICE,4,4.8,4.2,4.1,4.4,4.5,4.5,3.5,4.8,4.9,4.9,4.7,5.2,4.6,4.6,3.6,3.5,3.1,3.2,3.2,3.2,3.4,2.8,2.5,2.7,2.5,2.4,2.8,2.7,3.2,3.2,2.7,2.9,3,3,3.3,3.1,3.5,3.1,2.7,3.1,2.6,3,2.6,2.5,2.2,2.4,2.3,2.1,2,2.1,2.4,2.8,3.3,4.3,4.7,5.3,6,6.7,7.3,8.2,8.6,8.9,9.8
2023F,WV,NNRCE,2.7,2.7,2.7,2.9,2.9,2.8,2.9,2.8,3,3.1,3.2,3,3.3,3,2.9,2.8,2.8,2.9,2.9,2.6,2.6,2.6,2.4,2.2,2.2,2.1,2.1,2,2.2,2.1,1.9,1.9,2,2,2,2,2.1,2,1.7,1.8,1.8,1.8,1.7,1.8,1.7,1.7,1.5,1.5,1.6,1.5,1.5,1.4,1.3,1.5,1.6,1.4,1.3,1.3,1.5,1.4,1.3,1.4,1.4,1.2
2023F,WV,NNTCE,8.1,8.8,8.3,8.6,9,9.2,9.4,8.2,9.9,9.2,9.7,9.6,10.7,10,9.7,8.6,8.2,7.9,8.2,8,7.7,8.1,7.1,6.3,6.9,6.5,6.3,6.5,6.9,7.3,6.7,6.2,7.2,7.5,8.1,8.3,8.6,8.9,7.9,7.7,8.3,7.9,8.1,7.1,6.8,6.6,6.6,6.5,6.3,6.2,6.4,6.6,7.4,8,9.4,9.9,9.7,10.3,11.4,12.4,13.6,14.3,14.5,15.9
2023F,WV,PMACE,5.1,5,5.1,5.4,5.3,5.5,5.8,6,6.4,6.6,7.1,7.6,7.9,8.6,8.5,8.9,9.1,9.7,9.9,9.7,9.5,9.1,8.8,9.9,10,9.8,8.7,9.4,9.7,9.9,9.8,9.7,10.2,10.2,10.3,10.7,9.1,10.1,10.8,10.6,10.9,10.8,10.4,10.8,11.4,11.4,11.4,11.1,9.8,9.8,10.2,9.7,9.5,9.3,9.3,9.6,10.9,10.2,11.7,10.8,9.4,10.9,10.7,11
2023F,WV,PMCCE,0.1,0.1,0.1,0.1,0.1,0.1,0.1,0.1,0.1,0.1,0.1,0.1,0.1,0.1,0.1,0.1,0.2,0.2,0.2,0.3,0.2,0.4,0.2,0.4,0.4,0.5,0.5,0.4,0.4,0.4,0.4,0.4,0.3,0.3,0.2,0.2,0.2,0.2,0.2,0.2,0.2,0.3,0.2,0.2,0.2,0.2,0.1,0.1,0.1,0.2,0.2,0.2,0.2,0.2,0.2,0.4,0.3,0.3,0.4,0.4,0.3,0.4,0.4,0.4
2023F,WV,PMEIE,0,0,0,0,0,0,0,0,0.1,0.1,0.2,0.2,0.3,0.3,0.6,0.3,0.4,0.4,0.7,0.4,0.3,0.4,0.2,0.2,0.2,0.2,0.2,0.2,0.2,0.2,0.2,0.1,0.1,0.2,0.2,0.1,0.2,0.1,0.1,0.1,0.2,0.2,0.2,0.2,0.2,0.2,0.1,0.1,0.1,0.1,0.1,0.1,0.1,0.1,0.1,0.1,0.1,0.1,0.1,0.1,0.1,0.1,0.1,0.1
2023F,WV,PMICE,1.3,1.6,1.9,2,2.2,2.3,2.5,2.3,2.2,2.4,2,2,2.1,1.9,1.7,2.3,3.5,4.2,3.1,3.5,3,2.6,2.5,2.1,2.4,2.1,2.2,2.4,2.4,2.8,2.9,2.7,2.6,2.4,2.8,2.6,2.7,2.3,2.8,2.8,2.6,3.5,4.5,3.2,4,4.2,4.7,5,5,2.6,2.5,2.5,2.5,2.6,2.6,1.7,1.2,1.6,1.9,2,1.3,1.6,1.7,1.6
2023F,WV,PMRCE,0.2,0.3,0.3,0.3,0.2,0.3,0.3,0.5,0.3,0.3,0.3,0.4,0.4,0.4,0.4,0.4,0.5,0.6,0.4,0.9,0.8,0.6,0.6,0.4,0.5,0.4,0.5,0.5,0.5,0.5,0.5,0.4,0.4,0.5,0.5,0.4,0.5,0.6,0.6,0.6,0.5,0.6,0.5,0.5,0.6,0.4,0.5,0.4,0.4,0.3,0.4,0.3,0.2,0.4,0.3,0.3,0.3,0.2,0.3,0.3,0.3,0.3,0.3,0.3
2023F,WV,PMTCE,6.7,7,7.4,7.8,7.8,8.2,8.7,8.9,9.2,9.5,9.7,10.2,10.9,11.3,11.2,12.1,13.7,15,14.3,14.8,13.8,13,12.3,12.9,13.5,13,12.1,12.9,13.2,13.8,13.8,13.5,13.6,13.6,14,14.1,12.6,13.3,14.5,14.3,14.5,15.3,15.8,14.9,16.4,16.4,16.8,16.7,15.3,13.1,13.3,12.9,12.6,12.7,12.6,12.2,12.7,12.5,14.3,13.6,11.5,13.3,13.2,13.4
2023F,WV,TEACE,5.9,5.5,5.6,6,6.1,6.6,6.9,6.9,7.4,6.6,7.6,8.1,8.7,9.6,9.4,9.7,9.9,10.5,10.7,10.6,10.2,9.9,9.5,10.4,10.9,10.8,9.6,10.1,10.4,10.5,10.3,10.2,11.1,11.4,12,12.2,11,12,12.6,12.2,12.7,12.5,12.3,11.9,12.4,12.5,12.5,12.3,10.8,11.1,11.4,11,11.4,11,11,11.3,12,11.3,12.8,12.2,11.1,12.8,12.6,12.9
2023F,WV,TECCE,1.2,1.2,1.4,1.3,1.2,1.2,1.3,1.5,1.6,1.5,1.5,1.7,1.9,1.9,2.1,1.9,1.6,1.7,1.9,2,1.7,2,1.7,1.9,1.9,1.6,1.6,1.6,1.9,2.1,2,1.8,1.9,1.8,1.8,1.8,2,1.9,2,2.1,2.2,1.9,1.7,1.8,1.7,1.8,1.6,1.6,1.6,1.5,1.6,1.6,1.5,1.6,1.6,1.7,1.7,1.6,1.8,1.8,1.6,1.7,1.7,1.6
2023F,WV,TEEIE,13.4,15.5,15.9,17.1,17.7,18.2,21.9,25.4,29.8,33.1,33.3,36,44.5,52.4,56.3,57.3,61.7,62.1,57.9,62.6,66.1,69.8,64.9,68.3,73,74.2,73,72.6,75.4,76.9,71,66,67.9,67.7,73.9,73.6,78.7,82.8,83.7,86.4,85.1,75.6,87.7,87,83,86.2,86.4,87.8,85.4,66.6,75.1,72.8,67.7,69.5,74.2,66.8,69.6,66.1,61.3,57.8,50.4,59,51.4,46.6
2023F,WV,TEICE,24.2,26.5,26.1,29.5,32.1,32.7,33.2,30.6,33.1,32.4,31.1,28.6,30,30.1,29,25.6,27.6,25.2,22.8,22.2,21.2,19.2,16.8,14.3,16.9,13.1,14.7,15.1,16.5,17.4,17.7,15.5,14.8,15.4,16.2,14.9,13.6,12,14.8,13.3,13.3,13.3,14.7,12.4,13.1,12,12.3,13.4,13,9.1,10.6,10.7,10,10.3,11.1,10.3,9.4,10.1,11.2,11.9,12,13.1,11.6,12
2023F,WV,TERCE,3.3,3.3,3.5,3.6,3.5,3.4,3.6,3.7,3.8,3.8,3.7,3.7,4,3.7,3.6,3.4,3.5,3.6,3.5,3.7,3.5,3.3,3,2.7,2.8,2.6,2.6,2.6,2.7,2.7,2.4,2.3,2.5,2.5,2.5,2.4,2.7,2.6,2.3,2.4,2.4,2.4,2.2,2.3,2.3,2.1,2,1.9,1.9,1.8,1.9,1.8,1.5,1.9,1.9,1.8,1.6,1.5,1.8,1.7,1.7,1.7,1.7,1.5
2023F,WV,TETCE,48,52.1,52.5,57.5,60.6,62.1,66.9,68.2,75.7,77.4,77.1,78.1,89.1,97.7,100.4,97.9,104.2,103,96.7,101.1,102.6,104.2,96,97.5,105.5,102.3,101.7,102.1,106.9,109.6,103.4,95.9,98,98.9,106.5,104.9,107.9,111.2,115.3,116.4,115.7,105.7,118.6,115.4,112.6,114.6,114.8,117,112.7,90.1,100.6,97.9,92.1,94.2,99.9,91.9,94.3,90.7,89,85.3,76.7,88.2,79.1,74.6
2023F,WY,CDEGR,,,,,,,,,,,,,,,,,,,,,,,,,,,,,,,,,,,,,,2435.4,2579.2,2418.1,2384.9,2249.4,2162.5,2165.2,2093.6,1963.2,1759.7,1691.8,1615.4,1579,1677.8,1657.2,1754.1,1796.8,1678.9,1598.8,1616.4,1668.2,1679.9,1529.9,1533.6,1467.4,1487.9,1351.6
2023F,WY,CDTCR,62.4,63.5,64.2,65.6,65.7,66,66.5,66.5,65.5,66.1,65.5,64.5,66.5,69.5,71.2,73.5,75.9,77.7,76.7,78.1,78.7,80.6,80.3,80.7,80.8,81.8,80.7,82.5,83.2,82.7,83.1,83.1,82.7,82.7,82.8,82.9,82.7,82.7,83.3,83.2,83,83.2,83,82.9,83.5,83,82.9,81.6,81.2,80.2,79.7,78.4,79.1,79.9,79.7,80.2,79.3,78.4,78,77,76.5,75.4,75,74.5
2023F,WY,CDTPR,27.9,31,34.8,34.4,34.4,35.8,39.3,43.1,46.5,53.4,55.6,55.2,62.3,66.8,65.3,66.3,77.7,87.7,85.7,92.3,86.5,91.5,91.7,82.4,91.6,100.9,86.9,111.6,119.2,116.9,126.2,120.9,131.3,123,125.7,119.9,122.1,120.7,130.4,127.2,128.4,128.9,125,128.2,126.6,124,123.4,125,123.2,114.5,116.3,113.7,115.8,118.4,113.1,109.2,104.6,108.2,110.2,101.7,96.1,94,96.7,92.9
2023F,WY,CLACE,0,0,0,0,0,0,0,0,0,0,0,0,0,0,0,0,0,0,0,0,0,0,0,0,0,0,0,0,0,0,0,0,0,0,0,0,0,0,0,0,0,0,0,0,0,0,0,0,0,0,0,0,0,0,0,0,0,0,0,0,0,0,0,0
2023F,WY,CLCCE,0,0,0,0,0,0,0,0,0,0,0,0,0,0,0,0.1,0.1,0.2,0.3,0.5,0.1,0.2,0.2,0.2,0.2,0.1,0.1,0.1,0.2,0.2,0.2,0.3,0.1,0.3,0.4,0.2,0.6,0.2,0.3,0.2,0.2,0.2,0.1,0.1,0.2,0.1,0.1,0.1,0.1,0.1,0,0.1,0,0,0,0,0,0,0,0,0,0,0,0
2023F,WY,CLEIE,1.2,1.5,1.6,2.5,2.7,3,3.6,3.4,3.6,4.8,5.6,5.2,7.1,9.2,9.5,11,15,19.1,18.6,22.1,22.6,27.3,28.9,26.7,30.9,35.3,28.9,37.4,39.2,37,39.6,38.6,42.3,40.3,42.3,39.8,40.6,40.2,44.7,43,44.3,44.2,42.8,44,44.6,43.8,43.4,43.8,44.4,42.3,43.2,41.5,43.8,46.7,43.6,43.7,40.6,40.8,40.6,36.3,34.9,33.6,34.8,32.8
2023F,WY,CLICE,0.2,0.3,0.5,0.3,0.3,0.2,0.3,0.3,0.5,0.4,0.4,0.3,0.4,0.5,0.9,1.1,1.9,2.6,2.7,2.9,2.7,2.9,2.6,2.8,3,3.1,2.9,3.1,2.9,3.2,3.9,4,4.3,3.8,3.8,4,3.8,4,4,4,3.6,3.1,2.9,3,3,3,3.2,3.3,3.3,2.9,2.9,3.1,3,3,3,2.8,3.1,3,3,2.9,2.3,2.5,2.6,2.3
2023F,WY,CLRCE,0.1,0.1,0.1,0.1,0.1,0,0,0,0,0,0,0,0,0,0,0,0,0.1,0.1,0.1,0,0,0,0,0.1,0,0,0,0.1,0,0,0.1,0,0.1,0.1,0,0.1,0,0,0,0,0,0,0,0,0,0,0,0,0,0,0,0,0,0,0,0,0,0,0,0,0,0,0
2023F,WY,CLTCE,1.5,1.9,2.3,2.9,3.1,3.3,3.9,3.8,4.1,5.3,6,5.6,7.6,9.7,10.4,12.2,17,21.9,21.7,25.6,25.5,30.3,31.7,29.8,34.2,38.6,32,40.7,42.4,40.5,43.7,42.9,46.8,44.4,46.6,44,45,44.5,49.1,47.2,48.2,47.6,45.8,47.2,47.8,46.9,46.7,47.2,47.7,45.2,46.2,44.6,46.8,49.7,46.7,46.6,43.7,43.8,43.6,39.2,37.2,36.1,37.4,35.1
2023F,WY,FFACE,2.9,2.8,3.1,2.9,2.8,3.2,3.2,3.9,3.9,4.1,4,4.3,4.3,4.7,4.8,4.6,5,5.3,6,6.1,6.3,6.3,5.6,4.7,4.8,4.8,4.5,5.5,5.9,6,5.8,5.3,5.6,5.9,5.8,6.7,6.7,6.9,7.1,8.1,7.6,7.8,7.7,8.6,8.1,8.3,8.6,8.8,8.6,8.2,8.3,7.6,8,7.7,8,7.6,7.6,7.6,7.9,7.9,7.2,7.4,7.2,7.3
2023F,WY,FFCCE,0.4,0.5,0.6,0.6,0.6,0.6,0.7,0.8,0.9,1,1,1,1.2,1,0.9,0.8,0.7,0.8,0.9,1.1,0.7,0.6,1.1,0.9,0.9,0.9,0.9,0.9,0.9,0.8,0.9,0.9,0.8,1,1,0.9,1.3,0.9,0.9,0.9,1,1,0.9,0.9,0.9,0.9,0.8,0.9,0.9,0.9,1,1.2,1,1.1,1.1,1.1,1.1,1,1,1,0.9,0.9,1.1,1
2023F,WY,FFEIE,1.2,1.6,1.6,2.5,2.8,3,3.6,3.4,3.7,4.9,5.8,5.3,7.2,9.3,9.5,11,15.1,19.1,18.7,22.1,22.6,27.3,29,26.8,31,35.3,29,37.5,39.3,37.1,39.6,38.7,42.4,40.3,42.3,39.8,40.6,40.3,44.8,43,44.4,44.4,43,44.2,44.7,43.9,43.5,44,44.5,42.4,43.3,41.6,43.9,46.7,43.7,43.8,40.7,40.9,40.7,36.5,35.2,34.1,35.4,33.6
2023F,WY,FFICE,4,4.8,5.5,5,4.9,4.5,4.4,4.9,5.7,6.4,6.6,6.8,7.4,7.7,7.7,8,9.2,10.2,10.5,11.6,10.7,10.1,9.8,8.5,8.5,8.4,7.9,8.6,8.4,8.8,10.2,9.7,11.7,10.1,10.4,9.8,10,10.2,10.4,9.8,9.6,9.8,10,10.1,9.9,9.8,10.8,12.3,12.4,11.7,12.2,13.2,13.1,12.5,12.2,10.7,10.9,12.3,13.3,12.6,11.2,11.2,11.7,11.4
2023F,WY,FFRCE,0.7,0.7,0.7,0.6,0.7,0.7,0.8,0.8,0.9,1.1,1.2,1.3,1.5,1,0.9,0.8,0.8,0.8,1,1,0.7,0.7,1,1.2,1,1,0.9,0.9,0.9,0.8,0.8,0.9,0.8,0.9,0.8,0.9,0.9,0.8,0.8,0.8,0.8,0.8,0.9,0.8,0.8,0.8,0.8,0.9,1,1,0.9,1,0.8,0.9,0.9,0.8,0.9,0.9,1,1,0.9,0.9,1,1
2023F,WY,FFTCE,9.2,10.4,11.6,11.6,11.7,11.9,12.7,13.9,15.1,17.6,18.6,18.8,21.6,23.7,23.9,25.3,30.8,36.3,37.1,42,41,45,46.4,42.1,46.3,50.4,43.1,53.2,55.4,53.6,57.2,55.5,61.2,58.2,60.4,58.2,59.6,59.1,64,62.5,63.5,63.7,62.5,64.5,64.4,63.7,64.5,66.8,67.3,64.1,65.7,64.5,66.8,69,66,64.1,61.2,62.8,63.8,59,55.5,54.5,56.3,54.3
2023F,WY,NNACE,0.1,0.1,0.1,0.1,0.1,0.1,0.1,0.2,0.1,0.2,0.3,0.4,0.3,0.5,0.4,0.3,0.3,0.3,0.3,0.4,0.3,0.4,0.4,0.3,0.3,0.3,0.3,0.3,0.3,0.3,0.3,0.4,0.4,0.4,0.3,0.4,0.5,0.6,0.7,0.8,0.8,0.7,0.7,0.8,0.7,0.8,0.8,0.8,0.9,1.1,1.1,1,0.9,0.8,0.8,0.7,0.7,0.8,0.9,0.8,0.8,0.7,0.7,0.7
2023F,WY,NNCCE,0.3,0.4,0.4,0.4,0.4,0.4,0.5,0.5,0.6,0.7,0.8,0.8,0.9,0.7,0.7,0.5,0.5,0.4,0.4,0.4,0.3,0.3,0.5,0.5,0.5,0.5,0.4,0.5,0.5,0.5,0.5,0.5,0.4,0.6,0.5,0.6,0.5,0.6,0.6,0.5,0.5,0.5,0.6,0.6,0.6,0.5,0.5,0.5,0.6,0.6,0.6,0.6,0.6,0.7,0.7,0.7,0.8,0.8,0.8,0.7,0.7,0.7,0.7,0.8
2023F,WY,NNEIE,0,0,0,0,0,0,0,0,0,0.1,0.1,0.1,0,0,0,0,0,0,0,0,0,0,0,0,0,0,0,0,0,0,0,0,0,0,0,0,0,0,0,0,0.1,0.1,0.2,0.1,0,0,0,0.1,0.1,0.1,0,0,0,0,0,0.1,0.1,0.1,0.1,0.2,0.3,0.4,0.6,0.8
2023F,WY,NNICE,1.9,2,2.1,2,1.9,1.8,2.1,2.2,2.6,3.1,3.7,3.8,4.2,3.8,3.2,2.8,2.9,2.7,2.7,3,2.6,2.7,3,2.8,3.1,2.9,2.6,3.1,3,3.1,3.8,3.7,5.2,4.1,4.3,3.7,3.8,3.6,4.1,3.3,3.4,3.4,3.9,4.1,3.9,3.9,3.9,5.5,5.4,5.3,5.6,6.1,6.1,5.8,5.1,4.3,4.6,5.8,6.5,6.4,6.1,5.7,6.1,6.3
2023F,WY,NNRCE,0.5,0.5,0.5,0.4,0.5,0.5,0.6,0.6,0.6,0.8,1,1.1,1.2,0.7,0.6,0.6,0.6,0.6,0.7,0.7,0.5,0.5,0.8,0.8,0.8,0.8,0.7,0.6,0.6,0.7,0.7,0.7,0.6,0.7,0.6,0.7,0.8,0.7,0.7,0.7,0.7,0.6,0.7,0.7,0.7,0.6,0.6,0.7,0.7,0.7,0.7,0.7,0.6,0.8,0.7,0.6,0.7,0.7,0.7,0.8,0.7,0.7,0.8,0.8
2023F,WY,NNTCE,2.7,3.1,3.2,2.9,2.9,2.8,3.3,3.6,3.9,5,5.8,6.1,6.7,5.7,5,4.2,4.3,4.1,4.1,4.5,3.8,3.8,4.7,4.4,4.7,4.5,4.1,4.5,4.5,4.5,5.3,5.3,6.7,5.7,5.8,5.4,5.6,5.6,6,5.3,5.5,5.4,6.1,6.3,5.8,5.9,5.9,7.6,7.6,7.7,8.1,8.4,8.2,8.1,7.4,6.5,6.8,8.1,9,8.8,8.7,8.3,8.9,9.3
2023F,WY,PMACE,2.8,2.7,3,2.8,2.7,3,3.1,3.6,3.8,3.9,3.7,3.9,4,4.2,4.4,4.4,4.7,5,5.6,5.7,5.9,5.9,5.2,4.4,4.5,4.6,4.2,5.1,5.6,5.7,5.5,4.9,5.1,5.5,5.5,6.3,6.3,6.3,6.4,7.3,6.9,7,7,7.8,7.5,7.6,7.8,8,7.6,7.2,7.1,6.6,7.1,6.9,7.2,6.9,6.9,6.9,7,7.1,6.5,6.7,6.5,6.6
2023F,WY,PMCCE,0.1,0.1,0.2,0.2,0.2,0.1,0.2,0.3,0.3,0.3,0.2,0.2,0.2,0.2,0.2,0.2,0.2,0.2,0.2,0.2,0.3,0.2,0.4,0.2,0.2,0.3,0.3,0.3,0.3,0.2,0.2,0.2,0.2,0.1,0.1,0.2,0.2,0.1,0.1,0.2,0.2,0.3,0.2,0.2,0.2,0.2,0.2,0.2,0.3,0.3,0.3,0.5,0.4,0.4,0.4,0.4,0.3,0.2,0.2,0.2,0.2,0.2,0.3,0.3
2023F,WY,PMEIE,0,0,0,0,0,0,0,0,0,0,0,0,0,0,0.1,0.1,0.1,0,0.1,0.1,0.1,0.1,0,0,0.1,0.1,0.1,0,0.1,0.1,0,0.1,0,0,0,0.1,0,0,0,0,0,0,0,0,0,0,0,0,0,0,0,0,0,0,0,0,0,0,0,0,0,0,0,0
2023F,WY,PMICE,1.9,2.4,2.9,2.8,2.7,2.4,2,2.3,2.7,2.9,2.6,2.7,2.8,3.5,3.7,4.1,4.4,4.8,5.1,5.7,5.3,4.6,4.2,2.8,2.5,2.4,2.3,2.4,2.5,2.5,2.5,2.1,2.2,2.3,2.3,2.1,2.4,2.6,2.3,2.5,2.6,3.3,3.2,2.9,3,2.9,3.7,3.5,3.7,3.5,3.7,4.1,4,3.7,4.1,3.6,3.2,3.4,3.8,3.3,2.7,2.9,3,2.9
2023F,WY,PMRCE,0.1,0.1,0.1,0.1,0.1,0.1,0.2,0.2,0.2,0.2,0.2,0.2,0.3,0.2,0.2,0.2,0.2,0.2,0.2,0.2,0.1,0.2,0.2,0.3,0.2,0.1,0.2,0.3,0.2,0.1,0.1,0.1,0.1,0.1,0.1,0.1,0.1,0,0,0.1,0.1,0.2,0.2,0.1,0.1,0.2,0.1,0.2,0.2,0.3,0.2,0.2,0.2,0.2,0.2,0.1,0.2,0.2,0.2,0.2,0.2,0.2,0.2,0.3
2023F,WY,PMTCE,5,5.4,6.2,5.8,5.7,5.8,5.5,6.5,7,7.3,6.7,7,7.3,8.2,8.6,8.9,9.5,10.3,11.3,11.9,11.7,10.9,10,7.8,7.4,7.4,7,8.1,8.6,8.6,8.3,7.3,7.7,8.1,8,8.8,9,9,8.9,10.1,9.8,10.8,10.6,11.1,10.8,10.9,11.9,12,11.9,11.2,11.4,11.4,11.7,11.2,11.8,11,10.7,10.8,11.2,10.9,9.7,10.1,10,9.9
2023F,WY,TEACE,2.9,2.8,3.1,2.9,2.8,3.2,3.2,3.9,3.9,4.1,4,4.3,4.3,4.7,4.8,4.6,5,5.3,6,6.1,6.3,6.3,5.6,4.7,4.8,4.8,4.5,5.5,5.9,6,5.8,5.3,5.6,5.9,5.8,6.7,6.7,6.9,7.1,8.1,7.6,7.8,7.7,8.6,8.1,8.3,8.6,8.8,8.6,8.2,8.3,7.6,8,7.7,8,7.6,7.6,7.6,7.9,7.9,7.2,7.4,7.2,7.3
2023F,WY,TECCE,0.4,0.5,0.6,0.6,0.6,0.6,0.7,0.8,0.9,1,1,1,1.2,1,0.9,0.8,0.7,0.8,0.9,1.1,0.7,0.6,1.1,0.9,0.9,0.9,0.9,0.9,0.9,0.8,0.9,0.9,0.8,1,1,0.9,1.3,0.9,0.9,0.9,1,1,0.9,0.9,0.9,0.9,0.8,0.9,0.9,0.9,1,1.2,1,1.1,1.1,1.1,1.1,1,1,1,0.9,0.9,1.1,1
2023F,WY,TEEIE,1.2,1.6,1.6,2.5,2.8,3,3.6,3.4,3.7,4.9,5.8,5.3,7.2,9.3,9.5,11,15.1,19.1,18.7,22.1,22.6,27.3,29,26.8,31,35.3,29,37.5,39.3,37.1,39.6,38.7,42.4,40.3,42.3,39.8,40.6,40.3,44.8,43,44.4,44.4,43,44.2,44.7,43.9,43.5,44,44.5,42.4,43.3,41.6,43.9,46.7,43.7,43.8,40.7,40.9,40.7,36.5,35.2,34.1,35.4,33.6
2023F,WY,TEICE,4,4.8,5.5,5,4.9,4.5,4.4,4.9,5.7,6.4,6.6,6.8,7.4,7.7,7.7,8,9.2,10.2,10.5,11.6,10.7,10.1,9.8,8.5,8.5,8.4,7.9,8.6,8.4,8.8,10.2,9.7,11.7,10.1,10.4,9.8,10,10.2,10.4,9.8,9.6,9.8,10,10.1,9.9,9.8,10.8,12.3,12.4,11.7,12.2,13.2,13.1,12.5,12.2,10.7,10.9,12.3,13.3,12.6,11.2,11.2,11.7,11.4
2023F,WY,TERCE,0.7,0.7,0.7,0.6,0.7,0.7,0.8,0.8,0.9,1.1,1.2,1.3,1.5,1,0.9,0.8,0.8,0.8,1,1,0.7,0.7,1,1.2,1,1,0.9,0.9,0.9,0.8,0.8,0.9,0.8,0.9,0.8,0.9,0.9,0.8,0.8,0.8,0.8,0.8,0.9,0.8,0.8,0.8,0.8,0.9,1,1,0.9,1,0.8,0.9,0.9,0.8,0.9,0.9,1,1,0.9,0.9,1,1
2023F,WY,TETCE,9.2,10.4,11.6,11.6,11.7,11.9,12.7,13.9,15.1,17.6,18.6,18.8,21.6,23.7,23.9,25.3,30.8,36.3,37.1,42,41,45,46.4,42.1,46.3,50.4,43.1,53.2,55.4,53.6,57.2,55.5,61.2,58.2,60.4,58.2,59.6,59.1,64,62.5,63.5,63.7,62.5,64.5,64.4,63.7,64.5,66.8,67.3,64.1,65.7,64.5,66.8,69,66,64.1,61.2,62.8,63.8,59,55.5,54.5,56.3,54.3
