"text-xs","text","text-xs 2"
"Amazon AWS","PDX4 Boardman, OR","79539 Rippee Road, Boardman, OR 97818, USA"
"Amazon AWS","IAD23 Ashburn","43830 Devin Shafron Dr, Ashburn, VA 20147, USA"
"Microsoft Azure","North Central US-Illinois","601 Northwest Avenue, Northlake, IL, USA"
"Amazon AWS","13600 EDS Drive","13600 EDS Drive, Herndon, VA, USA"
"Microsoft Azure","East US-Virginia","101 Herbert Drive, Boydton, VA, USA"
"Microsoft Azure","South Central US-Texas","5150 Rogers Rd, San Antonio, TX, USA"
"Microsoft Azure","Des Moines Data Center","550 White Crane Rd, West Des Moines, IA 50265, USA"
"Google","Mayes County, OK Data Center","4111 North East 1st Street"
"Microsoft Azure","West US 2-Washington","1515 Port Industrial Way, Quincy, WA, USA"
"Amazon AWS","Dublin OH","5895 Houchard Road, Dublin, OH, USA"
"Meta, Inc.","Newton (Atlanta) Data Center","240 Shire Parkway, Social Circle, GA, USA"
"Oracle","US East us-ashburn-1","Ashburn, VA, USA"
"Amazon AWS","IAD73 Manassas","Historic District, 7060 Wellington Road, Manassas, VA, USA"
"Flexential","Denver - Englewood Data Center","8636 South Peoria Street, Englewood, CO, USA"
"Amazon AWS","2580 Beech Rd","2580 Beech Rd NW, Johnstown, Ohio 43031, USA"
"Amazon AWS","Rippee Campus","Rippee Rd, Boardman, Oregon 97818, USA"
"Microsoft Azure","East US 2 - Virginia","Boydton, VA, USA"
"Amazon AWS","5113 Hayden Run","5113 Hayden Run Rd, Hilliard, OH 43026, USA"
"Amazon AWS","New Albany OH","2570 Beech Road Northwest, Johnstown, OH, USA"
"Amazon AWS","IAD55 Haymarket","15395 John Marshall Hwy, Haymarket, VA 20169, USA"
"Amazon AWS","7400 Potranco Rd","7400 Potranco Rd, San Antonio, TX 78251, USA"
"Amazon AWS","IAD12 Sterling","22630 Dulles Summit Court, Sterling, VA, USA"
"Amazon AWS","Livestock Campus","28803 NW Livestock Rd, Hermiston, Oregon 97838, USA"
"Amazon AWS","11200 Thomasson Barn","11200 Thomasson Barn Road, Manassas, VA, USA"
"Amazon AWS","45305 Sterling","45305 West Severn Way, Sterling, VA, USA"
"Apple Inc.","Maiden Data Center","5977 Startown Road, Newton, NC, USA"
"Google","Montgomery County, TN Data Center","1000 Boolean Dr, Clarksville, TN 37040, USA"
"Google","Midlothian, TX Data Center","3800 Railport Pkwy, Midlothian, TX, USA"
"Google","Douglas County, GA Data Center","300 Riverside Parkway, Lithia Springs, GA, USA"
"Amazon AWS","IAD22 Chantilly","4155 Westfax Drive, Chantilly, VA, USA"
"Equinix","NY4 Secaucus Data Center","755 Secaucus Road, Secaucus, NJ, USA"
"Amazon AWS","New Albany Innovation Campus Way","Innovation Campus Way, New Albany, OH 43031, USA"
"Amazon AWS","Scioto Campus","4120 Scioto Darby Creek Road, Hilliard, Ohio 43026, USA"
"Amazon AWS","IAD60  Ashburn","21267 Smith Switch Road, Ashburn, VA, USA"
"Equinix","CH3 Elk Grove Data Center","1905 Lunt Avenue, Elk Grove Village, IL, USA"
"Microsoft Azure","San Antonio (SN7) - Texas","5200 Rogers Rd, San Antonio, Texas 78251, USA"
"Google","The Dalles, OR Data Center","4200 Columbia Rd, The Dalles, OR 97058, USA"
"Apple Inc.","Mesa Data Center","3740 South Signal Butte Road, Mesa, AZ, USA"
"Amazon AWS","22420 Kipper","22420 Kipper Dr, Dulles, VA 20166, USA"
"Amazon AWS","IAD100 Manassas","10321 Tanner Way, Manassas, VA 20110, USA"
"Flexential","Dallas - Richardson Data Center","3010 Waterview Pkwy, Richardson, TX 75080, USA"
"Google","Mesa Campus","East Elliot Road & S Sossaman Rd, Arizona 85212, USA"
"Google","Prince William County Campus","Wellington Road & Piney Branch Lane, Linton Hall, Virginia 20136, USA"
"Switch Data Centers","Switch Data Centers: CITADEL Campus","Switch TAHOE RENO - The Citadel Campus, Superloop Circle, Sparks, NV, USA"
"Equinix","MI1 Miami Data Center","50 Northeast 9th Street, Miami, FL, USA"
"Voxility","DC2 Ashburn Data Center","21715 Filigree Court, Ashburn, VA, USA"
"Equinix","DA1 Dallas Data Center","1950 North Stemmons Freeway, Dallas, TX, USA"
"Amazon AWS","Hilliard 5109 Hayden Run","5109 Hayden Run Rd, Hilliard, OH 43026, USA"
"365 Data Centers","TX1 Richardson Data Center","1001 East Campbell Road, Richardson, TX, USA"
"Amazon AWS","2305 Mission College Blvd","2305 Mission College Blvd, Santa Clara, CA 95054, USA"
"Amazon AWS","Fadeley II","42800 Fadeley Ln, Sterling, VA 20166, USA"
"Amazon AWS","ALE061","Chive Dr, San Antonio, TX 78223, USA"
"Microsoft Azure","Goodyear - USA (PHX70)","3785 Citrus Rd, Goodyear, Arizona 85338, USA"
"Oracle","US DoD North us-gov-chicago-1","Chicago, IL, USA"
"Flexential","Dallas - Downtown Data Center","1950 North Stemmons Freeway suite 2033, Dallas, TX 75207, USA"
"Google","Lockbourne Data Center","5076 S High St, Lockbourne, Ohio 43137, USA"
"Google","New Albany, OH Data Center","1101 Beech Rd SW, New Albany, OH, USA"
"Amazon AWS","IAD59 Manassas","Historic District, 7600 Doane Drive, Manassas, VA 20109, USA"
"Amazon AWS","PDX80 Hermiston OR","Hermiston, OR 97838, USA"
"Google","Jackson County, AL Data Center","48809 Alabama 277, Bridgeport, AL, USA"
"Amazon AWS","IAD71 Ashburn","21263 Smith Switch Rd, Ashburn, VA, USA"
"Meta, Inc.","Fort Worth Data Center","4500 Like Way, Fort Worth, Texas 76177, USA"
"Csquare","ORD2 (Chicago) Elk Grove Village Data Center Campus","2425 Busse Road, Elk Grove Village, IL, USA"
"Oracle","US West us-phoenix-1","Phoenix, AZ, USA"
"Csquare","EWR2-A Weehawken Data Center","300 J. F. Kennedy Blvd, Weehawken, NJ 07086, USA"
"Microsoft Azure","MNZ01","11314 Balls Ford Rd building 2, Manassas, Virginia 20109, USA"
"Apple Inc.","Newark Data Center","39800 Eureka Drive, Newark, CA, USA"
"Microsoft Azure","West US 3-Arizona","12901 West Olive Avenue, El Mirage, AZ 85335, USA"
"Meta, Inc.","New Albany Ohio Data Center","1 Community Circle, New Albany, OH, USA"
"Amazon AWS","PDX2 Umatilla","2400 Beach Access Road, Umatilla, OR 97882, USA"
"Apple Inc.","Prineville Data Center","1600 SW Baldwin Rd, Prineville, OR 97754, USA"
"CyrusOne","NYM1 Somerset Data Center","800 Cottontail Lane, Somerset, NJ, USA"
"Amazon AWS","1125 Electron Ave","1125 Electron Ave, Berwick, Pennsylvania 18603, USA"
"Microsoft Azure","Lyle Creek Data Center","1521 N Nc 16 Hwy, Conover, North Carolina 28613, USA"
"Switch Data Centers","Switch Data Centers: Keep Data Center","1 Switch Way, Lithia Springs, GA, USA"
"Microsoft Azure","West Central US-Wyoming","644 Logistics Dr, Cheyenne, WY 82009, USA"
"Google","Arcola Campus","24400 Howling Rooster Ln, Dulles, VA, USA"
"T5 Data Centers","@Chicago 1441 West Touhy Avenue Data Center","1441 West Touhy Avenue, Elk Grove Village, IL, USA"
"Equinix","NY5 Secaucus Data Center","800 Secaucus Road, Secaucus, NJ, USA"
"Digital Realty","Chicago ORD10 Data Center","350 East Cermak Road, Chicago, IL, USA"
"Amazon AWS","Smith Campus","Smith Switch Rd, Ashburn, Virginia 20147, USA"
"Google","Fort Wayne Campus","Fort Wayne, Indiana 46816, USA"
"Edged","ATL01-01 Data Center","1800 Thomas Street Northwest, Atlanta, GA 30318, USA"
"Equinix","CH1 Chicago Data Center","350 East Cermak Road, Chicago, IL, USA"
"QuadraNet","Los Angeles - Downtown HQ Data Center","530 W 6th St, Los Angeles, CA, USA"
"Equinix","NY7 North Bergen Data Center","5851 West Side Avenue, North Bergen, NJ, USA"
"Equinix","AT4 Atlanta Data Center","450 Interstate North Parkway, Atlanta, GA, USA"
"Apple Inc.","Waukee IA Data Center","2995 W Hickman Rd, Waukee, IA, USA"
"Csquare","Chicago (CH1-Lisle) Data Center","4513 Western Ave, Lisle, Illinois, USA"
"Apple Inc.","Reno Data Center","21505 Technology Way, Reno, NV 89521, USA"
"Equinix","NY11 Carteret Data Center","1400 Federal Boulevard, Carteret, NJ, USA"
"CyrusOne","CHI2 Chicago Aurora Data Center","2805 Diehl Rd, Aurora, IL, USA"
"Oracle","US Gov West us-luke-1","Phoenix, AZ, USA"
"Meta, Inc.","Forest City Data Center","480 Social Circle, Forest City, NC, USA"
"Csquare","Dallas (DA2-Webb Chapel) Data Center","11830 Webb Chapel Rd, Dallas, TX, USA"
"11:11 Systems","Carlstadt Data Center","777 Central Blvd, Carlstadt, NJ 07072, USA"
"Microsoft Azure","West US-California","Fresno, CA, USA"
"Csquare","Dallas (DA1-Allen) Data Center","900 Guardians Way, Allen, TX, USA"
"Lumen","Hayward 1 Data Center","23965 Connecticut St, Hayward, CA, USA"
"Oracle","US West us-sanjose-1","San Jose, CA, USA"
"Csquare","DFW1 Fort Worth Data Center Campus","14901 FAA Boulevard, Fort Worth, TX, USA"
"Csquare","EWR2 Weehawken Data Center Campus","300 J F Kennedy Boulevard East, Weehawken, NJ, USA"
"QTS Data Centers","Irving - Dallas DC1 & DC2 Data Center","6431 Longhorn Dr, Irving, TX, USA"
"Microsoft Azure","East Wenatchee","875 Urban Industrial Wy, East Wenatchee, Washington 98802, USA"
"Amazon AWS","5117 Hayden Run","5117 Hayden Run Rd, Hilliard, OH 43026, USA"
"Amazon AWS","Industrial Parkway Campus","8619 Industrial Parkway, Plain City, Ohio 43064, USA"
"Oracle","US DoD West us-gov-phoenix-1","Phoenix, AZ, USA"
"Digital Realty","Dallas DFW10 Data Center","2323 Bryan Street, Dallas, TX, USA"
"QTS Data Centers","Atlanta 1 DC1 Data Center","1033 Jefferson Street Northwest, Atlanta, GA, USA"
"Equinix","LA7 Torrance Data Center","1501 Francisco Street, Torrance, CA, USA"
"Vantage Data Centers","Phoenix Data Center Campus - Building 1","45 South Bullard Avenue, Goodyear, AZ, USA"
"CyrusOne","CHI1 Chicago Aurora Data Center","2905 Diehl Road, Aurora, IL, USA"
"Digital Realty","Atlanta ATL11 Data Center","101 Aquila Way, Austell, GA 30168, USA"
"Amazon AWS","Port of Morrow 3","73200 Lewis and Clark Drive, Boardman, OR, USA"
"DataBank","DFW3 - Plano Data Center","8375 Dominion Pkwy, Plano, TX, USA"
"Amazon AWS","New Albany Jug and Beach Road","Beech Rd NW & Jug St Rd, Jersey Township, OH 43031, USA"
"Digital Realty","New York EWR21 Data Center","2 Peekay Drive, Clifton, NJ, USA"
"Microsoft Azure","Hillcrest","South Hill, Virginia 23970, USA"
"Digital Realty","Atlanta ATL13 Data Center","56 Marietta Street NorthWest, Atlanta, GA, USA"
"Csquare","ATL1 Atlanta Data Center Campus","375 Riverside Parkway, Lithia Springs, GA, USA"
"Google","Lenoir, NC Data Center","708 Lynhaven Drive"
"Equinix","AT5 Norcross Data Center","2836 Peterson Place Northwest, Norcross, GA, USA"
"Summit","Elk Grove Village, IL Data Center","2200 Busse Road, Elk Grove Village, IL, USA"
"China Telecom","PhoenixNAP  Phoenix Data Center","3402 E University Dr, Phoenix, AZ 85034, USA"
"Equinix","NY2 Secaucus Data Center","275 Hartz Way, Secaucus, NJ, USA"
"Equinix","AT1 Atlanta IBX Data Center","180 Peachtree Street Northwest, Atlanta, GA, USA"
"Aligned Data Centers","ORD-01 Chicago","505 Northwest Avenue, Northlake, IL, USA"
"Microsoft Azure","Maiden - USA","Zeb Haynes Road & Old Maiden Rd, North Carolina 28650, USA"
"Amazon AWS","IAD10 Sterling","45360 West Severn Way, Sterling, VA, USA"
"Equinix","CH2 Chicago Data Center","350 East Cermak Road, Chicago, IL, USA"
"Equinix","SV1 San Jose Data Center","11 Great Oaks Boulevard, San Jose, CA, USA"
"Google","Loudoun County, VA Data Center","Energy Park Drive, Leesburg, VA, USA"
"Digital Realty","Austin AUS11 Data Center","7500 Metro Center Drive, Austin, TX, USA"
"Cologix","NNJ3 New Jersey Data Center","200 Webro Road, Parsippany, NJ, USA"
"Csquare","Secaucus (NYC3) Data Center","15 Enterprise Avenue North, Secaucus, NJ, USA"
"Digital Realty","Chicago ORD12 Data Center","9333 Grand Avenue, Franklin Park, IL 60131, USA"
"Equinix","SV5 San Jose Data Center","9 Great Oaks Boulevard, San Jose, CA, USA"
"Vantage Data Centers","Santa Clara I Data Center Campus - Building 1","2820 Northwestern Parkway, Santa Clara, CA, USA"
"Csquare","TPA1 Tampa Data Center Campus","9310 Florida Palm Drive, Tampa, FL, USA"
"Amazon AWS","Warner Campus","8567 Warner Road, Plain City, Ohio 43064, USA"
"Google","111 Eight Avenue","111 8th Avenue, New York, New York 10011, USA"
"UnitedLayer","One Wilshire Data Center","624 South Grand Avenue, Los Angeles, CA, USA"
"Google","Southlands Campus","10420 Bunge Ave, Council Bluffs, Iowa 51503, USA"
"DataBank","DataBank ATL1 Data Center","760 W Peachtree St NW, Atlanta, GA, USA"
"QuadraNet","Los Angeles - Century Data Center","6171 West Century Boulevard, Los Angeles, CA, USA"
"11:11 Systems","Carrollton Data Center","1649 W Frankford Rd, Carrollton, TX 75007, USA"
"Amazon AWS","20945 Loudoun County Pkwy","20945 Loudoun County Pkwy, Ashburn, VA 20147, USA"
"365 Data Centers","TA1 Tampa Data Center","655 North Franklin Street, Tampa, FL, USA"
"Digital Realty","Dallas DFW18 Data Center","1210 Integrity Drive, Richardson, TX, USA"
"Meta, Inc.","Henrico Data Center","6200 Technology Blvd, Sandston, VA, USA"
"Csquare","ORD1 Chicago Data Center Campus","350 East Cermak Road, Chicago, IL, USA"
"CyrusOne","DFW1 Dallas Carrollton Data Center","1649 West Frankford Road, Carrollton, TX, USA"
"Google","Storey County, NV Data Center","Sparks, NV, USA"
"Meta, Inc.","Sarpy Nebraska Data Center","S 144th St, Springfield, NE, USA"
"Meta, Inc.","Altoona Iowa Data Center","100 Share Way Northwest, Altoona, IA, USA"
"DataBank","DataBank ATL2 Data Center","1100 White Street Southwest, Atlanta, GA, USA"
"Meta, Inc.","Temple Data Center","Northwest H K Dodgen Loop & Industrial Blvd, Temple, TX 76502, USA"
"Oracle","US Gov East us-langley-1","Ashburn, VA, USA"
"Lumen","Orlando 1 Data Center","380 South Lake Destiny Drive, Orlando, FL, USA"
"Amazon AWS","6675 Crosby Court","6675 Crosby Court, Dublin, Ohio 43016, USA"
"Meta, Inc.","Prineville Data Center","735 S.W. Connect Way, Prineville, OR, USA"
"Amazon AWS","25410 Sutton Bay","25410 Sutton Bay Plz, South Riding, VA 20152, USA"
"Equinix","DA11 Dallas IBX Data Center","1990 North Stemmons Freeway, Dallas, TX 75207, U.S."
"Switch Data Centers","Switch Data Centers: Pyramid Data Center","Switch GRAND RAPIDS - The Pyramid Campus, 6100 East Paris Avenue South East, Caledonia, MI, USA"
"Digital Realty","Silicon Valley SFO12 Data Center","365 Main Street, San Francisco, CA, USA"
"Csquare","BOS1-A Waltham Data Center","580 Winter St, Waltham, MA 02451, USA"
"Rackspace","ORD1  Chicago Data Center","2200 Busse Road, Elk Grove Village, IL, USA"
"Csquare","CMH1 (Columbus) Lewis Center Data Center Campus","8180 Green Meadows Dr, Lewis Center, OH, USA"
"QTS Data Centers","Fayetteville Data Center","1435 Hwy 54 W, Fayetteville, Georgia 30214, USA"
"EdgeConnex","CHI02 Chicago Data Center","2021 Lunt Avenue, Elk Grove Village, IL, USA"
"Digital Realty","Silicon Valley SJC14 Data Center","1500 Space Park Drive, Santa Clara, CA 95054, USA"
"Meta, Inc.","Eagle Mountain Utah Data Center","1275 N Community Cir, Eagle Mountain, Utah, USA"
"Google","Berkeley County, SC Data Center","200-220 State Road S-8-934"
"FIBERTOWN","Fibertown – Bryan Data Center","110 N Main St, Bryan, TX, USA"
"Meta, Inc.","Huntsville Data Center","5400 Prosperity Dr NW, Toney, AL, USA"
"Edged","Edged Chicago Data Center","2835 Bilter Road, Aurora, IL 60502, USA"
"Meta, Inc.","DeKalb Data Center","1510 E Gurler Rd, DeKalb, Illinois 60115, USA"
"TRG Datacenters","HOU1 Houston Data Center","2626 Spring Cypress Road, Spring, TX, USA"
"CyrusOne","AUS3 Austin Data Center","7100 Metropolis Drive, Austin, TX, USA"
"Amazon AWS","PDX1 Boardman, OR","73575 Lewis and Clark Drive, Boardman, OR 97818, USA"
"Csquare","EWR2-D Weehawken Data Center","1919 Park Ave, Weehawken, NJ 07086, USA"
"Stack Infrastructure","CHI01 Chicago Data Center","1441 Touhy Avenue, Elk Grove Village, IL, USA"
"Oracle","US DoD East us-gov-ashburn-1","Ashburn, VA, USA"
"Amazon AWS","PDX51","Beach Access Rd, Umatilla, OR 97882, USA"
"Amazon AWS","Newton Campus","Newton Court, Johnstown, Ohio 43031, USA"
"Equinix","PH1 Philadelphia Data Center","401 North Broad Street, Philadelphia, PA, USA"
"Telefonica Global Solutions","Miami KeyCenter","11300 Northwest 25th Street"
"Vultr","Atlanta","Atlanta, GA, USA"
"Rackspace","NYC1 New York Metro Data Center","125 Belmont Drive, Somerset, NJ, USA"
"Lumen","Santa Barbara 1 Data Center","122 Helena Ave, Santa Barbara, CA, USA"
"Aligned Data Centers","ORD-02 Chicago","501 Northwest Avenue, Northlake, IL, USA"
"Amazon AWS","IAD9 Chantilly","4100 Westfax Drive, Chantilly, VA, USA"
"Switch Data Centers","Texas 1 Data Center","4100 Smith School Rd, Austin, TX, USA"
"Element Critical","Chicago Two Data Center","341 Haynes Dr, Wood Dale, IL, USA"
"QTS Data Centers","East Windsor, NJ Data Center","159 Princeton Hightstown Road, East Windsor, New Jersey 08520, USA"
"Amazon AWS","PDX58 Boardman, OR","73579 Lewis and Clark Drive, Boardman, OR 97818, USA"
"Amazon AWS","IAD1 (VDC)","4101a Westfax Dr, Chantilly, VA 20151, USA"
"QTS Data Centers","Phoenix Data Center","1200 North 40th Street, Phoenix, Arizona 85008, USA"
"Lumen","Chicago 2 Data Center","900 North Kingsbury Street, Chicago, IL, USA"
"Flexential","Atlanta - Douglasville 1 Data Center","1700 N River Rd, Douglasville, GA, USA"
"Vantage Data Centers","Port Washington (Lighthouse) Data Center Campus - Building 1","Port Washington, Wisconsin 53074, USA"
"365 Data Centers","ATL3 Atlanta Data Center","56 Marietta Street NorthWest 5th floor, Atlanta, GA, USA"
"Meta, Inc.","Los Lunas Data Center","4250 Messenger Loop, Los Lunas, NM, USA"
"Equinix","CH4 Chicago Data Center","350 East Cermak Road, Chicago, IL, USA"
"Serverfarm","LAX1 Los Angeles Data Center","444 North Nash Street, El Segundo, CA, USA"
"365 Data Centers","ATL1 Atlanta Data Center","55 Marietta Street, Marietta Street NorthWest, Atlanta, GA, USA"
"Cologix","COL4 Columbus Data Center","7500 Alta View Boulevard, Columbus, OH, USA"
"QTS Data Centers","Cedar Rapids I Data Center","Edgewood Rd SW & 76th Ave SW, Cedar Rapids, Iowa 52404, USA"
"QTS Data Centers","Suwanee Data Center 1","300 Satellite Boulevard, Suwanee, Georgia 30024, USA"
"Lumen","Tampa 1 Data Center","7909 Woodland Center Boulevard, Tampa, FL, USA"
"365 Data Centers","BCA Boca Raton Data Center","3500 Northwest Boca Raton Boulevard, Boca Raton, FL, USA"
"11:11 Systems","Scottsdale Data Center","7499 E Paradise Ln, Scottsdale, AZ 85260, USA"
"Amazon AWS","12807 Donop Rd","12807 Donop Rd, Elmendorf, Texas 78223, USA"
"Iron Mountain Data Centers","AZP - 1 - Phoenix Data Center","615 North 48th Street, Phoenix, AZ, USA"
"QTS Data Centers","Piscataway Data Center","101 Possumtown Road, Piscataway Township, New Jersey 08854, USA"
"Cologix","COL3 Columbus Data Center","585 Scherers Court, Columbus, OH, USA"
"QTS Data Centers","New Albany 1 Data Center","1235 Beech Road Southwest, New Albany, OH, USA"
"Prime Data Centers","Prime Dallas - 1515 Round Table","1515 Round Table Drive, Dallas, TX, USA"
"Vantage Data Centers","Quincy Data Center Campus - Building 1","2101 M Street Northeast, Quincy, WA, USA"
"QTS Data Centers","Avondale Data Center","S Avondale Blvd & W Lower Buckeye Rd, Avondale, Arizona 85353, USA"
"Lumen","Dallas 1 Data Center","3180 Irving Blvd, Dallas, TX, USA"
"Amazon AWS","IAD15  Sterling","22631 Dulles Summit Ct, Sterling, VA, USA"
"Vantage Data Centers","Santa Clara II Data Center Campus – Building 1","737 Mathew Street, Santa Clara, CA, USA"
"Voxility","CoreSite LA2 data center Los Angeles","900 North Alameda Street, Los Angeles, California 90012, United States"
"Vantage Data Centers","Shackelford County (Frontier) Data Center Campus - Building 1","Shackelford County, Texas, EE. UU."
"Microsoft Azure","Mount Pleasant","County Rd KR & 90th St, Mt Pleasant, Wisconsin 53177, USA"
"Csquare","TPA1-A Tampa Data Center","9310 Florida Palm Drive, Tampa, FL 33619, USA"
"Equinix","NY6 Secaucus Data Center","105 Enterprise Avenue South, Secaucus, NJ, USA"
"Vantage Data Centers","OH2 - Millersport Data Center","State Route 204 & State Route 37, Walnut Township, Ohio 43046, USA"
"Digital Realty","Chicago ORD23 Data Center","505 North Railroad Avenue, Northlake, IL, USA"
"T5 Data Centers","@Minneapolis Data Center","1001 3rd Avenue South, Minneapolis, MN, USA"
"123NET","Detroit Data Center (DC1)","24700 Northwestern Hwy, Southfield, MI 48075, USA"
"CyrusOne","PHX1-PHX8 Phoenix Data Center","2335 South Ellis Street, Chandler, AZ, USA"
"Equinix","MI6 Doral Data Center","1525 Northwest 98th Court, Doral, FL, USA"
"Iron Mountain Data Centers","NJE - 1 - New Jersey Data Center","3003 Woodbridge Avenue, Edison, NJ, USA"
"Iron Mountain Data Centers","MIA-1 - Miami Data Center","2925 Northwest 120th Terrace, Miami, FL, USA"
"Google","Lancaster Data Center","105 Whiley Rd, Lancaster, Ohio 43130, USA"
"Lumen","Corpus Christi 1 Data Center","4901 Westway Drive, Corpus Christi, TX, USA"
"Amazon AWS","PDX50 Boardman, OR","73577 Lewis and Clark Drive, Boardman, OR 97818, USA"
"Vantage Data Centers","New Albany Data Center Campus - Building 1","3325 Horizon Court, Johnstown, Ohio 43031, USA"
"Lumen","Orlando 2 Data Center","510 Columbia St, Orlando, FL, USA"
"Edged","Edged Columbus Data Center","6525 New Albany Road East, New Albany, OH, USA"
"Rackspace","DFW3  Dallas Data Center","1215 Integrity Drive, Richardson, TX, USA"
"Digital Realty","Silicon Valley SFO10 Data Center","200 Paul Avenue, San Francisco, CA, USA"
"Amazon AWS","IAD11 Manassas","Historic District, 7510 Mason King Ct, Manassas, VA, USA"
"T5 Data Centers","@Charlotte Data Center Campus","131 Riverside Ct, Kings Mountain, NC, USA"
"Prime Data Centers","Prime Chicago - 1701 Midway Ct.","1701 Midway Ct, Elk Grove Village, IL, USA"
"Vantage Data Centers","Ashburn Data Center Campus - Building 1","Vantage Data Centers, Sterling, VA 20166, USA"
"Google","Council Bluffs, IA Data Center","1430 Veterans Memorial Hwy, Council Bluffs, IA 51501, USA"
"Digital Realty","Dallas DFW14 Data Center","4849 Alpha Road, Dallas, TX, USA"
"Vultr","Chicago","Chicago, IL, USA"
"Microsoft Azure","Cumming - USA","5855 SW Kerry St, Cumming, Iowa 50061, USA"
"Switch Data Centers","Houston 2 Data Center","660 Greens Parkway, Houston, TX, USA"
"Digital Realty","Miami MIA10 Data Center","36 Northeast 2nd Street, Miami, FL 33132, USA"
"5C Data Centers","CMH01","Columbus, OH, USA"
"Digital Realty","Chicago CH1 Data Center","2200 Busse Rd, Elk Grove Village, IL, USA"
"EdgeConnex","ATL02 Atlanta Data Center","1101 Donnelly Avenue Southwest, Atlanta, GA 30310, USA"
"Google","Cedar Rapids Data Center","Edgewood Rd SW & 76th Ave SW, Cedar Rapids, Iowa 52404, USA"
"Lumen","Sunnyvale 1 Data Center","1380 Kifer Road, Sunnyvale, CA, USA"
"Switch Data Centers","Texas 2 Data Center","4100 Smith School Road, Austin, TX, USA"
"Google","Papillion, NE Data Center","14706 Schram Road, Papillion, NE 68138, USA"
"11:11 Systems","Philadelphia Data Center","401 N Broad St, Philadelphia, PA 19108, USA"
"Microsoft Azure","Columbia Data Center","1515 Port Industrial Way, Quincy, Washington 98848, USA"
"Lumen","Boston 1 Data Center","1 Summer Street, Boston, MA, USA"
"365 Data Centers","CH1 Chicago Data Center","350 East Cermak Road suite 240, Chicago, IL, USA"
"Csquare","SEA3-A Lynnwood  Data Center","17300 Hwy 99, Lynnwood, WA 98037, USA"
"Amazon AWS","PDX111","Gar Swanson Drive, Boardman, OR, USA"
"11:11 Systems","Los Angeles Data Center","900 N Alameda St, Los Angeles, CA 90012, USA"
"CoreSite","MI1 Miami Data Center","2115 Northwest 22nd Street, Miami, FL, USA"
"Digital Realty","New York EWR20 Data Center","100 Delawanna Avenue, Clifton, NJ, USA"
"Skybox Datacenters","Austin Data Center","600 New Meister Ln, Pflugerville, Texas 78660, USA"
"Lumen","Raleigh 1 Data Center","5301 Departure Drive, Raleigh, NC, USA"
"Amazon AWS","IAD50 Ashburn","21271 Smith Switch Road, Ashburn, VA, USA"
"DataBank","DataBank ATL4 Data Center","200 Selig Dr SW, Atlanta, GA 30336, USA"
"Meta, Inc.","Cheyenne","114 West 10th Street, Cheyenne, WY, USA"
"CyrusOne","CIN5 Cincinnati North Cincinnati Data Center","401 Kingsview Drive, Lebanon, OH, USA"
"Flexential","Atlanta - Douglasville 2 Data Center","1750 N River Rd, Douglasville, Georgia 30122, USA"
"CyrusOne","DUR1 Raleigh-Durham Data Center","2223 Northeast Creek Parkway, Durham, NC, USA"
"Rackspace","NYC2 New York Metro Data Center","202-216 Campus Drive, Franklin Township, NJ, USA"
"Aligned Data Centers","Phoenix, AZ Data Center","2500 West Union Hills Drive, Phoenix, AZ, USA"
"123NET","Southfield Data Center NW (DC2)","24275 Northwestern Hwy, Southfield, MI, USA"
"Amazon AWS","IAD7 Manassas","Historic District, 7505 Mason King Ct, Manassas, VA, USA"
"Equinix","SE4 Kent Data Center","6906 S 204th St, Kent, WA, USA"
"OVHCloud","HIL1 Data Center","1300 NE 25th Ave, Hillsboro, Oregon 97124, USA"
"Amazon AWS","Penney Campus","976-994 E Penney Ave, Hermiston, Oregon 97838, USA"
"Vantage Data Centers","Ashburn II Data Center Campus - Building 1","22435 Glenn Drive, Sterling, VA 20164, USA"
"QuadraNet","Miami Data Center","36 Northeast 2nd Street, Miami, FL, USA"
"Amazon AWS","22945 International Dr","22945 International Dr, Sterling, VA 20166, USA"
"Cologix","COL1 Columbus Data Center","535 Scherers Court, Columbus, OH, USA"
"CyrusOne","AUS2 Austin Data Center","7301 Metropolis Drive, Austin, TX, USA"
"Equinix","CH7 Westmont Data Center","111 Plaza Drive, Westmont, IL, USA"
"Amazon AWS","Cosgray Campus","4600 Cosgray Road, Hilliard, OH, USA"
"Flexential","Tampa - North Data Center","8350 Parkedge Dr, Tampa, FL 33637, USA"
"Iron Mountain Data Centers","AZP - 3 - Phoenix Data Center","4802 East Van Buren Street, Phoenix, AZ, USA"
"123NET","Southfield Data Center W (DC3)","24245 Northwestern Hwy, Southfield, MI, USA"
"Stream Data Centers","Chicago II Data Center","1925 Busse Road, Elk Grove Village, IL, USA"
"Vultr","Seattle","Seattle, WA, USA"
"Element Critical","Austin One Data Center","8025 N Interstate Hwy 35, Austin, TX 78753, USA"
"Csquare","ORD2-A Elk Grove Village Data Center","2425 Busse Rd, Elk Grove Village, IL 60007, USA"
"Meta, Inc.","Mesa Data Center","3841 S Ellsworth Rd, Mesa, Arizona 85212, USA"
"Switch Data Centers","Switch Data Centers: CORE Campus","Switch LAS VEGAS - The Core Campus, 7135 South Decatur Boulevard, Las Vegas, NV, USA"
"Flexential","Charlotte - South Data Center","8910 Lenox Pointe Drive, Charlotte, NC, USA"
"SBA Edge","Chicago Data Center","603 Discovery Drive, West Chicago, IL, USA"
"Equinix","DA2 Dallas Data Center","1950 North Stemmons Freeway, Dallas, TX, USA"
"Flexential","Denver - Aurora Data Center","11900 East Cornell Avenue, Aurora, CO, USA"
"Csquare","ORD4-A Lisle Data Center","4513 Western Ave, Lisle, IL 60532, USA"
"Amazon AWS","IAD76 Sterling","22520 Randolph Drive, Sterling, VA, USA"
"365 Data Centers","CH6 Chicago Data Center","427 South LaSalle Street, Chicago, IL, USA"
"123NET","Grand Rapids Data Center (DC4)","400 76th St SW, Byron Center, MI 49315, USA"
"NTT Global Data Centers","CH1 Chicago Data Center","255 Pierce Rd, Itasca, IL 60143, USA"
"Amazon AWS","20935 Loudoun County Pkwy","20935 Loudoun County Pkwy, Ashburn, VA 20147, USA"
"Amazon AWS","Lewis and Clark East Campus","75300 Lewis and Clark Dr, Boardman, OR 97818, USA"
"Stack Infrastructure","ATL01 Campus Data Center","3200 Webb Bridge Road, Alpharetta, GA, USA"
"Vantage Data Centers","Reno Data Center Campus - Building 1","1121 USA Parkway, Sparks, NV 89437, USA"
"Amazon AWS","PDX92","79388 Olson Rd, Boardman, OR 97818, USA"
"Amazon AWS","5121 Hayden Run","5121 Hayden Run Rd, Hilliard, Ohio 43026, USA"
"Lumen","Weehawken 1 Data Center","300 Boulevard East, Weehawken, NJ, USA"
"Csquare","LAX3 (Los Angeles) Irvine Data Center Campus","17836 Gillette Avenue, Irvine, CA, USA"
"Lumen","Tustin 1 Data Center","14452 Franklin Avenue, Tustin, CA, USA"
"Lumen","Salt Lake City 3 Data Center","3670 West 500 South, Salt Lake City, UT, USA"
"Aligned Data Centers","NEO-01 Data Center","2509 Hayes Ave, Sandusky, OH 44870, USA"
"Digital Realty","Phoenix PHX15 Data Center","2121 South Price Road, Chandler, AZ, USA"
"Amazon AWS","2890-2970 Beech Road","Beech Road Northwest, Johnstown, Ohio 43031, USA"
"QTS Data Centers","Richmond 1 Data Center","6000 Technology Boulevard, Sandston, VA, USA"
"Meta, Inc.","Kansas City Data Center","801 NW 128 St, Kansas City, Missouri 64165, USA"
"Amazon AWS","6665 Crosby Court","6665 Crosby Court, Dublin, Ohio 43016, USA"
"Crown Castle","Crown Castle Baltimore","111 Market Place suite 103, Baltimore, Maryland 21202, EE. UU."
"365 Data Centers","FTL Fort Lauderdale Data Center","3250 West Commercial Boulevard, Fort Lauderdale, FL, USA"
"DataBank","DataBank AUS1 Data Center","7218 McNeil Drive, Austin, TX, USA"
"Digital Realty","Northern Virginia IAD36 Data Center","43780 Digital Loudoun Plaza bldg h, Ashburn, VA, USA"
"Amazon AWS","Olson Rd Campus","Olson Rd SE, Boardman, OR 97818, USA"
"Digital Realty","Dallas DFW28 Data Center","850 East Collins Boulevard, Richardson, TX, USA"
"Digital Realty","Boston BOS16 Data Center","105 Cabot Street, Needham, MA, USA"
"Csquare","MSP1 Shakopee Data Center Campus","4450 Dean Lakes Boulevard, Shakopee, MN, USA"
"Csquare","Phoenix ( PHX1 - Mesa) Data Center","1301 West University Drive, Mesa, AZ, USA"
"Meta, Inc.","Gallatin Data Centers","1 Meta Lp, Gallatin, Tennessee 37066, USA"
"Edged","Edged Dallas Data Center","505 N Wildwood Dr, Irving, Texas 75061, USA"
"Microsoft Azure","Wiseman Boulevard","3545 Wiseman Blvd, San Antonio, Texas 78251, USA"
"EdgeConnex","CHI01 Chicago Data Center","1800 Nicholas Boulevard, Elk Grove Village, IL, USA"
"Amazon AWS","Beach Access","Beach Access Rd, Umatilla, OR 97882, USA"
"Amazon AWS","41992 John Mosby Highway","41992 John Mosby Hwy, Aldie, VA 20105, USA"
"Expedient","Columbus - Dublin Data Center","5700 Innovation Drive, Dublin, OH, USA"
"365 Data Centers","DT1 Detroit Data Center","24660 Lahser Road, Southfield, MI, USA"
"Flexential","Charlotte - North Data Center","10105 David Taylor Drive, Charlotte, NC, USA"
"Google","Henderson, NV Data Center","Google 560 W Warm Springs Rd, West Warm Springs Road, Henderson, NV 89011, USA"
"Digital Realty","Seattle SEA10 Data Center","Westin Building Exchange, 2001 6th Avenue, Seattle, WA 98121, USA"
"Amazon AWS","6685 Crosby Court","6685 Crosby Court, Plain City, OH, USA"
"Digital Realty","New York EWR11 Data Center","3 Corporate Place, Piscataway Township, NJ, USA"
"GIGA Data Centers","CLT-1 Data Center","1035 Mecklenburg Hwy, Mooresville, NC, USA"
"Markley Group","Boston Data Center","1 Summer Street, Boston, MA, United States"
"EdgeConnex","DET01 Detroit Data Center","21005 Lahser Road, Southfield, MI, USA"
"365 Data Centers","ATL2 Atlanta Data Center","56 Marietta Street NorthWest, Atlanta, GA, USA"
"NTT Global Data Centers","TX1 Dallas Data Center","2008 Lookout Dr, Garland, TX 75044, USA"
"Vantage Data Centers","TX22 - San Antonio Data Center","5207 Rogers Rd, San Antonio, Texas 78251, USA"
"EdgeConnex","BOS01 Boston Data Center","22 Linnell Circle, Billerica, MA 01821, USA"
"365 Data Centers","NJ3 Carlstadt Data Center","410 Commerce Boulevard, Carlstadt, NJ, USA"
"Claranet Ltd","Claranet San Francisco Data Center","555 California Street suite 4925, San Francisco, California, EE. UU."
"Stream Data Centers","Houston 1 - The Woodlands Data Center","4001 Technology Forest Blvd, The Woodlands, TX, USA"
"Lumen","Bellevue 1 Data Center","1514 Chandler Road, Bellevue, NE, USA"
"365 Data Centers","NY10 New York City Data Center","65 Broadway, NY, New York, USA"
"Lumen","Minneapolis 1 Data Center","511 11th Avenue South, Minneapolis, MN, USA"
"Digital Realty","Chicago CH2 Data Center","2299 Busse Road, Elk Grove Village, IL, USA"
"CyrusOne","NYM2 Totowa Data Center","50 Madison Road, Totowa, NJ, USA"
"Csquare","Boston (BO1-Watertown) Data Center","486 Arsenal Way, Watertown, MA, USA"
"Lumen","El Paso 2 Data Center","201 West Main Drive, El Paso, TX, USA"
"Vultr","Los Angeles","Los Angeles, CA, USA"
"Aligned Data Centers","Frederick County, Maryland Hyperscale Campus","Frederick, MD, USA"
"Amazon AWS","2575 Newton Court","2575 Newton Court, Johnstown, Ohio 43031, USA"
"Element Critical","Houston One Data Center","22000 Franz Road, Katy, TX, USA"
"Digital Realty","Silicon Valley SJC37 Data Center","641 Walsh Ave, Santa Clara, CA 95050, USA"
"Csquare","PHX1 Phoenix Data Center Campus","615 North 48th Street, Phoenix, AZ, USA"
"Amazon AWS","6645 Crosby Court","6645 Crosby Court, Dublin, Ohio 43016, USA"
"QTS Data Centers","Fort Worth - Dallas Data Center","14100 Park Vista Boulevard, Fort Worth, TX, USA"
"QTS Data Centers","York County Data Center","York, South Carolina, EE. UU."
"Csquare","SEA1 Tukwila Data Center Campus","12301 Tukwila International Boulevard, Tukwila, WA, USA"
"DataBridge Sites","Aurora/Chicago Data Center","4267 Meridian Parkway, Aurora, Illinois, USA"
"Meta, Inc.","Stanton Springs Data Center","Stanton Springs Data Center, Social Circle, GA, USA"
"Iron Mountain Data Centers","AZP - 2 - Phoenix Data Center","4802 East Van Buren Street, Phoenix, AZ, USA"
"QTS Data Centers","Glendale Data Center","4001 N 159th Ave, Surprise, Arizona, USA"
"Amazon AWS","2550 Beech","2550 Beech Rd NW, Johnstown, Ohio 43031, USA"
"DataBank","ORD4 Chicago Tri-State Data Center","1808 Swift Drive, Oak Brook, IL, USA"
"365 Data Centers","CA1 Rancho Cordova Data Center","11085 Sun Center Drive, Rancho Cordova, CA, USA"
"Provision Data Services","2020 Live Oak St Data Center","2020 Live Oak Street, Dallas, TX, USA"
"Vultr","Dallas","Dallas, TX, USA"
"FIBERTOWN","Fibertown – Houston Data Center","12031 North Freeway, Houston, TX, USA"
"Amazon AWS","77954 Cottonwood Bend PDX81","77954 Cottonwood Bend Road, Hermiston, OR 97838, USA"
"Csquare","EWR3 Piscataway Data Center Campus","3 Corporate Place, Piscataway, NJ, USA"
"Stream Data Centers","Minneapolis II - Chaska Data Center","1706 West Creek Lane, Chaska, MN, USA"
"Whitelabel IT Solutions","150 Atlantic Street Data Center","159 Atlantic Street, Hackensack, NJ, USA"
"QTS Data Centers","Miami Data Center","11234 Northwest 20th Street, Miami, FL, USA"
"Amazon AWS","Powerline Campus","80817 Powerline Road, Umatilla, Oregon 97882, USA"
"CyrusOne","NYM5 Norwalk Data Center","6 Norden Place, Norwalk, CT, USA"
"Cologix","COL2 Columbus Data Center","555 Scherers Court, Columbus, OH, USA"
"Equinix","NY1 Newark Data Center","165 Halsey Street, Newark, NJ, USA"
"Csquare","BOS1 Waltham Data Center Campus","580 Winter Street, Waltham, MA, USA"
"Flexential","Tampa - West Data Center","9417 Corporate Lake Dr, Tampa, FL 33634, USA"
"Csquare","PHX1-B Phoenix Data Center","Centersquare Phoenix Data Center, 615 N 48th St, Phoenix, AZ 85008, USA"
"T5 Data Centers","@Portland Data Center","4915 NE Starr Blvd, Hillsboro, OR 97124, USA"
"EdgeConnex","ATL01 Atlanta Data Center","1003 Donnelly Avenue Southwest, Atlanta, GA 30310, USA"
"Summit","Chicago Data Center","350 E Cermak Rd, Chicago, IL, USA"
"Vultr","Miami","Miami, FL, USA"
"Equinix","DC6 Ashburn Data Center","21721 Filigree Court, Ashburn, VA, USA"
"Irongate","3199 Pilot Knob Rd","3199 Pilot Knob Road, Eagan, MN, USA"
"Vantage Data Centers","Pittsboro Data Center Campus","1000 N, Pittsboro, Indiana 46167, USA"
"Lumen","Phoenix 1 Data Center","811 South 16th Street, Phoenix, AZ, USA"
"Digital Realty","Chicago ORD14 Data Center","9377 Grand Avenue, Franklin Park, IL 60131, USA"
"365 Data Centers","GA2 Smyrna Data Center","5600 United Drive Southeast, Smyrna, GA, USA"
"TierPoint","Raleigh Data Center","5301 Departure Drive, Raleigh, NC, USA"
"Equinix","CU2 Culpeper Data Center","18155 Technology Drive, Culpeper, VA, USA"
"Digital Realty","Phoenix PHX10 Data Center","120 East Van Buren Street, Phoenix, AZ, USA"
"Ark data centers (Iowa)","Akron Data Center","191 East Miller Avenue, Akron, OH, USA"
"Edged","Edged Kansas City Data Center","3420 North Arlington Avenue, Kansas City, MO 64161, USA"
"QTS Data Centers","Atlanta 4 DC1 Data Center","1103 Herndon Street Northwest, Atlanta, GA, USA"
"CoreSite","NY2 New Jersey Secaucus Data Center","2 Emerson Lane, Secaucus, NJ, USA"
"Amazon AWS","75300 Lewis","75300 Lewis and Clark Dr, Boardman, Oregon 97818, USA"
"DataBank","111 Market Pl Data Center","111 Market Pl, Baltimore, Maryland 21202, USA"
"Flexential","Cincinnati Data Center","5307 Muhlhauser Rd, Hamilton, West Chester Township, OH 45011, USA"
"365 Data Centers","CL2 Columbus Data Center","251 Neilston Street, Columbus, OH, USA"
"HostDime","Orlando Data Center (Coming 2024)","980 Wymore Road, Eatonville, FL, USA"
"Csquare","DEN1 (Denver) Highlands Ranch Data Center Campus","9180 Commerce Center Circle, Highlands Ranch, CO, USA"
"DataBridge Sites","Silver Spring/Washington, D.C. Data Center","12401 Prosperity Drive, Silver Spring, MD, USA"
"Lumen","Harlingen 1 Data Center","514 East Monroe Avenue, Harlingen, TX, USA"
"DartPoints","Spartanburg Data Center","5700 N Blackstock Rd, Spartanburg, SC 29303, USA"
"DataBank","DFW2 - North Dallas Data Center","904 Quality Way, Richardson, TX, USA"
"Equinix","BO2 Billerica Data Center","41 Alexander Street, Billerica, MA, USA"
"US Signal","Detroit North Data Center","1035 W Entrance Dr, Auburn Hills, MI 48326, USA"
"365 Data Centers","NJ1 Bridgewater New Jersey Data Center","999 Frontier Road, Bridgewater, NJ, USA"
"Csquare","SEA2 Tukwila Data Center Campus","6101 South 180th Street, Tukwila, WA, USA"
"1547 Critical Systems Realty","PTOR1 Portland Data Center","921 Southwest Washington Street, Portland, OR, USA"
"165 Halsey Street","165 Halsey Street Data Center","165 Halsey Street, Halsey Street, Newark, NJ 07102, USA"
"Csquare","SFO2 Santa Clara Data Center Campus","4650 Old Ironsides Drive, Santa Clara, CA, USA"
"T5 Data Centers","@Atlanta III Data Center","1546 Trae Lane, Lithia Springs, GA, USA"
"Iron Mountain Data Centers","DEN - 1 - Denver Data Center","4300 Brighton Blvd, Denver, CO, USA"
"Digital Realty","Chicago ORD13 Data Center","9355 Grand Avenue, Franklin Park, IL 60131, USA"
"HorizonIQ","New Jersey 1 Data Center","1 Enterprise Avenue North, Secaucus, NJ, USA"
"Zenlayer","CHI2 Chicago Data Center","9377 Grand Ave, Franklin Park, IL 60131, USA"
"Lincoln Rackhouse","Kansas City Data Center","11155 N Airworld Dr, Kansas City, MO, USA"
"5C Data Centers","CLT01","Charlotte, NC, USA"
"5C Data Centers","PHX01","Phoenix, AZ, USA"
"Flexential","Phoenix - Deer Valley Data Center","1850 W Deer Valley Rd, Phoenix, AZ 85027, USA"
"Csquare","SFO1-A Santa Clara Data Center","Centersquare Silicon Valley Data Center (Santa Clara 1), 2401 Walsh Ave, Santa Clara, CA 95051, USA"
"Iron Mountain Data Centers","WPA - 1 - W. Pennsylvania & Pittsburgh Data Center","1137 Branchton Road, Boyers, PA, USA"
"Aligned Data Centers","Hillsboro, OR Campus","NE 30th Ave & Northeast Evergreen Road, Hillsboro, OR, USA"
"Csquare","DEN2 (Denver) Englewood Data Center Campus","8534 Concord Center Drive, Englewood, CO, USA"
"DataBank","MSP2 East Twin Cities Data Center","3255 Neil Armstrong Blvd, Eagan, MN, USA"
"Equinix","AT3 Atlanta Data Center","56 Marietta Street NorthWest, Atlanta, GA, USA"
"DataBank","ORD3 Mount Prospect Data Center","800 East Business Center Drive, Mount Prospect, IL, USA"
"Cogent Communications","Miami Data Center","200 Southeast 1st Street, Miami, FL, USA"
"Vantage Data Centers","TX11 - San Antonio Data Center","14720 Omicron Dr, San Antonio, Texas 78245, USA"
"TierPoint","Raleigh - RTP Data Center","99 TW Alexander Drive, Durham, NC 27709, USA"
"CyrusOne","CIN2 Cincinnati 7th Street Data Center","229 West 7th Street, Cincinnati, OH, USA"
"Equinix","SE3 Seattle Data Center","2020 5th Avenue, Seattle, WA, USA"
"Segra","Winston-Salem Data Center","3310 Old Lexington Road, Winston-Salem, NC, USA"
"Lincoln Rackhouse","Silver Spring Data Center","12401 Prosperity Drive, Silver Spring, MD, USA"
"Lumen","Santa Clara 1 Data Center","3045 Raymond Street, Santa Clara, CA, USA"
"FirstLight","Boston Data Center","70 Inner Belt Road, Somerville, MA, USA"
"Aligned Data Centers","Dallas Data Center","2800 Summit Ave, Plano, TX, USA"
"365 Data Centers","CO1 Aurora Data Center","3431 North Windsor Drive, Aurora, CO, USA"
"QTS Data Centers","Sacramento Data Center","1100 North Market Boulevard, Sacramento, CA, USA"
"Flexential","Portland - Hillsboro 2 Data Center","5737 NE Huffman St, Hillsboro, OR 97124, USA"
"Amazon AWS","PDX93 Boardman, OR","Olson Rd SE, Boardman, OR 97818, USA"
"US Signal","10290 W 70th St Data Center","10290 W 70th St, Eden Prairie, MN 55344, USA"
"Zenlayer","NYC4 New York City Data Center","2 Emerson Ln, Secaucus, NJ 07094, USA"
"Digital Realty","Houston IAH10 Data Center","12001 North Freeway, Houston, TX 77060, USA"
"Digital Realty","Chicago ORD011 Data Center","600 South Federal Street, Chicago, IL, USA"
"Amazon AWS","6655 Crosby Court","6655 Crosby Court, Dublin, Ohio 43016, USA"
"LeaseWeb","New York NYC-01 Data Center","3003 Woodbridge Ave, Edison, NJ, USA"
"11:11 Systems","Reston Data Center","12100 Sunrise Valley Drive, Reston, VA 20191, USA"
"Csquare","Seattle (SE1-Lynnwood) Data Center","17300 Hwy 99, Lynnwood, Washington, USA"
"Equinix","DC11 Ashburn Data Center","21721 Filigree Court, Ashburn, VA, USA"
"Lumen","Sacramento 1 Data Center","1075 Triangle Court, West Sacramento, CA, USA"
"5C Data Centers","MEM01","Memphis, TN, USA"
"Cologix","MIN4 Minneapolis Data Center","511 11th Ave S, Minneapolis, MN, USA"
"Liquid Web","Lansing Data Center","4210 Creyts Road, Lansing, MI, USA"
"QTS Data Centers","Richmond 2 Data Center","6030 Technology Boulevard, Sandston, Virginia 23150, EE. UU."
"Microsoft Azure","Goodyear - USA","W Broadway Rd & S Bullard Ave, Goodyear, Arizona 85338, USA"
"CBRE","1001 Brinton Rd Data Center","1001 Brinton Rd, Pittsburgh, PA, USA"
"Digital Realty","Silicon Valley SJC30 Data Center","3105 Alfred Street, Santa Clara, CA, USA"
"DataBank","SEA2 SeaTAC Data Center","3311 South 120th Place, Tukwila, WA, USA"
"Digital Realty","Atlanta ATL14 Data Center","250 Williams Street Northwest, Atlanta, GA, USA"
"Equinix","LA4 El Segundo Data Center","445 North Douglas Street, El Segundo, CA, USA"
"Irongate","500 Bielenberg Drive","500 Bielenberg Drive, Woodbury, MN, USA"
"365 Data Centers","PA1 Philadelphia Data Center","1500 Spring Garden Street, Philadelphia, PA, USA"
"ManagedWay","Detroit Data Center TYM2","600 Executive Drive, Troy, MI, USA"
"Digital Realty","New York EWR12 Data Center","365 South Randolphville Road, Piscataway, NJ, USA"
"Vantage Data Centers","Ashburn III Data Center Campus - Building 1","19509 Belmont Ridge Road, Ashburn, VA 20147, USA"
"Lincoln Rackhouse","ATL3 Data Center","40 Perimeter Center East, Atlanta, GA, USA"
"365 Data Centers","GA1 Alpharetta Data Center","11650 Great Oaks Way, Alpharetta, GA, USA"
"Switch Data Centers","Austin 1 Data Center","7401 East Ben White Boulevard, Austin, TX, USA"
"Csquare","EWR5-A Secaucus Data Center","15 Enterprise Ave N, Secaucus, NJ 07094, USA"
"Flexential","Philadelphia - Collegeville Data Center","101 Troutman Road, Collegeville, PA, USA"
"QTS Data Centers","Eagle Mountain City Data Center","Eagle Mountain Building Department, East Campus Drive, Eagle Mountain, Utah, EE. UU."
"CyrusOne","CIN3 Cincinnati Mason Data Center","4800 Parkway Dr, Mason, OH, USA"
"US Signal","Detroit Metro Data Center","9275 Haggerty Rd, Belleville, MI, USA"
"365 Data Centers","CH3 Chicago Data Center","725 South Wells Street, Chicago, IL, USA"
"Equinix","SV10 San Jose Data Center","7 Great Oaks Boulevard, San Jose, CA, USA"
"QuadraNet","New Jersey Data Center","110 Meadowlands Pkwy, Secaucus, NJ, USA"
"Rackspace","MCI1 Kansas City Data Center","10828 North Airworld Drive, Kansas City, MO, USA"
"Google","Stillwater Campus","North Perkins Road & E Richmond Rd, Stillwater, Oklahoma 74075, USA"
"Skybox Datacenters","Houston I Data Center","22000 Franz Rd, Katy, TX 77449, USA"
"Expedient","Indianapolis Carmel Data Center","701 Congressional Blvd, Carmel, IN, USA"
"US Signal","8675 Concord Center Dr Data Center","8675 Concord Center Dr, Englewood, CO 80112, USA"
"Stream Data Centers","Phoenix I-VI Goodyear Campus","2950 South Litchfield Road, Goodyear, AZ, USA"
"Microsoft Azure","Project Ginger East","1475 SE Maffitt Lake Ct, West Des Moines, Iowa 50265, USA"
"TierPoint","Valley Forge Data Center","1000 Adams Avenue, Norristown, PA, USA"
"Lumen","Houston 3 Data Center","2300 Lyons Avenue, Houston, TX, USA"
"Csquare","Los Angeles (LA2-Irvine) Data Center","2681 Kelvin Ave, Irvine, California, USA"
"Evocative","New Jersey Data Center (EWR1)","1 Enterprise Avenue North, Secaucus, NJ, USA"
"Lumen","Minnetonka 1 Data Center","5510 Feltl Road, Hopkins, MN, USA"
"EdgeConnex","New Albany Data Center","9850 Innovation Campus Wy, Johnstown, Ohio 43031, USA"
"365 Data Centers","CH2 Chicago Data Center","350 East Cermak Road, Chicago, IL, USA"
"Vantage Data Centers","Westlake Data Center","Plummer Rd SW & Riverside Dr SW, South Fulton, Georgia 30336, USA"
"QTS Data Centers","Denver Data Center","1160 N Gun Club Rd, Aurora, Colorado 80018, USA"
"Aligned Data Centers","IAD-04 Data Center","5601 Manor Woods Road, Frederick, MD 21703, USA"
"Expedient","Memphis Data Center","3180 Players Ln, Memphis, TN, USA"
"DataBank","DataBank BWI1 Data Center","300 West Lexington Street, Baltimore, MD, USA"
"Csquare","BOS1-B Waltham Data Center","115 Second Ave, Waltham, MA 02451, USA"
"LightEdge","Raleigh Data Center","8020 Arco Corporate Dr, Raleigh, NC 27617, USA"
"Evocative","Boston Data Center (BOS1)","50 Inner Belt Road, Somerville, MA, USA"
"Otava","Metro Detroit Data Center","6435 North Hix Road, Westland, MI, USA"
"Equinix","DC22 Ashburn Data Center","22165 Beaumeade Circle, Ashburn, Virginia 20147, USA"
"Microsoft Azure","Creek Campus - Virginia","19515 Compass Creek Parkway, Leesburg, Virginia 20175, USA"
"IBM Cloud","DAL05 Dallas, TX","4849 Alpha Road, Dallas, TX, USA"
"Lumen","Birmingham 1 Data Center","401 6th Street North, Birmingham, AL, USA"
"Netrality Data Centers","401 North Broad Philadelphia Data Center","401 North Broad Street, Philadelphia, PA, USA"
"Amazon AWS","PDX132","Beach Access Rd, Umatilla, OR 97882, USA"
"Microsoft Azure","41700 Inclusion Ln","41700 Inclusion Ln building 1, Leesburg, Virginia 20175, USA"
"DataBank","707 Wilshire Blvd Data Center","707 Wilshire Blvd, Los Angeles, California 90017, USA"
"Rackspace","SJC2 San Jose Data Center","150 South 1st Street, San Jose, CA, USA"
"DataBank","DataBank ATL3 Data Center","1150 White Street Southwest, Atlanta, GA, USA"
"Microsoft Azure","Boydton - Virginia","925 Ridge Rd, Boydton, Virginia 23917, USA"
"Csquare","DFW1-B Fort Worth Data Center","Centersquare Dallas/Fort Worth Data Center, 14901 FAA Blvd, Fort Worth, TX 76155, USA"
"Csquare","ATL1-B Lithia Springs Data Center","375 Riverside Pkwy ste 150, Lithia Springs, GA 30122, USA"
"Edged","Edged Phoenix Data Center","8811 East Warner Road, Mesa, AZ 85212, USA"
"CyrusOne","CIN6 Florence Data Center","7200 Industrial Road, Florence, KY 41042, USA"
"Evocative","Atlanta Data Center (ATL1)","250 Williams Street Northwest, Atlanta, GA, USA"
"Otava","Mid Michigan Data Center","5225 Exchange Drive, Flint, MI, USA"
"IBM Cloud","DAL10 Dallas, TX","1950 North Stemmons Freeway, Dallas, TX, USA"
"Equinix","LA2 Los Angeles Data Center","818 West 7th Street, Los Angeles, CA, USA"
"LightEdge","Austin I Data Center","2916 Montopolis Dr, Austin, TX 78741, USA"
"365 Data Centers","PH2 Philadelphia Data Center","3701 Market, Market Street, Philadelphia, PA, USA"
"Digital Realty","Boston BOS13 Data Center","55 Middlesex Turnpike, Bedford, MA, USA"
"TierPoint","Allentown - TekPark Data Center","9999 Hamilton Boulevard, Breinigsville, PA, USA"
"Csquare","DFW1-A Fort Worth Data Center","Centersquare Dallas/Fort Worth Data Center, 14901 FAA Blvd, Fort Worth, TX 76155, USA"
"QTS Data Centers","Ashburn-Broderick Data Center","22271 Broderick Drive, Sterling, VA, USA"
"QTS Data Centers","Overland Park - Kansas City Data Center","12851 Foster Street, Overland Park, Kansas 66213, USA"
"Equinix","MI3 Boca Raton Data Center","4680 Conference Way South, Boca Raton, FL, USA"
"Amazon AWS","75294 Lewis","75294 Lewis and Clark Dr, Boardman, Oregon 97818, USA"
"Lumen","Kansas City 2 Data Center","1212 East 19th Street, Kansas City, MO, USA"
"Aligned Data Centers","SLC-01 Salt Lake City","3333 West 9000 South, West Jordan, UT, USA"
"Equinix","LA3 El Segundo Data Center","1920 East Maple Avenue, El Segundo, CA, USA"
"Amazon AWS","2540-2580 Beech South","2580 Beech Road Northwest, Johnstown, Ohio 43031, USA"
"Microsoft Azure","Project Ginger West","11100 Booneville Rd, West Des Moines, Iowa 50266, USA"
"Prime Data Centers","Prime Los Angeles - 4701 S. Santa Fe","4701 South Santa Fe Avenue, Vernon, CA, USA"
"Equinix","LA1 Los Angeles Data Center","600 West 7th Street, Los Angeles, CA, USA"
"DartPoints","Greenville Data Center","78 Global Dr ste 100, Greenville, SC 29607, USA"
"Csquare","EWR2-E Weehawken Data Center","300 JFK Boulevard East, Weehawken Township, NJ, USA"
"Csquare","ATL1-A Lithia Springs Data Center","375 Riverside Pkwy ste 150, Lithia Springs, GA 30122, USA"
"Digital Realty","Charlotte CLT10 Data Center","113 North Myers Street, Charlotte, NC, USA"
"Flexential","Minneapolis - Chaska Data Center","3500 Lyman Blvd, Chaska, MN 55318, USA"
"Flexential","Portland - Hillsboro 5 Data Center","4975 NE Starr Blvd, Hillsboro, OR, USA"
"Amazon AWS","5125 Hayden Run","5125 Hayden Run Rd, Hilliard, Ohio 43026, USA"
"Cologix","MIN3 Minneapolis Data Center","511 11th Avenue South, Minneapolis, MN, USA"
"Amazon AWS","IAD78 44862 Interconnection Plaza","44862 Interconnection Plz, Ashburn, VA 20147, USA"
"Digital Fortress","South Seattle Data Center - (TUK)","12101 Tukwila International Boulevard, Tukwila, WA, USA"
"EdgeConnex","MIA02 Miami Data Center","475 Northeast 185th Street, Miami, FL, USA"
"CyrusOne","SAT1 San Antonio Data Center","9999 Westover Hills Boulevard, San Antonio, TX, USA"
"H5 Data Centers","Denver Data Center","5350 South Valentia Way, Greenwood Village, CO, USA"
"Digital Realty","Boston BOS14 Data Center","128 1st Avenue, Needham, MA, USA"
"Lumen","Lubbock 1 Data Center","1502 Avenue North, Lubbock, TX, USA"
"Amazon AWS","PDX109","Gar Swanson Drive, Boardman, OR, USA"
"Equinix","SV4 Sunnyvale Data Center","255 Caspian Drive, Sunnyvale, CA, USA"
"Amazon AWS","75250 Gar Swanson","75250 Gar Swanson Dr, Boardman, Oregon 97818, USA"
"Cologix","DSM1 Des Moines Data Center","666 Walnut Street, Des Moines, Iowa, USA"
"Verizon","Verizon Detroit 2","21555 Melrose Ave, Southfield, Michigan 48075, USA"
"Zenlayer","MIA2 Miami Data Center","2115 Northwest 22nd Street, Miami, FL, USA"
"DataBank","IND2 Downtown Indianapolis Data Center","650 West Henry Street, Indianapolis, IN, USA"
"Digital Realty","Silicon Valley SC1 Data Center","2220 De La Cruz Boulevard, Santa Clara, CA, USA"
"Csquare","DFW2-A Allen Data Center","900 Guardians Way, Allen, TX 75013, USA"
"Digital Fortress","North Seattle Data Center - (LYN)","4200 194th St SW, Lynnwood, WA, USA"
"EdgeConnex","PHX01 Phoenix Data Center","3011 S 52nd St ste 107, Tempe, AZ 85282, USA"
"Serverfarm","ATL2 Atlanta Data Center","305 Satellite Boulevard, Suwanee, GA, USA"
"Keystone Nap","Keystone NAP","150 Roebling Rd, Fairless Hills, PA, USA"
"DartPoints","Asheville Data Center","100 Technology Dr ste c, Asheville, NC, USA"
"Irongate","28201 Van Dyke Avenue","28201 Van Dyke Avenue, Warren, MI, USA"
"Irongate","401 Bielenberg Dr, Woodbury","401 Bielenberg Dr, Woodbury, MN, USA"
"Sabey Data Centers","SDC Austin Data Center","1300 Louis Henna Boulevard, Round Rock, TX, USA"
"Iron Mountain Data Centers","AZS - 1 - Scottsdale Data Center","8521 East Princess Drive, Scottsdale, AZ, USA"
"Atlantic.net","Orlando Data Center","9701 John Young Parkway, Orlando, Florida 32819, United States"
"H5 Data Centers","Philadelphia Data Center","1500 Spring Garden Street, Philadelphia, PA, USA"
"Evocative","Phoenix Data Center (PHX1)","2500 West Union Hills Drive, Phoenix, AZ, USA"
"DataBank","EWR2 - Piscataway Data Center","25 Corporate Place South, Piscataway, NJ, USA"
"SoftBank Group Corp","Milam Data  Center","Texas, United States"
"MOD Mission Critical","CLT1 - Flexential Charlotte South Data Center PoP","8910 Lenox Pointe Drive, Charlotte, NC, USA"
"24Shells Inc","EWR Data Center","101 Possumtown Road, Piscataway, NJ, USA"
"QuadraNet","Atlanta Data Center","55 Marietta Street NorthWest, Atlanta, GA, USA"
"Amazon AWS","22370 Kipper","22370 Kipper Dr, Dulles, VA 20166, USA"
"LightEdge","Kansas City Data Center","9050 Northeast Underground Drive, Kansas City, MO, USA"
"Equinix","MI2 Miami Data Center","36 Northeast 2nd Street, Miami, FL, USA"
"SBA Edge","Jacksonville Data Center","421 West Church Street, Jacksonville, FL, USA"
"Amazon AWS","PDX61 Boardman, OR","Rippee Road, Boardman, OR 97818, USA"
"CoreSite","BO1 Boston Data Center","70 Inner Belt Road, Somerville, MA, USA"
"Digital Realty","Los Angeles LAX10 Data Center","600 West 7th Street, Los Angeles, CA, USA"
"Segra","Charlotte Two Data Center","3101 International Airport Drive, Charlotte, NC, USA"
"Edged","EDGED DES MOINES DATA CENTER","9100 Southeast Fourmile Drive, Ankeny, Iowa, EE. UU."
"Lumen","Tulsa 1 Data Center","18 West Archer Street, Tulsa, OK, USA"
"DartPoints","North Charleston Data Center","8480 Palmetto Commerce Pkwy, Ladson, SC 29456, USA"
"CBRE","2121 E 63rd St Data Center","2121 East 63rd Street, Kansas City, MO, USA"
"Amazon AWS","Wanapa Campus","34820 Hill Road, Oregon, WI, USA"
"Cogent Communications","Minneapolis Data Center","250 Marquette Avenue, Minneapolis, MN, USA"
"PhoenixNAP","Atlanta Data Center","1130 Powers Ferry Place, Marietta, GA, USA"
"Lumen","Indianapolis 3 Data Center","4625 W 86th St, Indianapolis, IN, USA"
"Colocation Northwest","Redmond Data Center","2457 152nd Avenue Northeast, Redmond, WA, USA"
"Equinix","DE2 Englewood Data Center","335 Inverness Drive South, Englewood, CO, USA"
"Latitude.sh","New York","60 Hudson St rm 1215, Trenton, NJ, USA"
"Lumen","Memphis 1 Data Center","3993 Crowfarn Drive, Memphis, TN, USA"
"365 Data Centers","NJ5 Secaucus Data Center","2 Emerson Lane, Secaucus, NJ, USA"
"Amazon AWS","IAD13 Ashburn","43790 Devin Shafron Drive, Ashburn, VA 20147, USA"
"Equinix","DC14 Manassas Data Center","7400 Infantry Ridge Road, Manassas, VA, USA"
"Csquare","EWR2-C Weehawken Data Center","1919 Park Ave 2nd floor, Weehawken, NJ 07086, USA"
"365 Data Centers","NA1 Nashville Data Center","147 4th Avenue North, Nashville, TN, USA"
"H5 Data Centers","Cleveland Data Center","1625 Rockwell Avenue, Cleveland, OH, USA"
"Amazon AWS","IAD6 (Loudoun Exchange)","43831 Devin Shafron Dr building c, Ashburn, VA 20147, USA"
"Ark data centers (Iowa)","Canton Data Center","4726 Hills and Dales Rd NW, Canton, OH 44708, USA"
"Expedient","Baltimore Owings Mills Data Center","11155 Red Run Blvd, Owings Mills, MD, USA"
"Flexential","Portland - Hillsboro 1 Data Center","3935 NE Aloclek Dr, Hillsboro, OR 97124, USA"
"QTS Data Centers","Richmond 3 Data Center","Portugee Road, Sandston, Virginia, EE. UU."
"Performive","ATL05 Data Center","1130 Powers Ferry Place, Marietta, GA, USA"
"NaviSite","Andover Data Center","400 Minuteman Road, Andover, MA, USA"
"Amazon AWS","25430 Sutton Bay IAD150","25430 Sutton Bay Plz, South Riding, VA 20152, USA"
"Serverfarm","ATL1 Atlanta Data Center","305 Satellite Boulevard, Suwanee, GA, USA"
"Csquare","ATL1-C Lithia Springs Data Center","375 Riverside Pkwy ste 150, Lithia Springs, GA 30122, USA"
"Csquare","ATL1-D Lithia Springs Data Center","375 Riverside Pkwy suite 100, Lithia Springs, GA 30122, USA"
"Amazon AWS","Crosby Campus","6645 Crosby Court, Dublin, OH, USA"
"1547 Critical Systems Realty","ORNY1 Orangeburg Data Center","1 Ramland Road South, Orangeburg, NY, USA"
"Acehost Data Centers","Raleigh-Durham Data Center","4518 South Miami Boulevard, Durham, NC, USA"
"DSM","Lakeland Data Center","6810 New Tampa Hwy, Lakeland, FL, USA"
"Amazon AWS","Bethlehem Technology Park DC18","Historic District, 8180 Bethlehem Rd, Manassas, VA, USA"
"US Signal","Southfield Data Center","21648 Melrose Avenue, Southfield, MI, USA"
"Equinix","SE2 Seattle Data Center","2001 6th Avenue, Seattle, WA, USA"
"Telesystem","DC-2 Michigan Data Center","1240 Huber Drive, Monroe, MI, USA"
"365 Data Centers","NJ6 Secaucus Data Center","755 Secaucus Road, Secaucus, NJ, USA"
"Amazon AWS","PDX69","Bonney Ln, Umatilla, OR, USA"
"US Signal","Indianapolis Data Center","701 West Henry Street, Indianapolis, Indiana, USA"
"365 Data Centers","NJ10 North Bergen Data Cennter","5851 West Side Avenue, Secaucus, NJ, USA"
"IBM Cloud","DAL12 Dallas, TX","1950 North Stemmons Freeway, Dallas, TX, USA"
"Equinix","DC12 Ashburn Data Center","44790 Performance Circle, Ashburn, VA, USA"
"Lincoln Rackhouse","Plano Data Center","1000 Coit Rd, Plano, TX, USA"
"Amazon AWS","PDX67","Bonney Ln, Umatilla, OR, USA"
"TierPoint","Charlotte - Center Park Data Center","1805 Center Park Drive, Charlotte, NC, USA"
"Amazon AWS","2675 Newton Court","2675 Newton Court, Johnstown, Ohio 43031, USA"
"Csquare","DFW1-D Fort Worth Data Center.","Centersquare Dallas/Fort Worth Data Center, 14901 FAA Blvd, Fort Worth, TX 76155, USA"
"Amazon AWS","2560 Beech Rd","2560 Beech Rd NW, Johnstown, Ohio 43031, USA"
"Microsoft Azure","San Antonio - Texas","15000 Lambda Dr, San Antonio, Texas 78245, USA"
"Equinix","SV2 Santa Clara Data Center","1350 Duane Avenue, Santa Clara, CA, USA"
"Amazon AWS","25420 Sutton Bay","25420 Sutton Bay Plz, South Riding, VA 20152, USA"
"Latitude.sh","Miami","36 NE 2nd St ste 400, Miami, FL, USA"
"ManagedWay","Detroit Data Center TYM1","319 Executive Drive, Troy, MI, USA"
"Hivelocity","ATL2 Atlanta Data Center","250 Williams Street Northwest, Atlanta, GA, USA"
"Amazon AWS","Bombing Campus","Bombing Range Rd, Boardman, Oregon 97818, USA"
"365 Data Centers","NJ7 Somerset Data Center","800 Cottontail Lane, Somerset, NJ, USA"
"Expedient","Columbus - Upper Arlington Data Center","5000 Arlington Centre Boulevard, Upper Arlington, OH, USA"
"QTS Data Centers","Hillsboro 2 Data Center","4755 Northeast Huffman Street, Hillsboro, OR 97124, EE. UU."
"Aligned Data Centers","DFW-03 Data Center","3801 Britton Rd, Mansfield, TX, USA"
"Cogent Communications","Boca Raton Data Center","5050 Conference Way North, Boca Raton, FL, USA"
"DataBank","DataBank BOS1 Data Center","1 Summer Street, Boston, MA, USA"
"Csquare","EWR2-B Weehawken Data Center","300 J. F. Kennedy Blvd, Weehawken Township, NJ, USA"
"Lumen","Oklahoma City 1 Data Center","201 East Robert S Kerr Boulevard, Wynnewood, OK, USA"
"DartPoints","Columbus Data Center","2425 Technology Blvd, Columbus, IN 47201, USA"
"Aptum Technologies","MIA-89P Data Center","2300 NW 89th Pl, Doral, FL 33172, USA"
"Hivelocity","TPA2 Tampa Data Center","5908 Hampton Oaks Parkway suite d, Tampa, FL, USA"
"Lumen","Spartanburg Data Center","145 North Church Street, Spartanburg, SC 29306, EE. UU."
"DataBank","PHX1 Downtown Phoenix Data Center","3110 North Central Avenue suite d151, Phoenix, AZ 85012, USA"
"TierPoint","St Louis Locust Data Center","2300 Locust Street, St. Louis, MO, USA"
"Google","West Memphis Data Center","Bollinger Rd, West Memphis, Arkansas 72376, USA"
"CyrusOne","CIN4 Cincinnati Hamilton Data Center","103 Knightsbridge Drive, Hamilton, OH, USA"
"DartPoints","Columbia Data Center","1000 Catawba Street ste 180, Columbia, SC 29201, USA"
"Ark data centers (Iowa)","Cleveland Data Center","7300 E Pleasant Valley Rd, Independence, OH 44131, USA"
"DartPoints","Cincinnati Data Center","302 West Third, West 3rd Street, Cincinnati, OH, USA"
"Csquare","SFO1 Santa Clara Data Center Campus","2401 Walsh Avenue, Santa Clara, CA, USA"
"Lumen","Miami 4 Data Center","1109 Northwest 22nd Street, Miami, FL, USA"
"CyrusOne","DFW3 Dallas Data Center","2300 Chelsea Boulevard, Allen, TX, USA"
"TierPoint","Baltimore Data Center","1401 Russell Street, Baltimore, MD, USA"
"Hivelocity","TPA1 Tampa Data Center","8010 Woodland Center Boulevard suite 500, Tampa, FL, USA"
"Csquare","SEA2-A Tukwila Data Center","6101 S 180th St, Tukwila, WA 98188, USA"
"FirstLight","Rockland Data Center","1050 Hingham St, Rockland, MA 02370, USA"
"DataBank","DEN2 Centennial Data Center","6900 South Peoria Street, Centennial, CO, USA"
"Lumen","Philadelphia 1 Data Center","401 North Broad Street, Philadelphia, PA, USA"
"Lumen","Prichard AL Data Center","208 Telegraph Rd, Mobile, AL, EE. UU."
"US Signal","Grand Rapids South Data Center","400 76th St SW, Byron Center, MI, USA"
"Csquare","EWR3-C Piscataway Data Center","3 Corporate Place, Piscataway, NJ 08854, USA"
"Summit","Georgia Data Center","12655 Edison Dr, Alpharetta, GA 30022, USA"
"Vantage Data Centers","TX21 - San Antonio Data Center","5207 Rogers Rd, San Antonio, Texas 78251, USA"
"CyrusOne","OCB1 Omaha-Council Bluffs IA","4700 Gifford Road, Council Bluffs, IA, USA"
"Edged","ORD01-2 Data Center","2835 Bilter Road, Aurora, IL 60502, EE. UU."
"US Signal","Grand Rapids East Data Center","4765 Barden Drive Southeast, Kentwood, MI, USA"
"Iron Mountain Data Centers","OHS - 1 - Ohio Data Center","3366 S Tech Blvd, Miamisburg, OH, USA"
"Zenlayer","ATL2 Atlanta Data Center","250 Williams Street Northwest, Atlanta, GA, USA"
"Microsoft Azure","East US 3","Georgia, EE. UU."
"Bell Canada","Bell Canada 1545 Clay St","1545 Clay Street, Detroit, MI 48211, USA"
"H5 Data Centers","Charlotte Data Center","10105 David Taylor Drive, Charlotte, NC, USA"
"TierPoint","Nashville Data Center","311 Eddy Lane, Franklin, TN, USA"
"Stack Infrastructure","POR01B - Portland Data Center","21515 NW Evergreen Pkwy, Hillsboro, OR, USA"
"Cologix","LAK1 Lakeland Data Center","2850 Interstate Drive, Lakeland, FL, USA"
"Bluebird Data Centers","Bluebird Underground Data Center","1904 Le Compte Rd, Springfield, MO, USA"
"Hivelocity","MIA 1 Miami Data Center","36 Northeast 2nd Street, Miami, FL, USA"
"US Signal","1655 W Sunrise Blvd Data Center","1655 West Sunrise Boulevard, Gilbert, AZ 85233, USA"
"Amazon AWS","PDX110","Gar Swanson Drive, Boardman, OR, USA"
"Lumen","Fort Myers 1 Data Center","1547 Seaboard Street, Fort Myers, FL, USA"
"Amazon AWS","IAD58 Sterling","22745 Relocation Drive, Sterling, VA, USA"
"Csquare","Nashville (Gallatin, TN)","1398 Gateway Drive, Gallatin, TN, USA"
"Equinix","DC3 Ashburn Data Center","44470 Chilum Place, Ashburn, VA, USA"
"Cologix","DAL3 Dallas Data Center","1950 North Stemmons Freeway, Dallas, TX, USA"
"TierPoint","Boston - Marlborough Data Center","34 St Martin Dr, Marlborough, MA, USA"
"HostDime","Orlando Data Center","440 W Kennedy Blvd, Orlando, FL 32810, USA"
"Segra","Kannapolis Data Center","465 Charles Babbage Lane, Kannapolis, NC, USA"
"CyrusOne","CHI5 Chicago Lombard Data Center","1850 Springer Drive, Lombard, IL, USA"
"Expedient","Pittsburgh North Shore Data Center","100 South Commons suite 001, Pittsburgh, PA 15212, USA"
"Amazon AWS","2570 Beech Rd","2570 Beech Rd NW, Johnstown, Ohio 43031, USA"
"Lumen","Dallas 2 Data Center","1950 Stemmons Freeway, Dallas, TX, USA"
"Digital Realty","Dallas DFW26 Data Center","2501 Texas 121, Lewisville, TX, USA"
"EdgeConnex","POR01 Portland Data Center","6327 NW Evergreen Pkwy building c suite c 300, Hillsboro, OR 97124, USA"
"Amazon AWS","Gar Swanson Campus","Gar Swanson Dr, Boardman, Oregon 97818, USA"
"H5 Data Centers","Seattle Data Center","1000 Denny Way, Seattle, WA, USA"
"Digital Fortress","Downtown Seattle Data Center - (SEA)","3101 Western Avenue, Seattle, WA, USA"
"Netrality Data Centers","KC1 - 1102 Grand Kansas City Data Center","1102 Grand Blvd, Kansas City, MO, USA"
"TierPoint","Philadelphia Data Center","4775 League Island Boulevard, Philadelphia, PA 19112, USA"
"AiNET","One Market Center","300 W Lexington St, Baltimore, MD 21201, USA"
"Equinix","HO1 Houston Data Center","1515 Aldine Meadows Road, Houston, TX, USA"
"Segra","Charlotte One Data Center","3100 International Airport Drive, Charlotte, NC, USA"
"Amazon AWS","Lake Anna Tech Campus","Kentucky Springs Rd, Mineral, Virginia 23117, USA"
"Lumen","Riverside 1 Data Center","1550 Marlborough Avenue, Riverside, CA, USA"
"Switch Data Centers","Houston 1 Data Center","5555 San Felipe Street, Houston, TX, USA"
"Skylink Data Centers","Orlando Location","Orlando, FL, USA"
"Sabey Data Centers","SDC Seattle Data Center","3355 35th Ave S, Tukwila, WA 98168, USA"
"Summit","Denver Data Center","5350 South Valentia Way, Greenwood Village, CO, USA"
"PowerHouse Data Centers","PowerHouse Grand Prairie","Grand Prairie, TX, USA"
"Flexential","Portland - Hillsboro 4 Data Center","4915 NE Starr Blvd, Hillsboro, OR, USA"
"Cogent Communications","DTW02 - FNSI - Detroit Data Center","3331 W Big Beaver Rd, Troy, MI, USA"
"Verizon","Verizon St. Louis 2","2020 Westport Center Dr, Maryland Heights, Missouri 63146, USA"
"Netrality Data Centers","210 North Tucker St. Louis Data Center","210 North Tucker Boulevard, St. Louis, MO, USA"
"Lumen","Detroit 2 Data Center","1965 Porter Street, Detroit, Michigan, EE. UU."
"DartPoints","Charleston Data Center","8480 Palmetto Commerce Pkwy, Ladson, Charleston, SC 29456, EE. UU."
"NETdepot","NETdepot - Atlanta, GA","1100 White Street Southwest, Atlanta, GA 30310, USA"
"Segra","Raleigh Data Center","2100 Garner Station Boulevard, Raleigh, NC, USA"
"Equinix","CU1 Culpeper Data Center","18155 Technology Drive, Culpeper, VA, USA"
"Skybox Datacenters","Chicago I Data Center","800 E Devon Ave, Elk Grove Village, Illinois 60007, USA"
"Digital Realty","Portland PDX12 Data Center","5870 Northeast Schaaf Street, Hillsboro, OR 97124, USA"
"EdgeConnex","POR02 Portland Data Center","6297 NE Evergreen Pkwy building a, Hillsboro, OR 97124, USA"
"Acehost Data Centers","Tampa Data Center","412 East Madison Street, Tampa, FL, USA"
"Microsoft Azure","Jacksonville Road Campus","11314 Balls Ford Rd, Manassas, Virginia 20109, United States"
"Microsoft Azure","Palmetto Data Center","8527 Williams Rd, Palmetto, Georgia 30268, USA"
"IBM Cloud","DAL09 Dallas, TX","1950 North Stemmons Freeway, Dallas, TX, USA"
"Cogent Communications","Los Angeles Data Center","530 W 6th St, Los Angeles, CA, USA"
"Data Holdings Data Center","Minneapolis Data Center","1001 3rd Ave S, Minneapolis, MN 55404, USA"
"365 Data Centers","MIA3 Miami Data Center","100 Northeast 80th Street, Miami, FL, USA"
"MOD Mission Critical","AU2 - DRT Austin Data Center PoP","7500 Metro Center Dr, Austin, TX 78744, USA"
"Microsoft Azure","Mindset Campus","41840 Growth Mindset Ln, Stone Ridge, VA, USA"
"Flexential","Nashville - Brentwood Data Center","7100 Commerce Way suite 25, Brentwood, TN 37027, USA"
"Expedient","Baltimore Tide Point Data Center","1050 Hull Street, Baltimore, MD, USA"
"Cologix","MIN5 Minneapolis Data Center","511 11th Avenue South, Minneapolis, MN, USA"
"LeaseWeb","Seattle SEA-11 Data Center","12201 Tukwila International Blvd #100, Tukwila, WA 98168, USA"
"Flexential","Denver- Parker Data Center","15255 Compark Blvd, Parker, CO 80134, USA"
"DataBank","PHX2 Phoenix Sky Harbor Data Center","615 North 48th Street, Phoenix, AZ, USA"
"Amazon AWS","11150 Thomasson Barn","11150 Thomasson Barn Road, Manassas, VA, USA"
"iM Critical","Miami Data Center","100 Northeast 80th Terrace, Miami, FL 33138, USA"
"Csquare","MSP1-B Shakopee Data Center","4450 Dean Lakes Blvd, Shakopee, MN 55379, USA"
"Aligned Data Centers","DFW-01 Data Center","2800 Summit Ave, Plano, TX 75074, USA"
"Csquare","Washington DC (WDC1-Ashburn) Data Center","21571 Beaumeade Cir, Ashburn, VA, USA"
"DataBank","Orangeburg Campus","2000 Corporate Dr, Orangeburg, New York 10962, USA"
"Amazon AWS","45259 Sterling","45259 West Severn Way, Sterling, VA, USA"
"CBRE","4442 Newcastle Rd Data Center","4442 Newcastle Rd, Oklahoma City, Oklahoma, USA"
"Csquare","BOS4-A Watertown Data Center","486 Arsenal Way, Watertown, MA 02472, USA"
"Verizon","Verizon Boston #2","89 Fulkerson St, Cambridge, East Cambridge, Massachusetts 02141, USA"
"Amazon AWS","IAD101 Manassas","10301 Tanner Way, Manassas, VA 20110, USA"
"QTS Data Centers","Hillsboro 1 Data Center","4951 Northeast Huffman Street, Hillsboro, OR, USA"
"US Signal","Indianapolis North Data Center","6325 Morenci Trail, Indianapolis, IN, USA"
"AiNET","Beltsville Data Center","11700 Montgomery Rd, Beltsville, MD 20705, USA"
"PowerHouse Data Centers","PowerHouse Charlotte","Charlotte, NC, USA"
"DataBank","10300 6th Ave Data Center","10300 6th Avenue North, Plymouth, Minnesota 55441, USA"
"Csquare","ABQ1 Albuquerque Data Center Campus","400 Tijeras Avenue Northwest, Albuquerque, NM, USA"
"Serverfarm","CTX2 Houston Data Center","Houston, Texas 77070, USA"
"Lumen","Pittsurgh 2 Data Center","200 Technology Drive, Pittsburgh, PA, USA"
"Iron Mountain Data Centers","KCM - 1 - Kansas City Data Center","6301 Winchester Avenue, Kansas City, MO, USA"
"Equinix","DC7 Vienna Data Center","7990 Science Applications Court, Vienna, VA, USA"
"Microsoft Azure","MNZ02","11314 Balls Ford Rd building 1, Manassas, Virginia 20109, USA"
"Lumen","Detroit 1 Data Center","19675 West 10 Mile Road, Southfield, MI, USA"
"Lumen","Akron 2 Data Center","110 South Arlington Street, Akron, OH, USA"
"DC BLOX","Chattanooga CHA1 Data Center","807 East 16th Street, Chattanooga, TN, USA"
"Equinix","CU3 Culpeper Data Center","18155 Technology Drive, Culpeper, VA, USA"
"Amazon AWS","IAD52 Manassas","Historic District, 11800 Brewers Spring Road, Manassas, VA 20109, USA"
"H5 Data Centers","Phoenix Data Center","2600 West Germann Road, Chandler, AZ, USA"
"Amazon AWS","IAD63 Chantilly","43701 Clubber Ln, Chantilly, VA 20152, USA"
"Csquare","CMH1-A Columbus Data Center","8180 Green Meadows Dr, Lewis Center, OH 43035, USA"
"TierPoint","Baltimore - BWI Data Center","813 Pinnacle Drive, Linthicum Heights, MD, USA"
"Netrality Data Centers","Indy Telcom Center","701 West Henry Street, Indianapolis, IN, USA"
"DataBank","DataBank IAD1 Data Center","21635 Red Rum Drive, Ashburn, VA, USA"
"LightEdge","Austin II Data Center","7000 Burleson Rd, Austin, TX 78744, USA"
"Irongate","110 North First Street","110 North 1st Street, Minneapolis, MN, USA"
"Expedient","Cleveland - 151 NEO Data Center","15166 Neo Parkway, Cleveland, OH, USA"
"QTS Data Centers","Phoenix-Van Buren Data Center","120 East Van Buren Street, Phoenix, Arizona 85004, USA"
"Microsoft Azure","42010 Growth Mindset","42010 Growth Mindset Lane, Stone Ridge, Virginia 20105, USA"
"DataBank","MSP1 West Twin Cities Data Center","7700 France Ave S, Edina, MN, USA"
"H5 Data Centers","Quincy Data Center","1711 M Street Northeast, Quincy, WA, USA"
"Digital Realty","Northern Virginia IAD44 Data Center","43704 Efficiency Dr, Dulles, VA 20166, USA"
"iTel Networks Inc.","Detroit Clay St Data Center","1545 Clay Street, Detroit, MI, USA"
"Csquare","PHX3-A Mesa Data Center","1301 West University Drive, Mesa, AZ 85201, USA"
"Telehouse","New York Teleport Data Center","7 Teleport Drive, Staten Island, NY, USA"
"CBRE","7400 World Communications Dr Data Center","7400 World Communications Drive, Omaha, NE, USA"
"AT&T","Chicago CHI2 Oakbrook Data Center","1000 Commerce Drive, Oak Brook, IL, USA"
"Lumen","San Antonio 2 Data Center","1203 North Frio Street, San Antonio, TX, USA"
"DC BLOX","Greenville GSP1 Data Center","33 Global Drive, Greenville, SC, USA"
"Verizon","Verizon Memphis","5127 Truse Rd, Memphis, Tennessee 38117, USA"
"Edged","ATL01-03 Data Center","1740 Thomas Street Northwest, Atlanta, GA 30318, EE. UU."
"Lumen","Mobile 1 Data Center","50 North Lawrence Street, Mobile, AL, USA"
"Cologix","DAL1 Dallas Data Center","1950 North Stemmons Freeway, Dallas, TX, USA"
"365 Data Centers","MA1 Marlboro Data Center","250 Locke Drive, Marlborough, MA, USA"
"HorizonIQ","Boston 2 Data Center","50 Inner Belt Road, Somerville, MA, USA"
"Amazon AWS","IAD24 Manassas","7610 Mason King Ct, Manassas, VA, USA"
"Digital Realty","Portland PDX10 Data Center","3825 Northwest Aloclek Place, Hillsboro, OR, USA"
"AT&T","Boston BOS1 Watertown Data Center","500 Arsenal Street, Watertown, MA, USA"
"Iron Mountain Data Centers","BOS - 1 - Boston Data Center","171 Bear Foot Road, Northborough, MA, USA"
"Microsoft Azure","42031 Growth Mindset","42031 Growth Mindset Lane, Stone Ridge, Virginia 20105, USA"
"H5 Data Centers","Omaha Data Center","10917 Harry Watanabe Pkwy, La Vista, NE, USA"
"LeaseWeb","Miami MIA-11 Data Center","2115 NW 22nd St, Miami, FL 33142, USA"
"Lumen","Austin 2 Data Center","500 Chicon Street, Austin, TX, USA"
"DC BLOX","Myrtle Beach Cable Landing Station","1401 Howard Avenue, Myrtle Beach, SC, USA"
"Ark data centers (Iowa)","Pittsburgh Data Center","161 Armstrong Drive, Freeport, PA, USA"
"Amazon AWS","22900 Platform Plz","22900 Platform Plz, Dulles, VA 20166, USA"
"Vantage Data Centers","TX12 - San Antonio Data Center","14720 Omicron Dr, San Antonio, Texas 78245, USA"
"Edged","ATL01-02 Data Center","1760 Thomas Street Northwest, Atlanta, GA 30318, EE. UU."
"CyrusOne","NYM7 Wappingers Falls Data Center","155 Myers Corners Rd, Wappingers Falls, NY, USA"
"Csquare","PHX1-D Phoenix Data Center","Centersquare Phoenix Data Center, 615 N 48th St, Phoenix, AZ 85008, USA"
"CyrusOne","NYM10 Stamford Data Center","10 Riverbend Drive South, Stamford, CT, USA"
"CBRE","365 St and Seneca Ave Data Center","365th St, Van Meter, IA 50261, United States"
"Expedient","Cleveland - 152 NEO Data Center","15248 Neo Parkway, Cleveland, OH, USA"
"Amazon AWS","Northeast Creek Technology Campus","Jefferson Hwy, Louisa, Virginia 23093, USA"
"ByteGrid","Silver Spring MDC1 Atlanta Data Center","12401 Prosperity Drive, Silver Spring, MD, USA"
"Amazon AWS","15455 John Marshall","15455 John Marshall Hwy, Haymarket, VA 20169, USA"
"Csquare","PHX1-C Phoenix Data Center","Centersquare Phoenix Data Center, 615 N 48th St, Phoenix, AZ 85008, USA"
"Lumen","Birmingham 2 Data Center","2001 Park Place, Birmingham, AL, USA"
"1547 Critical Systems Realty","CHIL2 Chicago Data Center","725 South Wells Street, Chicago, IL, USA"
"Colocation America","MiamiDC1 Data Center","36 NE 2nd St, Miami, FL, USA"
"Digital Realty","Northern Virginia IAD39 Data Center","44274 Round Table Plaza bldg l, Ashburn, VA 20147, USA"
"Data Canopy","Austin 2","7301 Metropolis Drive, Austin, TX, USA"
"LeaseWeb","Chicago CHI-11 Data Center","1850 Springer Dr, Lombard, IL 60148, USA"
"Verizon","Verizon Boston","451 D Street 3rd floor, Boston, Massachusetts 02210, USA"
"Netrality Data Centers","900 Walnut St. Louis Data Center","900 Walnut St, St. Louis, MO, USA"
"365 Data Centers","IN1 - Indianapolis Data Center","701 W Henry St, Indianapolis, IN, USA"
"1547 Critical Systems Realty","MIWI1 Wells Building Data Center","324 East Wisconsin Avenue, Milwaukee, WI, USA"
"DSM","Winter Haven Data Center","200 Avenue B Northwest, Winter Haven, FL, USA"
"Csquare","PHX1-A Phoenix Data Center","Centersquare Phoenix Data Center, 615 N 48th St, Phoenix, AZ 85008, USA"
"CME group","DC3 DATA CENTER","Aurora, Illinois, EE. UU."
"H5 Data Centers","Minneapolis Data Center","1125 Energy Park Drive, Saint Paul, MN, USA"
"IBM Cloud","HOU04 Houston, TX","315 Capitol St, Houston, Texas 77002, USA"
"QTS Data Centers","Colorado Springs Data Center","311 S Rockrimmon Blvd, Colorado Springs, CO 80919, EE. UU."
"US Signal","South Bend Data Center","506 West South Street, South Bend, IN, USA"
"American Tower","Edge Data Center Austin","1601 West 10th Street, Austin, TX, USA"
"Prime Data Centers","Prime Bay Area - 26415 Corporate Ave","26415 Corporate Avenue, Hayward, CA, USA"
"QTS Data Centers","QTS Wisconsin Data Center","Madison, Dane County, Wisconsin, EE. UU."
"DSM","Phoenix Data Center","Phoenix, Arizona, USA"
"Ark data centers (Iowa)","Cedar Rapids Data Center","5055 Rec Drive, Marion, IA, USA"
"Colocation America","Boston DC1 Data Center","34 Saint Martin Drive, Marlborough, MA, USA"
"1547 Critical Systems Realty","CHWY1 Cheyenne Data Center","340 Progress Circle, Cheyenne, Wyoming, USA"
"Equinix","DE1 Englewood Data Center","9706 East Easter Avenue, Centennial, CO, USA"
"Csquare","IAD4-A Ashburn Data Center","21571 Beaumeade Circle, Ashburn, VA 20147, USA"
"Expedient","Pittsburgh - Green Tree Data Center","810 Parish Street, Pittsburgh, PA, USA"
"Everstream","Royal Oak Data Center","4815 Delemere Ave, Royal Oak, MI 48073, USA"
"QuadraNet","Seattle Data Center","12201 Tukwila International Blvd, Tukwila, WA, USA"
"Digital Realty","Chicago CH3 Data Center","1400 East Devon Avenue, Elk Grove Village, IL, USA"
"1547 Critical Systems Realty","CHIL1 MTC Data Center","40 E Garfield Blvd, Chicago, IL, USA"
"TierPoint","Nashville TN Data Center","Nashville, TN, USA"
"Fifteenfortyseven critical systems realty","Chester County, PA Data Center","1547 County Street, Mansfield Center, Mansfield, Massachusetts, EE. UU."
"Lumen","Cambridge 1 Data Center","300 Bent Street, Cambridge, MA, USA"
"Lumen","Pittsburgh 1 Data Center","143 South 25th Street, Pittsburgh, PA, USA"
"EdgeConnex","DEN02 Denver Data Center","8451 Highfield Parkway, Englewood, CO, USA"
"QTS Data Centers","Porter County Data Center","Union Township, Indiana, EE. UU."
"First National Technology Solutions (FNTS)","Omaha Data Center","201 N 16th St, Omaha, NE 68197, USA"
"Otava","Indianapolis Data Center","505 West Merrill Street, Indianapolis, IN, USA"
"Equinix","DA3 Dallas Data Center","1950 North Stemmons Freeway, Dallas, TX, USA"
"Compass Datacenters","Tennessee Data Center","3111 Eddy Lane, Franklin, TN, USA"
"Cologix","MIN1 Minneapolis Data Center","511 11th Avenue South, Minneapolis, MN, USA"
"Cologix","JAX2 Jacksonville Data Center","4800 Spring Park Road, Jacksonville, FL, USA"
"ScaleMatrix","Charlotte Data Center US-East 01","1805 Center Park Drive, Charlotte, NC, USA"
"Amazon AWS","45900 Pathfinder Plz","45900 Pathfinder Plaza, Sterling, VA 20164, USA"
"Stack Infrastructure","NAL01A New Albany Data Center","7300 Souder Rd, New Albany, Ohio 43054, USA"
"Cologix","DAL2 Dallas Data Center","1950 North Stemmons Freeway, Dallas, TX, USA"
"Compass Datacenters","Tulsa Data Center","Tulsa, OK, USA"
"H5 Data Centers","San Luis Obispo Data Center","3610 Sacramento Dr, San Luis Obispo, CA, USA"
"EdgeConnex","DEN01 Denver Data Center","8535 Highfield Parkway, Centennial, CO, USA"
"Csquare","ORD2-B Elk Grove Village Data Center","2425 Busse Rd, Elk Grove Village, IL 60007, USA"
"TierPoint","Tulsa - State Farm Data Center","12151 East State Farm Boulevard South, Tulsa, OK, USA"
"Equinix","DA7 Plano Data Center","6653 Pinecrest Drive, Plano, TX, USA"
"Amazon AWS","Tanner Way","10281 Tanner Way, Manassas, VA 20110, USA"
"Charlotte Colocation Center","Charlotte Data Center","5821 Fairview Rd, Charlotte, NC, USA"
"H5 Data Centers","Nashville Data Center","211 Commerce Street, Nashville, TN, USA"
"Otava","Ann Arbor Data Center","640 Avis Drive, Ann Arbor, MI, USA"
"NTT Global Data Centers","CH2 Chicago Data Center","255 Pierce Rd, Itasca, IL 60143, USA"
"Csquare","ORD1-D Chicago Data Center","350 E Cermak Rd, Chicago, IL 60616, USA"
"Lumen","McAllen 1 Data Center","906 Beech Avenue, McAllen, TX, USA"
"PowerHouse Data Centers","PowerHouse Irving","Irving, TX, USA"
"Windstream","Charlotte, NC Data Center","301 S McDowell St, Charlotte, North Carolina 28204, USA"
"Otava","Ann Arbor 2 Data Center","5340 Data Court, Ann Arbor, MI, USA"
"365 Data Centers","NA2 Nashville Data Center","101 Molloy Street suite 300, Nashville, TN, USA"
"Skybox Datacenters","Legacy Campus","6800 Communications Parkway, Plano, TX, USA"
"TierPoint","Lehigh Valley Data Center","3949 Schelden Circle, Bethlehem, PA, USA"
"NTT Global Data Centers","PH1 Phoenix Data Center","10256 East Elliot Road, Mesa, AZ 85212, USA"
"PowerHouse Data Centers","PowerHouse Louisville","Louisville, KY, USA"
"COPT Defense Properties","1000 Redstone Gateway SW, Huntsville","1000 Redstone Gateway Southwest, Redstone Arsenal, Alabama 35808, United States"
"Lumen","San Bernardino 1 Data Center","5705 Industrial Parkway, San Bernardino, CA, USA"
"Cogent Communications","Denver Data Center","4643 S Ulster St, Denver, CO, USA"
"IBM Cloud","HOU00 Houston, TX","835 Greens Parkway suite 150, Houston, TX, USA"
"Lumen","Detroit 4 Data Center","200 Galleria Officentre, Southfield, MI, USA"
"Digital Realty","New York JFK10 Data Center","111 8th Avenue, New York, NY, USA"
"Verizon","Verizon Tampa","5904 Hampton Oaks Pkwy a, Tampa, Florida 33610, USA"
"DC BLOX","Birmingham BHM1 Data Center","433 6th Street, Birmingham, AL, USA"
"Windstream","Lexington, KY Data Center","151 South Martin Luther King Boulevard, Lexington, KY 40508, USA"
"Evocative","Seattle Data Center (SEA1)","140 4th Avenue North, Seattle, WA 98109, USA"
"Prime Data Centers","Prime Phoenix - Lower Buckeye #1","11753 W Lower Buckeye Rd, Avondale, AZ, USA"
"Stellar Technologies Inc.","GRV01 Data Center","33 Global Drive, Greenville, SC, USA"
"Hivelocity","Philadelphia Data Center","2401 Locust St, Philadelphia, PA, USA"
"365 Data Centers","P1 Phoenix Data Center","1850 West Deer Valley Road, Phoenix, AZ, USA"
"Aligned Data Centers","CMH-02 Data Center","47201 Co Rd 273, Conesville, OH, USA"
"BreezeHost.io","Charlotte","3101 International Airport Drive, Charlotte, NC, USA"
"Lumen","Raleigh 4 Data Center","924 Ellis Rd, Durham, NC, USA"
"NTT Global Data Centers","CH3 Chicago Data Center","255 Pierce Rd, Itasca, IL 60143, USA"
"Lumen","Houston 1 Data Center","12001 North Freeway, Houston, TX, USA"
"CME group","Chicago data center","Chicago, IL, EE. UU."
"Rack Bunker Data Centers, LLC","Indianapolis","6325 Morenci Trail, Indianapolis, IN, USA"
"Equinix","NY9 New York Data Center","111 8th Avenue, New York, NY, USA"
"Compass Datacenters","Minneapolis Data Center","4450 Dean Lakes Boulevard, Shakopee, MN, USA"
"DataBank","DEN4 Westminster Data Center","7579 West 103rd Avenue, Westminster, CO, USA"
"EdgeConnex","PIT01 Pittsburgh Data Center","282 Corliss Street, Pittsburgh, PA 15220, USA"
"Ntirety","Denver Data Center","888 South Broadway, Denver, CO, USA"
"Cogent Communications","Boston Data Center","59 Inner Belt Road, Somerville, MA, USA"
"Cogent Communications","Fairfax SC Data Center","831 Hampton Avenue, Fairfax, SC, EE. UU."
"Vantage Data Centers","New Albany Data Center Campus – Building 2","3325 Horizon Court, New Albany, OH 43031, USA"
"DataBank","IND1 Downtown Indianapolis Data Center","731 West Henry Street, Indianapolis, IN, USA"
"Prov.net/IronTrust Networks","Boston North","187 Billerica Road, Chelmsford, MA, USA"
"Liquid Web","Phoenix Data Center","3402 E University Dr, Phoenix, Arizona 85034, USA"
"CenterServ","Riverside Data Center","11801 Pierce Street, Riverside, CA, USA"
"Firstlight Fiber","FirstLight Portland","340 Cumberland Ave, Portland, Maine, EE. UU."
"Amazon AWS","73575 Lewis","73575 Lewis and Clark Dr, Boardman, Oregon 97818, USA"
"Amazon AWS","Virginia Mallory Campu","3980 Virginia Mallory Drive, Chantilly, Virginia 20151, USA"
"Stream Data Centers","Austin I Data Center","1300 Park Center Drive, Austin, Texas 78753, EE. UU."
"Lumen","Columbia 3 Data Center","1401 North Main Street, Columbia, SC 29203, EE. UU."
"Verizon","Verizon Miami","16563 NW 15th Ave, Miami, Florida 33169, USA"
"TierPoint","Charlotte - North Myers Data Center","125 North Myers Street, Charlotte, NC, USA"
"DataBank","HOU2 - Westway Park II Data Center","5170 Westway Park Blvd, Houston, TX 77041, USA"
"EdgeConnex","New Albany II Data Center","9850 Innovation Campus Wy, Johnstown, Ohio 43031, USA"
"T Mobile","T-Mobile 401 N Broad St","401 North Broad Street, Philadelphia, PA 19108, USA"
"IBM Cloud","SJC01 San Jose, CA","3105 Alfred Street, Santa Clara, CA, USA"
"Equinix","DA6 Dallas Data Center","1950 North Stemmons Freeway, Dallas, TX, USA"
"Evocative","Emeryville Data Center (OAK1)","1400 65th Street, Emeryville, CA, USA"
"QTS Data Centers","San Antonio Data Center","8535 Potranco Rd, San Antonio, TX 78251, USA"
"Ark data centers (Iowa)","Boise Data Center","2653 South Victory View Way, Boise, ID, USA"
"QuadraNet","Dallas Data Center","3004 Irving Blvd, Dallas, TX, USA"
"Csquare","DEN1-A Highlands Ranch Data Center","9180 Commerce Center Circle, Highlands Ranch, CO 80129, USA"
"Bell Canada","Bell Canada 250 Marquette Ave S","250 South Marquette Avenue, Minneapolis, MN 55401, USA"
"T Mobile","T-Mobile East Wenatchee","4405 Grant Rd, East Wenatchee, WA 98802, EE. UU."
"H5 Data Centers","Atlanta Data Center","345 Courtland Street Northeast, Atlanta, GA, USA"
"Navegalo","Navegalo Miami Data Center","50 NE 8th St, Miami, FL, USA"
"Stream Data Centers","San Antonio II - Westover HIlls Data Center","9550 Westover Hills Blvd, San Antonio, Texas, USA"
"Everstream","East Lansing Data Center","1515 Turf Ln, East Lansing, MI 48823, USA"
"Digital Realty","Dallas DFW16 Data Center","1232 Alma Road, Richardson, TX, USA"
"TierPoint","Omaha - Midlands Data Center","11425 South 84th Street, Papillion, NE 68046, USA"
"EdgeConnex","MSP01 Minneapolis Data Center","6875 Shady Oak Road, Eden Prairie, MN 55344, USA"
"Volico Data Center","MIA2 - Miami Data Center","36 Northeast 2nd Street, Miami, FL 33132, USA"
"Netrality Data Centers","KC2 - 7801 Nieman Road Data Center","7801 Nieman Road, Shawnee, KS, USA"
"Verizon","Verizon Denver","313 Inverness Way South, Englewood, Colorado 80112, USA"
"365 Data Centers","CO2 Denver Data Center","8636 South Peoria Street, Greenwood Village, CO, USA"
"US Signal","5515 Nobel Dr Data Center","5515 Nobel Dr, Fitchburg, WI 53711, USA"
"Flexential","Louisville - Downtown Data Center","752 Barret Ave, Louisville, KY 40204, USA"
"ValorC3","Oklahoma City Data Center","4442 Newcastle Rd, Oklahoma City, OK, USA"
"EdgeConnex","MEM01 Memphis Data Center","4005 S Mendenhall Rd #6, Memphis, TN 38115, USA"
"1547 Critical Systems Realty","HAII1 AlohaNAP Data Center","91-340 Farrington Hwy, Kapolei, HI, USA"
"H5 Data Centers","Quincy II Data Center","1500 M Street Northeast, Quincy, WA, USA"
"Cogent Communications","Akron Data Center","120 N Broadway St, Akron, Ohio 44304, USA"
"Metrobloks","DTW-D Metrobloks Data Center","27350 11 Street, Detroit, Michigan, United States"
"365 Data Centers","MO1 St. Louis Data Center","900 Walnut Street, St. Louis, MO, USA"
"Enzu","BOS2 Somerville Data Center","70 Inner Belt Road, Somerville, MA, USA"
"H5 Data Centers","St. Louis Data Center","710 N Tucker Blvd, St. Louis, MO, USA"
"Data Canopy","Phoenix (Chandler)","2605 South Ellis Street, Chandler, AZ, USA"
"Quonix","Philadelphia - Locust St","2401 Locust Street, Philadelphia, PA, USA"
"TECfusions","New Kensington, PA Data Center","100 Technical Drive, New Kensington, PA, USA"
"Amazon AWS","75254 Gar Swanson","75254 Gar Swanson Dr, Boardman, Oregon 97818, USA"
"Lumen","Columbia 4 Data Center","520 Whaley St, Columbia, SC 29201, EE. UU."
"TierPoint","Oklahoma City 4114 Perimeter Center Data Center","4114 Perimeter Center Place, Oklahoma City, Oklahoma 73112, USA"
"CBRE","16680 Valley View Ave Data Center","16680 Valley View Avenue, Mirada, L A, CA, USA"
"Cologix","COL5 Data Center","6787 Green Meadows Drive, Lewis Center, Ohio, EE. UU."
"Lumen","Hartford 1 Data Center","155 Locust Street, Hartford, CT, USA"
"Cologix","NNJ4 New Jersey Data Center","16 Wing Drive, Cedar Knolls, NJ, USA"
"EdgeConnex","NAS01 Nashville Data Center","1841 Air Lane Drive bldg 3, Nashville, TN 37210, USA"
"LeaseWeb","Los Angeles LAX-12 Data Center","1200 W 7th St, Los Angeles, CA 90017, USA"
"Cologix","MIN2 Minneapolis Data Center","511 11th Avenue South, Minneapolis, MN, USA"
"Colocation Northwest","Tacoma Data Center","1101 A Street, Tacoma, WA, USA"
"Lumen","Dallas Data Center","1201 Main Street, Dallas, TX, USA"
"CBTS LLC","Grand Rapids Data Center","River's Edge Environmental Sculpture, Blue Bridge, Grand Rapids, Michigan 49503, USA"
"COPT Defense Properties","100 Light Street, Baltimore","100 Light Street, Baltimore, Maryland 21201, USA"
"Vantage Data Centers","Ashburn III Data Center Campus - Building 7","19509 Belmont Ridge Road, Ashburn, VA 20147, USA"
"Lumen","Charlotte 3 Data Center","1027 North Church Street, Charlotte, NC, USA"
"Ark data centers (Iowa)","Tucson Data Center","1215 East Pennsylvania Street, Tucson, AZ, USA"
"IBM Cloud","SJC04 San Jose, CA","Santa Clara, CA, USA"
"MOD Mission Critical","NA1 - 365 Data Centers Nashville Data Center PoP","147 4th Avenue North, Nashville, TN, USA"
"Cologix","NNJ2 New Jersey Data Center","9 Wing Drive, Cedar Knolls, NJ, USA"
"CBRE","11515 Grooms Rd Data Center","11515 Grooms Rd, Blue Ash, OH, USA"
"Serverfarm","CTX1 Houston Data Center","Houston, Texas 77070, USA"
"DataBank","209 10th Ave South Data Center","209 10th Avenue North, Nashville, Tennessee 37203, USA"
"Lumen","Stamford 1 Data Center","21 Harborview Avenue, Stamford, CT, USA"
"MOD Mission Critical","MOR1 - Flexential Morrisville Data Center PoP","5150 McCrimmon Parkway, Morrisville, NC, USA"
"MOD Mission Critical","CLT2 - Flexential Charlotte North Data Center PoP","10105 David Taylor Drive, Charlotte, NC 28262, USA"
"TierPoint","Kansas City - Lenexa Data Center","14500 West 105th Street, Lenexa, KS, USA"
"DC BLOX","Huntsville HSV1 Data Center","333 Diamond Drive Northwest, Huntsville, AL, USA"
"Bluebird Data Centers","Bluebird Quad Cities Data Center","2701 Devils Glen Road, Bettendorf, IA, USA"
"Amazon AWS","75288 Lewis","75288 Lewis and Clark Dr, Boardman, Oregon 97818, USA"
"FDCservers.net","AT1 Equinix","10 Peachtree Place Northwest, Atlanta, GA, USA"
"Windstream","Cleveland, OH Data Center","200 W Prospect Ave, Cleveland, Ohio 44115, USA"
"DataBank","2100 M St Washington DC Data Center","2100 M Street Northwest, Washington D.C., District of Columbia 20037, USA"
"Lumen","Columbia 2 Data Center","518 Whaley Street, Columbia, SC, USA"
"TierPoint","Boston - Andover Data Center","15 Shattuck Road, Andover, MA, USA"
"TierPoint","Tulsa - Archer Data Center","322 East Archer Street, Tulsa, OK, USA"
"Liberty Center One","Royal Oak MI Data Center","4815 Delemere Avenue, Royal Oak, MI, USA"
"Management Science","RockPointe Data Center","Rockpointe Community Church, Utica Road, Sterling Heights, Michigan, EE. UU."
"DataBank","SAN1 San Diego World Trade Data Center","12270 World Trade Drive suite 100, San Diego, CA 92128, USA"
"Google","Botetourt Center Industrial Park","984 International Pkwy, Daleville, Virginia 24083, USA"
"CyrusOne","SAT2 San Antonio Data Center","9554 Westover Hills Boulevard, San Antonio, TX, USA"
"Netrality Data Centers","1301 Fannin Houston Data Center","1301 Fannin Street, Houston, TX, USA"
"LeaseWeb","Phoenix PHX-01 Data Center","8521 E Princess Dr, Scottsdale, AZ 85255, USA"
"PowerHouse Data Centers","PowerHouse Reno","Tahoe-Reno Industrial Center, Double Eagle Court, Reno, NV, USA"
"TierPoint","Spokane 23017 E Mission Data Center","23017 East Mission Avenue, Liberty Lake, WA 99019, USA"
"910Telecom","Denver Data Center","910 15th Street, Denver, Colorado, USA"
"Otava","Austin Data Center","7301 Metropolis Drive, Austin, TX, USA"
"Amazon AWS","24185 Upper Woodside","24185 Upper Woodside Ln, Dulles, Virginia 20166, USA"
"Aligned Data Centers","ATL-01 Data Center","1551 N River Rd, Lithia Springs, GA 30122, USA"
"DataBank","LAS1 Las Vegas Data Center","7185 Pollock Drive, Las Vegas, NV, USA"
"QTS Data Centers","Ashburn-Moran Data Center","44874 Moran Road, Sterling, Virginia 20166, USA"
"Csquare","DEN2-A Highlands Ranch Data Center","Centersquare Denver Data Center (Englewood), 8534 Concord Center Drive, Englewood, CO 80112, USA"
"NOVVA","San Francisco Data Center","400 Paul Ave, San Francisco, CA 94124, USA"
"Lincoln Rackhouse","ATL2 Data Center","4905 North Point Parkway, Alpharetta, GA, USA"
"menlo digital","MD-PHX1 (Phoenix)","4801 E Thistle Landing Dr, Phoenix, AZ, EE. UU."
"Technology Solutions of SC Inc","Headquarters","Technology Solutions of SC Inc, U.S. 123, Seneca, SC, USA"
"NOVVA","Las Vegas Data Center","Novva Data Centers - Las Vegas, 6115 Nicco Way, Las Vegas, NV 89115, USA"
"Amazon AWS","75242 Gar Swanson","75242 Gar Swanson Dr, Boardman, Oregon 97818, USA"
"Amazon AWS","43920 Lone Cedar","43920 Lone Cedar Ln, Chantilly, Virginia 20152, USA"
"Lumen","Austin 1 Data Center","4207 Smith School Road, Austin, TX, USA"
"NTT Global Data Centers","CA3 Sacramento Data Center","1625 West National Drive, Sacramento, CA, USA"
"CenterServ","Raleigh Data Center","421 Fayetteville Street, Raleigh, NC, USA"
"LeaseWeb","San Francisco SFO-12 Data Center","1735 Lundy Ave, San Jose, CA 95131, USA"
"Aligned Data Centers","SLC-02 Salt Lake City","3333 West 9000 South, West Jordan, UT, USA"
"Everstream","Grand Rapids Data Center","3950 Sparks Drive Southeast, Grand Rapids, MI, USA"
"Vultr","Honolulu","Honolulu, HI, USA"
"Ark data centers (Iowa)","Duluth Data Center","Duluth, MN, USA"
"EdgeConnex","HOU01 Houston Data Center","1510 Primewest Parkway, Katy, TX, USA"
"Lumen","Wilmington 1 Data Center","1603 Jessup Street, Wilmington, DE, USA"
"LightEdge","Omaha Data Center","1148 American Parkway, Papillion, NE 68046, USA"
"LightEdge","Des Moines II Data Center","1401 Northridge Circle, Altoona, IA 50009, USA"
"Digital Fortress","Portland Data Center 2 - (PTL2)","9705 Southwest Sunshine Court, Beaverton, OR, USA"
"Equinix","BO1 Waltham Data Center","74 West Street, Waltham, MA, USA"
"Lumen","Charlotte 1 Data Center","4021 Rose Lake Drive, Charlotte, NC, USA"
"Lumen","Lansing 1 Data Center","1206 May Street, Lansing, MI, USA"
"Stream Data Centers","Denver Data Center","7579 W 103rd Ave, Westminster, Colorado 80021, EE. UU."
"Enzu","BOS1 Needham Data Center","128 1st Avenue, Needham, MA, USA"
"Amazon AWS","Dumfries Rd & Colchester Park","Dumfries Road & Colchester Park Dr, Virginia 20112, USA"
"DataBank","MEM1 - Memphis Data Center","7620 Appling Center Drive, Memphis, TN, USA"
"QTS Data Centers","Jersey City Data Center","95 Christopher Columbus Drive, Jersey City, New Jersey 07302, USA"
"Amazon AWS","PDX112","Gar Swanson Drive, Boardman, OR, USA"
"Windstream","Indianapolis, IN Data Center","701 West Henry Street, Indianapolis, IN, USA"
"Lumen","Los Angeles Data Center","818 W 7th St, Los Angeles, CA, USA"
"iTel Networks Inc.","Minneapolis Morquette Ave Data Center","250 Marquette Avenue, Minneapolis, MN, USA"
"DaSTOR, LLC","King of Prussia Data Center","3400 Horizon Drive, King of Prussia, PA, USA"
"Lumen","Greensboro 2 Data Center","496 Gallimore Dairy Rd, Greensboro, NC, USA"
"365 Data Centers","PH1 Philadelphia Data Center","401 North Broad Street, Philadelphia, PA, USA"
"DataBank","HOU5 -Houston Galleria Data Center","4201 Southwest Freeway, Houston, TX 77027, USA"
"DartPoints","Dublin Data Center","565 Metro Pl S #300, Dublin, Ohio 43017, USA"
"DataBank","251 Neilston St Data Center","251 Neilston St, Columbus, Ohio 43215, USA"
"DataVerge","Brooklyn Data Center","882 3rd Avenue, Brooklyn, NY, USA"
"CyrusOne","NVA5 Northern Virginia Sterling Data Center","21350 Pacific Blvd, Sterling, VA, USA"
"NOVVA","Tahoe Reno Data Center","3399 Peru Drive, Sparks, NV, USA"
"ValorC3","St George 1 Data Center","1108 West 1600 South, St. George, UT, USA"
"Lumen","Indianapolis 1 Data Center","1902 South East Street, Indianapolis, IN, USA"
"UnitedLayer","Las Vegas North Data Center","7135 South Decatur Boulevard, Las Vegas, NV, USA"
"Csquare","IAD4-B Ashburn Data Center","21561 Beaumeade Circle, Ashburn, VA 20147, USA"
"Verizon","Verizon Houston","2401 Portsmouth St, Houston, Texas 77098, USA"
"CenterServ","Greensboro Data Center","717 Green Valley Road, Greensboro, NC, USA"
"Aligned Data Centers","SLC-03 Data Center","3333 West 9000 South, West Jordan, UT 84088, USA"
"LightEdge","Cavern LightEdge","17501 West 98th Street, Lenexa, KS, USA"
"Lumen","East Syracuse Data Center","6007 Fair Lakes Road, East Syracuse, NY, USA"
"Evocative","Dallas Data Center (DAL6)","1221 Coit Road, Plano, TX, USA"
"Prime Data Centers","Prime Sacramento - 2408 AK Street","2408 Ak Street, McClellan Park, CA, USA"
"CBRE","Central Ohio Powered Land","500 N 4th St, Coshocton, OH 43812, USA"
"Amazon AWS","Westfax Campus","4100 Westfax Dr, Chantilly, Virginia 20151, USA"
"Windstream","Atlanta, GA Data Center","1593 Northeast Expressway, Atlanta, GA, USA"
"Amazon AWS","73579 Lewis","73579 Lewis and Clark Dr, Boardman, Oregon 97818, USA"
"DataBank","MCI1 - South Lake Data Center","15721 College Blvd, Lenexa, KS, USA"
"Vantage Data Centers","College Park Data Center","4380 Stacks Rd, College Park, Georgia 30349, USA"
"Prime Data Centers","Prime Sacramento - 2407 AK Street","2407 Ak St, McClellan Park, CA 95652, USA"
"COPT Defense Properties","400 National Business Parkway, Annapolis Junction","400 National Business Parkway, Annapolis Junction, MD, USA"
"Windstream","Tulsa, OK Data Center","110 W 7th St, Tulsa, Oklahoma 74119, USA"
"Data Canopy","Cincinnati","229 W 7th St, Cincinnati, OH 45202, USA"
"EdgeConnex","LAS01 Las Vegas Data Center","1541 East Pama Lane, Las Vegas, NV, USA"
"CenterServ","Omaha Data Center","1299 Farnam Street, Omaha, NE, USA"
"CBTS LLC","South Bend Data Center I","123 Sycamore St, South Bend, Indiana 46617, USA"
"Mosaic Data Services","Baltimore Data Center","Baltimore, MD, USA"
"Verizon","Verizon Atlanta","4000 Highlands Parkway Southeast, Smyrna, Georgia, EE. UU."
"Amazon AWS","Fadeley III","24178 Upper Woodside Ln, Dulles, VA 20166, USA"
"Direct LTx","Reading PA Data Center","2561 Bernville Road, Reading, PA, USA"
"Amazon AWS","75246 Gar Swanson","75246 Gar Swanson Dr, Boardman, Oregon 97818, USA"
"Amazon AWS","8158 Sudley","8158 Sudley Manor Drive, Manassas, Virginia 20109, USA"
"DataBank","LGA3 - Orangeburg Data Center","2000 Corporate Drive, Orangeburg, NY, USA"
"24Shells Inc","EWR1 Data Center","165 Halsey Street, Newark, NJ, USA"
"Prime Data Centers","Prime Phoenix - Lower Buckeye #4","11753 West Lower Buckeye Road, Avondale, AZ, USA"
"OVHCloud","VIN1 Data Center","6872 Watson Ct, Warrenton, Virginia 20187, USA"
"Amazon AWS","73577 Lewis","73577 Lewis and Clark Dr, Boardman, Oregon 97818, USA"
"LightEdge","Des Moines I Data Center","1435 Northridge Circle, Altoona, IA 50009, USA"
"TierPoint","St. Louis - Olive Data Center","1111 Olive Street, St. Louis, MO, USA"
"HorizonIQ","Phoenix 3 Data Center","2500 West Frye Road, Chandler, AZ, USA"
"IBM Cloud","SJC03 San Jose, CA","Santa Clara, CA, USA"
"Lumen","San Diego 1 Data Center","8929 Aero Drive, San Diego, CA, USA"
"H5 Data Centers","Pittsburgh Data Center","2202 Liberty Avenue, Pittsburgh, PA, USA"
"Windstream","Brentwood, TN Data Center","105 Westwood Pl, Brentwood, Tennessee 37027, USA"
"TierPoint","Oklahoma City 4121 Perimeter Center Data Center","4121 Perimeter Center Place, Oklahoma City, OK, USA"
"CenterServ","Winston-Salem Data Center","615 St George Square Ct, Winston-Salem, NC, USA"
"IBM Cloud","HOU02 Houston, TX","855 Greens Parkway, Houston, Texas 77067, USA"
"Csquare","MSP1-A Shakopee Data Center","4450 Dean Lakes Blvd, Shakopee, MN 55379, USA"
"CBTS LLC","South Bend Data Center II","22 Maple Street, South Bend, Indiana 46601, USA"
"Thin-nology","3804 Helios Way Data Center","3804 Helios Way, Pflugerville, TX, USA"
"Csquare","SEA1-A Tukwila Data Center","12301 Tukwila International Blvd, Tukwila, WA 98168, USA"
"Cologix","DSM2 Des Moines Data Center","1205 Technology Parkway, Cedar Falls, Iowa, USA"
"DataBank","DFW10 - Red Oak Data Center","Batchler Road & Stainback Rd, Red Oak, Texas, USA"
"DartPoints","Baton Rouge Data Center 1","7127 Florida Boulevard, Baton Rouge, LA, USA"
"DataBank","MSP4 Downtown Minneapolis Data Center","511 11th Avenue South, Minneapolis, MN, USA"
"Prime Data Centers","Prime Santa Clara - 1111 Comstock","1111 Comstock Street, Santa Clara, CA, USA"
"Digital Realty","Silicon Valley SJC16 Data Center","1525 Comstock Street, Santa Clara, CA, USA"
"Amazon AWS","Fadeley & Woodside Campus","Fadeley Ln, Dulles, Virginia 20166, USA"
"AT&T","Piscataway PNJ1 Data Center","3 Corporate Place, Piscataway Township, NJ, USA"
"DataBank","HOU3 -Westway Park III Data Center","11003 Corporate Centre Dr, Houston, TX 77041, USA"
"RACK59 Data Center","Oklahoma Data Center","7725 West Reno Avenue, Oklahoma City, Oklahoma, USA"
"T5 Data Centers","@Atlanta 3200 Webb Bridge Rd Data Center","3200 Webb Bridge Rd, Alpharetta, GA, USA"
"TierPoint","Bethlehem Data Center","3864 Courtney Street ste 130, Bethlehem, PA 18017, USA"
"LeaseWeb","Dallas DAL-13 Data Center","1950 North Stemmons Freeway, Dallas, TX 75207, USA"
"Equinix","DA9 Irving Data Center","2222 East Grauwyler Road, Irving, TX, USA"
"Aureon","Downtown Data Center","616 10th Street, Des Moines, IA, USA"
"COPT Defense Properties","8621 Robert Fulton Drive","8621 Robert Fulton Drive, Columbia, MD, USA"
"Vantage Data Centers","Port Washington (Lighthouse) Data Center Campus – Building 4","Port Washington, NY, USA"
"Flexential","Salt Lake City - Downtown Data Center","572 Delong St suite 100, Salt Lake City, UT 84104, USA"
"Amazon AWS","45111 Loudoun Downs","45111 Loudoun Downs Ln, Sterling, VA 20166, USA"
"Expedient","Phoenix-North Mountain Data Center","2475 West Townley Avenue, Phoenix, AZ, USA"
"DartPoints","Shreveport Data Center","601 Milam St, Shreveport, LA 71101, USA"
"Equinix","SV16 Silicon Valley Data Center","3000 Corvin Drive, Santa Clara, CA, USA"
"DataBank","DFW11 - Red Oak Data Center","Batchler Road & Stainback Rd, Red Oak, Texas, USA"
"H5 Data Centers","Albuquerque Data Center","505 Marquette Avenue Northwest, Albuquerque, NM, USA"
"DaSTOR, LLC","Wilmington Data Center","1201 North Market Street, Wilmington, DE 19801, USA"
"Cogent Communications","Milwaukee 1 Data Center","324 East Wisconsin Avenue, Milwaukee, WI, USA"
"CBRE","5959 Corporate Dr Data Center","5959 Corporate Drive, Houston, TX, USA"
"NOVVA","Utah Data Center","Novva Data Centers, 6477 Wells Park Road, West Jordan, Utah 84081, USA"
"CloudHQ","MSP Campus United States","Chaska, Minnesota 55318, USA"
"Chirisa Technology Parks","YLO-02 YLO-01Chicago Campus, IL","300 South Fish Lake Road, Volo, IL, United States"
"Amazon AWS","75282 Lewis","75282 Lewis and Clark Dr, Boardman, Oregon 97818, USA"
"Csquare","SEA1-B Tukwila Data Center","3355 South 120th Place, Tukwila, WA 98168, USA"
"AT&T","Redwood City RWC1 Data Center","3175 Spring St, Redwood City, CA, USA"
"T5 Data Centers","@Cincinnati Data Center","925 Dalton Avenue, Cincinnati, OH, USA"
"Flexential","Louisville - East Data Center","2101 Nelson Miller Parkway, Louisville, KY, USA"
"DaSTOR, LLC","411 Swedeland Road Data Center","411 Swedeland Road, King of Prussia, PA, USA"
"Amazon AWS","Clubber & Prediction Campus","Prediction Ln, Chantilly, Virginia 20152, USA"
"Csquare","DFW1-C Fort Worth Data Center","14902 FAA Blvd, Fort Worth, TX 76155, USA"
"MOD Mission Critical","Internet 123 Data Center","24245 Northwestern Highway, Southfield, MI, USA"
"365 Data Centers","MA2 Marlboro Data Center","250 Locke Drive, Marlborough, MA, USA"
"CoreSite","CH1 Chicago Data Center","427 South LaSalle Street, Chicago, IL, USA"
"DataBank","PHL1 - Philadelphia Data Center","401 North Broad Street, Philadelphia, PA, USA"
"Data Canopy","Austin 3","7100 Metropolis Drive, Austin, TX, USA"
"CenterServ","Tulsa Data Center","321 South Boston Avenue, Tulsa, OK, USA"
"US Signal","Minneapolis Data Center","10290 W 70th St, Eden Prairie, MN 55344, USA"
"Windstream","Des Moines IA, Data Center","701 West Henry Street, Indianapolis, IN, USA"
"DataBank","2500 Allegheny Center Mall Data Center","2500 Allegheny Avenue, Pittsburgh, Pennsylvania 15212, USA"
"Prime Data Centers","Prime Santa Clara - 2215 Martin","2215 Martin Avenue, Santa Clara, CA, USA"
"EvoSwitch","KCM-01 Kansas City Data Center","6301 Winchester Avenue, Kansas City, MO, USA"
"CBRE","2301 Maguire Data Center","2301 Maguire Boulevard, Columbia, MO, USA"
"Ark data centers (Iowa)","Green Bay Data Center","W6149 Old Highway Road, Menasha, WI 54952, USA"
"Liquid Web","Lansing Data Center - B","4428 South Creyts Road, Lansing, MI, USA"
"DataBank","PIT1 - Downtown Pittsburgh Data Center","100 South Commons, Pittsburgh, PA, USA"
"NTT Global Data Centers","HI1 Hillsboro Data Center","4050 NE Evergreen Rd, Hillsboro, OR 97124, USA"
"RadiusDC","1500 Champa (Denver) Data Center","1500 Champa Street, Denver, Colorado, USA"
"Csquare","EWR3-A Piscataway Data Center","3 Corporate Place, Piscataway, NJ 08854, USA"
"DataBank","Red Oak Campus","Batchler Road & Stainback Rd, Red Oak, Texas, USA"
"Digital Realty","Silicon Valley OAK10 Data Center","720 2nd Street, Oakland, CA, USA"
"365 Data Centers","CL1 Cleveland Data Center","1625 Rockwell Avenue, Cleveland, OH, USA"
"ManagedWay","Southfield SFJ1 Data Center","24700 Northwestern Highway, Southfield, Michigan, EE. UU."
"TierPoint","Jacksonville Data Center","8324 Baymeadows Way, Jacksonville, FL, USA"
"Colocation Northwest","Downtown Seattle Data Center","2001 6th Avenue, Seattle, WA, USA"
"CoreSite","LA1 Los Angeles Data Center","624 South Grand Avenue, Los Angeles, CA, USA"
"Vantage Data Centers","Phoenix Data Center Campus – Building 5","45 South Bullard Avenue, Goodyear, AZ 85338, USA"
"Expedient","Milwaukee Data Center","4777 Ironwood Drive, Franklin, WI, USA"
"Cologix","JAX1 Jacksonville Data Center","421 West Church Street, Jacksonville, FL, USA"
"Cogent Communications","Charlotte Data Center","701 East Trade Street, Charlotte, North Carolina 28202, USA"
"EXA Infrastructure","EXA Infrastructure Lynn CLS Data Center","91 Commercial St, Lynn, MA 01905, USA"
"Mosaic Data Services","Rockville Data Center","Rockville, MD, USA"
"Cogent Communications","Elkridge Data Center","6050 Race Rd, Elkridge, Maryland 21075, USA"
"Lumen","Minneapolis 2 Data Center","715 N 2nd St, Minneapolis, MN, USA"
"DataBank","DataBank MSP3 Data Center","8111 Oxbow Creek Drive North, Brooklyn Park, MN, USA"
"Lumen","Amarillo 1 Data Center","512 SE 8th Ave, Amarillo, TX, USA"
"Colocation America","PhillyDC1 - Philadelphia Data Center","9999 Hamilton Blvd, Breinigsville, PA, USA"
"Lincoln Data Centers","Kansas City Data Center","Lincoln Rackhouse KC (Airworld) Data Center, North Airworld Drive, Kansas City, Misuri, EE. UU."
"DataBank","Data Bank SLC2 Data Center","14944 Pony Express Rd, Bluffdale, Salt Lake, UT, USA"
"Equinix","SV14 Silicon Valley Data Center","2960 Corvin Drive, Santa Clara, CA, USA"
"Summit","Cleveland Data Center","1625 Rockwell Ave, Cleveland, Ohio, USA"
"Lumen","Charlotte 2 Data Center","112 North Myers Street, Charlotte, NC, USA"
"LightEdge","Saint Louis Data Center","210 Tucker Blvd, St. Louis, Missouri, USA"
"Zenlayer","SEA4 Seattle Data Center","Westin Building Exchange, 6th Avenue, Seattle, WA, USA"
"Colocation America","PhillyDC3 - Philadelphia Data Center","3949 Schelden Circle, Bethlehem, PA, USA"
"NTT Global Data Centers","CA1 Sacramento Data Center","1200 Striker Avenue, Sacramento, CA, USA"
"Telehouse","New York Chelsea Data Center","85 10th Avenue, New York, NY, USA"
"Csquare","LAX3-B Irvine Data Center","17836 Gillette Ave, Irvine, CA 92614, USA"
"365 Data Centers","PA2 Pittsburgh Data Center","100 South Commons suite 126, Pittsburgh, PA, USA"
"CoreSite","DE1 Denver Data Center","910 15th Street, Denver, CO, USA"
"Lumen","Lancaster 1 Data Center","1720 Hempstead Rd, Lancaster, PA, USA"
"CenterServ","Chesapeake Data Center","1545 Crossways Blvd, Chesapeake, VA, USA"
"Windstream","Evansville, IN Data Center","Midwest Telecom Communications, Inc., Maxwell Avenue, Evansville, Indiana, USA"
"T5 Data Centers","@Cleveland Data Center","4150 West 150th Street, Cleveland, OH, USA"
"365 Data Centers","WA2 Seattle Data Center","2001 6th Avenue, Seattle, WA, USA"
"MOD Mission Critical","MN1 - Cologix Minneapolis Data Center PoP","511 11th Avenue South, Minneapolis, MN, USA"
"Amazon AWS","IAD57 (Prologis building 10)","22755 Relocation Drive, Sterling, VA, USA"
"EdgeConnex","SLI01 New Orleans Data Center","2070 Gause Blvd E, Slidell, LA 70461, USA"
"Equinix","NY12 Piscataway Data Center","201b Centennial Avenue, Piscataway Township, NJ, USA"
"Cogent Communications","Burbank Data Center","100 S Flower St, Burbank, California 91502, USA"
"American Tower","Edge Data Center Boulder","9110 Interlocken Loop, Broomfield, CO, USA"
"CenterServ","Pittsburgh Data Center","One Oxford Centre, Grant Street, Pittsburgh, PA, USA"
"Centrilogic","Boston, MA","31 Hayward St, Franklin, MA 02038, USA"
"Zayo","Phoenix, Arizona","3110 N Central Ave suite 151, Phoenix, AZ 85012, USA"
"Amazon AWS","Dulles Campus","22651 Dulles Summit Ct, Sterling, Virginia 20166, USA"
"Stack Infrastructure","ATL02 Atlanta Data Center","808 Factory Shoals Rd, Lithia Springs, Georgia 30122, USA"
"DataBank","DEN1 Englewood Data Center","393 Inverness Parkway, Englewood, CO, USA"
"Enzu","SFO2 San Francisco Data Center","201 Paul Ave, San Francisco, CA, USA"
"iM Critical","Pittsburgh Data Center","900 Brinton Road, Wilkinsburg, PA 15221, USA"
"Lumen","Raleigh 3 Data Center","3440 Tarheel Drive, Raleigh, NC, USA"
"AT&T","Chicago CHI1 Lisle Data Center","4513 Western Avenue, Lisle, IL, USA"
"Windstream","Nashville, TN Data Center","105 Westwood Trce, Nashville, TN, USA"
"Cogent Communications","Charlotte 2","1310 S Mint St, Charlotte, North Carolina 28203, USA"
"Metrobloks","IND-A Metrobloks Data Center","2505 N Sherman Dr, Indianapolis, Indiana, United States"
"CenterServ","Arlington Data Center","2000 East Lamar Boulevard, Arlington, TX, USA"
"Data Journey","Catawba County Data Center","2436 Penny Road, Claremont, NC, USA"
"Aligned Data Centers","ORD-03 Data Center","50 NW Point Blvd, Elk Grove Village, IL 60007, USA"
"IBM Cloud","WDC07 Ashburn, VA","Ashburn, VA, USA"
"DataBank","DataBank DEN5 Data Center","6961 South Quentin Street, Centennial, CO 80112, USA"
"Telesystem","DC-1 Ohio Data Center","4818 Angola Road, Toledo, OH, USA"
"Ascent Data","90 Beta Drive - Pittsburgh Data Center","90 Beta Drive, Pittsburgh, PA, USA"
"Crown Castle","Crown Castle Stamford 2","5 Landmark Square, Stamford, Connecticut 06901, USA"
"Tech Vault Inc","South Bend Data Center","South Bend, Indiana, USA"
"China Telecom","Coresite LA2 Data Center","900 N Alameda St, Los Angeles, CA 90012, USA"
"Lumen","Denver 3 Data Center","910 15th Street, Denver, CO, USA"
"Cogent Communications","Boston - Waltham Data Center","100 5th Avenue, Waltham, MA 02451, EE. UU."
"Amazon AWS","IAD14 Manassas","Brewers Spring Road, Manassas, VA, USA"
"Opus Interactive","Hillsboro Data Center","8135 Northeast Evergreen Parkway, Hillsboro, OR, USA"
"H5 Data Centers","Ashburn Data Center","21800 Beaumeade Circle, Ashburn, VA, USA"
"Lunavi","Cheyenne Data Center","340 Progress Circle, Cheyenne, WY, USA"
"PointOne","Nap Of Virginia Beach","1893 Corporate Landing Pkwy, Virginia Beach, VA, USA"
"Hivelocity","NYC1 New York City Data Center","7 Teleport Drive, Staten Island, NY, USA"
"COPT Defense Properties","7880 Milestone Parkway","7880 Milestone Parkway, Hanover, MD, USA"
"Amazon AWS","44854 Interconnection","44854 Interconnection Plz, Ashburn, VA 20147, USA"
"Expedient","Denver-Centennial Data Center","7347 South Revere Parkway, Centennial, CO, USA"
"CyrusOne","CIN97 Cincinnati Blue Ash Data Center","4600 McAuley Place, Cincinnati, OH, USA"
"HorizonIQ","Silicon Valley 6 Data Center","365 Main Street, San Francisco, CA, USA"
"Iron Mountain Data Centers","RCH - 1 - Richmond Data Center","Technology Creek Drive, Sandston, VA 23150, USA"
"Volico Data Center","FLL1 - Broward Data Center","500 Green Road, Deerfield Beach, FL 33064, USA"
"Lumen","Rochester 3 Data Center","150 Mile Crossing Blvd, Rochester, NY, USA"
"DaSTOR, LLC","Reading Data Center","2561 Bernville Road, Reading, PA 19605, USA"
"UnitedLayer","200 Paul Data Center","200 Paul Avenue, San Francisco, CA, USA"
"Sentinel Data Centers","TN-1 Data Center","3180 Players Lane, Memphis, TN, USA"
"Digital Realty","Northern Virginia IAD40 Data Center","44372 Round Table Plaza bldg m, Ashburn, VA 20147, USA"
"Lumen","Des Moines 1 Data Center","4550 Carlisle Road, Pleasant Hill, IA, USA"
"Innova Solutions","Minnesota Data Center II","2131 Lindau Lane suite 800, Bloomington, MN 55425, USA"
"CyrusOne","SAT5 San Antonio Data Center","14719 Omicron Drive, San Antonio, TX, USA"
"Equinix","SV17 Silicon Valley Data Center","3030 Corvin Drive, Santa Clara, CA, USA"
"CenterServ","Boise Data Center","950 West Bannock Street, Boise, ID, USA"
"AT&T","Dallas DAL1 Allen Data Center","900 Guardians Way, Allen, TX, USA"
"COPT Defense Properties","Rideout Rd, Huntsville","Rideout Rd, Huntsville, AL 35808, USA"
"Colospace","Rockland Data Center","1050 Hingham Street, Rockland, MA, USA"
"Lumen","Indianapolis 2 Data Center","700 West Henry Street, Indianapolis, IN, EE. UU."
"Lumen","Manchester Data Center","19700s Highway 1, Manchester, CA 95459, EE. UU."
"Crown Castle","Crown Castle Marlborough (MA2)","Crown Castle, 34 St Martin Dr, Marlborough, Massachusetts 01752, USA"
"Csquare","IAD1 Sterling Data Center Campus","45901 Nokes Boulevard, Sterling, VA, USA"
"ByteGrid","MDC2 Silver Spring Atlanta Data Center","12401 Prosperity Dr, Silver Spring, MD 20904, USA"
"Amazon AWS","25020 Willard Road","25020 Willard Rd, Chantilly, VA 20152, USA"
"DataBank","MCI3 South Lake Campus Data Center","11200 Lakeview Avenue, Lenexa, KS, USA"
"DataBank","PIT2 - Summit Park Data Center","35 Summit Park Drive, Pittsburgh, PA, USA"
"Evocative","El Segundo Data Center (LAX10)","2260 East El Segundo Boulevard, El Segundo, CA, USA"
"COPT Defense Properties","310 The Bridge Street, Huntsville","310 The Bridge Street, Huntsville, AL, USA"
"Windstream","Oklahoma City, OK Data Center","825 N Broadway Ave, Oklahoma City, Oklahoma 73102, USA"
"Global Access Point (GAP)","Indianapolis Data Center","Indianápolis, Indiana, EE. UU."
"Sabey Data Centers","SDC Quincy Data Center","2200 M St NE, Quincy, WA 98848, USA"
"CyrusOne","DFW2 Dallas Lewisville Data Center","2501 Texas 121 Business"
"Lunavi","Westin Seattle Data Center","2001 6th Avenue, Seattle, WA, USA"
"Element Critical","Chicago One Data Center","711 North Edgewood Avenue, Wood Dale, IL, USA"
"Csquare","DEN1-B Highlands Ranch Data Center","9110 Commerce Center Circle, Highlands Ranch, CO 80129, USA"
"Windstream","Louisville, KY Data Center","929 Mason Avenue, Louisville, KY, USA"
"T Mobile","T-Mobile Manasquan","600 Sea Girt Avenue, Sea Girt, NJ 08750, EE. UU."
"ManagedWay","Byron Data Center","700 76th Street Southwest, Byron Center, Byron Township, Michigan, EE. UU."
"CoreSite","OR1 Orlando Data Center","9701 South John Young Parkway, Orlando, FL, USA"
"Digital Realty","Silicon Valley SJC15 Data Center","1201 Comstock Street, Santa Clara, CA, USA"
"AT&T","Miami MIA1 Data Center","444 Northwest 79th Avenue, Miami, FL, USA"
"Lumen","Stratford 1 Data Center","501 Texas Street, Stratford, TX, USA"
"365 Data Centers","NJ2 Newark Data Center","165 Halsey Street, Newark, NJ, USA"
"MOD Mission Critical","LV2 - Flexential Las Vegas Data Center PoP","3330 East Lone Mountain Road, North Las Vegas, NV, USA"
"DataBank","DEN3 Downtown Denver Data Center","1500 Champa Street, Denver, CO, USA"
"Lumen","Baton Rouge 2 Data Center","9826 Burbank Dr, Baton Rouge, LA, USA"
"TierPoint","St. Louis - Millpark Data Center","2315 Millpark Drive, Maryland Heights, MO, USA"
"Data Canopy","Houston","11003 Corporate Centre Drive, Houston, TX, USA"
"Apotech Group","Mt. Prospect","1331 East Business Center Drive, Mount Prospect, IL, USA"
"TierPoint","Omaha - Bellevue Data Center","1001 Fort Crook Road North, Bellevue, NE 68005, USA"
"LeaseWeb","Washington WDC-02 Data Center","Historic District, 11680 Hayden Rd, Manassas, VA 20109, USA"
"COPT Defense Properties","8100 Rideout Road, Huntsville","8100 Rideout Drive Northwest, Huntsville, Alabama 35806, USA"
"DataBank","DataBank MIA1 Data Center","36 Northeast 2nd Street, Miami, FL 33132, USA"
"Sabey Data Centers","SDC Columbia Data Center","4405 Grant Rd, East Wenatchee, WA 98802, USA"
"US Signal","Madison Data Center","222 West Washington Avenue, Madison, WI, USA"
"Neutron Colocation","Spokane Data Center","422 West Riverside Avenue, Spokane, WA, USA"
"LightEdge","Minneapolis I Data Center","1708 West Creek Lane, Chaska, Minnesota 55318, USA"
"Cogent Communications","Rialto Data Center","282 North Sycamore Avenue, Rialto, California 92376, USA"
"CoreSite","NY3 - New York Data Center","2 Emerson Lane, Secaucus, NJ 07094, EE. UU."
"Amazon AWS","IAD16 Sterling","22651 Dulles Summit Ct, Sterling, VA, USA"
"Telehouse","Los Angeles Data Center","626 Wilshire Boulevard, Los Angeles, CA, USA"
"CenterServ","St. Paul Data Center","445 Minnesota Street, Saint Paul, MN, USA"
"AUBix","Auburn Data Center","1571 W Samford Ave, Auburn, AL 36832, USA"
"Cogent Communications","St. Louis Data Center","1925 Chouteau Ave, St. Louis, Missouri 63103, USA"
"365 Data Centers","LA3 Los Angeles Data center","626 Wilshire Boulevard, Los Angeles, CA, USA"
"Rackspace","IAD3 Ashburn I Data Center","44461 Chilum Place, Ashburn, VA, USA"
"Amazon AWS","7500 Bethlehem","Historic District, 7500 Bethlehem Rd, Manassas, VA 20109, USA"
"Amazon AWS","Prediction Lane","25311 Prediction Ln, Chantilly, VA 20152, USA"
"EdgeConnex","MAD01 Madison Data Center","4916 East Broadway, Madison, Wisconsin 53716, USA"
"DartPoints","Baton Rouge Data Center 2","7139 Florida Blvd, Baton Rouge, LA 70806, USA"
"HorizonIQ","Phoenix 1 Data Center","2121 South Price Road, Chandler, AZ, USA"
"Hivelocity","350 East Cermak Data Center","350 East Cermak Road, Chicago, IL, USA"
"Verizon","Verizon Seattle","1100 2nd Ave, Seattle, Washington 98101, USA"
"TierPoint","Waterbury Data Center","108 Bank Street, Waterbury, CT, USA"
"QuadraNet","Chicago Data Center","1905 Lunt Avenue, Elk Grove Village, IL, USA"
"TPx Communications","Las Vegas Data Center","1181 Grier Dr, Las Vegas, NV 89119, USA"
"NTT Global Data Centers","Gainesville Campus","Gainesville, Virginia 20155, USA"
"Windstream","Colorado Springs, CO Data Center","1780 Jet Stream Dr, Colorado Springs, CO 80921, USA"
"Zenlayer","SEA2 Seattle Data Center","Westin Building Exchange, 6th Avenue, Seattle, WA, USA"
"FirstLight","Bedford Data Center","8 Commerce Drive, Bedford, NH, USA"
"EdgeConnex","NOR01 Norfolk Data Center","3800 Village Ave suite c, Norfolk, Virginia 23502, USA"
"Colocation Northwest","South Hill Data Center","1023 39th Avenue Southeast, Puyallup, WA, USA"
"Simple Helix","Huntsville Data Center","165 West Park Loop Northwest, Huntsville, AL, USA"
"AT&T","Lithia Springs Data Center","375 Riverside Parkway, Lithia Springs, GA, USA"
"AT&T","Secaucus NYC3 Data Center","15 Enterprise Avenue North, Secaucus, NJ, USA"
"Lumen","Kansas City 1 Data Center","1100 Walnut Street, Kansas City, MO, USA"
"Crown Castle","Crown Castle Springfield (MA1)","1 Federal St, Springfield, Massachusetts 01105, USA"
"CME group","Lombard Data Center","Lombard, IL, EE. UU."
"Lumen","Philadelphia 3 Data Center","3020 Market Street, Philadelphia, PA, USA"
"Colocation America","PhillyDC2 - Philadelphia Data Center","1000 Adams Ave, Eagleville, PA, USA"
"Colocation America","HartfordDC1 Data Center","108 Bank St, Waterbury, CT, USA"
"Iron Mountain Data Centers","CHI-1 - Chicago Data Center","1680 Touhy Avenue, Des Plaines, IL, USA"
"Mosaic Data Services","Silver Spring Data Center","Silver Spring, MD, USA"
"Opti9 Technologies","Kansas Data Center","12022 Blue Valley Pkwy, Overland Park, KS 66213, USA"
"Windstream","Little Rock, AR Data Center","4001 N Rodney Parham Rd, Little Rock, AR 72212, USA"
"365 Data Centers","NJ11 Edison Data Center","3003 Woodbridge Avenue, Edison, NJ, USA"
"Lumen","Louisville 3 Data Center","332 West Broadway, Louisville, KY, USA"
"Lumen","Baltimore 1 Data Center","300 West Lexington Street, Baltimore, MD, USA"
"TierPoint","Chicago – West Data Center","9333 West Grand Avenue, Chicago, IL, USA"
"Data Foundry","The Data Ranch","4100 Smith School Rd, Austin, Texas 78744, USA"
"Latitude.sh","Chicago","2200 Busse Rd, Elk Grove Village, IL, USA"
"Amazon AWS","5945 Wellington","5945 Wellington Rd, Bristow, VA 20136, USA"
"DataBank","EWR1 - Downtown Newark Data Center","165 Halsey Street, Newark, NJ, USA"
"Ntirety","Newark Data Center","350 Pencader Drive, Newark, DE, USA"
"Lumen","Minneapolis 4 Data Center","5480 Feltl Rd, Minnetonka, MN 55343, EE. UU."
"CoreSite","LA3 Los Angeles Data Center","200 Bauchet Street, Los Angeles, CA, USA"
"Digital Fortress","New Jersey Data Center - (PNJ)","201 Centennial Avenue, Piscataway, NJ, USA"
"CenterServ","Norfolk Data Center","999 Waterside Drive, Norfolk, VA, USA"
"CenterServ","Las Vegas Data Center","400 S 4th St, Las Vegas, NV, USA"
"Synoptek","Boston Data Center","313 Boston Post Rd W suite 130, Marlborough, MA 01752, USA"
"Opti9 Technologies","Nebraska Data Center","1010 N 96th St ste 100, Omaha, NE 68114, USA"
"AT&T","San Diego SD01 Koll Data Center","5732 Pacific Center Boulevard, San Diego, CA, USA"
"Cogent Communications","St. Paul Data Center","847 Earl St, St Paul, Minnesota 55106, USA"
"Aligned Data Centers","SLC-04 Data Center","6368 W Beagley Rd, West Valley City, UT 84128, USA"
"Stack Infrastructure","NVA01 - Northern Virginia Data Center","22080 Pacific Blvd, Ashburn, VA, USA"
"Lumen","Fresno 1 Data Center","305 W Napa Ave, Fresno, CA, USA"
"FirstLight","Rochester Data Center","28 East Main Street, Rochester, NY, USA"
"Centrilogic","Lenoir, North Carolina","801 N Main St, Lenoir, NC 28645, USA"
"Windstream","Lafayette, IN Data Center","2304 Brothers Drive, Lafayette, IN, USA"
"Windstream","Omaha NE, Data Center","1721 St Marys Ave, Omaha, NE, USA"
"365 Data Centers","OR1 Portland Data Center","6058 Northeast 78th Court, Portland, OR, USA"
"CoreSite","CH2 Chicago Data Center","1432 South Clinton Street, Chicago, IL, USA"
"HorizonIQ","Seattle 2 Data Center","3355 South 120th Place, Tukwila, WA, USA"
"Iron Mountain Data Centers","RCH‐2 Iron Mountain Data","Henrico County, Virginia, EE. UU."
"365 Data Centers","WA3 Tukwila Data Center","3433 South 120th Place, Tukwila, WA, USA"
"Amazon AWS","8190 Bethlehem","8190 Bethlehem Rd, Manassas, VA 20109, USA"
"Enzu","LAS1 Las Vegas Data Center","302 E Carson Ave, Las Vegas, NV, USA"
"Aptum Technologies","LAX-600W7 Data Center","360 East 2nd Street, Los Angeles, CA, USA"
"Logix","Austin Data Center","1905 East 6th Street, Austin, TX, USA"
"Xera Data Center","Michigan Data Center","Míchigan, EE. UU."
"MOD Mission Critical","EVE1 - Ziply Everett WA Data Center PoP","426 East Casino Road, Everett, WA, USA"
"FirstLight","Romulus Data Center","7890 Lehigh Crossing, Victor, NY, USA"
"Evocative","Redondo Beach Data Center (LAX14)","3690 Redondo Beach Avenue, Redondo Beach, CA 90278, USA"
"H5 Data Centers","Cincinnati Data Center","360 Gest Street, Cincinnati, OH, USA"
"Equinix","DC1 Ashburn Data Center","21711 Filigree Court, Ashburn, VA, USA"
"Compass Datacenters","Red Oak 1 Data Center","Houston School Rd, Red Oak, TX, USA"
"Evocative","Los Angeles Data Center (LAX2)","600 West 7th Street, Los Angeles, CA, USA"
"Dynascale","West7Center Data Center","1200 West 7th Street, Los Angeles, CA, USA"
"Chirisa Technology Parks","CTP-02 Campus, Richmond, VA","1401 Meadowville Technology Parkway, Chester, VA, USA"
"Chirisa Technology Parks","CTP-04 Campus, Richmond, VA","1401 Meadowville Technology Parkway, Chester, VA, USA"
"Chirisa Technology Parks","YLO-01 YLO-01Chicago Campus, IL","300 South Fish Lake Road, Volo, IL, United States"
"Colocation America","NJDC1 - New Jersey Data Center","100 Delawanna Avenue, Clifton, NJ, USA"
"NTT Global Data Centers","VA1 Ashburn Data Center","44664 Guilford Drive, Ashburn, VA, USA"
"Digital Realty","Dallas DFW12 Data Center","2440 Marsh Lane, Carrollton, TX, USA"
"Fortress Data Centers","SF1: San Francisco","274 Brannan Street, San Francisco, CA, USA"
"Mountain West Technology Networks","South Eastern Wyoming - Cheyenne Data Center","6101 Yellowstone Rd, Cheyenne, WY, USA"
"HorizonIQ","Atlanta 2 Data Center","40 Perimeter Center East, Atlanta, GA, USA"
"MOD Mission Critical","SE1 - DRT Westin MMR Seattle Data Center PoP","2001 6th Avenue, Seattle, WA, USA"
"FirstLight","Brunswick Data Center","14 Resilient Circle, Brunswick, ME, USA"
"EvoSwitch","NYC-01 New Jersey Data Center","3003 Woodbridge Avenue, Edison, NJ, USA"
"Lumen","Louisville 1 Data Center","848 South 8th Street, Louisville, KY, USA"
"Amazon AWS","IAD61 South Riding","43736 Clubber Lane, South Riding, VA, USA"
"Equinix","DC15 Washington DC IBX Data Center","44780 Performance Circle, Ashburn, VA 20147, U.S."
"Midwest Energy & Communications","60590 Decatur Rd Data Center","60590 Decatur Rd, Cassopolis, MI, USA"
"Equinix","SV3 San Jose Data Center","1735 Lundy Avenue, San Jose, CA, USA"
"Zayo","Chicago, Illinois","800 E Business Center Dr, Mount Prospect, IL 60056, USA"
"Crown Castle","Crown Castle Stamford 1","1351 Washington Blvd #6902, Stamford, Connecticut, USA"
"Crown Castle","Newark Data Center","165 Halsey Street, Newark, NJ 07102, EE. UU."
"Stream Data Centers","DFW V","1811 East Renner Road, Richardson, Texas 75082, EE. UU."
"365 Data Centers","WA4 Tukwila Data Center","3311 South 120th Place, Tukwila, WA, USA"
"SoftBank Group Corp","Ohio Data Center","Ohio, United States"
"ValorC3","Boise 1 Data Center","10215 W Emerald St, Boise, ID, USA"
"One Data Center America","Ontario CA Data Center","3833 Ebony Street, Ontario, CA, USA"
"South Front Networks","Davenport Data Center","2814 North Clark Street, Davenport, Iowa, EE. UU."
"vaultas","St. Paul Data Center","511 11th Ave S, Minneapolis, MN 55415, EE. UU."
"Mountain West Technology Networks","Casper Wyoming - Data Center of the Rockies","851 Werner Court, Casper, WY, USA"
"Netrality Data Centers","717 South Wells Chicago Data Center","717 South Wells Street, Chicago, IL, USA"
"CenterServ","Jersey City Data Center","2500 5th Street, Jersey City, NJ, USA"
"Data Foundry","Texas 1 Data Center","4100 Smith School Road, Austin, TX, USA"
"Lumen","Denver 1 Data Center","1850 Pearl St, Denver, CO, USA"
"FDCservers.net","DE1 CoreSite","910 15th Street, Denver, CO, USA"
"Vantage Data Centers","Quincy Data Center Campus – Building 2","2101 M Street Northeast, Quincy, WA 98848, USA"
"ColoCrossing","SEA1 - Seattle Data Center","12201 Tukwila International Blvd, Tukwila, WA, USA"
"Amazon AWS","Quail Campus","24214 Quail Ridge Lane, Stone Ridge, VA, USA"
"Lumen","New Haven 1 Data Center","54 Meadow Street, New Haven, CT, USA"
"Lumen","Greensboro 1 Data Center","413-445 Creek Ridge Road, Greensboro, NC, USA"
"365 Data Centers","WA4 Spokane Data Center","422 West Riverside Avenue, Spokane, WA, USA"
"Aligned Data Centers","PHX-07 Data Center","8907 N Reems Rd, Waddell, AZ, USA"
"Southern Telecom","Montgomery Data Center","Montgomery, Alabama, EE. UU."
"Synergy Fiber","Synergy Fiber Data Center","3131 South State Street suite 306, Ann Arbor, MI 48108, USA"
"EdgeConnex","SDG01 San Diego Data Center","5761 Copley Drive suite 150b, San Diego, CA 92111, USA"
"ColoCrossing","CHI1 - Chicago Data Center","2200 Busse Rd, Elk Grove Village, IL, USA"
"Csquare","IAD2 Sterling Data Center Campus","22810 International Drive, Sterling, VA, USA"
"China Telecom","Telehouse Chelsea Data Center","85 10th Avenue, New York, NY 10011, USA"
"Cogent Communications","Kansas City Data Center","101 Holmes St, Kansas City, Missouri 64106, USA"
"Southern Telecom","Birmingham Data Center","Birmingham, Alabama, EE. UU."
"Lumen","Louisville 2 Data Center","715 S 7th St, Louisville, KY, USA"
"Colocation America","SFDC1 - San Francisco Data Center","200 Paul Avenue, San Francisco, CA, USA"
"ScaleMatrix","San Diego Data Center US-West 01","5775 Kearny Villa Road, San Diego, CA, USA"
"Amazon AWS","IAD51 (Prologis building #9)","45220 Prologis Plaza, Sterling, VA, USA"
"Colospace","Waltham Data Center","265 Winter St, Waltham, MA, USA"
"Lumen","Metairie 1 Data Center","3220 Lausat Street, Metairie, LA, USA"
"IP Pathways","Omaha Data Center","Omaha, NE, EE. UU."
"TulsaConnect","TulsaConnect DC3 – East Tulsa","4500 S 129th E Ave, Tulsa, OK 74134, USA"
"CyrusOne","NVA9 Northern Virginia Data Center","43290 Old Ox Road, Sterling, VA 20166, USA"
"EvoSwitch","BOS-1 Boston Data Center","171 Bearfoot Rd, Northborough, MA, USA"
"Amazon AWS","Import Campus","44254 Import Plaza, Ashburn, Virginia 20147, USA"
"H5 Data Centers","Chicago Data Center","1951 W Hastings St, Chicago, IL 60608, EE. UU."
"Vantage Data Centers","Reno Data Center Campus – Building 2","1121 USA Parkway, Sparks, NV 89437, USA"
"Neutron Colocation","Coeur d' Alene Data Center","600 West Appleway Avenue, Coeur d'Alene, ID, USA"
"Amazon AWS","Bethlehem Technology Park DC20","Bethlehem Road, Manassas, VA, USA"
"Lunavi","DEN1 Denver Data Center","4300 Brighton Blvd, Denver, CO, USA"
"Serverfarm","CH1 Chicago Data Center","840 South Canal Street, Chicago, IL, USA"
"Cogent Communications","New Orleans Data Center","650 Poydras Street, New Orleans, LA, USA"
"CenterServ","Boston Data Center","60 State Street, Boston, MA, USA"
"OneSource Cloud Corporation","Zhongjingyun Data Center","15 North 9th Street, Pekin, IL, USA"
"Cloudnium LLC","Irving Data Center","6431 Longhorn Drive, Irving, TX 75063, USA"
"Prometheus Hyperscale","Wyoming Data Center","Evanston, Wyoming, USA"
"SATOKIE","Oklahoma Data Center","Oklahoma City, Oklahoma, EE. UU."
"Lumen","Houston 2 Data Center","7060 Empire Central Drive, Houston, TX, USA"
"Amazon AWS","IAD88 Sterling","Loudoun Downs Ln, Sterling, VA 20166, USA"
"Digital Realty","Northern Virginia IAD37 Data Center","44060 Digital Loudoun Plaza bldg k, Ashburn, VA 20147, USA"
"CenterServ","Rochester Data Center","510 Clinton Square, Rochester, NY, USA"
"NOVVA","Colorado Data Center","650 Sybilla Lane, Colorado Springs, CO 80921, USA"
"360TCS","360TCS Lombard - Chicago","360 E 22nd St, Lombard, IL 60148, USA"
"FirstLight","Portsmouth Data Center","359 Corporate Drive, Portsmouth, NH, USA"
"Amazon AWS","IAD74 Manassas","Historic District, 7080 Wellington Rd, Manassas, VA 20109, USA"
"24Shells Inc","LAX1 Data Center","One Wilshire Building, South Grand Avenue, Los Angeles, CA, USA"
"China Telecom","Los Angeles Data Center","600 West 7th Street, Los Angeles, CA, USA"
"Chirisa Technology Parks","CTP-01 Campus, Richmond, VA","1401 Meadowville Technology Parkway, Chester, VA, USA"
"Compass Datacenters","Compass PHX II Campus","W Peoria Ave & North El Mirage Road, El Mirage, Arizona 85335, USA"
"Csquare","ABQ1-A Albuquerque Data Center","400 Tijeras Ave NW, Albuquerque, NM 87102, USA"
"COPT Defense Properties","7000 Redstone Gateway, Huntsville","7000 Redstone Gateway Southwest, Huntsville, AL, USA"
"Windstream","Ephrata, PA Data Center","140 Akron Rd, Ephrata, PA 17522, USA"
"365 Data Centers","LA1 Los Angeles Data center","900 North Alameda Street, Los Angeles, CA, USA"
"IBM Cloud","WDC03 (Federal) Ashburn, VA","Ashburn, VA, USA"
"Amazon AWS","Bethlehem Technology Park DC19","Historic District, 8148 Bethlehem Road, Manassas, VA 20109, USA"
"NTT DOCOMO BUSSINESS","Sacramento CA1 & CA2 & CA3 Data Center","1625 West National Drive, Sacramento, CA, USA"
"Hivelocity","Chicago Cermak Data Center","350 East Cermak Road, Chicago, IL, USA"
"Krypt","Data Center Boston, MA (BOS1)","50 Inner Belt Rd, Somerville, MA 02143, USA"
"Lumen","St Louis 2 Data Center","900 Walnut Street, St. Louis, MO, USA"
"5nines","5NINES Data Center","8420 Frederick Street, Omaha, NE 68124, USA"
"1547 Critical Systems Realty","McAllen TX Data Center","Chase Bank, South 10th Street, McAllen, TX, USA"
"Equinix","SV15 Silicon Valley Data Center","2970 Corvin Drive, Santa Clara, CA, USA"
"Cogent Communications","Anaheim 1 Data Center","300 S Harbor Blvd, Anaheim, CA, USA"
"China Telecom","NY1 Data Center","165 Halsey Street, Newark, NJ 07102, USA"
"WeConnect Data Center","Westerville Data Center","35 Collegeview Road, Westerville, OH, USA"
"Lincoln Rackhouse","Lynnwood Data Center","4200 194th Street Southwest, Lynnwood, WA, USA"
"Cogent Communications","Oklahoma City Data Center","630 Southwest 7th Street, Oklahoma City, Oklahoma 73109, USA"
"Innova Solutions","Jeffersonville Data Center","2760 Jefferson Centre Way, Jeffersonville, IN, USA"
"365 Data Centers","BU1 Buffalo Data Center","350 Main Street, Buffalo, NY, USA"
"Skybox Datacenters","Atlantic Station Data Center","2300 West Plano Parkway, Plano, TX, USA"
"Amazon AWS","IAD69 Sterling (CyrusOne)","21111 Ridgetop Circle, Sterling, VA, USA"
"COPT Defense Properties","1501 South Clinton Street, Baltimore","1501 South Clinton Street, Baltimore, Maryland 21224, USA"
"COPT Defense Properties","206 Research Boulevard, Aberdeen","206 Research Boulevard, Aberdeen, MD, USA"
"Cogent Communications","Indianapolis Data Center","13 S Davidson St, Indianapolis, Indiana 46202, USA"
"Global Access Point (GAP)","South Bend Data Center","South Bend, Indiana, EE. UU."
"CoreSite","DE2 Denver Data Center","639 East 18th Avenue, Denver, CO, USA"
"CyrusOne","PNW1 Quincy Data Center","D Street, Quincy, WA 98848, USA"
"Amazon AWS","IAD67 Ashburn","43940 Digital Loudoun Plaza, Ashburn, VA, USA"
"Cogent Communications","Nashville Data Center","338 Woodycrest Ave, Nashville, Tennessee 37210, USA"
"Lumen","Nashville 3 Data Center","2208 9th Avenue North, Nashville, TN, USA"
"Amazon AWS","IAD32 Sterling","1304 Squire Ct, Sterling, VA, USA"
"Colocation Northwest","Bellevue Data Center","15400 Southeast 30th Place, Bellevue, WA, USA"
"TierPoint","Spokane 23403 East Mission Data Center","23403 East Mission Avenue, Liberty Lake, WA 99019, USA"
"DataBank","HOU1 - Westway Park I Data Center","5150 Westway Park Blvd, Houston, TX 77041, USA"
"COPT Data Center","DC-6 Manassas Data Center","9651 Hornbaker Road, Manassas, VA, USA"
"CenterServ","Minneapolis Data Center","100 South 5th Street, Minneapolis, MN, USA"
"NTT Global Data Centers","TX3 Dallas Data Center","2008 Lookout Dr, Garland, TX 75044, USA"
"DataBank","LGA4 - Orangeburg Data Center","2000 Corporate Dr, Orangeburg, New York 10962, USA"
"Verizon","Verizon Manassas","Historic District, 7777 Infantry Ridge Road, Manassas, Virginia 20109, USA"
"Aligned Data Centers","PDX-01 Data Center","NE 30th Ave & NE Evergreen Rd, Hillsboro, OR 97124, USA"
"Iron Mountain Data Centers","VA-2 - Northern Virginia Data Center","11660 Hayden Road, Manassas, VA, USA"
"Digital Realty","Dallas DFW36 Data Center","8435 North Stemmons Freeway, Dallas, TX, USA"
"Enzu","AUS1 Austin Data Center","7620 Metro Center Dr, Austin, TX, USA"
"Enzu","AUS2 Austin Data Center","7401 E Ben White Blvd, Austin, TX, USA"
"China Telecom","SV1, SV5 Data Center","11 Great Oaks Blvd, San Jose, CA 95119, USA"
"Enzu","SFO1 San Francisco Data Center","200 Paul Avenue, San Francisco, CA, USA"
"Zayo","San Diego, California","12270 World Trade Drive, San Diego, CA 92128, USA"
"multacom inc","St. Louis Data Center","St. Louis, Missouri, EE. UU."
"Secant Technologies","Michigan Data Center","6395 Technology Avenue, Kalamazoo, MI 49009, USA"
"MOD Mission Critical","DE2 - Morgan Reed Data Center PoP","1500 Champa Street, Denver, CO, USA"
"Digital Realty","New York JFK12 Data Center","60 Hudson Street, New York, NY, USA"
"CenterServ","Albuquerque Data Center","6565 Americas Parkway, Albuquerque, NM, USA"
"COPT Defense Properties","6940 Columbia Gateway Drive","6940 Columbia Gateway Drive, Columbia, MD, USA"
"Colospace","Boston Data Center","70 Inner Belt Road, Somerville, MA, USA"
"CDS Global","NY1 Data Center","275 Hartz Way, Secaucus, NJ, EE. UU."
"Lumen","Broadview 1 Data Center","2101 Roberts Drive, Broadview, IL, USA"
"Lumen","Orlando 3 Data Center","7003 Presidents Drive, Orlando, FL, USA"
"RadiusDC","11300 NW (Miami) Data Center","11300 Northwest 25th Street, Sweetwater, Florida, USA"
"Amazon AWS","Doane Campus","Doane Dr, Manassas, Virginia 20109, USA"
"Cogent Communications","Cheyenne Data Center","114 West 10th Street, Cheyenne, WY, USA"
"NTT Global Data Centers","VA11 Data Center","7251 Grove Hill Lane, Zion Crossroads, VA, EE. UU."
"Lumen","Portland 2 Data Center","707 SW Washington Ave, Beaverton, OR, USA"
"MOD Mission Critical","NA1 - Flexential Franklin TN Data Center PoP","4600 Carothers Parkway, Franklin, TN, USA"
"LightEdge","Phoenix Data Center","120 East Van Buren Street, Phoenix, AZ, USA"
"ByteGrid","Aurora Data Center","4267 Meridian Parkway, Aurora, IL, USA"
"Data Canopy","Totowa","50 Madison Rd, Totowa, NJ, USA"
"IBM Cloud","HOU01 Houston, TX","390 Benmar Drive, Houston, Texas 77060, USA"
"QTS Data Centers","Hillsboro 3 Data Center","5419 NE Starr Blvd, Hillsboro, OR 97124, USA"
"Compass Datacenters","Phoenix Data Center","400 South Bullard Avenue, Goodyear, AZ, USA"
"Kyndryl","New York Data Center","One Vanderbilt, Vanderbilt Avenue, New York, NY, USA"
"HorizonIQ","Connecticut Danbury Data Center","60 Backus Avenue, Danbury, CT, USA"
"Crown Castle","Indianapolis Data Center","800 Oliver Avenue, Indianapolis, IN 46225, EE. UU."
"MadeIt","Columbus Data Center","Columbus, OH, USA"
"TierPoint","Dallas - Allen Data Center","840 Allen Commerce Parkway, Allen, TX, USA"
"QTS Data Centers","Atlanta 2 DC1 Data Center","1025 Jefferson Street Northwest, Atlanta, GA, USA"
"QTS Data Centers","New Albany 2 Data Center","785 Beech Road Southwest, New Albany, OH, USA"
"TECfusions","Tucson, AZ Data Center","3701 East Columbia Street, Tucson, AZ, USA"
"IBM Cloud","DAL13 Dallas, TX","1950 North Stemmons Freeway, Dallas, TX, USA"
"FirstLight","Manchester Data Center","77 Sundial Avenue, Manchester, NH, USA"
"H5 Data Centers","Portland Data Center","1233 Northwest 12th Avenue, Portland, OR, USA"
"Digital Realty","New York JFK13 Data Center","32 Avenue of the Americas, 6th Avenue, New York, NY 10013, USA"
"Lumen","St Louis 1 Data Center","1015 Locust Street, St. Louis, MO, USA"
"EdgeConnex","SVC02 Santa Clara Data Center","1700 Richard Avenue, Santa Clara, CA, USA"
"Innova Solutions","North Carolina Data Center","129 W Trade St suite 1225, Charlotte, NC 28202, USA"
"Innova Solutions","Riverside Data Center","1650 Iowa Avenue, Riverside, California, USA"
"TRG Datacenters","HOU2 Houston Data Center","2626 Spring Cypress Road, Spring, TX, USA"
"Vantage Data Centers","Phoenix Data Center Campus - Building 3","45 South Bullard Avenue, Goodyear, AZ 85338, USA"
"MOD Mission Critical","DE3 - Flexential Aurora Data Center PoP","11900 East Cornell Avenue, Aurora, CO, USA"
"US Signal","20845 Sockeye Pl Data Center","20845 Sockeye Pl, Bend, OR 97701, USA"
"Csquare","SFO3 Sunnyvale Data Center Campus","1400 Kifer Rd, Sunnyvale, CA, USA"
"CenterServ","Nashville Data Center","424 Church Street, Nashville, TN, USA"
"Cogent Communications","Springfield Data Center","400 Taylor St, Springfield, Massachusetts 01105, USA"
"Cogent Communications","Pennsauken Data Center","4101 Maple Ave, Merchantville, New Jersey 08109, USA"
"Bell Canada","Bell Canada CH2","600-780 South Federal Street, Chicago, IL 60605, EE. UU."
"365 Data Centers","NJ7 Clifton Data Center","100 Delawanna Avenue, Clifton, NJ, USA"
"QTS Data Centers","Atlanta 3 DC1 Data Center","953 Herndon Street Northwest, Atlanta, GA, USA"
"Quest Technology Management","Quest Las Vegas Data Center","3330 E Lone Mountain Rd, North Las Vegas, NV 89081, USA"
"QTS Data Centers","South Dallas Data Center","Wilmer, Dallas County, Texas, EE. UU."
"Fifteenfortyseven critical systems realty","McAllen TX | MCTX1 Data Center","1547 Critical Systems Realty, Freneau Avenue, Matawan, Nueva Jersey, EE. UU."
"Global Access Point (GAP)","St. Louis Data Center","St. Louis, Missouri, EE. UU."
"Syaala Infra LLC","Syaala Memphis Modular Campus (The Vault)","1047 Florida Street, Memphis, TN 38106, USA"
"MOD Mission Critical","OM1 - Lightedge Omaha NE Data Center PoP","1148 American Parkway, Papillion, NE, USA"
"Colocation America","ChicagoDC5 Data Center","2200 Busse Rd, Elk Grove Village, IL, USA"
"Digital Fortress","Portland Data Center 3 - (PTL3)","9610 Southwest Sunshine Court, Beaverton, OR, USA"
"US Signal","Oak Brook Data Center","810 Jorie Blvd, Oak Brook, IL, USA"
"DSM","Atlanta Data Center","2030 Powers Ferry Road, Atlanta, GA, USA"
"HorizonIQ","Phoenix 2 Data Center","615 North 48th Street, Phoenix, AZ, USA"
"NTT Global Data Centers","SV1 Silicon Valley Data Center","1160 Walsh Ave, Santa Clara, CA 95050, USA"
"Lumen","Tampa 4 Data Center","400 North Tampa Street, Tampa, FL, USA"
"Skybox Datacenters","NOVA Data Center","22675 Dulles Summit Court, Sterling, VA, USA"
"CoreSite","SV3 Silicon Valley Data Center","2901 Coronado Drive, Santa Clara, CA, USA"
"TierPoint","Milwaukee Data Center","3701 West Burnham Street, Milwaukee, WI, USA"
"DataBank","MCI2 Pine Ridge Data Center","10605 West 84th Terrace, Lenexa, KS, USA"
"Opti9 Technologies","Missouri Data Center","Richard R. Lozano, Criminal Defense Lawyer St. Louis Missouri, 231 S Bemiston Ave #800, Clayton, MO 63105, USA"
"Lumen","Memphis 2 Data Center","5425 E Raines Rd, Memphis, TN, USA"
"Lumen","Minneapolis 3 Data Center","511 11th Ave S, Minneapolis, MN 55415, EE. UU."
"Fifteenfortyseven critical systems realty","SBIN1 / Union Station Data Center","South Bend, Indiana, EE. UU."
"365 Data Centers","NJ4 Parsippany Data Center","200 Webro Road, Parsippany, NJ, USA"
"Peace Communications","Chattanooga Data Center","1100 East 11th Street, Chattanooga, Tennessee, EE. UU."
"EdgeConnex","JAX01 Jacksonville Data Center","6602 Executive Park Court North, Jacksonville, FL, USA"
"Amazon AWS","IAD56 Sterling","45210 Prologis Plaza, Sterling, VA, USA"
"H5 Data Centers","San Antonio Data Center","100 Taylor Street, San Antonio, TX, USA"
"Prov.net/IronTrust Networks","Providence 2","1155 Westminster Street, Providence, RI, USA"
"NYI","Chicago Oak Brook Data Center","800 Jorie Boulevard, Oak Brook, IL, USA"
"Data Canopy","Chicago (Aurora)","2905 Diehl Rd, Aurora, IL 60502, USA"
"Quest Technology Management","Quest High Availability Business Center","9000 Foothills Boulevard, Roseville, CA, USA"
"NFINIT","Lightwave Data Center","9305 Lightwave Avenue, San Diego, CA, USA"
"CenterServ","Louisville Data Center","312 South 4th Street, Louisville, KY, USA"
"CyberNest","CyberNest NYC","5851 West Side Ave, North Bergen, NJ 07047, USA"
"Data Foundry","Texas 2 Data Center","4100 Smith School Road, Austin, TX, USA"
"639 Solar","639 Cloud - DC1","106 NM-113, Lordsburg, NM 88065, USA"
"H5 Colo","H5 Colo Facility","12712 Park Central Drive, Dallas, TX, USA"
"Cogent Communications","San Diego 3 Data Center","1402 K St, San Diego, California 92101, USA"
"Southern Telecom","Anniston Data Center","Anniston, Alabama, EE. UU."
"MOD Mission Critical","AU1 - Data Foundry Data Center PoP","7401 East Ben White Boulevard, Austin, TX, USA"
"Amazon AWS","IAD103 10261 Tanner","10261 Tanner Way, Manassas, VA 20110, USA"
"Data Holdings Data Center","Milwaukee Data Center","3135 W Highland Blvd, Milwaukee, WI, USA"
"Cogent Communications","San Diego B Street Data center","525 B Street, San Diego, CA, USA"
"Prime Data Centers","Prime San Jose - 6580 Via Del Oro","6580 Vía del Oro, San Jose, CA, USA"
"Lumen","Monmouth Junction 1 Data Center","4260 U.S. 1, Monmouth Junction, NJ, USA"
"Lumen","Nashville 1 Data Center","2990 Sidco Dr, Nashville, TN, USA"
"Stream Data Centers","Minneapolis I Data Center","1708 West Creek Lane, Chaska, Minnesota 55318, EE. UU."
"IBM Cloud","DAL08 (Federal) Dallas, TX","1950 North Stemmons Freeway, Dallas, TX, USA"
"Aligned Data Centers","IAD01 Ashburn Data Center","21890 Uunet Drive, Ashburn, VA, USA"
"CenterServ","Lexington Data Center","2333 Alexandria Drive, Lexington, KY, USA"
"CenterServ","St Louis Data Center","100 South 4th Street, St. Louis, MO, USA"
"Fiberstate","FiberState SLC1","106 East 13200 South, Draper, UT 84020, USA"
"Lumen","Newark 1 Data Center","165 Halsey Street, Newark, NJ, USA"
"IP Pathways","Urbandale Data Center","Urbandale, IA, EE. UU."
"DataBank","DFW4 - Dallas Empire Central Data Center","1100 Empire Central Place, Dallas, TX, USA"
"CloudHQ","SAT Campus United States","15255 Lambda Dr, San Antonio, Texas 78245, USA"
"Innova Solutions","Florida Data Center II","The Loft at Midtown, 3615 Bromley Grand Avenue, Tampa, Florida, USA"
"Innova Solutions","New Jersey Data Center","377 Hoes Lane suite 100, Piscataway, NJ 08854, USA"
"Lifeline data centers","North Shadeland Data Center","401 North Shadeland Avenue, Indianapolis, IN 46219, EE. UU."
"TulsaConnect","TulsaConnect DC1 – Downtown Tulsa","321 S Boston Ave, Tulsa, OK 74103, USA"
"Equinix","DA4 Dallas Data Center","2323 Bryan Street, Dallas, TX, USA"
"Data Foundry","Austin 1 Data Center","7401 East Ben White Boulevard, Austin, TX, USA"
"HorizonIQ","Miami Data Center","50 Northeast 9th Street, Miami, FL, USA"
"Serverfarm","HTX1 Houston Data Center","7747 Katy Hockley Road, Katy, Texas, USA"
"Cogent Communications","Omaha Data Center","810 S 7th St, Omaha, Nebraska 68108, USA"
"Crown Castle","Columbus Data Center","101 East Town Street, Columbus, OH 43215, EE. UU."
"T Mobile","T-Mobile 50 NE 9th St","50 Northeast 9th Street, Miami, FL 33132, USA"
"Lumen","Salt Lake City 2 Data Center","5035 Harold Gatty Drive, Salt Lake City, UT, USA"
"Limestone Networks","New York 2 (JFK2)","100 Delawanna Ave, Clifton, NJ 07014, USA"
"TATA Communications","Matawan Data Center","90 Matawan Road, Matawan, NJ, USA"
"teraswitch","Newark Data Center","165 Halsey Street, Newark, Nueva Jersey, EE. UU."
"Flexential","Salt Lake City - Fair Park Data Center","118 South 1000 West, Salt Lake City, UT 84104, USA"
"Aligned Data Centers","IAD02 Ashburn VA Data Center","21821 Uunet Drive, Ashburn, VA, USA"
"Quest Technology Management","Quest Business Resumption Center","4235 Forcum Ave, McClellan Park, CA, USA"
"Equinix","AT2 Atlanta IBX Data Center","56 Marietta Street NorthWest, Atlanta, GA, USA"
"Atlantic.net","New York Data Center","100 Delawanna Avenue, Clifton, NJ, USA"
"CenterServ","Newark Data Center","One Gateway Center, Newark, NJ, USA"
"First National Technology Solutions (FNTS)","Chicago Data Center","4513 Western Ave 1st floor, Lisle, IL, USA"
"CloudHQ","ORD Campus United States - Chicago","1200 E Algonquin Rd, Des Plaines, Illinois 60016, USA"
"Synoptek","Denver Data Center","8181 E Tufts Ave suite 530, Denver, CO 80237, USA"
"TierPoint","Dallas Fort Worth Data Center","13701 Independence Parkway, Fort Worth, TX, USA"
"Consolidated Communications Holdings, Inc.","Des Moines Data Center","400 Locust Street suite 190, Des Moines, IA 50309, EE. UU."
"Fifteenfortyseven critical systems realty","Cheyenne WY | CHWY1","340 Progress Circle, Cheyenne, Wyoming, EE. UU."
"vaultas","Minneapolis Data Centers","511 11th Ave S, Minneapolis, MN 55415, EE. UU."
"Southern Telecom","Gadsden Data Center","Gadsden, Alabama, EE. UU."
"Amazon AWS","45930 Pathfinder Plz","45930 Pathfinder Plz, Sterling, VA 20166, USA"
"H5 Data Centers","Cincinnati II Data Center","925 Dalton Avenue, Cincinnati, OH, USA"
"ColoCrossing","DFW1 - Dallas Data Center","3004 Irving Blvd, Dallas, TX, USA"
"EvoSwitch","DEN-01 Denver Data Center","4300 Brighton Boulevard, Denver, CO, USA"
"FOGO Solutions","New Orleans, LA","935 Gravier Street 10th floor, New Orleans, LA 70112, USA"
"Csquare","LAX3-A Irvine Data Center","17836 Gillette Ave, Irvine, CA 92614, USA"
"Lumen","Kansas City 3 Data Center","1100 Main Street, Kansas City, MO, USA"
"Alchemy Data Centers LLC","Los Angeles 2 Data Center","1200 West 7th Street, West 7th Street, Los Angeles, CA 90017, EE. UU."
"Equinix","DC4 Ashburn Data Center","21691 Filigree Court, Ashburn, VA, USA"
"Roller Network","Reno Data Center","3545 Airway Dr, Reno, NV 89511, USA"
"MOD Mission Critical","DE1 - Coresite DE1 Denver Data Center PoP","910 15th Street, Denver, CO, USA"
"Colocation America","ChicagoDC4 Data Center","1808 Swift Drive, Oak Brook, IL, USA"
"H5 Data Centers","New Jersey Data Center","200b Meadowlands Parkway, Secaucus, NJ, USA"
"PointOne","Remington Technology Park","12270 Lucky Hill Road, Remington, VA, USA"
"Wholesale Internet INC.","Kansas City Data Center 02","2401 Holly St, Kansas City, MO 64108, USA"
"Atomic Data","Dallas / Fort Worth (DFW400)","Dallas-Fort Worth, TX, USA"
"MDC Data Centers","SDG1 San Diego Data Center","7014 Manya Circle, San Diego, CA, USA"
"Enzu","DEN1 Englewood Data Center","8636 S Peoria St, Englewood, CO, USA"
"Lumen","Austin Data Center","1825 Kramer Lane, Austin, TX, USA"
"T Mobile","T-Mobile Everglades MSO","4850 Northwest 103rd Avenue, Sunrise, Broward County, Florida, EE. UU."
"TulsaConnect","TulsaConnect DC2 – Downtown Tulsa","10 W 7th St, Tulsa, OK 74119, USA"
"Amazon AWS","IAD54 Ashburn","43791 Devin Shafron Drive, Ashburn, VA, USA"
"Equinix","DC5 Ashburn Data Center","21701 Filigree Court, Ashburn, VA, USA"
"Enzu","AUS3 Austin Data Center","7500 Metro Center Dr, Austin, TX, USA"
"Prime Data Centers","Prime Phoenix - Lower Buckeye #2","11753 West Lower Buckeye Road, Avondale, AZ, USA"
"Hivelocity","725 S. Wells St. Data Center","725 South Wells Street, Chicago, IL, USA"
"COPT Defense Properties","210 Research Boulevard, Aberdeen","210 Research Boulevard, Aberdeen, MD, USA"
"Layer 9 Data Center","Falcon Data Center","6225 North 24th Street, Phoenix, AZ 85016, USA"
"MOD Mission Critical","IDA1 - Ziply Idaho Data Center PoP","2115 North Government Way, Coeur d'Alene, ID 83814, USA"
"Amazon AWS","IAD77 Manassas (COPT DC-6)","Historic District, 9651 Hornbaker Rd, Manassas, VA 20109, USA"
"DataBank","SLC5 Granite Point Data Center","Sl Co, 14850 Pony Express Rd, Bluffdale, UT 84065, USA"
"DataBank","DFW1 - Downtown Dallas Data Center","400 South Akard Street, Dallas, TX, USA"
"Enzu","EWR2 Clifton Data Center","2 Peekay Drive, Clifton, NJ, USA"
"Digital Realty","Dallas DFW25 Data Center","1215 Integrity Drive, Richardson, TX, USA"
"CloudHQ","MDC Campus United States - Northern VA","Historic District, 10100 Harry J Parrish Boulevard, Manassas, VA 20110, USA"
"PowerHouse Data Centers","PowerHouse 95","Spotsylvania County, VA, USA"
"Lumen","Newark 2 Data Center","1085 Raymond Boulevard, Newark, NJ, USA"
"Lumen","Minneapolis 5 Data Center","5500 Feltl Rd, Minnetonka, MN 55343, EE. UU."
"365 Data Centers","LVG1 Las Vegas Data Center","7135 South Decatur Boulevard, Las Vegas, NV, USA"
"Hostirian","710 N Tucker Data Center","710 North Tucker Boulevard, St. Louis, MO, United States"
"Lumen","Portland 1 Data Center","1335 Northwest Northrup Street, Portland, OR, USA"
"Digital Realty","Dallas DFW35 Data Center","907 Security Row, Richardson, TX 75081, USA"
"Lincoln Rackhouse","Reston Data Center","1807 Michael Faraday Court, Reston, VA, USA"
"Data Canopy","Atlanta 1","2480 Rock House Road, Lithia Springs, GA, USA"
"Atlantic Metro Communications","EWR6 800 Cottontail Lane Data Center","800 Cottontail Lane, Somerset, NJ, USA"
"DigiCo Infrastructure REIT","Kansas City KCM1 Data Center","Kansas City, MO, USA"
"Cogent Communications","Louisville Data Center","332 West Broadway, Louisville, KY, USA"
"Cogent Communications","Columbus 1 Data Center","240 N 5th St, Columbus, OH, USA"
"LiteWire Data","204 Red Rd Data Center","204 Red Rd, McMinnville, TN, USA"
"IBM Cloud","DAL07 Dallas, TX","1700 Summit Ave, Plano, Texas 75074, USA"
"Zayo","Seattle, Washington","12201 Tukwila International Boulevard suite 200, Tukwila, WA 98168, USA"
"COPT Defense Properties","6716 Alexander Bell Drive","6716 Alexander Bell Drive, Columbia, MD, USA"
"Lumen","Las Vegas 1 Data Center","1 Aerojet Way, North Las Vegas, NV, USA"
"Vantage Data Centers","Reno Data Center Campus – Building 3","1121 USA Parkway, Sparks, NV 89437, USA"
"Lumen","McLean 1 Data Center","1755 Old Meadow Road, McLean, VA 22102, USA"
"TierPoint","Chicago – Polk Data Center","601 West Polk Street, Chicago, IL, USA"
"Enzu","MSP1 Chaska Data Center","3500 Lyman Blvd, Chaska, MN, USA"
"Csquare","LAX4-A Hawthorne Data Center","2301 West 120th Street, Hawthorne, CA 90250, USA"
"Lumen","Emeryville 1 Data Center","5000 Hollis Street, Emeryville, CA, USA"
"Lumen","Tampa 3 Data Center","1700 North 25th Street, Tampa, FL, USA"
"Innova Solutions","Irving Data Center","8505 Freeport Parkway suite 205, Irving, TX, USA"
"Hostirian","11756 Borman Dr Data Center","11756 Borman Drive, St. Louis, MO, United States"
"Zenlayer","DFW4 Dallas Data Center","2008 Lookout Dr, Garland, TX 75044, USA"
"MOD Mission Critical","MN2 - Flexential Chaska MN Data Center PoP","3500 Lyman Blvd, Chaska, MN, USA"
"Equinix","CU4 Culpeper Data Center","18155 Technology Drive, Culpeper, VA, USA"
"TPx Communications","Sacramento Data Center","1099 15th Street, Sacramento, CA, USA"
"FOGO Solutions","Carrollton, GA","Carrollton, GA, USA"
"DaSTOR, LLC","New Castle Delaware Data Center","3 Boulden Circle, New Castle, DE, USA"
"Stream Data Centers","Chicago I Data Center","2080 Lunt Avenue, Elk Grove Village, IL, USA"
"Hivelocity","JFK1 Newark NJ","165 Halsey Street floor 9 suite 9053, Newark, NJ, USA"
"639 Solar","639 Cloud - DC2","106 NM-113, Lordsburg, NM 88065, USA"
"Lumen","South Bend 1 Data Center","1140 Franklin Street, South Bend, IN, USA"
"AT&T","Lynnwood Data Center","17300 Washington 99, Lynnwood, WA, USA"
"Lumen","San Francisco 1 Data Center","185 Berry Street, San Francisco, CA, USA"
"Skylink Data Centers","Naples location","Naples, FL, USA"
"Lumen","Charlotte 4 Data Center","5001 Airport Center Pkwy, Charlotte, NC, USA"
"Southern Telecom","Tuscaloosa Data Center","Tuscaloosa, Alabama, EE. UU."
"EvoSwitch","PIT-01 Pittsburgh Data Center","1137 Branchton Road, Boyers, PA, USA"
"China Telecom","Coresite LA1 Data Center","624 S Grand Ave, Los Angeles, CA 90017, USA"
"Overwatch","Resilience ATL","8 Corporate Ridge Pkwy, Columbus, GA, USA"
"Windstream","Sugar Land, TX Data Center","8306 Hwy 90 Alt, Sugar Land, TX 77478, USA"
"Lumen","Nashville 2 Data Center","2530 Perimeter Place Drive, Nashville, TN, USA"
"Recovery Point Systems","Germantown","20441 Century Boulevard, Germantown, MD 20874, USA"
"Amazon AWS","22868 International Dr","22868 International Dr, Sterling, VA 20166, USA"
"Colocation America","NJDC2 - New Jersey Data Center","275 Hartz Way, Secaucus, NJ, USA"
"Csquare","Los Angeles (LAX1-Hawthorne) Data Center","2301 W 120th St, Hawthorne, California, USA"
"NETdepot","NETdepot - Newark, NJ","165 Halsey Street, Newark, NJ 07102, USA"
"Cogent Communications","Dallas Data Center","400 South Akard Street, Dallas, TX, USA"
"Amazon AWS","Mason Campus","Mason King Ct, Manassas, Virginia 20109, USA"
"COPT Defense Properties","7134 Columbia Gateway Drive","7134 Columbia Gateway Drive, Columbia, MD, USA"
"Windstream","New York, NY Data Center","401 North Broad Street, Philadelphia, PA, USA"
"Cogent Communications","Orlando Data Center","17401 Wewahootee Rd, Orlando, Florida 32832, USA"
"Lumen","Cincinnati 1 Data Center","400 Pike Street, Cincinnati, OH, USA"
"Bell Canada","Bell Canada 130 East Randolph","130 East Randolph Street, Chicago, IL 60601, EE. UU."
"365 Data Centers","MIA2 Miami Data Center","50 Northeast 9th Street 2nd floor, Miami, FL, USA"
"SoftBank Group Corp","New Mexico Data Center","New Mexico, United States"
"IBM Cloud","WDC01 Chantilly, VA","4030 Lafayette Center Drive, Chantilly, VA, USA"
"Amazon AWS","44858 Interconnection Plaza","44858 Interconnection Plz, Ashburn, VA 20147, USA"
"Cloudsmart","1 Branford Data Center","4 Pin Oak Drive, Branford, CT, USA"
"EdgePresence","JAX2 Edge Data Center","15180 Bartram Park Blvd, Jacksonville, FL 32258, USA"
"Racksquared Data Center","Columbus OH Data Center","325 East Spring Street, Columbus, OH, USA"
"CenterServ","Wichita Data Center","801 East Douglas Avenue, Wichita, KS, USA"
"Massive Networks","Englewood Data Center","382 South Arthur Avenue, Louisville, CO, USA"
"Logix","Fort Worth Data Center","307-309 W 7th St, Fort Worth, TX 76102, USA"
"H5 Data Centers","Buffalo Data Center II","5319 Enterprise Dr, Lockport, NY, USA"
"Lumen","Atlanta 6 Data Center","874 DeKalb Avenue Northeast, Atlanta, GA, USA"
"COPT Defense Properties","1201 Winterson Road, Linthicum Heights","1201 Winterson Road, Linthicum Heights, Maryland 21090, USA"
"HorizonIQ","Danbury Data Center","70 Backus Avenue, Danbury, CT, USA"
"Firstlight Fiber","Boston Data Center","70 Inner Belt Road, Somerville, MA, EE. UU."
"QX.Net","QX.net Colocation","333 W Vine St, Lexington, KY 40507, United States"
"FirstLight","Bangor Data Center","60 Summer St, Bangor, ME, USA"
"EdgeConnex","TAL01 Tallahassee Data Center","1531 Commonwealth Business Drive, Tallahassee, FL 32303, USA"
"Lumen","Chicago 1 Data Center","111 North Canal Street, Chicago, IL, USA"
"Synoptek","Rochester Data Center","1100 Pittsford Victor Rd, Pittsford, NY 14534, USA"
"TECfusions","Clarksville, VA Data Center","250 Burlington Drive, Clarksville, VA, USA"
"LightSpeed Hosting, LLC","Medina DC1","387 Medina Road ste 200, Medina, Ohio 44256, USA"
"3EX Hosting","3EX Hosting Data Center – Boca Raton","6601 Park of Commerce Blvd, Boca Raton, FL 33487, USA"
"CBTS LLC","Hamilton Data Center","123 Pine St, Hamilton, Ohio 45011, USA"
"Ricoh Americas Corporation","Lawrenceville Data Center","Lawrenceville, Georgia, EE. UU."
"NTT Global Data Centers","CA2 Sacramento Data Center","1312 Striker Avenue, Sacramento, CA, USA"
"EdgeConnex","RIC01 Richmond Data Center","1450 East Parham Road suite c, Richmond, Virginia 23228, USA"
"Iron Mountain Data Centers","VA-7 - Northern Virginia Data Center","8330 Bethlehem Road, Manassas, VA, USA"
"Csquare","ORD1-C Chicago Data Center","350 E Cermak Rd ste 410 8th floor, Chicago, IL 60616, USA"
"Lumen","Reno 1 Data Center","220 Gardner Street, Reno, NV, USA"
"Lumen","Baltimore 4 Data Center","601 East Pratt Street, Baltimore, MD, USA"
"Windstream","Knoxville, TN Data Center","2333 Lovell Rd, Knoxville, Tennessee 37932, USA"
"CBTS LLC","Lombard Data Center I","1850 Springer Drive, Lombard, Illinois 60148, USA"
"menlo digital","Tennessee Data Center","425 Duke Street, Nashville, TN, EE. UU."
"Cologix","SV1 Santa Clara Data Center","2050 Martin Avenue, Santa Clara, CA, USA"
"Amazon AWS","Willard Road (Land)","Willard Rd, Chantilly, VA 20152, USA"
"DataVerge","Jersey City Data Center","111 Town Square Place, Town Square Place, Jersey City, NJ, USA"
"Overwatch","Resilience DFW","6815 Communications Parkway, Plano, TX 75024, USA"
"COPT Defense Properties","7067 Columbia Gateway Dr","7067 Columbia Gateway Dr, Columbia, MD, USA"
"MOD Mission Critical","WOW Data Center","400 North Tampa Street, Tampa, FL, USA"
"Innova Solutions","Austin Data Center","12357a Riata Trace Parkway building 5, Austin, TX, USA"
"CyrusOne","SCV1 Silicon Valley Data Center","2600 De La Cruz Boulevard, Santa Clara, CA, USA"
"ColoCrossing","LA1 - Los Angeles Data Center","530 West 6th Street, Los Angeles, CA, USA"
"HorizonIQ","Atlanta 1 Data Center","250 Williams Street Northwest, Atlanta, GA, USA"
"IBM Cloud","DAL01 Dallas, TX","1950 North Stemmons Freeway, Dallas, Texas 75207, USA"
"Synoptek","Las Vegas Data Center","6795 S Edmond St 3rd floor, Las Vegas, NV 89118, USA"
"CBTS LLC","Cincinnati Data Center","1 Main St, Cincinnati, Ohio 45202, USA"
"Lifeline data centers","Fort Wayne Data Center","7601 South Anthony Boulevard, Fort Wayne, IN 46816, EE. UU."
"Limestone Networks","JFK1 NYC Data Center","5851 West Side Avenue, North Bergen, NJ, USA"
"Lumen","San Antonio 1 Data Center","5130 Service Center Drive, San Antonio, TX, USA"
"Equinix","NY13 Elmsford Data Center","401 Fieldcrest Drive, Elmsford, NY, USA"
"EdgeConnex","SAC01 Sacramento Data Center","10980 Gold Center Dr, Rancho Cordova, CA 95670, USA"
"HorizonIQ","New Jersey 2 Data Center","755 Secaucus Road, Secaucus, NJ, USA"
"Hivelocity","Miami Data Center","36 Northeast 2nd Street, Miami, Florida, USA"
"Lumen","College Park 1 Data Center","4311 Best Rd, College Park, GA, USA"
"Racksquared","Racksquared Data Centers — Louisville","752 Barret Ave, Louisville, KY 40204, United States"
"Vantage Data Centers","Quincy Data Center Campus – Building 3","2101 M Street Northeast, Quincy, WA 98848, USA"
"CenterServ","Scottsdale Data Center","7272 East Indian School Road, Scottsdale, AZ, USA"
"Serverfarm","HTX2 Houston Data Center","28401 Betka Rd, Hockley, Texas 77447, USA"
"CoreSite","SV2 Milpitas Silicon Valley Data Center","1656 McCarthy Boulevard, Milpitas, CA, USA"
"Equinix","DC13 Ashburn Data Center","21830 Uunet Drive, Ashburn, VA, USA"
"Digital Fortress","Downtown Portland Data Center 1 - (PTL)","511 Southwest 10th Avenue, Portland, OR, USA"
"Centrilogic","Rochester, New York","28 Mansfield St, Rochester, NY 14606, USA"
"AT&T","Irvine LA2 Data Center","2681 Kelvin Avenue, Irvine, CA, USA"
"COPT Defense Properties","7000 Columbia Gateway Drive","7000 Columbia Gateway Drive, Columbia, Maryland 21046, USA"
"Lumen","Fort Worth 1 Data Center","1601 Jones Street, Fort Worth, TX, USA"
"Lumen","Newark (DE) 1 Data Center","442 Interchange Boulevard, Newark, Delaware, EE. UU."
"South Front Networks","Waterloo Data Center","206 West 13th Street, Waterloo, Iowa 50702, EE. UU."
"Telxius","Virginia Beach Data Center","Corporate Landing Parkway, Virginia Beach, Virginia, EE. UU."
"Evocative","Dallas Data Center (DAL1)","2800 Summit Avenue, Plano, TX, USA"
"QTS Data Centers","Manassas Data Center 1","9400 Godwin Court, Manassas, Virginia 20110, USA"
"Prime Data Centers","Prime Chicago - 1501 Midway Ct.","1501 Midway Ct, Elk Grove Village, IL, USA"
"Iron Mountain Data Centers","VA-6 - Northern Virginia Data Center","11891 Sudley Manor Drive, Manassas, VA, USA"
"Lumen","Tampa 2 Data Center","5907 Hampton Oaks Parkway, Tampa, FL, USA"
"Telstra","New Jersey Data Center","15 Enterprise Ave N, Jersey City, NJ 07305, USA"
"Windstream","Lenexa KS, Data Center","7945 Bond Street, Lenexa, KS, USA"
"Cogent Communications","Anaheim 2 Data Center","1750 West Penhall Way, Anaheim, California 92801, USA"
"Lumen","Boise 1 Data Center","2223 West Airport Way, Boise, ID, EE. UU."
"Sparrow Technology Solutions","3015 McGehee Data Center","3015 McGehee Rd, Montgomery, AL 36111, EE. UU."
"DataBank","DataBank CLE1 Data Center","1255 Euclid Avenue, Cleveland, OH, USA"
"IBM Cloud","SEA01 Seatlle, WA","Sabey Data Centers - Seattle Building 5, 3355 South 120th Place, Tukwila, WA 98168, USA"
"COPT Defense Properties","250 West Pratt Street, Baltimore","250 West Pratt Street, Baltimore, Maryland 21201, USA"
"CBTS LLC","Gold Coast Data Center","Cincinnati, OH 45249, USA"
"Innova Solutions","Florida Data Center I","5421 Beaumont Center Boulevard suite 685, Tampa, FL 33634, USA"
"TATA Communications","Burlingame Data Center","700 Airport Blvd., Burlingame, CA, USA"
"multacom inc","California Data Center","California, EE. UU."
"BuyVM","New Jersey Data Center","New Jersey Performing Arts Center (NJPAC), Center Street, Newark, Nueva Jersey, EE. UU."
"South Reach Networks","New Smyrna Beach","121 Railroad Street, New Smyrna Beach, FL 32168, United States"
"TPx Communications","Dallas Data Center","717 North Harwood Street, Dallas, TX, USA"
"Prov.net/IronTrust Networks","Providence 3","304 Carpenter Street, Providence, RI, USA"
"HorizonIQ","Chicago 1 Data Center","350 West Cermak Road, Chicago, IL, USA"
"Equinix","SV6 Sunnyvale Data Center","444 Toyama Drive, Sunnyvale, CA, USA"
"Equinix","SV13 Silicon Valley Data Center","2030 Fortune Drive, San Jose, CA, USA"
"H5 Data Centers","Silicon Valley, CA","1360 Kifer Rd, Sunnyvale, CA 94086, USA"
"Lumen","Worcester 1 Data Center","504 Interchange Blvd, Newark, DE, USA"
"Innova Solutions","Roseville Data Center","1544 Eureka Road suite 100, Roseville, California, USA"
"Innova Solutions","San Diego Data Center","3333 Camino del Rio South suite 110, San Diego, California, USA"
"Crown Castle","Garfield Heights Data Center","15565 Neo Parkway, Garfield Heights, Ohio, EE. UU."
"Stream Data Centers","DFW VII Data Center","1813 Lookout Drive, Garland, Texas 75044, EE. UU."
"LOGIX Fiber Networks","Austin Data Center","905 East 6th Street, Austin, Texas, EE. UU."
"Lumen","Phoenix 2 Data Center","17 East Virginia Avenue, Phoenix, AZ, USA"
"TierPoint","Little Rock Data Center","15707 Chenal Parkway, Little Rock, AR, USA"
"Prov.net/IronTrust Networks","Providence 1","935 Westminster Street, Providence, RI, USA"
"TurnKey Internet","Albany Data Center","175 Old Loudon Rd, Latham, NY, USA"
"EdgePresence","Statesboro Edge Data Center","695 Brannen St, Statesboro, GA 30458, USA"
"CenterServ","Virginia Beach Data Center","780 Lynnhaven Parkway, Virginia Beach, VA, USA"
"DP Facilities","The Hannibal, Ohio Data Center Campus","43840 State Route 7, Hannibal, OH 43931, USA"
"Csquare","SFO2-A Santa Clara Data Center","Centersquare Silicon Valley Data Center (Santa Clara 2), 4700 Old Ironsides Drive, Santa Clara, CA 95054, USA"
"Verizon","Verizon Los Angeles","600 West 7th Street, Los Angeles, CA 90017, USA"
"Stream Data Centers","Santa Clara VI","3011 Lafayette Street, Santa Clara, California 95054, EE. UU."
"IP Pathways","Kansas City Data Center","Kansas City, MO, EE. UU."
"Amazon AWS","15465 John Marshall","15465 John Marshall Hwy, Haymarket, VA 20169, USA"
"FirstLight","Albany Data Center","11 North Pearl Street, Albany, NY, USA"
"CoreSite","AT2 Atlanta Data Center","1130 Powers Ferry Place, Marietta, GA, USA"
"LightEdge","San Diego I Data Center","9305 Lightwave Avenue, San Diego, CA, USA"
"Dedicated Solutions","Columbus Ohio Data Center","535 Scherers Ct, Columbus, OH, USA"
"Cogent Communications","Houston 1 Data Center","12061 North Fwy, Houston, TX, USA"
"CenterServ","Henderson Data Center","170 South Green Valley Parkway, Henderson, NV, USA"
"CenterServ","Tampa Data Center","100 Ashley Drive South, Tampa, FL, USA"
"Voxility","CoreSite LA1 (One Wilshire) data center Los Angeles","624 South Grand Avenue, Los Angeles, CA, USA"
"PointOne","Richmond Data Center Campus","2840 Roxbury Rd, Charles City, VA 23030, USA"
"Latitude.sh","Los Angeles","900 N Alameda St ste 200, Los Angeles, CA, USA"
"NJFX LLC","Tier 3 by the Subsea Data Center","1410 Wall Church Road, Wall Township, NJ, USA"
"Lumen","Dayton 1 Data Center","600 South Broadway Street, Dayton, OH, USA"
"Lumen","Rochester 2 Data Center","1 West Main Street, Rochester, NY, USA"
"Cogent Communications","Raleigh Data Center","608 W Hargett St, Raleigh, North Carolina 27603, USA"
"Lumen","Minneapolis Data Center","222 South 9th Street, Minneapolis, MN, EE. UU."
"Innova Solutions","Santa Rosa Data Center","100 Stony Point Road suite 100, Santa Rosa, California, USA"
"Crown Castle","Dover Data Center","100 Carlson Way, Dover, DE 19901, EE. UU."
"365 Data Centers","NJ9 Piscataway Data Center","365 South Randolphville Road, Piscataway, NJ, USA"
"Peace Communications","Nashville Data Center","147 4th Avenue North 8th floor, Nashville, TN 37219, EE. UU."
"Carroll-Net, Inc.","Hackensack, NJ Datacenter","905 Main St, Hackensack, NJ, USA"
"TierPoint","Sioux Falls - West Data Center","5300 North La Mesa Drive, Sioux Falls, SD, USA"
"Cogent Communications","Pasadena Data Center","2947 Bradley Street, Pasadena, CA, USA"
"DataBank","ACT1 - Waco Data Center","700 Austin Avenue, Waco, TX, USA"
"IBM Cloud","DAL04 Dallas, TX","400 South Akard Street, Dallas, Texas 75202, USA"
"Telstra","New York NY4 Data Center","755 Secaucus Road, Secaucus, NJ, USA"
"Cogent Communications","Hackensack Data Center","280 State Street, Hackensack, NJ, USA"
"CBTS LLC","Lombard Data Center II","564 Winter Lane, Marion, Illinois, USA"
"Lumen","New Orleans 3 Data Center","3220 Lausat Street, Metairie, LA 70001, EE. UU."
"IBM Cloud","WDC06 Ashburn, VA","Ashburn, VA, USA"
"DataBank","SNA2 Irvine Data Center","17400 Von Karman Avenue, Irvine, CA, USA"
"Evocative","San Jose Data Center (SJC7)","534 Stockton Avenue, San Jose, CA, USA"
"Amazon AWS","John Marshall Campus","John Marshall Hwy, Haymarket, Virginia 20169, USA"
"Amazon AWS","Wellington Campus (Bristow)","Wellington Rd, Bristow, Virginia 20136, USA"
"AT&T","Hawthorne LAX1 Data Center","2301 West 120th Street, Hawthorne, CA, USA"
"HorizonIQ","Connecticut Data Center","6 Berkshire Blvd, Bethel, CT, USA"
"Wholesale Internet INC.","Kansas City Data Center 01","324 E 11th St, Kansas City, MO 64106, USA"
"FirstLight","Burlington Data Center","45 Krupp Drive, Williston, VT, USA"
"Cogent Communications","Oakland Data Center","1624 Franklin Street, Oakland, CA, USA"
"Cogent Communications","Atlanta 1 Data Center","55 Marietta St NW, Atlanta, GA, USA"
"NTT DOCOMO BUSSINESS","Dallas TX1 Data Center","2008 Lookout Drive, Garland, Dallas, TX, USA"
"Amazon AWS","Freedom Campus","9020 Freedom Center Boulevard, Manassas, Virginia 20109, USA"
"Amazon AWS","Kipper Campus","22420 Kipper Dr, Dulles, Virginia 20166, USA"
"COPT Defense Properties","6841 Benjamin Franklin Drive","6841 Benjamin Franklin Drive, Columbia, MD, USA"
"Cogent Communications","Austin Data Center","7301 Metro Center Dr, Austin, Texas 78744, USA"
"Aligned Data Centers","DFW-04 Data Center","401 North Star Road, Plano, TX 75074, USA"
"FirstLight","Keene Data Center","310 Marlboro Street, Keene, NH, USA"
"CenterServ","New Orleans Data Center","201 St Charles Ave, New Orleans, LA, USA"
"Logix","Katy Data Center","1510 Primewest Parkway, Katy, TX, USA"
"Csquare","LAX5-A Irvine Data Center","2681 Kelvin Ave, Irvine, CA 92614, USA"
"COPT Defense Properties","6950 Columbia Gateway Drive","6950 Columbia Gateway Drive, Columbia, MD, USA"
"Atlantic Metro Communications","EWR3 5851 West Side Avenue Data Center","5851 West Side Avenue, North Bergen, NJ, USA"
"Atlantic Metro Communications","EWR7 365 South Randolphville Road Data Center","365 South Randolphville Road, Piscataway Township, NJ, USA"
"CBTS LLC","Mason Data Center","784 South Forest Avenue, Mason, Ohio 45040, USA"
"Lumen","New Orleans 2 Data Center","1250 Poydras Street, New Orleans, LA, USA"
"Lumen","Nashville 4 Data Center","708 Melrose Ave, Berry Hill, TN, USA"
"Aptum Technologies","Atlanta Data Center","760 W Peachtree St NW, Atlanta, Georgia, EE. UU."
"365 Data Centers","NJ8 Weehawken Data  Center","300 Boulevard East, Weehawken, NJ, USA"
"Aligned Data Centers","PHX-06 Data Center","2501 S Price Rd, Chandler, AZ 85286, USA"
"Iron Mountain Data Centers","VA-3 - Northern Virginia Data Center","Historic District, 11680 Hayden Road, Manassas, VA, USA"
"24Shells Inc","LAX Data Center","6171 West Century Boulevard, Los Angeles, CA, USA"
"Sentinel Data Centers","NY-1 Data Center","155 Corporate Drive, Orangeburg, NY, USA"
"Cogent Communications","Cleveland 1 Data Center","1621 Euclid Avenue, Cleveland, OH, USA"
"Synoptek","Boise Data Center","412 E Parkcenter Blvd #300, Boise, ID 83706, USA"
"Csquare","DFW3-A Dallas Data Center","11830 Webb Chapel Rd suite 200, Dallas, TX 75234, USA"
"H5 Data Centers","Quincy III Data Center","1500 M Street Northeast, Quincy, WA, USA"
"Crane LLC","California Data Center","California, USA"
"Lumen","Bakersfield 2 Data Center","1430 Truxtun Ave, Bakersfield, CA, USA"
"Lumen","Jacksonville 1 Data Center","4814 Philips Highway, Jacksonville, FL, USA"
"Innova Solutions","Atlanta Data Center","HireGenics Inc., 1455 Lincoln Parkway East, Atlanta, GA, USA"
"Aligned Data Centers","DFW-02 Data Center","2800 Summit Ave, Plano, TX 75074, USA"
"Lincoln Data Centers","Silver Spring Data Center","Silver Spring, Maryland, EE. UU."
"Data Foundry Inc","Data Foundry 01 (Texas 1)","4100 Smith School Rd bldg 1, Austin, TX 78744, EE. UU."
"Bitfarms Ltd.","Bitfarms Panther Creek Data Center","4 Dennison Rd, Nesquehoning, Pennsylvania 18240, USA"
"MOD Mission Critical","PO1 - Pittock Bldg 1547 Portland Data Center PoP","921 Southwest Washington Street, Portland, OR, USA"
"Colocation America","ChicagoDC1 Data Center","350 E Cermak Rd, Chicago, IL, USA"
"Digital Realty","Los Angeles BUR10 Data Center","3015 Winona Avenue, Burbank, CA, USA"
"LightEdge","Dallas Data Center","2501 State Hwy 121 building 5 suite 500, Lewisville, Texas 75067, USA"
"Innova Solutions","Raleigh Data Center","5171 Glenwood Avenue suite 443, Raleigh, NC, USA"
"ColoCrossing","New York City Data Center","1 Possumtown Road, Municipio de Piscataway, Nueva Jersey, EE. UU."
"Stack Infrastructure","SVY01B - Silicon Valley Data Center","2001 Fortune Drive, San Jose, California 95131, USA"
"MOD Mission Critical","AT2 - Flexential Alpharetta Data Center PoP","12655 Edison Drive, Alpharetta, GA, USA"
"DataBank","DataBank SLC3 Data Center","14926 Pony Express Rd, Bluffdale, Salt Lake, UT, USA"
"IT Solutions Group","Orlando Data Center","Orlando, FL, USA"
"Amazon AWS","45950 Pathfinder Plz","45950 Pathfinder Plz, Sterling, VA 20164, USA"
"TSR Solutions, Inc.","324 East Wisconsin Ave Data Center","324 East Wisconsin Avenue, Milwaukee, WI, USA"
"Equinix","DC16 Ashburn Data Center","44740 Performance Circle, Ashburn, Virginia 20147, USA"
"COPT Defense Properties","901 Elkridge Landing Road, Linthicum Heights","901 Elkridge Landing Road, Linthicum Heights, MD, USA"
"Windstream","Harrison, AR Data Center","202 Graham St, Harrison, AR 72601, USA"
"Coloblox","SMY2 Data Center","900 Circle 75 Parkway, Atlanta, GA 30339, USA"
"MOD Mission Critical","AQ1 - Big Byte Albuquerque Data Center PoP","123 Central Ave NW, Albuquerque, NM 87102, USA"
"MOD Mission Critical","PO2 - Flexential Hillsboro 2 Data Center PoP","5737 Northeast Huffman Street, Hillsboro, OR, USA"
"Element Critical","Northern Virginia One Data Center","7990 Quantum Drive, Vienna, VA, USA"
"Enzu","LAS2 Las Vegas Data Center","3330 E Lone Mountain Rd, North Las Vegas, NV, USA"
"Carrier One Inc","Dallas 1 Data Center","1515 Round Table Drive, Dallas, TX, USA"
"CenterServ","Cincinnati Data Center","201 East 5th Street, Cincinnati, OH, USA"
"Lumen","Santa Teresa 1 Data Center","175 Harrier Drive, Santa Teresa, NM, USA"
"Lumen","Providence 1 Data Center","375 Promenade Street, Providence, RI, USA"
"COPT Defense Properties","209 Research Boulevard, Aberdeen","209 Research Boulevard, Aberdeen, MD, USA"
"NTT Global Data Centers","TX4 Dallas Data Center","2008 Lookout Dr, Garland, TX 75044, USA"
"Windstream","Houston, TX Data Center","12105 I-45, Houston, TX 77002, USA"
"Cogent Communications","Franklin Data Center","254 State Highway 23, Franklin, New Jersey 07416, USA"
"CDS Global","DA1 (Dallas) Data Center","400 South Akard Street, Dallas, Texas, EE. UU."
"Data Foundry Inc","Data Foundry 00","7401 E Ben White Blvd #1000, Austin, TX 78741, EE. UU."
"FirstLight","Lebanon Data Center","16 Cavendish Court, Lebanon, NH, USA"
"MOD Mission Critical","SAN1 - H5 San Antonio Data Center PoP","100 Taylor Street, San Antonio, TX, USA"
"MOD Mission Critical","LV1 - Switch Las Vegas Data Center PoP","7135 South Decatur Boulevard, Las Vegas, NV, USA"
"Equinix","SV11 Silicon Valley IBX Data Center","5 Great Oaks Boulevard, San Jose, CA 95119, U.S."
"EvoSwitch","DAY-01 Springboro Data Center","3366 South Tech Boulevard, Miamisburg, OH, USA"
"Digital Realty","Northern Virginia IAD12 Data Center","43881 Devin Shafron Drive bldg b, Ashburn, VA 20147, USA"
"Lumen","West Palm Beach 1 Data Center","410 Hampton Road, West Palm Beach, FL, USA"
"CenterServ","Milwaukee Data Center","250 E Wisconsin Ave, Milwaukee, WI, USA"
"CloudHQ","MCC2 Campus United States - Northern VA","Historic District, 10100 Harry J Parrish Boulevard, Manassas, Virginia 20110, USA"
"COPT Defense Properties","6750 Alexander Bell Drive, Columbia","6750 Alexander Bell Drive, Columbia, MD, USA"
"Crown Castle","Parkline Boulevard Data Center","8248 Parkline Boulevard, Orlando, FL 32809, EE. UU."
"365 Data Centers","LI1 Commack Data Center","500 Commack Road, Commack, NY, USA"
"Prime Data Centers","Prime Chicago - 1601 Midway Ct.","1601 Midway Ct, Elk Grove Village, IL, USA"
"Equinix","NY8 New York Data Center","60 Hudson Street, New York, NY, USA"
"CBTS LLC","Lebanon Data Center","4433 Tree Top Court South, Miamisburg, Ohio, USA"
"Nocix LLC","Swift Data Center","1530 Swift St, North Kansas City, MO 64116, EE. UU."
"Zenlayer","ATL8 Atlanta Data Center","305 Satellite Blvd NW, Suwanee, GA 30024, EE. UU."
"On-Ramp Indiana","ORI.NET Noblesville","859 Conner Street, Noblesville, IN, USA"
"IBM Cloud","WDC04 Ashburn, VA","Ashburn, VA, USA"
"DataBank","SNA1 Irvine Data Center","17222 Von Karman Avenue, Irvine, CA, USA"
"DataBank","LAX1 Los Angeles One Wilshire Data Center","624 South Grand Avenue, Los Angeles, CA, USA"
"ScaleMatrix","Jacksonville Data Center US-South 02","8324 Baymeadows Way, Jacksonville, FL, USA"
"H5 Data Centers","Buffalo Data Center","5319 Enterprise Dr, Lockport, NY, USA"
"COPT Defense Properties","939 Elkridge Landing Road, Linthicum Heights","939 Elkridge Landing Road, Linthicum Heights, MD, USA"
"Windstream","Lincoln, NE Data Center","1440 M Street, Lincoln, NE, USA"
"Selectel ltd","Svetlaya Data Center","21 Sky Street, Enfield, Connecticut, EE. UU."
"MOD Mission Critical","SND2 - Lightedge San Diego Data Center PoP","9305 Lightwave Avenue, San Diego, CA, USA"
"TierPoint","Dallas Data Center","3004 Irving Boulevard, Dallas, TX, USA"
"bigbyte.cc","bigbyte","123 Central Avenue Northwest, Albuquerque, NM, USA"
"CyberNest","CyberNest Atlanta","345 Courtland Street Northeast, Atlanta, GA, USA"
"Hostman LTD","NJ1 - New York Data Center","101 Possumtown Rd, Piscataway Township, NJ, USA"
"PowerHouse Data Centers","PowerHouse Arcola (Arcola, VA)","Arcola Boulevard, Arcola, VA 20166, USA"
"Windstream","Hobbs, NM Data Center","320 North Shipp Street, Hobbs, NM 88240, USA"
"Crown Castle","Rockville Data Center","100 Park Avenue, Rockville, MD 20850, EE. UU."
"Stream Data Centers","Santa Clara III","3075 Raymond Street, Santa Clara, California 95054, EE. UU."
"Summit","Washington Data Center","3355 35th Ave S, Tukwila, WA 98168, USA"
"Stack Infrastructure","CHI01B Chicago Data Center","1301 Touhy Ave, Elk Grove Village, Illinois 60007, USA"
"CyrusOne","NVA1, NVA2 & NVA3 Northern Virginia Sterling Data Center","21111 Ridgetop Circle, Sterling, VA, USA"
"Atlantic.net","Dallas Data Center","2323 Bryan Street, Dallas, TX, USA"
"Cogent Communications","Doral Data Center","3701 Northwest 82nd Avenue, Doral, FL, USA"
"Binary Net","Lincoln Data Center","134 South 13th Street, Lincoln, NE, USA"
"CenterServ","Chandler Data Center","3100 West Ray Road, Chandler, AZ, USA"
"Crane LLC","Portland Metro Data Center","Forest Grove, OR, USA"
"NISS Fibernet","Chennai Data Center","Indian Overseas Bank, 1, Thirumalai Pillai Road, Darmapuram, T. Nagar, Chennai, Tamil Nadu, IN"
"US Internet (USI)","US Internet Data Center (Minnetonka facility)","12450 Wayzata Blvd suite 100, Minnetonka, MN 55305, USA"
"MOD Mission Critical","NY2 - NY2 New York Data Center PoP","275 Hartz Way, Secaucus, NJ, USA"
"CoreSite","NY1 New York Data Center","32 Avenue of the Americas, 6th Avenue, New York, NY, USA"
"QTS Data Centers","Ashburn-Shellhorn ASH3 Data Center 1","22291 Shellhorn Road, Ashburn, Virginia 20147, USA"
"Lunavi","AT1 Atlanta Data Center","180 Peachtree Street Northeast, Atlanta, GA, USA"
"Enzu","ATL2 Norcross Data Center","2775 Northwoods Parkway, Norcross, GA, USA"
"FOGO Solutions","Atlanta, GA","56 Marietta St NW, Atlanta, GA 30303, USA"
"HorizonIQ","Chicago 4 Data Center","9333 West Grand Avenue, Franklin Park, IL, USA"
"Hivelocity","Albany Data Center","175 Old Loudon Road, Latham, NY, USA"
"Equinix","SV8 Palo Alto Data Center","529 Bryant Street, Palo Alto, CA, USA"
"Fifteenfortyseven critical systems realty","HAII1 AlohaNAP data center","91-340 Farrington Highway, Kapolei, Hawái, EE. UU."
"Lumen","Las Vegas 2 Data Center","4485 East Sahara Avenue, Las Vegas, NV, USA"
"Enzu","IAH2 Houston Data Center","660 Greens Parkway, Houston, TX, USA"
"Limestone Networks","PDX1 Portland Data Center","3935 Northeast Aloclek Drive, Hillsboro, OR, USA"
"American Tower","Edge Data Center Atlanta","2374 Fairburn Road Southwest, Atlanta, GA, USA"
"Lincoln Rackhouse","Herndon Data Center","251 Exchange Place, Herndon, VA, USA"
"Csquare","ABQ1-B Albuquerque Data Center","400 Tijeras Ave NW, Albuquerque, NM 87102, USA"
"COPT Defense Properties","6731 Columbia Gateway Drive","6731 Columbia Gateway Drive, Columbia, MD, USA"
"Atlantic Metro Communications","EWR1 300 Boulevard East Data Center","300 Boulevard East, Weehawken, NJ, USA"
"Coloblox","ATL1 Data Center","55 Marietta Street, Marietta Street NorthWest, Atlanta, GA 30303, USA"
"MOD Mission Critical","PX2 - DRT Phoenix Data Center PoP","120 East Van Buren Street, Phoenix, AZ, USA"
"Stellar Technologies Inc.","HNl01 Data Center","3375 Koapaka Street, Honolulu, HI, USA"
"Digital Realty","Dallas DFW17 Data Center","900 Quality Way, Richardson, TX, USA"
"Csquare","SFO4 Santa Clara Data Center Campus","1500 Space Park Drive, Santa Clara, CA 95054, USA"
"Digital Realty","Dallas DFW11 Data Center","4025 Midway Road, Carrollton, TX, USA"
"DC Mining","Davenport, IA","Davenport, IA, USA"
"DRFortress","Hawaii Data Center","3375 Koapaka Street suite d 198, Honolulu, Hawaii, USA"
"NTT Global Data Centers","Gainesville VA10 Data Center","Gainesville, Virginia 20155, USA"
"Lumen","Anaheim 1 Data Center","2461 West La Palma Avenue, Anaheim, CA, USA"
"Fidelity National Information Services fis","Ridgefield Data Center","1008 Virgil Avenue, Ridgefield, New Jersey, United States"
"Data Foundry Inc","Data Foundry 02 (Texas 2)","100 Smith School Rd bldg 2, Austin, TX 78744, EE. UU."
"Datacate, Inc","SMF1 Sacramento Rancho Cordova Data Center","2999 Gold Canal Drive, Rancho Cordova, CA, USA"
"Cogent Communications","Chicago LaSalle Data Center","427 South LaSalle Street, Chicago, IL, USA"
"Zenlayer","CHI1 Chicago Data Center","1905 Lunt Avenue, Elk Grove Village, IL, USA"
"iTel Networks Inc.","Chicago E Randolph Data Center","130 East Randolph Street, Chicago, IL, USA"
"Enzu","PDX2 Hillsboro Data Center","3825 Northwest Aloclek Place, Hillsboro, OR, USA"
"Dynamic Internet","SALEM-NH","10 Delaware Drive, Salem, NH, USA"
"Cogent Communications","Tampa Data Center","400 North Tampa Street, Tampa, FL, USA"
"Lumen","Kansas City 4 Data Center","1102 Grand Blvd, Kansas City, MO, USA"
"Alchemy Data Centers LLC","California Data Center","2640 Main Street, Irvine, California, EE. UU."
"Vantage Data Centers","New Albany Data Center Campus - Building 3","3325 Horizon Court, New Albany, OH 43031, USA"
"MOD Mission Critical","TAM1 - Flexential Tampa North Data Center PoP","8350 Park Edge Drive, Tampa, FL, USA"
"EdgeConnex","MIA01 Miami Data Center","2132 Northwest 114th Avenue, Miami, FL 33172, USA"
"DataBank","SLC6 Granite Point Data Center","14870 Pony Express Road, Bluffdale, UT 84065, USA"
"CoreSite","SV1 San Jose Silicon Valley Data Center","55 South Market Street, South Market Street, San Jose, CA, USA"
"Compass Datacenters","Northern Virginia Data Center","20632 Sycolin Rd, Leesburg, Loudoun, VA, USA"
"CenterServ","Kansas City Data Center","107 West 9th Street, Kansas City, MO, USA"
"Prime Data Centers","Prime Dallas - 1517 Round Table","1517 Round Table Drive, Dallas, TX, USA"
"Pearl Technology","Pearl Technology Data Center","1003 E Toledo Ave, Peoria Heights, IL 61616, USA"
"AT&T","Dallas DAL2 Webb Chapel Data Center","11830 Webb Chapel Road, Dallas, TX, USA"
"Lumen","Ogden 1 Data Center","526 West 17th Street, Ogden, UT, USA"
"NTT Global Data Centers","Hillsboro HI1 Data Center","4050 NE Evergreen Rd, Hillsboro, Oregón, EE. UU."
"Cologix","ASH1 Ashburn Data Center","21745 Beaumeade Circle, Ashburn, VA, USA"
"DataBank","DFW5 - Dallas Infomart Data Center","1950 North Stemmons Freeway, Dallas, TX, USA"
"Limestone Networks","DFW1 Dallas Data Center","400 S Akard St, Dallas, TX, USA"
"Zenlayer","DFW1 Dallas Data Center","1950 North Stemmons Freeway, Dallas, TX, USA"
"ColoCrossing","GA1 - Atlanta Data Center","1130 Powers Ferry Place, Marietta, GA, USA"
"unWired Broadband LLC","Fresno Data Center","215 W Fallbrook Ave suite 203, Fresno, CA 93711, USA"
"Liberty Center One","Cincinnati Datacenter","229 West 7th Street, Cincinnati, OH, USA"
"CloudHQ","LC1 United States - Northern VA","21955 Loudoun County Pkwy, Ashburn, Virginia 20147, USA"
"Krypt","Data Center Secaucus NJ (EWR1)","1 Enterprise Ave N, Secaucus, NJ 07094, USA"
"Cogent Communications","Sparta Data Center","500 Weldon Rd, Sparta, New Jersey 07849, USA"
"CoreSite","MI2 Miami Data Center","2100 Northwest 84th Avenue, Doral, FL, USA"
"Firstlight Fiber","Manchester Data Center","77 Sundial Avenue, Manchester, New Hampshire, EE. UU."
"Stack Infrastructure","POR01A - Portland Data Center","3145 NE Brookwood Pkwy, Hillsboro, Oregon 97124, USA"
"Lumen","Bandon 1 Data Center","96614 Wickizer Way, Bandon, OR, USA"
"HopOne @CherryRoad","SEA2 Seattle Data Center","3311 South 120th Place, Seattle, WA, USA"
"Lumen","Denver Data Center","14200 E Jewell Ave, Aurora, CO 80012, EE. UU."
"Crown Castle","Jacksonville Data Center","421 W Church Street West suite 403, Jacksonville, FL 32202, EE. UU."
"menlo digital","Portland Data Center","1207-1235 West Burnside Street, Portland, OR, EE. UU."
"Verus Corporation","Verus Corportation","201 85th Avenue Northwest, Minneapolis, MN, USA"
"MOD Mission Critical","IA1 - Involta Marion IA Data Center PoP","5055 Rec Drive, Marion, IA, USA"
"Lumen","Atlanta 1 Data Center","345 Courtland Street Northeast, Atlanta, GA, USA"
"Iron Mountain Data Centers","VA-1 - Northern Virginia Data Center","Historic District, 11680 Hayden Road, Manassas, VA, USA"
"CoreSite","AT1 Atlanta Data Center","55 Marietta Street NorthWest, Atlanta, GA, USA"
"INOC Data Centers","Uptown Data Center - ALB3","4 Tower Place, Albany, NY, USA"
"Evocative","Santa Clara Data Center (SJC3)","3080 Raymond St, Santa Clara, CA, USA"
"CenterServ","Bakersfield Data Center","Regus - California, Bakersfield - 4900 California Avenue, California Avenue, Bakersfield, CA, USA"
"OpenColo","OpenColo - SC1","3223 Kenneth St, Santa Clara, CA 95054, USA"
"Equinix","Culpeper Campus","18155 Technology Drive, Culpeper, Virginia 22701, USA"
"NTT Global Data Centers","TX2 Dallas Data Center","2008 Lookout Dr, Garland, TX 75044, USA"
"Cogent Communications","Houston 2 Data Center","8902 Point 6 Circle, Houston, Texas 77095, USA"
"menlo digital","MD-VA3 (Richmond)","2255 Jamestown Drive, Petersburg, VA, EE. UU."
"CME group","NY4 Data Center","Secaucus, NJ, EE. UU."
"Sabey Data Centers","SDC Ashburn Data Center","21741 Red Rum Dr, Ashburn, VA 20147, USA"
"MadeIt","Cincinnati Data Center","Cincinnati, OH, USA"
"PhoenixNAP","Ashburn Data Center","21635 Red Rum Drive, Ashburn, VA, USA"
"Enzu","SEA1 Seattle Data Center","Westin Building Exchange, 2001 6th Avenue, Seattle, WA, USA"
"Enzu","ORD2 Elk Grove Data Center","1905 Lunt Avenue, Elk Grove Village, IL, USA"
"Liberty Center One","Zimcom Office","1080 Nimitzview Dr #400, Cincinnati, OH, USA"
"Logix","Houston Data Center - 1.0","1510 Primewest Parkway, Katy, Texas, USA"
"Csquare","ORD1-A Chicago Data Center","350 E Cermak Rd ste 700, Chicago, IL 60616, USA"
"Lumen","Albuquerque Data Center","3830 Singer Blvd NE, Albuquerque, NM 87109, EE. UU."
"Aligned Data Centers","IAD-03 Data Center","22715 Relocation Dr, Sterling, VA 20166, USA"
"Southern Telecom","Atlanta Data Center","Atlanta, Georgia, EE. UU."
"BuyVM","Las Vegas Data Center","Las Vegas, Nevada, EE. UU."
"Deep Green","Lansing (DG06)","Lansing, Michigan, United States"
"Csquare","IAD3 Sterling Data Center Campus","22860 International Drive, Sterling, VA, USA"
"Lumen","Richmond 2 Data Center","8145 Old Staples Mill Road, Richmond, VA, USA"
"Cogent Communications","Portland Data Center","2953 NW St Helens Rd, Portland, Oregon 97210, USA"
"Lumen","Austin 3 Data Center","2916 Montopolis Dr, Austin, TX, USA"
"Lumen","Milwaukee 1 Data Center","3235 Intertech Dr, Brookfield, WI, USA"
"Binary Net","Binary Net – The Vault / First Trust Building Data Center","134 South 13th Street, Lincoln, NE 68508, USA"
"CyrusOne","NVA8 Northern Virginia Data Center","45905 Maries Road, Sterling, VA 20166, USA"
"CoreSite","DC1 Washington DC Data Center","1275 K Street Northwest, Washington, DC, USA"
"Iron Rails Data Centers","Union Station Data Center","575 Broadway, Albany, NY 12207, USA"
"Colocation America","LADC2 - Los Angeles Data Center","Aon Center, 707 Wilshire Boulevard, Los Angeles, CA, USA"
"CenterServ","Baton Rouge Data Center","Baton Rouge Tax Attorney IRS Tax Settlement, 301 N Main Street, Baton Rouge, LA 70825, USA"
"AT&T","Phoenix PHX1 Data Center","1301 West University Drive, Mesa, AZ, USA"
"SBA Edge","JaxNAP Data Center","421 West Church Street, Church Street West, Jacksonville, Florida 32202, USA"
"Firstlight Fiber","Bangor Data Center","60 Summer Street, Bangor, Maine 04401, EE. UU."
"netrix llc","Netrix Alsip","12620 South Holiday Drive, Alsip, IL 60803, USA"
"Zenlayer","LAX5 Los Angeles Data Center","600 W 7th St, Los Angeles, CA, USA"
"unWired Broadband","unWired Broadband Data Center (Fresno, CA)","414 W Bedford Ave, Fresno, CA 93711, United States"
"Iron Mountain Data Centers","VA-4 - Northern Virginia Data Center","11600 Hayden Road, Manassas, VA, USA"
"Cogent Communications","Columbus 2 Data Center","161 E Goodale St, Columbus, Ohio 43215, USA"
"DataBank","DataBank ATL6 Data Center","4764 Bakers Ferry Rd SW, Atlanta, Georgia 30336, USA"
"Alerify Inc","Alerify Data Center","2330 Vartan Way suite 185, Harrisburg, PA 17110, USA"
"China Telecom","LA3 Data Center","1920 East Maple Avenue, El Segundo, CA 90245, USA"
"CloudHQ","MCC Campus United States - Northern VA","Airman Ave, Manassas, Virginia 20110, USA"
"Compass Datacenters","Dallas Data Center","820 Allen Commerce Parkway, Allen, TX, USA"
"Lumen","Portland 3 Data Center","14197 Southwest Millikan Way, Beaverton, OR, EE. UU."
"Aptum Technologies","Miami Data Center","2300 Northwest 89th Place, Hialeah, Florida, EE. UU."
"Wells Interconnection","Wells Interconnection – 324 E Wisconsin","324 E Wisconsin Ave, Milwaukee, WI 53202, United States"
"Vantage Data Centers","Reno Data Center Campus – Building 4","1121 USA Parkway, Sparks, NV 89437, USA"
"CoreSite","DC2 Washington DC Data Center","1099 14th Street Northwest, Downtown, Washington, DC, USA"
"Lumen","New York 7 Data Center","601 West 26th Street, New York, NY, USA"
"Enzu","PDX1 Hillsboro Data Center","23605 Northeast Huffman Street, Hillsboro, OR, USA"
"Enzu","ATL1 Atlanta Data Center","56 Marietta Street NorthWest, Atlanta, GA, USA"
"Cascade Divide Data Centers","Bend Data Center","207 Southwest Columbia Street, Bend, OR, USA"
"Prime Data Centers","Prime Phoenix - Lower Buckeye #5","11753 West Lower Buckeye Road, Avondale, AZ, USA"
"Hivelocity","New York Data Center","1 Ramland Rd, Orangeburg, New York, USA"
"Csquare","ORD1-B Chicago Data Center","350 E Cermak Rd ste 410 4th floor, Chicago, IL 60616, USA"
"PowerHouse Data Centers","PowerHouse ABX-1 (Ashburn, VA)","21529 Beaumeade Circle, Ashburn, VA 20147, USA"
"Cogent Communications","Chicago 3 Data Center","4200 W 40th St, Chicago, Illinois 60632, USA"
"Cogent Communications","Fort Worth Data Center","1400 E Presidio St, Fort Worth, Texas 76102, USA"
"Lumen","Fresno 2 Data Center","7576 North Del Mar Avenue, Fresno, CA, USA"
"DataBank","DataBank ATL5 Data Center","4764 Bakers Ferry Road Southwest, Atlanta, GA 30336, EE. UU."
"365 Data Centers","TX2 Dallas Data Center","2323 Bryan Street, Dallas, TX, USA"
"Lincoln Data Centers","Alpharetta Data Center","Alpharetta, GA, EE. UU."
"Sabey Data Centers","SDC Seattle East 4","3433 South 120th Place, Tukwila, WA 98168, USA"
"DataVolt","California","101 California Street, San Francisco, CA, USA"
"DataBank","SEA1 Downtown Seattle Data Center","2001 6th Avenue, Seattle, WA, USA"
"Latitude.sh","Dallas","1950 N Stemmons Fwy #1032, Dallas, TX, USA"
"Lumen","Columbus 3 Data Center","226 North 5th Street, Columbus, OH, USA"
"Crown Castle","Professional Park Boulevard Data Center","20761 Professional Park Boulevard, Georgetown, DE 19947, EE. UU."
"Stream Data Centers","Santa Clara IV","870 Duane Avenue, Santa Clara, California 95054, EE. UU."
"vaultas","Alexandria Data Center","720 Hawthorne St, Alexandria, MN 56308, United States"
"Aligned Data Centers","PHX-04 Data Center","2501 S Price Rd, Chandler, AZ 85286, USA"
"UnReal Servers, LLC","UnReal Servers (North Kansas City)","1321 Burlington St, North Kansas City, MO 64116, USA"
"iTel Networks Inc.","Chicago Federal St Data Center","600/700 South Federal Street, Chicago, IL, USA"
"Digital Realty","Silicon Valley SJC11 Data Center","3011 Lafayette Street, Santa Clara, CA, USA"
"Racksquared Data Center","Value Way Data Center","2560 Value Way Drive, Columbus, OH, USA"
"NTT Global Data Centers","Gainesville VA13 Data Center","Gainesville, Virginia 20155, USA"
"Handy Networks, LLC","Denver Data Center","5350 South Valentia Way, Greenwood Village, CO, USA"
"Innova Solutions","Fresno Data Center","7330 North Palm Avenue suite 105, Fresno, California, USA"
"Crown Castle","Manchester Data Center","1 Sundial Avenue, Manchester, NH 03103, EE. UU."
"Volico Data Center","MIA1 - Miami Data Center","100 Biscayne Boulevard, Miami, FL, USA"
"PowerHouse Data Centers","PowerHouse Pacific (Sterling, VA)","22070 Broderick Drive, Sterling, VA 20166, USA"
"FDCservers.net","DA11 Equinix","1990 North Stemmons Freeway, Dallas, TX, USA"
"HorizonIQ","Houston Data Center","1301 Fannin Street, Houston, TX, USA"
"Windstream","Columbus, OH Data Center","180 E Broad St, Columbus, Ohio 43215, USA"
"Crown Castle","Tampa Data Center","717 U.S. 301, Tampa, Florida, EE. UU."
"vaultas","Wisconsin Data Center","3135 W Highland Blvd, Milwaukee, WI 53208, United States"
"Atomic Data","Atomic Data Minneapolis East (MSP511)","511 11th Avenue South, Minneapolis, MN 55415, USA"
"MOD Mission Critical","DA1 - DA6 Data Center PoP","1950 North Stemmons Freeway, Dallas, TX, USA"
"NFINIT","San Diego Data Center","9725 Scranton Rd, San Diego, CA, USA"
"EdgeConnex","SLC01 Salt Lake City Data Center","2302 South Presidents Drive, West Valley City, UT, USA"
"netrix llc","Netrix Deerfield","2801 Lakeside Drive, Bannockburn, IL 60015, USA"
"Lumen","Fort Lauderdale 1 Data Center","200 Northwest 2nd Street, Fort Lauderdale, FL, USA"
"TierPoint","Sioux Falls - East Data Center","700 East 54th Street North, Sioux Falls, SD, USA"
"ScaleMatrix","Seattle Data Center US-West 02","1023 39th Avenue Southeast, Puyallup, WA, USA"
"Cogent Communications","Chicago 2 Data Center","216 W Jackson Blvd, Chicago, IL, USA"
"Lunavi","Bellingham Data Center","851 Coho Way, Bellingham, WA, USA"
"CenterServ","Honolulu Data Center","7 Waterfront Street, Honolulu, HI, USA"
"Aventus Data Centers","Lakes Data Center","7901 West Clinton Avenue, Milwaukee, WI, USA"
"Synoptek","Sacramento Data Center","3200 Douglas Boulevard, Roseville, CA, USA"
"FDCservers.net","SE4 Equinix","6906 South 204th Street, Kent, WA, USA"
"Windstream","Dubuque, IA Data Center","3501 Digital Dr, Dubuque, IA 52003, USA"
"Stream Data Centers","DFW VIII – X","Wilmer, Dallas County, Texas, EE. UU."
"Aligned Data Centers","PHX-05 Data Center","2500 West Union Hills Drive, Phoenix, AZ 85027, USA"
"DCI Data Center Services","Avenue South 2 Data Center","331 2nd Avenue South, Minneapolis, MN 55401, EE. UU."
"OzarksGo","Fayetteville Data Center","3641 West Wedington Drive, Fayetteville, AR 72704, USA"
"Data Canopy","Dallas (Carrollton)","1649 West Frankford Road, Carrollton, TX, USA"
"NYI","New York Broad Street Connect Data Center","75 Broad St, New York, NY, USA"
"Lumen","San Francisco 3 Data Center","200 Paul Avenue, San Francisco, CA, USA"
"Amazon AWS","Fadeley I","42949 Fadeley Ln, Dulles, VA 20166, USA"
"US Secure Hosting Center","Monticello Data Center","117 E 1st St, Monticello, IA, USA"
"CloudHQ","CLP Campus United States - Northern VA","14521 McDevitt Drive, Culpeper, Virginia 22701, USA"
"365 Data Centers","UTH1 Salt Lake City Data Center","572 Delong Street, Salt Lake City, UT, USA"
"Conscious Data Centers","Sacramento","Sacramento, CA, USA"
"Voxility","MIA1 (Terremark NAP) Miami Data Center","50 Northeast 9th Street, Miami, FL, USA"
"C-Spire","Ridgelands Data Center","1018 Highland Colony Parkway, Ridgeland, MS 39157, USA"
"Data Foundry","Houston 2 Data Center","660 Greens Parkway, Houston, TX 77067, USA"
"Vantage Data Centers","CA3 Santa Clara Data Center","2590 Walsh Avenue, Santa Clara, CA 95051, USA"
"Fifteenfortyseven critical systems realty","Honolulu HI | DRFortress","Airport Industrial Park, Koapaka Street, Honolulu, Hawái, EE. UU."
"Fifteenfortyseven critical systems realty","PTOR1 (Portland OR) Data center","The Pittock Block, Southwest Washington Street, Portland, Oregón, EE. UU."
"Southwest Cyberport","SWCP Albuquerque Data Center","5021 Indian School Rd NE suite 600, Albuquerque, NM 87110, United States"
"CoreSite","VA1 Reston Data Center","12100 Sunrise Valley Drive, Reston, VA, USA"
"Colocation America","LADC1 - Los Angeles Data Center","One Wilshire Building, 624 South Grand Avenue, Los Angeles, CA, USA"
"QTS Data Centers","Ashburn-Lockridge Data Center","44675 Quality Tech Lane, Sterling, Virginia 20166, USA"
"Evocative","Santa Clara Data Center (SJC11)","2151 Mission College Blvd, Santa Clara, CA 95054, USA"
"China Telecom","LA4 Data Center","445 North Douglas Street, El Segundo, CA 90245, USA"
"Hivelocity","Orangeburg Data Center","1 Ramland Rd, Orangeburg, NY, USA"
"Lumen","Tallahassee 2 Data Center","1416 S Adams St, Tallahassee, FL, USA"
"Cogent Communications","Atlanta 2 Data Center","1190 Allene Ave SW, Atlanta, Georgia 30310, USA"
"DataBank","334 Gest St Data Center","334 Gest St, Cincinnati, Ohio 45203, USA"
"Subrigo","Las Vegas Data Center","Las Vegas, Nevada, EE. UU."
"NTT Global Data Centers","VA2 Ashburn Data Center","44664 Guilford Drive, Ashburn, VA, USA"
"iTel Networks Inc.","Albany Washington Ave Data Center","194 Washington Avenue, Albany, NY, USA"
"Lumen","New Orleans 1 Data Center","639 Loyola Avenue, New Orleans, LA, USA"
"DataBank","DataBank SLC5 Data Center","14926 Pony Express Road, Bluffdale, UT 84065, USA"
"Coloblox","SMY1 Data Center","1100 Circle 75th Parkway Southeast, Atlanta, GA 30339, USA"
"Binary Net","Binary Net – Sharp Annex","200 South 13th Street, Lincoln, NE 68508, USA"
"EvoSwitch","PHX-01 Phoenix Data Center","615 North 48th Street, Phoenix, AZ, USA"
"CyrusOne","NVA4 Northern Virginia Sterling Data Center","22811 International Drive, Sterling, VA, USA"
"Colocation America","ChicagoDC2 Data Center","600 South Federal Street, Chicago, IL, USA"
"Csquare","IAD1-C Sterling Data Center","21110 Ridgetop Circle, Sterling, VA 20166, USA"
"AT&T","Ashburn WDC1 Data Center","21571 Beaumeade Circle, Ashburn, VA, USA"
"NTT Global Data Centers","Gainesville VA12 Data Center","Gainesville, Virginia 20155, USA"
"Lumen","Akron 1 Data Center","520 South Main Street, Akron, OH, EE. UU."
"menlo digital","Fort Worth Data Center","14901 FAA Boulevard, Fort Worth, Texas, EE. UU."
"Colo Solutions, LLC","Colo Solutions Downtown Orlando","Puerto Rico Fed Affairs, 100 West Lucerne Circle suite 201, Orlando, FL 32801, United States"
"Vantage Data Centers","Ashburn I Data Center Campus – Building 5","Vantage Data Centers, Sterling, VA 20166, USA"
"MOD Mission Critical","FTL1 - Flexential Ft. Lauderdale Data Center PoP","5301 Northwest 33rd Avenue, Fort Lauderdale, FL, USA"
"Equinix","DC21 Washington DC IBX Data Center","22175 Beaumeade Circle, Ashburn, VA 20147, U.S."
"Hurricane Electric","Fremont 2 Data Center","48233 Warm Springs Boulevard, Fremont, CA, USA"
"Voxility","ColoHouse MIA2 Miami Data Center","36 NE 2nd St, Miami, FL, USA"
"Prime Data Centers","Prime Santa Clara - 1231 Comstock","1231 Comstock Street, Santa Clara, CA, USA"
"Hivelocity","Chicago Wells Data Center","725 S Wells St, Chicago, Illinois, USA"
"Lumen","Bakersfield 1 Data Center","2020 P Street, Bakersfield, CA, USA"
"Windstream","Jacksonville, FL Data Center","421 East Church Street, Jacksonville, FL 32202, USA"
"Windstream","Portland, OR Data Center","707 SW Washington St, Portland, Oregon 97205, USA"
"DigiCo Infrastructure REIT","Chicago CHI1 Data Center","Chicago, IL, USA"
"Hivelocity","Phoenix Data Center","2335 S Ellis St, Chandler, AZ, USA"
"Consolidated Communications Holdings, Inc.","Manchester Data Center","770 Elm Street, Manchester, New Hampshire, EE. UU."
"Atomic Data","Minneapolis Central (MSP250)","250 South Marquette Avenue, Minneapolis, MN, USA"
"IPTP Networks","Elk Grove Data Center","1905 Lunt Ave, Elk Grove Village, IL 60007, USA"
"Lumen","Atlanta 2 Data Center","180 Peachtree Street Northwest, Atlanta, GA, USA"
"Lumos Networks","77 Highland Ave Data Center","77 Highland Ave, Washington, PA, USA"
"Cogent Communications","Hawaii Data Center","96-1402 Waihona Pl, Pearl City, Hawaii 96782, USA"
"Cogent Communications","Cleveland 2 Data Center","2650 Rockefeller Ave, Cleveland, Ohio 44115, USA"
"DataBank","DFW12 - Red Oak Data Center","Batchler Road & Stainback Rd, Red Oak, Texas, USA"
"Lumen","Columbia 1 Data Center","3201 Falling Leaf Court, Columbia, MO, USA"
"365 Data Centers","NY8 New York City Data Center","375 Pearl Street, New York, NY, USA"
"Bresco Broadband","Bresco Broadband Columbus 2","423 East Town Street, Columbus, OH 43215, USA"
"US Signal","IL02 Aurora Data Center","4267 Meridian Parkway, Aurora, IL 60504, USA"
"Limestone Networks","MIA1 Miami Data Center","36 Northeast 2nd Street, Miami, FL, USA"
"Enzu","DEN2 Aurora Data Center","11900 East Cornell Avenue, Aurora, CO, USA"
"CenterServ","Aurora Data Center","8354 Northfield Blvd, Denver, CO, USA"
"C-Spire","MegaGate Data Center","4200 Mamie Street, Hattiesburg, MS, USA"
"Logix","Houston Data Center - 2.0","811 Louisiana St, Houston, Texas, USA"
"Fifteenfortyseven critical systems realty","Milwaukee WI | MIWI1 Data center","324 East Wisconsin Avenue, Milwaukee, Wisconsin, EE. UU."
"Firstlight Fiber","Bedford Data Center","8 Commerce Drive, Bedford, New Hampshire, EE. UU."
"IPTP Networks","Secaucus Data Center 1","755 Secaucus Road, Secaucus, NJ 07094, USA"
"Oso Grande Technologies,","ABQ1 (Oso Grande Data Center)","725 6th Street Northwest, Albuquerque, NM 87102, United States"
"Vantage Data Centers","Ashburn I Data Center Campus - Building 4","Vantage Data Centers, Sterling, VA 20166, USA"
"Limestone Networks","SLC1 SLC Data Center","179 Social Hall Avenue, Salt Lake City, UT, USA"
"China Telecom","Cyxtera SC4, SC5, SC9 Data Center","4650 Old Ironsides Dr, Santa Clara, CA 95054, USA"
"INOC Data Centers","Downtown Data Center  - ALB1","80 State Street, Albany, NY, USA"
"Evocative","Santa Clara Data Center (SJC14)","1525 Comstock Street, Santa Clara, CA 95054, USA"
"Innova Solutions","Plano Data Center","6111 West Plano Parkway, Plano, TX, USA"
"T Mobile","T-Mobile New York","60 Hudson Street, Hudson Street, New York, NY 10013, USA"
"ExcalTech","Illinois Data Center","1625 Winnetka Circle, Rolling Meadows, IL, USA"
"CyberNest","CyberNest Portland","3935 Northeast Aloclek Drive, Hillsboro, OR, USA"
"Equinix","DC97 Herndon Data Center","460 Springpark Place, Herndon, VA, USA"
"Lumen","Houston 4 Data Center","1124 Hardy Street, Houston, TX, USA"
"FDCservers.net","MI6 Equinix","1525 Northwest 98th Court, Doral, FL, USA"
"Zenlayer","SEA3 Seattle Data Center","2020 5th Avenue, Seattle, WA 98121, USA"
"CoreSite","VA3 Reston Data Center","12369 Sunrise Valley Drive, Reston, VA, USA"
"DataBank","SLC4 Granite Point Data Center","14860 Pony Express Road, Riverton, UT, USA"
"DataBank","DataBank ORD1 Data Center","600 South Federal Street, Chicago, IL, USA"
"24Shells Inc","NYC Data Center","60 Hudson Street, Hudson Street, New York, NY, USA"
"AT&T","New York NYC2 Data Center","811 10th Avenue, New York, NY, USA"
"OneSource Cloud Corporation","CT cage Data Center","600 West 7th Street suite 570, Los Angeles, CA 90017, USA"
"Lumen","Fort Worth 2 Data Center","1101 East 9th Street, Fort Worth, TX, USA"
"DataBank","DataBank SLC1 Data Center","179 Social Hall Avenue, Salt Lake City, UT 84111, USA"
"Hivelocity","Colorado Springs Data Center","102 South Tejon Street, Colorado Springs, CO, USA"
"Consolidated Communications Holdings, Inc.","Pittsburgh (Evergreen) Data Center","Consolidated communications, Fort Kent, Maine, EE. UU."
"Dade2","Miami Data Center","Miami, Florida, USA"
"EdgeConnex","SEA01 Seattle Data Center","3425 South 116th Street building 6 suite 133, Seattle, WA 98168, USA"
"NOVVA","Arizona Data Center","Ellsworth Road, Mesa, AZ, USA"
"Hivelocity","ORD1 Chicago Data Center","350 East Cermak Road, Chicago, IL, USA"
"AT&T","San Jose SJC1 Silicon Valley Data Center","400 Holger Way, San Jose, CA, USA"
"Lumen","Richmond 1 Data Center","8851 Park Central Drive, Richmond, VA, USA"
"Equinix","DA10 Richardson Data Center","1232 Alma Road, Richardson, TX, USA"
"Metrobloks","MIA-A1 Metrobloks Data Center","500 Northwest 137th Avenue, Miami, Florida, EE. UU."
"365 Data Centers","NY2 New York City Data Center","121 Varick Street 4th floor, New York, NY, USA"
"Lumen","Eugene 2 Data Center","90470 Prairie Rd, Eugene, OR, USA"
"CenterServ","Mesa Data Center","1910 South Stapley Drive, Mesa, AZ, USA"
"NTT Global Data Centers","VA8 Ashburn Data Center","21583 Megawatt Dr, Ashburn, VA 20147, USA"
"menlo digital","Andover Data Center","15 Shattuck Road, Andover, Massachusetts, EE. UU."
"Bresco Broadband","Bresco Broadband Columbus 1","180 East Broad Street suite 806, Columbus, OH 43215, USA"
"South Reach Networks","West Palm Beach (SRN Edge Data Center)","4105 Miller Avenue, West Palm Beach, FL 33405, United States"
"EvoSwitch","SCF-01 Scottsdale Data Center","8521 East Princess Drive, Scottsdale, AZ, USA"
"Lumen","Seattle 1 Data Center","1000 Denny Way, Seattle, WA, USA"
"Psychz Networks","Chicago Data Center","600 South Federal Street, Chicago, IL, USA"
"ColoCrossing","BUF1 - Buffalo Data Center","325 Delaware Avenue, Buffalo, NY, USA"
"Lumen","Tallahassee 1 Data Center","619 Mabry Street, Tallahassee, FL, USA"
"Lumen","Chicago 3 Data Center","200 North LaSalle Street, Chicago, IL, USA"
"Lumen","Sacramento Data Center","1075 Triangle Court, Broderick, California, EE. UU."
"Innova Solutions","Tempe Data Center","950 West Elliot Road suite 216, Tempe, AZ, USA"
"Crown Castle","Albany Data Center","80 State Street, Albany, Nueva York, EE. UU."
"Stream Data Centers","Santa Clara V Data Center","39800 Eureka Dr, Newark, California 94560, EE. UU."
"365 Data Centers","NY3 New York City Data Center","111 8th Avenue suite 723, New York, NY, USA"
"teraswitch","SLC1 Data Center","Salt Lake City, UT, EE. UU."
"MDC Data Centers","SDG2 Data Center","3180 University Ave, San Diego, CA 92104, EE. UU."
"Navisite","Andover Data Center","400 Minuteman Road, Andover, MA 01810, USA"
"Quest Technologies","Quest Roseville HABC","9000 Foothills Boulevard, Roseville, CA, USA"
"Lumen","San Diego 2 Data Center","8923 Complex Drive, San Diego, CA, USA"
"LightEdge","San Diego II Data Center","9725 Scranton Road, San Diego, CA, USA"
"CenterServ","Atlanta Data Center","260 Peachtree Street Northwest, Atlanta, GA, USA"
"Csquare","IAD3-A Dulles Data Center","22995 Wilder Court, Dulles, VA 20166, USA"
"365 Data Centers","NY5 New York City Data Center","60 Hudson Street suite 1001, New York, NY, USA"
"Citynet","Columbus Data Center","251 Neilston St, Columbus, OH 43215, EE. UU."
"BlueBridge Networks","BlueBridge Columbus Data Center","Columbus, Ohio, USA"
"Northgate by Elemental","Trinity Campus","Texas City, TX, USA"
"Zenlayer","SEA1 Seattle Data Center","3433 South 120th Place, Tukwila, WA 98168, USA"
"IT Solutions Group","Chicago Data Center","Chicago, IL, USA"
"Enzu","ORD3 Chicago Data Center","500 S Federal St, Chicago, IL, USA"
"CenterServ","Orlando Data Center","618 East South Street, Orlando, FL, USA"
"Synoptek","Chicago Data Center","935 Lakeview Pkwy ste 105, Vernon Hills, IL 60061, USA"
"Windstream","Milwaukee, WI Data Center","401 West North Avenue, Milwaukee, WI 53212, USA"
"Viridio","Viridio Data Center","25655 Louisa Lane, Menifee, CA, USA"
"Ntirety","Dallas Data Center","1807 Ross Avenue, Dallas, TX, USA"
"DataBank","DFW6 - Dallas Love Field Data Center","8600 Harry Hines Boulevard, Dallas, TX, USA"
"NETdepot","NETdepot - Spring, TX","2626 Spring Cypress Road, Spring, TX 77388, USA"
"China Telecom","LA2 Data Center","818 West 7th Street, Los Angeles, CA 90017, USA"
"Quest Technology Management","Quest Mount Prospect Data Center","800 East Business Center Drive, Mount Prospect, IL 60056, USA"
"Lumen","Columbus 5 Data Center","345 2nd St, Columbus, OH, EE. UU."
"Innova Solutions","Minnesota Data Center I","421 1st Avenue Southwest, Rochester, MN 55902, USA"
"VPSserver","Atlanta Data Center","Atlanta, Georgia, EE. UU."
"CoreSite","SV4 Silicon Valley Data Center","2972 Stender Way, Santa Clara, CA, USA"
"MOD Mission Critical","MI1 - MI1 Data Center PoP","50 NE 9th St, Miami, FL, USA"
"Enzu","ORD1 Chicago Data Center","350 East Cermak Road, Chicago, IL, USA"
"China Telecom","NY8 Data Center","60 Hudson Street, New York, NY 10013, USA"
"Digital Realty","Dallas DFW29 Data Center","950 East Collins Boulevard, Richardson, TX, USA"
"CenterServ","Colorado Springs Data Center","102 South Tejon Street, Colorado Springs, CO, USA"
"CenterServ","Portland Data Center","111 SW 5th Ave, Portland, OR, USA"
"Csquare","IAD1-B Sterling Data Center","45845 Nokes Blvd, Sterling, VA 20166, USA"
"Lumen","Sacramento 2 Data Center","1005 North B Street, Sacramento, CA, USA"
"Lumen","Denver 5 Data Center","14200 East Jewell Avenue, Aurora, CO, USA"
"Atlantic Metro Communications","ORD2 427 South LaSalle Street Data Center","427 South LaSalle Street, Chicago, IL, USA"
"Atlantic Metro Communications","DFW1 1950 North Stemmons Freeway Data Center","1950 North Stemmons Freeway, Dallas, TX, USA"
"Handy Networks, LLC","Cleveland Data Center","1625 Rockwell Ave, Cleveland, Ohio, USA"
"Consolidated Communications Holdings, Inc.","Mattoon Data Center","1501 Charleston Avenue, Mattoon, Illinois, EE. UU."
"Fifteenfortyseven critical systems realty","Chicago IL | CHIL1 Data Center","40 E Garfield Blvd, Chicago, Illinois, EE. UU."
"Global Access Point (GAP)","Illinois Data Center","Chicago, Illinois, EE. UU."
"Telxius","Boca Raton Data Center","6503 West Rogers Circle, Boca Raton, FL 33487, USA"
"Data Center West","Eugene Data Center","Eugene, Oregón, EE. UU."
"SupraNet Communications","SupraNet Communications Madison","8000 Excelsior Drive, Madison, WI, USA"
"Colovore, LLC","SJC01 Santa Clara Data Center","1101 Space Park Drive, Santa Clara, CA, USA"
"Iron Mountain Data Centers","VA-5 - Northern Virginia Data Center","11580 Hayden Road, Manassas, VA, USA"
"Csquare","IAD2-A Sterling Data Center","22810 International Drive, Sterling, VA 20166, USA"
"Lumen","Daytona Beach 1 Data Center","111 North Segrave Street, Daytona Beach, FL, USA"
"Lumen","Dayton 3 Data Center","1 South Main Street, Dayton, OH, USA"
"Lumen","Fort Worth 3 Data Center","515 Houston Street, Fort Worth, TX, USA"
"Lumen","Denver 4 Data Center","950 17th Street, Denver, CO, USA"
"Lumen","Cincinnati 4 Data Center","9490 Meridian Way, West Chester Township, OH, USA"
"Crown Castle","Worthington Data Center","720 B Lakeview Plaza Boulevard, Worthington, Ohio, EE. UU."
"Serverfarm","Clarksville Data Center","Clarksville, Arkansas 72830, USA"
"MDC Data Centers","LDO1 Laredo Data Center","13619 Cabezut Dr, Laredo, TX 78045, USA"
"Summit","Silicon Valley, CA Data Center","2820 Northwestern Parkway, Santa Clara, CA 95051, USA"
"Colocation America","ChicagoDC3 Data Center","800 E Business Center Dr, Mount Prospect, IL, USA"
"DC Mining","Alsip IL","12300 South Keeler Avenue, Alsip, IL, USA"
"Nautilus Data Technologies","Stockton 1 Data Center","1002 Embarcadero, Stockton, CA, USA"
"CenterServ","Sacramento Data Center","980 9th Street (Park Towers), 9th Street, Sacramento, CA, USA"
"Krypt","Data Center Honolulu, HI (HNL1)","3375 Koapaka Street, Honolulu, Hawaii 96819, USA"
"Lumen","Aurora 1 Data Center","23901 East 6th Avenue, Aurora, CO, USA"
"Consolidated Communications Holdings, Inc.","Heights Data Center","7656 Old Auburn Road, Citrus Heights, California, EE. UU."
"Consolidated Communications Holdings, Inc.","McClellan Data Center","5115 Arnold Avenue, McClellan Park, Sacramento, California, EE. UU."
"365 Data Centers","NY6 New York City Data Center","60 Hudson Street suite 1211, New York, NY, USA"
"Beeks Financial Cloud Group","Illinois DC3 Data Center","Chicago, Illinois, USA"
"Racksquared","Racksquared Data Centers — Columbus, Ohio","Racksquared Data Centers, East Spring Street, Columbus, Ohio, USA"
"MOD Mission Critical","HOU1 - Switch Houston Data Center PoP","660 Greens Parkway, Houston, TX, USA"
"Equinix","DC10 Ashburn Data Center","21551 Beaumeade Circle, Ashburn, VA, USA"
"Digital Realty","Los Angeles LAX12 Data Center","2260 E El Segundo Blvd, El Segundo, CA, USA"
"Aventus Data Centers","715 Data Center","901 Commerce Drive, Marshfield, WI, USA"
"Hivelocity","SEA1 Seattle Data Center","20001 6th Ave, Seattle, WA, USA"
"Crane LLC","Ohio Data Center","Ohio, USA"
"Lumen","Cambridge 2 Data Center","1 Main Street, Cambridge, MA, USA"
"Consolidated Communications Holdings, Inc.","Tarentum (Rockpointe) Data Center","400 MSA Drive, Tarentum, Pennsylvania 15084, EE. UU."
"RTI connectivity pte ltd","Dededo Data Center","Guam, Misuri, Estados Unidos"
"i2b Networks","SAN02 Data Center","8830 Complex Drive, San Diego, CA 92123, USA"
"Zenlayer","LAX8 Los Angeles Data Center","17836 Gillette Avenue, Irvine, CA 92614, USA"
"DCI Data Center Services","Avenue South Data Center","1001 3rd Avenue South, Minneapolis, MN 55404, EE. UU."
"XMission","XMission - Salt Lake City - Utah","67 East 400 South, Salt Lake City, UT 84111, USA"
"T5 Data Centers","@Silicon Valley Data Center","39800 Eureka Drive, Newark, CA, USA"
"DataBank","DFW7 - Dallas LBJ Data Center","6606 Lyndon B Johnson Freeway, Dallas, TX, USA"
"NTT DOCOMO BUSSINESS","Ashburn VA2 Virginia Data Center","22451 Shaw Road, Sterling, VA, USA"
"CloudHQ","LC Campus United States - Northern VA","21955 Loudoun County Pkwy, Ashburn, Virginia 20147, USA"
"Lumen","Madison Data Center","612 West Main Street, Madison, WI 53703, EE. UU."
"Innova Solutions","Spokane Data Center","304 West Pacific Avenue suite 210, Spokane, Washington, USA"
"Crown Castle","Syracuse Data Center","2 South Clinton Street, Siracusa, Nueva York, EE. UU."
"Fifteenfortyseven critical systems realty","Chicago IL | CHIL2 Data Center","725 South Wells Street, Chicago, Illinois, EE. UU."
"Firstlight Fiber","Rockland Data Center","1050 Hingham Street, Rockland, Massachusetts, EE. UU."
"Firstlight Fiber","Brunswick Data Center","14 Resilient Circle, Brunswick, Maine, EE. UU."
"Total Server Solutions","Chicago Data Center","Chicago, Illinois, EE. UU."
"Zenlayer","LAX9 Los Angeles Data Center","200 Bauchet Street, Los Angeles, CA 90012, USA"
"Data Center West","Medford Data Center","Medford, Oregon, EE. UU."
"ServaxNet","PIT01 — New Castle","Pittsburgh, Pennsylvania, USA"
"Xfernet","Chicago Data Center CH1 (Cermak Rd)","350 East Cermak Road, Chicago, IL, USA"
"MOD Mission Critical","CH1 - CH1 Chicago Data Center PoP","350 East Cermak Road, Chicago, IL, USA"
"MDC Data Centers","MCA2 McAllen Data Center","422 S 11th St, McAllen, TX, USA"
"Enzu","SEA2 Seattle Data Center","12201 Tukwila International Boulevard, Tukwila, WA, USA"
"Enzu","IAH1 Houston Data Center","1301 Fannin Street, Houston, TX, USA"
"Digital Realty","Northern Virginia IAD35 Data Center","43940 Digital Loudoun Plaza bldg g, Ashburn, VA 20147, USA"
"CenterServ","Madison Data Center","8383 Greenway Boulevard, Middleton, WI, USA"
"Watch Communications","Ohio Data Center","3225 West Elm Street, Lima, OH 45805, USA"
"HorizonIQ","Chicago 3 Data Center","1905 Lunt Avenue, Elk Grove Village, IL, USA"
"Csquare","IAD1-E Sterling Data Center","21110 Ridgetop Circle, Sterling, VA 20166, USA"
"Lumen","Dayton 2 Data Center","130 West 2nd Street, Dayton, OH, USA"
"Cogent Communications","Richmond Data Center","1001 Oliver Hill Way, Richmond, Virginia 23219, USA"
"365 Data Centers","WA1 Quincy Data Center","2200 M Street Northeast, Quincy, WA, USA"
"Neutron LLC","Spokane Data Center","Spokane, WA, EE. UU."
"i2b Networks","SAN01 Data Center","8971 Complex Drive, San Diego, CA 92123, USA"
"IPTP Networks","Chicago Data Center 1","350 E Cermak Rd, Chicago, IL 60616, USA"
"BlueBridge Networks","BlueBridge Mayfield Heights Data Center","6154 Mayfield Road, Mayfield Heights, OH 44124, USA"
"Limestone Networks","ORD1 Chicago Data Center","427 South LaSalle Street, Chicago, IL, USA"
"Digital Realty","Northern Virginia ACC4 Data Center","44480 Hastings Drive, Ashburn, VA, USA"
"FDCservers.net","CH2 CoreSite","CoreSite Chicago Data Center (CH2), South Clinton Street, Chicago, IL, USA"
"Colospace","Bedford Data Center","8 Commerce Drive, Bedford, NH, USA"
"Cogent Communications","El Paso Data Center","151 North Boone Street, El Paso, Texas 79905, USA"
"CBTS LLC","Florence Data Center","987 South Central Avenue, Florence, Los Angeles, CA, USA"
"Lumen","Honolulu 1 Data Center","3375 Koapaka St, Honolulu, HI, USA"
"Innova Solutions","Colorado Springs Data Center","5625 Delmonico Dr suite 320 office 324, Colorado Springs, CO 80919, USA"
"Summit","San Jose Data Center","Northwestern Parkway, Santa Clara, CA 95051, EE. UU."
"CloudSouth","West Palm Beach Data Center","424 Hampton Road, West Palm Beach, FL, USA"
"HostDime","Los Angeles Data Center","600 W 7th St, Los Angeles, CA 90017, USA"
"TierPoint","New York - 11 Skyline -  Hawthorne Data Center","11 Skyline Drive, Hawthorne, NY, USA"
"Enzu","MIA1 Miami Data Center","50 NE 9th St, Miami, FL, USA"
"Cogent Communications","Vienna Data Center","1921 Gallows Rd, Vienna, VA, USA"
"Digital Realty","Northern Virginia VA3 Data Center","1780 Business Center Drive, Reston, VA, USA"
"Digital Realty","Northern Virginia IAD38 Data Center","44100 Digital Loudoun Plaza bldg j, Ashburn, VA 20147, USA"
"CyberNest","CyberNest Chicago","427 S La Salle St, Chicago, IL 60605, USA"
"Csquare","SFO1-B Santa Clara Data Center","2403 Walsh Ave, Santa Clara, CA 95051, USA"
"Lumen","Cleveland 6 Data Center","4000 Chester Avenue, Cleveland, OH, USA"
"Cogent Communications","Spokane Data Center","4725 S Spotted Rd, Spokane, Washington 99224, USA"
"Stream Data Centers","DFW VI – Legacy Business Park","8375 Dominion Parkway, Plano, Texas 75024, EE. UU."
"CDS Global","Los Angeles Data Center","600 West 7th Street, Los Angeles, California, EE. UU."
"Firstlight Fiber","Keene Data Center","310 Marlboro Street, Keene, New Hampshire, EE. UU."
"SoftBank Group Corp","Shackelford Data Center","Texas, United States"
"Alchemy Data Centers LLC","Los Angeles 1 Data Center","6171 W Century Blvd, Los Ángeles, Los Angeles, CA 90045, EE. UU."
"Lumen","Tucson 1 Data Center","135 North 6th Avenue, Tucson, AZ, USA"
"Iron Rails Data Centers","701 River Street Data Center","701 River Street, Troy, NY, USA"
"Digital Realty","Silicon Valley SJC31 Data Center","2805 Lafayette Street, Santa Clara, CA, USA"
"EXA Infrastructure","New York Data Centre","60 Hudson Street, Hudson Street, New York, NY 10013, USA"
"C-Spire","Gulfport Data Center","10394 Express Dr, Gulfport, MS 39503, USA"
"Hivelocity","DAL1 Dallas Data Center","1515 Round Table Drive, Dallas, TX, USA"
"CloudHQ","SJC Campus United States","552 Reed St, Santa Clara, California 95050, USA"
"Quasar Data Center","Quasar Data Center","1001 Texas Street suite 310, Houston, Texas 77002, USA"
"Data Journey","Houston Data Center","552 Club Drive, Montgomery, TX, USA"
"Lumen","Waco 1 Data Center","1417 Air Base Rd, Waco, TX, USA"
"Lumos Networks","211 Leon Sullivan Way Data Center","211 Leon Sullivan Way, Charleston, WV, USA"
"Cogent Communications","La Mirada Data Center","16680 Valley View Avenue, La Mirada, California 90638, USA"
"CoreSpace","Chicago Data Center","350 East Cermak Road, Chicago, Illinois, EE. UU."
"Firstlight Fiber","Williston Data Center","Burlington, Vermont, EE. UU."
"Sabey Data Centers","SDC Manhattan Data Center","375 Pearl Street, Pearl Street, New York, NY 10038, USA"
"Data Center West","Redding Data Center","Redding, California, EE. UU."
"IPTP Networks","Torrance Data Center","1501 Francisco Street, Torrance, California 90501, United States of America"
"Digital Realty","Silicon Valley SJC34 Data Center","2820 Northwestern Parkway, Santa Clara, CA, USA"
"BreezeHost.io","Chicago","427 South La Salle Street, Chicago, IL, USA"
"H5 Data Centers","Herndon, VA","470 Springpark Pl, Herndon, VA 20170, USA"
"Lumen","Doraville 1 Data Center","6855 Crescent Avenue Northeast, Atlanta, GA, EE. UU."
"VPSserver","Silicon Valley Data Center","San Francisco Bay Area, California, EE. UU."
"menlo digital","Chicago Data Center","601 West Polk Street, Chicago, Illinois, EE. UU."
"TierPoint","New York -  17 Skyline Dr - Hawthorne Data Center","17 Skyline Drive, Hawthorne, NY, USA"
"DataBank","DataBank IAD5 Data Center","14601 Germanna Hwy, Culpeper, VA 22701, USA"
"CyberNest","Miami","36 Northeast 2nd Street, Miami, FL, USA"
"Krypt","Data Center Emeryville, CA (OAK1)","1400 65th Street suite 150, Emeryville, CA 94608, USA"
"Fibernet","ORM1 Data Center","1145 South 800 East, Orem, UT 84097, USA"
"Lumen","Chicago 6 Data Center","101 North Wacker Drive, Chicago, IL, USA"
"Lumen","Jacksonville 2 Data Center","608 West Adams Street, Jacksonville, FL, USA"
"LOGIX Fiber Networks","Houston Data Center","811 Louisiana Street, Houston, Texas, EE. UU."
"365 Data Centers","NY4 New York City Data Center","60 Hudson Street suite 1101, New York, NY, USA"
"IPTP Networks","Seattle Data Center 1","2001 6th Ave #300, Seattle, Washington 98121, USA"
"IPTP Networks","Chicago Data Center 4","600 South Federal Street, Chicago, IL, USA"
"Lumen","Dallas 3 Data Center","1150 Regal Row, Dallas, TX, USA"
"Cogent Communications","San Diego Town Center Data Center","9530 Towne Centre Drive, San Diego, CA, USA"
"Atlantic.net","San Francisco Data Center","2820 Northwestern Pkwy, Santa Clara, CA, USA"
"ColoBarn","Florida Data Center","3225 Jordan Boulevard, Malabar, FL, USA"
"SD Data Center","Englewood, CO","8636 South Peoria Street, Englewood, Colorado, USA"
"Acronis","Dalla Data Center","1950 N Stemmons Fwy, Dallas, TX 75207, USA"
"Csquare","SFO4-A Santa Clara Data Center","Centersquare Silicon Valley Data Center (Santa Clara 4), 1500 Space Park Dr, Santa Clara, CA 95054, USA"
"Lumen","Cleveland 4 Data Center","1621 Euclid Avenue, Cleveland, OH, USA"
"DataBank","DFW9 - Red Oak Data Center","Batchler Road & Stainback Rd, Red Oak, Texas, USA"
"Lumen","Arlington Heights 1 Data Center","1305 East Algonquin Road, Schaumburg, IL, USA"
"DataBank","DataBank SLC6 Data Center","14870 Pony Express Road, Bluffdale, UT 84065, USA"
"365 Data Centers","LA2 Los Angeles Data center","600 West 7th Street, Los Angeles, CA, USA"
"365 Data Centers","TX3 Dallas Data Center","1950 North Stemmons Freeway, Dallas, TX, USA"
"Sabey Data Centers","SDC West C","12101 Tukwila International Boulevard, Tukwila, WA 98168, USA"
"Sabey Data Centers","SDC Seattle East 1","3411 South 120th Place, Tukwila, WA 98168, USA"
"Telxius","Data Center - TJAX01 Jacksonville","402 2nd Avenue South, Jacksonville Beach, Florida, USA"
"DataBank","DataBank ORD2 Data Center","840 South Canal Street, Chicago, IL, USA"
"ScaleMatrix","Dallas Data Center US-South 01","820 Allen Commerce Parkway, Allen, TX, USA"
"Xfernet","Los Angeles Data Center LA1 (600 W 7th St)","600 W 7th St, Los Angeles, CA, USA"
"Volico Data Center","ATL1 - Atlanta Data Center","55 Marietta Street NorthWest, Atlanta, GA, USA"
"Cogent Communications","Herndon Data Center","510 Huntmar Park Drive, Herndon, VA, USA"
"Cogent Communications","Seattle Data Center","32275 32nd Avenue South, Federal Way, WA, USA"
"Digital Realty","Silicon Valley SJC29 Data Center","1725 Comstock Street, Santa Clara, CA, USA"
"CyberNest","CyberNest Salt Lake","179 Social Hall Avenue, Salt Lake City, UT, USA"
"Cogent Communications","Milwaukee 2 Data Center","2915 S 5th Ct, Milwaukee, WI, USA"
"OneSource Cloud Corporation","DA0 Data Center","900 North Dorothy Drive, Richardson, TX, USA"
"Lumen","Cincinnati 3 Data Center","1428 West 8th Street, Cincinnati, OH, USA"
"365 Data Centers","SJ1 San Jose Data Center","55 South Market Street, South Market Street, San Jose, CA, USA"
"IPTP Networks","Chicago Data Center 5","350 East Cermak Road, Chicago, IL, USA"
"Bitfarms Ltd.","Bitfarms Sharon Data Center","Sharon Fire Department, West Connelly Boulevard, Sharon, Pennsylvania 16146, USA"
"MOD Mission Critical","TU1 - Involta Tucson Data Center PoP","1215 East Pennsylvania Street, Tucson, AZ, USA"
"Evocative","New York Data Center (JFK2)","480 N Bedford Rd, Chappaqua, NY 10514, USA"
"China Telecom","Digital Realty NYC1 Data Center","60 Hudson Street, New York, NY 10013, USA"
"HorizonIQ","Dallas 1 Data Center","1221 Coit Road, Plano, TX, USA"
"Hivelocity","DAL2 Dallas TX","1950 North Stemmons Freeway, Dallas, TX, USA"
"NTT Global Data Centers","VA4 Ashburn Data Center","21583 Megawatt Dr, Ashburn, VA 20147, USA"
"Lumen","Albany 4 Data Center","10 Airline Drive, Albany, NY, USA"
"Lumen","Eugene 1 Data Center","1745 W 5th Ave, Eugene, OR, USA"
"Cogent Communications","Dallas 2 Data Center","146 Parkhouse St, Dallas, Texas 75207, USA"
"DataBank","IAD6 - Culpepper Data Center","14601 Germanna Hwy, Culpeper, Virginia 22701, USA"
"Lumen","Atlanta 5 Data Center","953 Donnelly Avenue Southwest, Atlanta, GA, USA"
"Lumen","Atlanta 4 Data Center","250 Williams Street Northwest, Atlanta, GA, USA"
"Innova Solutions","Bakersfield Data Center","4560 California Avenue suite 100, Bakersfield, California, USA"
"Innova Solutions","Sacramento Data Center","1104 Corporate Way suite 100, Sacramento, California, USA"
"VPSserver","Chicago Data Center","427 South LaSalle Street, Chicago, Illinois, EE. UU."
"Quest Technologies","Quest McClellan BRC","4235 Forcum Ave, McClellan Park, CA 95652, United States"
"MOD Mission Critical","KEN1 Ziply Kennewick WA Data Center PoP","4916 West Clearwater Avenue, Kennewick, WA 99336, USA"
"MOD Mission Critical","AT1 - DRT ATL14 Data Center PoP","250 Williams Street Northwest, Atlanta, GA, USA"
"Summit","Ashburn Data Center","43830 Devin Shafron Drive, Ashburn, Virginia 20147, USA"
"DataBank","LGA2 - Downtown New York City Data Center","111 8th Avenue, New York, NY, USA"
"Atlantic.net","Asburn Data Center","1807 Michael Faraday Ct, Reston, VA, USA"
"Cogent Communications","New York Data Center","25 Broadway, New York, NY, USA"
"Lunavi","New York Data Center","1 Ramland Road, Orangeburg, NY, USA"
"CenterServ","Chula Vista Data Center","333 H Street, Chula Vista, CA, USA"
"CenterServ","Denver Data Center","1600 South Broadway, Denver, CO, USA"
"Comarch ICT","Phoenix Data Center","3223 S Ellsworth Rd, Mesa, AZ 85212, USA"
"Krypt","Data Center Santa Ana, CA (SNA1)","1400 South Grand Avenue, Santa Ana, CA 92705, USA"
"Telstra","Chicago CH4 Data Center","2101-2199 S Calumet Ave, Chicago, IL 60616, USA"
"Atlantic Metro Communications","ORD3 725 South Wells Street Data Center","725 South Wells Street, Chicago, IL, USA"
"365 Data Centers","VA1 Herndon Data Center","13873 Park Center Rd, Herndon, VA 20171, USA"
"365 Data Centers","NY12 New York City Data Center","7 Teleport Drive, Staten Island, NY, USA"
"Zenlayer","LAX1 Los Angeles Data Center","624 South Grand Avenue, Los Angeles, CA, USA"
"Lumen","Albany 1 Data Center","316 North Pearl Street, Albany, NY, USA"
"IBM Cloud","DAL02/06 Dallas, TX","1333 North Stemmons Freeway suite 110, Dallas, Texas 75207, USA"
"Lumen","Salt Lake City 1 Data Center","572 South Delong Street, Salt Lake City, UT, USA"
"Cogent Communications","Livermore Data Center","8851 Manning Rd, Livermore, California 94551, USA"
"Lumen","Cleveland 2 Data Center","1228 Euclid Avenue, Cleveland, OH, USA"
"CoreSpace","Dallas Data Center","7505 John W. Carpenter Freeway, Dallas, Texas, EE. UU."
"365 Data Centers","NY1 New York City Data Center","32 6th Avenue 7th floor, New York, NY, USA"
"Simply Bits, LLC","Simply Bits DC1","1300 S Park Ave, Tucson, AZ 85713, United States"
"Vantage Data Centers","Ashburn III Data Center Campus – Building 4","19509 Belmont Ridge Road, Ashburn, VA 20147, USA"
"TierPoint","Seattle Data Center","100 4th Avenue North, Seattle, WA, USA"
"MDC Data Centers","MCA1 McAllen Data Center","200 S 10th St, McAllen, TX 78501, USA"
"Superb Internet, A CherryRoad Company","SEA2  - Seattle Data Center","3311 South 120th Place, Seattle, WA, USA"
"BreezeHost.io","Los Angeles","2947 Bradley Street, Pasadena, CA, USA"
"Hivelocity","IAD2 Ashburn VA","21715 Filigree Court building f, Ashburn, VA, USA"
"Latitude.sh","Ashburn","43830 Devin Shafron Drive, Ashburn, VA, USA"
"Hivelocity","Dallas Data Center","1649 West Frankford Road, Carrollton, TX, USA"
"Midco Business","Sioux Falls Data Center","5401 South Solberg Avenue, Sioux Falls, SD, USA"
"Lumen","Springfield 1 Data Center","1 Federal Street, Springfield, MA, USA"
"Lumos Networks","1200 Greenbrier St Data Center","1200 Greenbrier Street, Charleston, WV, USA"
"Atlantic Metro Communications","ORD0 350 E Cermak Rd Data Center","350 E Cermak Rd, Chicago, IL, USA"
"DataBank","DFW8 - Plano Data Center","8375 Dominion Pkwy, Plano, Texas 75024, USA"
"365 Data Centers","VA8 Vienna Data Center","7990 Quantum Drive, Vienna, VA, USA"
"Sabey Data Centers","SDC Umatilla Building","Umatilla Street, La Grande, OR, United States"
"DataYard","DataYard Data Center","130 West 2nd Street LLC, West 2nd Street, Dayton, Ohio, EE. UU."
"Vantage Data Centers","Ashburn III Data Center Campus – Building 2","19509 Belmont Ridge Road, Ashburn, VA 20147, USA"
"IPTP Networks","Kent Data Center","6906 South 204th Street, Kent, Washington 98032, United States of America"
"MOD Mission Critical","BND1 - One Neck Data Center PoP","20845 Sockeye Place, Bend, OR, USA"
"WowRack","Downtown Seattle Data Center","2001 6th Avenue, Seattle, WA, USA"
"CenterServ","Cleveland Data Center","600 Superior Avenue, Cleveland, OH, USA"
"Metanet Hosting","85 Tenth Avenue Data Center","85 10th Avenue, New York, NY, USA"
"SD Data Center","Melbourne, FL","8635 Holiday Springs Road, Melbourne, FL 32940, USA"
"Lumen","South Holland 1 Data Center","200 East 166th Street, South Holland, IL, USA"
"Lumos Networks","1145 River Rd Data Center","1145 River Rd, Charlottesville, VA, USA"
"Atlantic Metro Communications","DFW2 2323 Bryan Street Data Center","2323 Bryan Street, Dallas, TX, USA"
"Cogent Communications","Irving Data Center","2511 E Grauwyler Rd, Irving, Texas 75061, USA"
"westelcom networks","Syracuse Data Center","Syracuse, Nueva York, EE. UU."
"Sabey Data Centers","SDC East 5","3355 South 120th Place, Tukwila, WA 98168, USA"
"Sabey Data Centers","SDC Seattle West B","12201 Tukwila International Boulevard, Tukwila, WA 98168, USA"
"NTT DOCOMO BUSSINESS","Sterling Data Center","22451 Shaw Road, Sterling, VA, USA"
"Digital Realty","Silicon Valley SJC10 Data Center","1100 Space Park Drive, Santa Clara, CA, USA"
"ColoBarn","Arizona Data Center","8905 South Beck Avenue, Tempe, AZ, USA"
"Csquare","SFO2-B Santa Clara Data Center","4650 Old Ironsides Drive, Santa Clara, CA 95054, USA"
"MOD Mission Critical","Data Bank Data Centers","100 South Commons, Pittsburgh, PA, USA"
"Lumen","Cleveland 1 Data Center","4000 Chester Avenue, Cleveland, OH, USA"
"Crown Castle","Crown Castle Worcester (MA3)","474 Main Street #1608, Clinton, Worcester, Massachusetts, USA"
"Crown Castle","Marlborough Data Center","34 St Martin Dr, Marlborough, MA 01752, EE. UU."
"westelcom networks","West Coast Seattle Data Center","Seattle, Washington, EE. UU."
"University of Maine System","UMS Data Center – Neville Hall, Orono","University of Maine, College Avenue, Orono, ME, USA"
"Cato Digital, Inc","us-west-2","17836 Gillette Ave, Irvine, CA 92614, USA"
"CoreSite","VA2 Reston Data Center","12098 Sunrise Valley Drive, Reston, VA, USA"
"COPT Data Center","DC-6 9751 Hornbaker Data Center","9751 Hornbaker Road, Manassas, VA, USA"
"Shift Hosting","Atlanta GA","250 Williams Street Northwest, Atlanta, GA, USA"
"HorizonIQ","Oakland Data Center","720 2nd St, Oakland, CA, USA"
"Csquare","SFO1-C Santa Clara Data Center","Centersquare Silicon Valley Data Center (Santa Clara 1), 2401 Walsh Ave, Santa Clara, CA 95051, USA"
"Lumos Networks","524 W Broad St Data Center","524 W Broad St, Waynesboro, VA, USA"
"Lumen","Garden City 1 Data Center","71 Clinton Rd, Garden City, NY, USA"
"NTT Global Data Centers","Phoenix PH4 Data Center","10256 East Elliot Road bldg 4, Mesa, AZ 85212, EE. UU."
"Senawave","Salt Lake City Data Center","3047 Parkway Blvd, West Valley City, UT, United States"
"Lumen","El Paso 1 Data Center","501 West Overland Avenue, El Paso, TX, USA"
"MDC Data Centers","ELP1 El Paso Data Center","11455 Cedar Oak Dr, El Paso, TX 79936, USA"
"H5 Data Centers","Virginia Data Center","4050 Lafayette Center Dr, Chantilly, VA 20151, USA"
"Cogent Communications","Washington DC 1 Data Center","1120 Vermont Ave NW, Washington, DC, USA"
"Hurricane Electric","Fremont 1 Data Center","760 Mission Ct, Fremont, CA, USA"
"CenterServ","Garland Data Center","675 Town Square Blvd, Garland, TX, USA"
"Hivelocity","FLL1 Ft Lauderdale FL","36 Northeast 2nd Street suite 600, Miami, FL, USA"
"Csquare","SFO3-A Sunnyvale Data Center","1400 Kifer Rd, Sunnyvale, CA 94086, USA"
"EXA Infrastructure","EXA  Albany Data Center","11 North Pearl Street, Albany, NY 12207, EE. UU."
"DigiCo Infrastructure REIT","Dallas DAL1 Data Center","Dallas, TX, USA"
"CoreSpace","Atlanta Data Center","56 Marietta Street NorthWest, Atlanta, GA 30303, USA"
"365 Data Centers","SJ2 San Jose Data Center","11 Great Oaks Boulevard, San Jose, CA, USA"
"China Telecom","Coresite SV7 Data Center","3020 Coronado Dr, Santa Clara, CA 95054, USA"
"H5 Data Centers","New York Data Center","325 Hudson Street, New York, NY, USA"
"China Telecom","QTS SC2 Data Center","2807 Mission College Boulevard, Santa Clara, CA, USA"
"Shift Hosting","Chicago IL","350 East Cermak Road, Chicago, IL, USA"
"HorizonIQ","Los Angeles 1 Data Center","3690 Redondo Beach Avenue, Redondo Beach, CA, USA"
"Netrality Data Centers","New York 1 Data Center","111 8th Avenue, New York, NY, USA"
"Windstream","Albany, ALB Data Center","Home Savings Bank Building, North Pearl Street, Albany, NY, USA"
"Metrobloks","PHX-A1 Metrobloks Data Center","625 East Grant Street, Phoenix, Arizona, EE. UU."
"Zenlayer","SJC7 San Jose Data Center","11 Great Oaks Blvd, San Jose, CA 95119, USA"
"Data Foundry Inc","Houston 2","660 Greens Pkwy, Houston, TX 77067, EE. UU."
"BlueBridge Networks","BlueBridge Cleveland Data Center","1255 Euclid Avenue suite 500, Cleveland, OH 44115, USA"
"MOD Mission Critical","HOU2 - Netrality Houston Data Center PoP","1301 Fannin Street, Houston, TX, USA"
"EdgeConnex","SVC01 Santa Clara Data Center","1700 Richard Avenue, Santa Clara, CA, USA"
"Stellar Technologies Inc.","PHX01 Data Center","3011 South 52nd Street, Tempe, AZ, USA"
"Enzu","PHX2 Phoenix Data Center","1850 W Deer Valley Rd, Phoenix, AZ, USA"
"Colocation America","LADC3 - Los Angeles Data Center","600 W 7th St, Los Angeles, CA, USA"
"Lumos Networks","500 Summers St Data Center","500 Summers Street, Charleston, WV, USA"
"Windstream","Bristol, TN Data Center","112 6th St, Bristol, Tennessee 37620, USA"
"Cogent Communications","Hollywood Data Center","3924 Pembroke Rd, Pembroke Park, Florida 33021, USA"
"IPXON Networks","Fort Lauderdale Data Center","Fort Lauderdale, Florida, EE. UU."
"Digital Realty","Northern Virginia IAD14 Data Center","43791 Devin Shafron Drive, Ashburn, VA, USA"
"Hivelocity","SNV1 Sunnyvale CA","444 Toyama Drive, Sunnyvale, CA 94089, USA"
"Shift Hosting","Chicago 2","Netrality Data Centers Chicago - 717 S. Wells - Colocation & Interconnection, South Wells Street, Chicago, IL, USA"
"Firstlight Fiber","Albany, NY Data Center","11 North Pearl Street, Albany, NY, EE. UU."
"Cloudnium LLC","Port Edwards Data Center","141 Market Avenue, Port Edwards, WI, USA"
"SATOKIE","Texas Data Center","West, Texas, EE. UU."
"Zenlayer","SJC2 San Jose Data Center","1350 Duane Ave, Santa Clara, CA 95054, USA"
"Zenlayer","CHI3 Chicago Data Center","350 E Cermak Rd 8th floor, Chicago, IL 60616, EE. UU."
"MOD Mission Critical","SND1 - Databank San Diego Data Center PoP","12270 World Trade Drive, San Diego, CA, USA"
"Enzu","PHX1  Phoenix Data Center","120 East Van Buren Street, Phoenix, AZ, USA"
"China Telecom","Telehouse Teleport Data Center","7 Teleport Dr, Staten Island, NY 10311, USA"
"NFINIT","Van Buren Data Center","120 E Van Buren St, Phoenix, AZ, USA"
"CenterServ","Long Beach Data Center","111 W Ocean Blvd, Long Beach, CA, USA"
"DP Facilities","Mineral Gap Data Center Campus","5978 Windswept Blvd, Wise, VA, USA"
"Digital Realty","Silicon Valley SJC35 Data Center","3205 Alfred Street, Santa Clara, CA, USA"
"Cogent Communications","Pittsburgh Data Center","3126 Liberty Ave, Pittsburgh, Pennsylvania 15201, USA"
"Lumen","Anaheim 2 Data Center","2463 West La Palma Avenue, Anaheim, CA, USA"
"Vision Net","Billings Data Center","1030 Central Ave, Billings, MT 59102, EE. UU."
"Vantage Data Centers","Ashburn I Data Center Campus – Building 2","Vantage Data Centers, Sterling, VA 20166, USA"
"Vantage Data Centers","Ashburn I Data Center Campus – Building 3","Vantage Data Centers, Sterling, VA 20166, USA"
"Vantage Data Centers","Ashburn III Data Center Campus – Building 5","19509 Belmont Ridge Road, Ashburn, VA 20147, USA"
"China Telecom","Ashburn 1 Data Center","21111 Ridgetop Circle, Sterling, VA 20166, USA"
"Digital Realty","Northern Virginia ACC7 Data Center","21625 Gresham Drive, Ashburn, VA, USA"
"CenterServ","Oakland Data Center","505 14th Street, Oakland, CA, USA"
"Prime Data Centers","Prime Phoenix - Lower Buckeye #3","11753 West Lower Buckeye Road, Avondale, AZ, USA"
"NetcroHosting","Miami Data Center","36 NE 2nd St #400, Miami, FL 33132, USA"
"Csquare","IAD1-A Sterling Data Center","45901 Nokes Blvd, Sterling, VA 20166, USA"
"Csquare","IAD1-F Sterling Data Center","45901 Nokes Blvd, Sterling, VA 20166, USA"
"vaultas","St. Cloud Data Center","3701 18th St S, St. Cloud, Minnesota, EE. UU."
"IPTP Networks","Ashburn Data Center 1","21701 Filigree Court, Ashburn, VA, USA"
"IPTP Networks","Dallas Data Center 1","Equinix Data Center, 1950 North Stemmons Freeway, Dallas, TX 75207, USA"
"DataPro","DataPro IV","MIT Building 4, Memorial Drive, Cambridge, MA, USA"
"CenterServ","Anaheim Data Center","2400 East Katella Avenue, Anaheim, CA, USA"
"Logix","Dallas Data Center","2323 Bryan St, Dallas, Texas, USA"
"LightEdge","Ashburn Data Center","21721 Filigree Ct building 5 suite 500, Ashburn, Virginia 20147, USA"
"Equinix","DC8 Vienna Data Center","8502 Tyco Road, Vienna, VA, USA"
"MOD Mission Critical","CH6 - 365 Data Centers PoP","427 South LaSalle Street, Chicago, IL, USA"
"Lumen","Dallas 4 Data Center","400 South Akard Street, Dallas, TX, USA"
"Lumen","Cleveland 3 Data Center","1621 Euclid Avenue, Cleveland, OH, USA"
"Consolidated Communications Holdings, Inc.","Laconia Data Center","Laconia, New Hampshire, EE. UU."
"365 Data Centers","VA2 Manassas Data Center","9651 Hornbaker Road, Manassas, VA, USA"
"ServaxNet","SLC01 — Salt Lake City, Utah","Salt Lake City, UT, USA"
"Vantage Data Centers","Fredericksburg VA4-Building 1 Data Cente","225 Centreport Parkway, Fredericksburg, VA 22406, USA"
"Vazata","Dallas DAA (Dal I )Data Center","4025 Midway Road, Carrollton, TX, USA"
"NTT Global Data Centers","VA3 Ashburn Data Center","44664 Guilford Drive, Ashburn, VA, USA"
"Voonami, LLC","SLC1 510 Technology Ave Data Center","510 Technology Ave, Orem, UT, USA"
"Colocation America","LADC4 - Los Angeles Data Center","530 W 6th St, Los Angeles, CA, USA"
"Opti9 Technologies","New York Data Center","501 Franklin Avenue suite 200, Garden City, NY 11530, USA"
"Lumen","Chicago 4 Data Center","600 West Chicago Avenue, Chicago, IL, USA"
"Innova Solutions","Visalia Data Center","2906 West Main Street, Visalia, California, USA"
"multacom inc","Reston Data Center","Virginia, EE. UU."
"Cloudnium LLC","San Angelo Data Center","2701 S Johnson St, San Angelo, TX, USA"
"702 Communications","702 Communications Data","1300 West Warner Avenue, Santa Ana, CA 92704, USA"
"Citigroup Inc.","Citigroup: Georgetown","201 Blue Ridge Drive, Georgetown, TX, USA"
"Windstream","Texarkana, TX Data Center","507 Olive St, Texarkana, TX 75501, USA"
"Management Science","Evergreen Heights Data Center","Evergreen Heights Elementary School, South 316th Street, Auburn, Washington, EE. UU."
"MOD Mission Critical","SL1 - Flexential SLC Data Center PoP","3949 South 200 East, Murray, UT, USA"
"Opus Interactive","Northern Virginia Data Center","11680 Hayden Rd, Manassas, VA, USA"
"MDC Data Centers","NOG1 Nogales Data Center","81 North Sonoita Avenue, Nogales, AZ, USA"
"China Telecom","Cyxtera LA1 Data Center","200 N Nash St, El Segundo, CA 90245, USA"
"Cogent Communications","Stockton Data Center","3807 Coronado Ave, Stockton, California 95204, USA"
"Lumen","Chicago 5 Data Center","600 South Federal Street, Chicago, IL, USA"
"Lumen","New York 2a Data Center","85 Tenth Ave, 10th Avenue, New York, NY, USA"
"Lumen","Chicago Data Center","600 West Chicago Avenue, Chicago, IL, USA"
"Stream Data Centers","Santa Clara I – II Data center","1350 Duane Avenue, Santa Clara, California, EE. UU."
"365 Data Centers","NY11 New York City Data Center","475 Vanderbilt Avenue, Brooklyn, NY, USA"
"VPSserver","Dallas data center","Dallas, Texas, EE. UU."
"teraswitch","Dallas Data Center","Dallas, Texas, EE. UU."
"Lincoln Data Centers","Atlanta Data Center","Atlanta, GA, EE. UU."
"Zenlayer","DFW2 Dallas Data Center","1950 N Stemmons Fwy #2049, Dallas, TX 75207, USA"
"Zenlayer","ATL9 Atlanta Data Center","1800 Thomas St, Atlanta, GA 30318, USA"
"Yondr Group","Dallas","Dallas, TX, USA"
"ByteGrid","Lynnwood Data Center","4200 194th Street Southwest, Lynnwood, Washington 98036, USA"
"Digital Realty","Northern Virginia ACC6 Data Center","44461 Chilum Place, Ashburn, VA, USA"
"Csquare","IAD2-B Sterling Data Center","22860 International Drive, Sterling, VA 20166, USA"
"MOD Mission Critical","AT2 - POP","56 Marietta Street NorthWest, Atlanta, GA, USA"
"Crown Castle","New York Data Center","111 8th Avenue, Nueva York, EE. UU."
"DigiCo Infrastructure REIT","Los Angeles LAX1 Data Center","Los Angeles, CA, USA"
"Aptum Technologies","Herndon Data Center","2350 Corporate Park Dr, Herndon, Virginia, EE. UU."
"ColoCrossing","San Jose (SJ1) Data Center","55 South Market Street, San Jose, California, EE. UU."
"CoreSite","SV8 Silicon Valley Data Center","3035 Stender Way, Santa Clara, CA, USA"
"DataBank","DataBank IAD3 Data Center","21630 Red Rum Drive, Ashburn, VA 20147, USA"
"Voonami, LLC","SLC2 2302 Presidents Drive Data Center","2302 Presidents Drive, West Valley City, UT, USA"
"Enzu","DFW3 Dallas Data Center","2323 Bryan Street, Dallas, TX, USA"
"Digital Realty","Northern Virginia ACC5 Data Center","44521 Hastings Drive, Ashburn, VA, USA"
"Lumen","San Luis Obispo 1 Data Center","775 Capitolio Way, San Luis Obispo, CA, USA"
"Stream Data Centers","NOVA I & II","Northern Va Building Industry Association, Centerview Drive, Chantilly, Virginia, EE. UU."
"365 Data Centers","VA5 Ashburn Data Center","21715 Filigree Court, Ashburn, VA, USA"
"Planet Access Networks","Orange County Data Center","Irvine, California, USA"
"Vantage Data Centers","Ashburn III Data Center Campus – Building 6","19509 Belmont Ridge Road, Ashburn, VA 20147, USA"
"Vantage Data Centers","Port Washington (Lighthouse) Data Center Campus – Building 3","Port Washington, NY, USA"
"Crusoe Cloud","Project Jade - Building 1","Terry Ranch Rd & CanAm Hwy, Cheyenne, Wyoming 82007, USA"
"Psychz Networks","Dallas Data Center","1515 Round Table Drive, Dallas, TX, USA"
"China Telecom","Ashburn 2 Data Center","21721 Filigree Court, Ashburn, VA 20147, USA"
"CenterServ","Washington Data Center","1050 Connecticut Ave NW, Washington, DC, USA"
"Digital Realty","Los Angeles LAX11 Data Center","200 North Nash Street, El Segundo, CA, USA"
"Firstlight Fiber","Lebanon Data Center","16 Cavendish Court, Lebanon, Nuevo Hampshire, EE. UU."
"Data Center West","Ashland Data Center","Ashland, Oregón, EE. UU."
"Vantage Data Centers","Ashburn III Data Center Campus - Building 3","19509 Belmont Ridge Road, Ashburn, VA 20147, USA"
"Zenlayer","MIA1 Miami Data Center","50 Northeast 9th Street, Miami, FL 33132, United States"
"CyberNest","CyberNest Dallas","400 S Akard St, Dallas, TX 75202, USA"
"BreezeHost.io","Dallas","1515 Round Table Drive, Dallas, TX, USA"
"Equinix","Equinix SV12x","Great Oaks Boulevard, San Jose, CA, USA"
"Lumen","Buffalo 1 Data Center","240 Scott Street, Buffalo, NY, USA"
"365 Data Centers","SV1 Sunnyvale Data Center","1360 Kifer Road, Sunnyvale, CA, USA"
"menlo digital","Boston Data Center","TierPoint - Boston Data Center (Marlborough), 34 St Martin Dr, Marlborough, Massachusetts, EE. UU."
"South Reach Networks","Ft. Pierce (SRN Edge Data Center)","353 Florida Avenue, Fort Pierce, FL 34950, United States"
"Lumen","Modesto 1 Data Center","1224 13th Street, Modesto, CA, USA"
"China Telecom","Ashburn 3 Data Center","44790 Performance Circle, Ashburn, VA 20147, USA"
"DataBank","LGA1 - Downtown New York City Data Center","60 Hudson Street, New York, NY, USA"
"DataBank","IAD2 - McLean Data Center","1764a Old Meadow Lane, McLean, VA, USA"
"Colocation America","NYDC3 - New York Data Center","11 Skyline Dr, Hawthorne, NY, USA"
"Opus Interactive","Dallas Data Center","400 South Akard Street, Dallas, TX, USA"
"Frontline Data Services","Orangeburg NY Data Center","100 Dutch Hill Rd, Orangeburg, NY 10962, USA"
"Colocation America","LADC5 - Los Angeles Data Center","650 South Grand Avenue, Los Angeles, CA, USA"
"Cogent Communications","Tacoma Data Center","2210 South 35th Street, Tacoma, WA, USA"
"NaviSite","Syracuse Data Center","125 Elwood Davis Road, Syracuse, NY, USA"
"Lumen","Atlanta 3 Data Center","250 Williams Street Northwest, Atlanta, GA, USA"
"365 Data Centers","OGB1 Orangeburg Data Center","1 Ramland Road, Orangeburg, NY, USA"
"Citynet","Charleston Data Center","226 Kanawha Blvd E, Charleston, WV 25302, EE. UU."
"Zenlayer","ATL3 Atlanta Data Center","1150 White St SW, Atlanta, Georgia 30310, USA"
"Stack Infrastructure","NVA02E Northern Virginia Data Center","Historic District, 9604 Hornbaker Road, Manassas, VA, USA"
"MOD Mission Critical","SL2 - Databank SLC1 Salt Lake City Data Center PoP","179 Social Hall Avenue, Salt Lake City, UT, USA"
"MOD Mission Critical","PX3 - Flexential Phoenix Data Center PoP","1850 W Deer Valley Rd, Phoenix, AZ, USA"
"Enzu","DFW1 Dallas Data Center","1950 North Stemmons Freeway, Dallas, TX, USA"
"Enzu","DFW2 Dallas Data Center","8600 Harry Hines Boulevard, Dallas, TX, USA"
"Digital Realty","Northern Virginia IAD24 Data Center","43830 Devin Shafron Drive, Ashburn, VA, USA"
"Crown Castle","Worchester Data Center","474 Main Street, Worcester, Massachusetts 01608, EE. UU."
"Wacolo (Columbia Colocation)","Quincy Data Center - Trinidad Campus","Quincy, Washington, United States"
"Vazata","Dallas DAB (DAL II) Date Center","2440 Marsh Lane, Carrollton, TX, USA"
"Colocation America","NYDC1 - New York Data Center","60 Hudson Street, New York, NY, USA"
"Neutron Colocation","Seattle Data Center","2001 6th Avenue, Seattle, WA, USA"
"Cogent Communications","Worcester Data Center","52 Lagrange St, Worcester, Massachusetts 01610, USA"
"Cogent Communications","Buffalo Data Center","271 Bristol St, Buffalo, New York 14206, USA"
"Innova Solutions","Irvine Data Center","111 Pacifica suite 110, Irvine, California, USA"
"Innova Solutions","West Covina Data Center","100 North Citrus Street suite 150, West Covina, California, USA"
"Northland Communications","Syracuse Data Center","Syracuse, Nueva York, EE. UU."
"Zenlayer","ATL6 Atlanta Data Center","1101 Donnelly Ave SW, Atlanta, GA 30310, EE. UU."
"Vantage Data Centers","Fredericksburg VA4 – Building 2 Data Cente","225 Centreport Parkway, Fredericksburg, VA 22406, USA"
"Hivelocity","LA2 Los Angeles Data Center","600 West 7th Street suite 510, Los Angeles, CA, USA"
"NTT Global Data Centers","VA5 Ashburn Data Center","21583 Megawatt Dr, Ashburn, VA 20147, USA"
"Centrilogic","Scottsdale, Arizona","9316 E Raintree Dr, Scottsdale, AZ 85260, USA"
"Edgeuno","LAX1 Los Angeles Data Center","One Wilshire Building, 624 S Grand Ave, Los Angeles, CA, USA"
"COPT Defense Properties","15049 Conference Center Drive, Chantilly","15049 Conference Center Drive, Chantilly, Virginia 20151, USA"
"FDCservers.net","DC15 Equinix","44780 Performance Circle, Ashburn, VA, USA"
"FDCservers.net","LA3 Equinix","1920 East Maple Avenue, El Segundo, CA, USA"
"Cogent Communications","Syracuse Data Center","402 N Midler Ave, Syracuse, New York 13206, USA"
"Innova Solutions","Virginia Data Center","8229 Boone Boulevard, Vienna, VA 22182, USA"
"Firstlight Fiber","Portsmouth Data Center","359 Corporate Drive, Portsmouth, New Hampshire, EE. UU."
"Strata Networks","Utah Data Center","Uintah Basin Medical Center, W 300 N, Roosevelt, Utah, EE. UU."
"Zenlayer","ATL5 Atlanta Data Center","180 Peachtree Street Northwest, Atlanta, GA 30303, EE. UU."
"IPTP Networks","San Jose Data Center 3","11 Great Oaks Boulevard, San Jose, CA, USA"
"Crusoe Cloud","Project Jade - Building 3","Terry Ranch Rd & CanAm Hwy, Cheyenne, Wyoming 82007, USA"
"Cato Digital, Inc","us-west-1","4700 Old Ironsides Dr, Santa Clara, CA 95054, USA"
"CoreSite","SV7 Silicon Valley Data Center","3020 Coronado Drive, Santa Clara, CA, USA"
"HopOne @CherryRoad","DCA2 McLean Data Center","8201 Greensboro Drive, Tysons, VA, USA"
"NTT DOCOMO BUSSINESS","Ashburn VA1 Virginia Data Center","21715 Filigree Court, Ashburn, VA, USA"
"HorizonIQ","Northern Virginia Data Center","21711 Filigree Court, Ashburn, VA, USA"
"MOD Mission Critical","DAL1 Cologix Data Center","1950 North Stemmons Freeway, Dallas, TX, USA"
"Windstream","Phoenix, AZ Data Center","1710 E Grant St, Phoenix, AZ 85034, USA"
"Flõ Networks","Flo Networks ELP01","500 West Overland Avenue, El Paso, TX 79901, USA"
"Lincoln Data Centers","Lynnwood Data Center","Lynnwood, Washington, EE. UU."
"South Reach Networks","St. Augustine (SRN Edge Data Center)","355 Watson Road, Saint Augustine, FL 32086, United States"
"Crusoe Cloud","Project Jade - Building 5","Terry Ranch Rd & CanAm Hwy, Cheyenne, Wyoming 82007, USA"
"MOD Mission Critical","NY1 - Telehouse New York Data Center PoP","85 10th Avenue, New York, NY, USA"
"DataBank","SFO1 Silicon Valley Data Center","5101 Lafayette Street, Santa Clara, CA, USA"
"MOD Mission Critical","PX1 - PhoenixNAP Phoenix Data Center PoP","3402 East University Drive, Phoenix, AZ, USA"
"Lunavi","Dallas Data Center","1950 North Stemmons Freeway, Dallas, TX, USA"
"Midco Business","Fargo Data Center","4624 28th Ave S, Fargo, ND, USA"
"Lumen","Laredo 1 Data Center","504 Farragut Street, Laredo, TX, USA"
"Cogent Communications","Oroville Data Center","2405 Bird St, Oroville, California 95965, USA"
"365 Data Centers","VA4 Reston Data Center","11513 Sunset Hills Road, Reston, VA, USA"
"365 Data Centers","WA. DC. Washington Data Center","1275 K Street Northwest, Washington, DC, USA"
"Smartcom telephone llc","McAllen Data Center","McAllen, TX, EE. UU."
"Zenlayer","ATL7 Atlanta Data Center","56 Marietta Street NorthWest, Atlanta, GA 30303, EE. UU."
"IPTP Networks","San Jose Data Center 2","1735 Lundy Ave, San Jose, California 95131, United States of America"
"MOD Mission Critical","MIS1 - VisionNet-MSO Missoula Data Center PoP","110 East Broadway Street, Missoula, MT, USA"
"China Telecom","SV3 Data Center","1735 Lundy Avenue, San Jose, CA 95131, USA"
"CenterServ","Tucson Data Center","One South Church, South Church Avenue, Tucson, AZ, USA"
"Data Canopy","Dallas (Allen)","2300 Chelsea Boulevard, Allen, TX 75013, USA"
"HorizonIQ","New York 2 Data Center","375 Pearl Street, New York, NY, USA"
"Csquare","SFO4-B Santa Clara Data Center","1550 Space Park Dr, Santa Clara, CA 95054, USA"
"Lumen","Wichita Falls 1 Data Center","301 Lee Street, Wichita Falls, TX, USA"
"Atlantic Metro Communications","SJC2 1360 Kifer Road Data Center","1360 Kifer Road, Sunnyvale, CA, USA"
"OneSource Cloud Corporation","EQ DA1","1949 N Stemmons Fwy, Dallas, TX 75207, USA"
"Optic Fusion","Seattle Data Center","Seattle, Washington, EE. UU."
"Parsec Data Management","Parsec Data Center","3470 Gabel Rd, Billings, MT 59102, United States"
"Vantage Data Centers","Phoenix Data Center Campus - Building 2","45 South Bullard Avenue, Goodyear, AZ 85338, USA"
"Stack Infrastructure","NVA02D Northern Virginia Data Center","9590 Hornbaker Road, Manassas, VA, USA"
"Enzu","JFK1 New York Data Center","111 8th Avenue, New York, NY, USA"
"Zenlayer","NYC1 New York Data Center","60 Hudson St, New York, NY 10013, USA"
"Hurricane Electric","San Jose (Silicon Valley) Data Center","55 South Market Street, South Market Street, San Jose, CA, USA"
"Data Canopy","Ashburn","44664 Guilford Drive, Ashburn, VA, USA"
"Cogent Communications","Phoenix 1 Data Center","3410 East University Drive, Phoenix, AZ, USA"
"Lumos Networks","800 Main St Data Center","800 Main St, Lynchburg, VA, USA"
"Crane LLC","Texas Data Center","Texas, USA"
"Lincoln Data Centers","Plano Data Center","Plano, Texas, EE. UU."
"Yondr Group","Northern Virginia","Northern Virginia, Virginia, United States"
"Vantage Data Centers","Phoenix Data Center Campus - Building 4","45 South Bullard Avenue, Goodyear, AZ 85338, USA"
"Crusoe Cloud","Project Jade - Building 4","Terry Ranch Rd & CanAm Hwy, Cheyenne, Wyoming 82007, USA"
"Limestone Networks","Washington, DC (IAD1)","11660 Hayden Rd, Manassas, VA 20109, USA"
"Datacate, Inc","SJC1 Bay Area Santa Clara Data Center","2151 Mission College Blvd, Santa Clara, CA, USA"
"Lumen","Phoenix 3 Data Center","801 South 16th Street, Phoenix, AZ, USA"
"Sabey Data Centers","SDC East 2","3311 South 120th Place, Tukwila, WA 98168, USA"
"Vantage Data Centers","Port Washington (Lighthouse) Data Center Campus - Building 2","Port Washington, NY, USA"
"IPTP Networks","Newark Data Center","165 Halsey Street, Newark, NJ, USA"
"MDC Data Centers","EGP1 Eagle Pass Data Center","464 Bliss St, Eagle Pass, TX 78852, USA"
"Shift Hosting","Dallas TX","1515 Round Table Drive, Dallas, TX, USA"
"Mosaic Data Services","Washington Data Center","Washington D.C., DC, USA"
"Centrilogic","Buffalo, New York","Main Place Tower, 350 Main Street, Buffalo, NY 14202, USA"
"Cogent Communications","Phoenix 2 Data Center","1530 E Roeser Rd, Phoenix, Arizona 85040, USA"
"Bitfarms Ltd.","Bitfarms Washington Data Center","Old Moses Lake Highway, Moses Lake, Washington 98837, USA"
"Crusoe Cloud","Project Jade - Building 2","Terry Ranch Rd & CanAm Hwy, Cheyenne, Wyoming 82007, USA"
"WowRack","Washington DC Data Center","9651 Hornbaker Road, Manassas, VA, USA"
"Zenlayer","LAX2 Los Angeles Data Center","900 Alameda Street, Los Angeles, CA, USA"
"iTel Networks Inc.","Buffalo Main St Data Center","350 Main Street, Buffalo, NY, USA"
"Edge Centres","EC101 Los Angeles Data Center","Sheraton Grand Los Angeles, S Hope St, Central LA, Los Angeles, California 90017, USA"
"Hivelocity","LA1 Los Angeles Data Center","624 South Grand Avenue, Los Angeles, CA, USA"
"Hivelocity","IAD4 Reston VA","12100 Sunrise Valley Drive, Reston, VA 20191, USA"
"Krypt","Data Center Dallas, TX (DAL1)","2800 Summit Ave, Plano, TX 75074, USA"
"OneSource Cloud Corporation","Databank MI1","50 Northeast 8th Street, Miami, FL 33132, USA"
"Optic Fusion","Tacoma Data Center","Tacoma, Washington, EE. UU."
"South Reach Networks","Rockledge (SRN Edge Data Center)","173 Edward's Drive, Rockledge, FL 32955, United States"
"Bitfarms Ltd.","Bitfarms Scrubgrass Data Center","2151 Lisbon Road, Kennerdell, Pennsylvania 16374, USA"
"iTel Networks Inc.","New York 8th Ave Data Center","111 8th Avenue, New York, NY, USA"
"MadeIt","Dallas Data Center","Dallas, TX, USA"
"Otava","Virginia Data Center","44664 Guilford Drive, Ashburn, VA, USA"
"Limestone Networks","DFW2 Dallas Data Center","1950 North Stemmons Freeway, Dallas, TX, USA"
"Enzu","MIA2 Miami Data Center","36 NE 2nd St, Miami, FL, USA"
"Shift Hosting","Dallas, TX 2","2323 Bryan Street, Dallas, TX, USA"
"Hivelocity","IAD3 Ashburn VA","21635 Red Rum Dr, Ashburn, VA 20147, USA"
"Atlantic Metro Communications","MIA2 36 Northeast 2nd Street Data Center","36 Northeast 2nd Street, Miami, FL, USA"
"OneSource Cloud Corporation","Databank DFW2","903 Quality Way, Richardson, TX 75081, USA"
"Lumen","Albany 3 Data Center","Home Savings Bank Building, North Pearl Street, Albany, NY, USA"
"TATA Communications","Santa Clara Data Center","5201 Great America Parkway, Santa Clara, CA, USA"
"Bulk Infrastructure","Denmark Data Center","Center Street, Copenhagen, Denmark, Nueva York, EE. UU."
"menlo digital","Palo Alto Data Center","529 Bryant Street, Palo Alto, California, EE. UU."
"Sabey Data Centers","Rick Jones Way","Butte, MT, USA"
"ServaxNet","DFW02 — Dallas, Texas","Dallas, Texas, USA"
"IREN Prince George","Horizon 1 Data Center","620 Farm to Market Road 1033, Childress, Texas 79201, USA"
"Citigroup Inc.","Citigroup Fort Worth (Dallas–Fort Worth area)","931 Litsey Road, Roanoke, TX, USA"
"Crusoe Cloud","Abilene - Building 3 Data Center","5502 Spinks Rd, Abilene, Texas 79601, USA"
"Cyberverse","PHX Phoenix Data Center","2500 West Union Hills Drive, Phoenix, AZ, USA"
"Vazata","Dallas DAC (DAL III) Data Center","4025 Midway Road, Carrollton, TX, USA"
"Data Canopy","Sterling","21350 Pacific Blvd, Sterling, VA, USA"
"Cyberverse","Plano Data Center","2800 Summit Avenue, Plano, TX, USA"
"Edgeuno","DAL1 Dallas Data Center","1990 North Stemmons Freeway, Dallas, Texas 75207, USA"
"Cogent Communications","Albany Data Center","89 Hannay Ln, Glenmont, New York 12077, USA"
"VPSserver","Miami Data Center","Miami, Florida, EE. UU."
"M247 Global","Copenhagen Data Center","Denmark Australia Occidental, Australia"
"Beeks Financial Cloud Group","Chicago CH1 Data Centre","350 Southeast Cermak Lane, Shelton, WA, USA"
"Vantage Data Centers","Fredericksburg VA4-BUILDING 3 Data Center","225 Centreport Parkway, Fredericksburg, VA 22406, USA"
"IPTP Networks","Los Angeles Data Center 8","600 West 7th Street 3rd floor, Los Angeles, CA 90017, USA"
"Colocation America","NYDC2 - New York Data Center","111 8th Avenue, New York, NY, USA"
"EvoSwitch","WDC-02 Manassas Data Center","Historic District, 11680 Hayden Road, Manassas, VA, USA"
"Epsilon Telecommunications","New York Data Center","60 Hudson Street, Hudson Street, New York, NY, USA"
"Telia Company","NYKEC Data Center","111 8th Avenue, New York, NY, USA"
"Cogent Communications","Palm Springs Data Center","3601 N Indian Canyon Dr, Palm Springs, California 92262, USA"
"Ricoh Americas Corporation","New York Data Center","Long Island, NY, EE. UU."
"menlo digital","MD-VA1 (Herndon)","13775 McLearen Road, Herndon, VA, EE. UU."
"Dedicated Solutions","Dallas Data Center","Dallas, TX, USA"
"WowRack","Dallas Data Center","1950 North Stemmons Freeway, Dallas, TX, USA"
"Enzu","SEA3 Seattle Data Center","140 4th Avenue North, Seattle, WA, USA"
"HorizonIQ","Miami 2 Data Center","36 Northeast 2nd Street, Miami, FL, USA"
"Colovore, LLC","SJC02 Santa Clara Data Center","3060 Raymond St, Santa Clara, CA, USA"
"Innova Solutions","Torrance Data Center","19191 S Vermont Ave, Torrance, CA 90502, USA"
"Crown Castle","Pompano Data Center","2530 North Andrews Avenue Extension, Pompano Beach, FL 33064, EE. UU."
"the benaroya company","SH1 Data Center","Puyallup, Washington, EE. UU."
"menlo digital","Sunnyvale Data Center","444 Toyama Drive, Sunnyvale, California, EE. UU."
"Zenlayer","LAX10 Los Angeles Data Center","One Wilshire Building, South Grand Avenue, Los Angeles, CA, USA"
"Zenlayer","IAD8 Washington DC Data Center","Washington D. C., Distrito de Columbia, EE. UU."
"Sabey Data Centers","SDC Intergate Ashburn Building B","21745 Red Rum Drive, Ashburn, VA 20147, USA"
"IPTP Networks","North Bergen Data Center","5851 West Side Ave, North Bergen, New Jersey 07047, United States of America"
"MOD Mission Critical","LA2 - Evocative Data Center PoP","600 West 7th Street, Los Angeles, CA, USA"
"Telstra","Los Angeles Data Center","600 7th St, Los Angeles, CA 90017, USA"
"Cogent Communications","Billings Data Center","3025 Hesper Road, Billings, MT 59102, EE. UU."
"westelcom networks","Plattsburgh Data Center","24 Margaret Street, Plattsburgh, Nueva York, EE. UU."
"menlo digital","Manassas Data Center","Historic District, 7505 Mason King Court, Manassas, VA, EE. UU."
"Global Ip Networks INC","Dallas Data Center","2020 Live Oak St, Dallas, TX 75201, EE. UU."
"MOD Mission Critical","DA2 - Flexential Dallas Plano Data Center PoP","3500 East Plano Parkway, Plano, TX, USA"
"Enzu","JFK3 New York Data Center","32 Avenue of the Americas, New York, NY, USA"
"CenterServ","Seattle Data Center","800 5th Avenue, Seattle, WA, USA"
"Lumen","Herndon 1 Data Center","520 Van Buren Street, Herndon, VA, USA"
"Atlantic Metro Communications","LAX1 600 West 7th Street Data Center","600 West 7th Street, Los Angeles, CA, USA"
"Volico Data Center","DFL - Deerfield Data Center","500 Northwest 48 Street, Pompano Beach, Florida 33064, USA"
"OneSource Cloud Corporation","Databank DB","400 South Akard Street, Dallas, TX 75202, USA"
"Fifteenfortyseven critical systems realty","ORNY1 Data Center","Orangeburg, New York, EE. UU."
"menlo digital","MD-SV1 (Sunnyvale)","888-894 Ross Drive, Sunnyvale, California, EE. UU."
"menlo digital","Santa Clara Data Center","4650 Old Ironsides Drive, Santa Clara, California, EE. UU."
"CME group","NY5 Data Center","Secaucus, NJ, EE. UU."
"Subrigo","Fremont Data Center","Fremont, California, EE. UU."
"IPTP Networks","Miami Data Center 1","50 Northeast 9th Street, Miami, FL 33132, USA"
"Zenlayer","NYC3 New York City Data Center","60 Hudson Street, Hudson Street, New York, NY, USA"
"Sabey Data Centers","SDC Seattle East 3","3333 South 120th Place, Tukwila, WA 98168, USA"
"IPTP Networks","Vienna Data Center 1","7990 Quantum Drive, Vienna, VA, USA"
"IREN Prince George","Sweetwater 1 Data Center","883 Farm to Market Road 611, Sweetwater, Texas 79556, USA"
"Enzu","SJC1 Santa Clara Data Center","2151 Mission College Boulevard, Santa Clara, CA, USA"
"HorizonIQ","Seattle 1 Data Center","140 4th Avenue South, Seattle, WA, USA"
"Acronis","Ashburn Data Center","21701 Filigree Ct bldg d, Ashburn, VA 20147, USA"
"Edgeuno","IAD1 Ashburn Data Center","44470 Chilum Place, Ashburn, Virginia 20147, USA"
"DataBank","DataBank IAD4 Data Center","21625 Red Rum Drive, Ashburn, VA 20147, USA"
"CoreSpace","One Wilshire Data Center","624 South Grand Avenue, Los Ángeles, Los Angeles, CA 90017, EE. UU."
"365 Data Centers","VA3 Reston Data Center","12100 Sunset Hills Road, Reston, VA, USA"
"Vantage Data Centers","Ashburn I Data Center Campus – Building 6","Vantage Data Centers, Sterling, VA 20166, USA"
"Vantage Data Centers","Ashburn II Data Center Campus – Building 2","22435 Glenn Drive, Sterling, VA 20164, USA"
"Crusoe Cloud","Abilene Data Center - Building 7","5502 Spinks Rd, Abilene, Texas 79601, USA"
"Psychz Networks","Los Angeles Data Center","700 Wilshire Boulevard, Los Angeles, CA, USA"
"Xfernet","Los Angeles Data Center (Wilshire Blvd)","3250 Wilshire Boulevard, Central LA, Los Angeles, CA, USA"
"HorizonIQ","Silicon Valley 3 Data Center","11 Great Oaks Blvd, San Jose, CA, USA"
"Edgeuno","JFK1 New York Data Center","60 Hudson St, New York, NY 10013, USA"
"Lumen","Seattle 5 Data Center","22722 29th Avenue South, Seattle, WA, USA"
"Lumos Networks","342 N Court Ave Data Center","342 North Court Avenue, Covington, VA, USA"
"Cogent Communications","San Jose Data Center","801 Newhall St, San Jose, California 95110, USA"
"Lumen","Miami 2 Data Center","50 Northeast 9th Street, Miami, FL, USA"
"Innova Solutions","Costa Mesa Data Center","950 South Coast Drive, Costa Mesa, CA, USA"
"TATA Communications","New York Data Center","551 5th Avenue, New York, NY, USA"
"Citynet","Bridgeport Data Center","100 Platinum Drive, Bridgeport, Virginia Occidental, EE. UU."
"VPSserver","Seattle Data Center","Seattle, Washington, EE. UU."
"menlo digital","Santa Clara 2 Data Center","4700 Old Ironsides Drive, Santa Clara, California, EE. UU."
"teraswitch","Los Angeles Data Center","Los Ángeles, California, EE. UU."
"Synapsecom","Athens Data Center","Athens Grecian Delight Inc, South Tamiami Trail, Port Charlotte, Florida, EE. UU."
"Smartcom telephone llc","Laredo Data Center","Laredo, TX, EE. UU."
"Be Company","USA 001","Pennsylvania, USA"
"IPTP Networks","Ashburn Data Center 7","21715 Filigree Court, Ashburn, VA, USA"
"Conscious Networks","Washington DC Data Center","44464 Guilford Drive, Ashburn, VA, USA"
"Enzu","JFK2 New York Data Center","60 Hudson Street, Hudson Street, New York, NY, USA"
"HorizonIQ","Dallas 3 Data Center","1950 North Stemmons Freeway, Dallas, TX, USA"
"Edgeuno","MIA1 Miami Data Center","50 NE 9th St, Miami, Florida 33132, USA"
"LightEdge","San Jose Data Center","7 Great Oaks Blvd, San Jose, California 95119, USA"
"Lumen","Washington DC 4","1828 L St NW, Washington, DC, USA"
"Global Ip Networks INC","Plano Data Center","1009 Jupiter Rd, Plano, TX 75074, EE. UU."
"Zenlayer","NYC2 New York City Data Center","32 Avenue of the Americas, 6th Avenue, New York, NY 10013, USA"
"IPTP Networks","Ashburn Data Center 13","21715 Filigree Court, Ashburn, VA, USA"
"Crusoe Cloud","Abilene  Data Center - Building 2","5502 Spinks Rd, Abilene, Texas 79601, USA"
"Cato Digital, Inc","us-east1","60 Hudson Street, Hudson Street, New York, NY, USA"
"Zenlayer","SJC1 San Jose Data Center","9 Great Oaks Blvd, San Jose, CA, USA"
"Atlantic Metro Communications","MIA1 2115 Northwest 22nd Avenue Data Center","2115 Northwest 22nd Avenue, Miami, FL, USA"
"Crown Castle","Crown Castle Los Angeles LA2","609 W 7th St, Los Angeles, California 90017, USA"
"Vision Net","Helena Data Center","1084 Helena Avenue, Helena, MT 59601, EE. UU."
"Smartcom telephone llc","Dallas Data Center","Dallas, TX, EE. UU."
"DXC Technology","CSCVA1 Data Center","14120 Newbrook Drive, Chantilly, Virginia, EE. UU."
"IPTP Networks","San Jose Data Center 1","11 Great Oaks Boulevard, San Jose, CA 95119, USA"
"Planet Access Networks","Los Angeles Data Center","One Wilshire Building, 624 S Grand Ave, Los Angeles, California, USA"
"IPTP Networks","Dallas Data Center 6","1990 North Stemmons Freeway, Dallas, TX, USA"
"iTel Networks Inc.","New York Ave of the Americas Data Center","32 Ave of the Americas, New York, NY, USA"
"China Telecom","Cyxtera SC8 Data Center","4700 Old Ironsides Dr, Santa Clara, CA 95054, USA"
"Atlantic Metro Communications","IAD1 21715 Filigree Court Data Center","21715 Filigree Court, Ashburn, VA, USA"
"Atlantic Metro Communications","LAX3 900 North Alameda Street Data Center","900 North Alameda Street, Los Angeles, CA, USA"
"Innova Solutions","Fremont Data Center","42840 Christy Street, Fremont, CA, USA"
"IPTP Networks","Los Angeles Data Center 4","600 West 7th Street, Los Angeles, CA 90017, USA"
"IPTP Networks","Santa Clara Data Center 2","1350 Duane Ave, Santa Clara, California 95054, United States of America"
"IPTP Networks","Ashburn Data Center 10","21715 Filigree Court, Ashburn, VA, USA"
"Crusoe Cloud","Warrenton DC1 Data Center","22151 NW Service Rd, Warrenton, Missouri 63383, USA"
"Crusoe Cloud","Warrenton DC2 Data Center","22151 NW Service Rd, Warrenton, Missouri 63383, USA"
"Xfernet","Los Angeles Data Center (Grand Ave)","624 South Grand Avenue, Los Angeles, CA, USA"
"Limestone Networks","LAX1 Los Angeles Data Center","44 North Douglas Street, El Segundo, CA, USA"
"Xyvest","611 Wilshire Blvd Data Center","611 Wilshire Boulevard, Los Angeles, CA, USA"
"TurnKey Internet","Los Angeles Data Center","530 West 6th Street, Los Angeles, CA, USA"
"Metanet Hosting","111 8th Ave Data Center","111 8th Avenue, New York, NY, USA"
"Hivelocity","LA2 Digital Realty","600 W 7th St suite 550, Los Angeles, CA, USA"
"HorizonIQ","Los Angeles 5 Data Center","600 West 7th Street, Los Angeles, CA, USA"
"Lumen","Albany 2 Data Center","194 Washington Avenue, Albany, NY, USA"
"Innova Solutions","Carlsbad Data Center","5050 Avenida Encinas suite 100, Carlsbad, California, USA"
"365 Data Centers","NY9 New York City Data Center","85 10th Avenue 7th floor suite z, New York, NY, USA"
"Zenlayer","SJC3 Data Center","1656 McCarthy Blvd, Milpitas, CA 95035, EE. UU."
"IPTP Networks","Secaucus Data Center 4","800 Secaucus Road, Secaucus, NJ 07094, U.S."
"WowRack","New York Data Center","Buffalo, NY, USA"
"CenterServ","Glendale Data Center","450 North Brand Boulevard, Glendale, CA, USA"
"Shatter IT","Buffalo Main Place Tower Data Center","350 Main Street, Buffalo, NY, USA"
"Krypt","Data Center Phoenix, AZ (PHX1)","2500 W Union Hills Dr, Phoenix, AZ 85027, USA"
"LOGIX Fiber Networks","Dallas Data Center","2323 Bryan Street, Dallas, Texas, EE. UU."
"IPTP Networks","Ashburn Data Center 8","21715 Filigree Court, Ashburn, VA, USA"
"IPTP Networks","Chicago Data Center 2","350 E Cermak Rd 5th floor, Chicago, Illinois 60616, United States of America"
"IPTP Networks","Dallas Data Center 7","1950 North Stemmons Freeway, Dallas, TX, USA"
"OVH","HIL1 Data Center","1300 NE 25th Ave, Hillsboro, Oregon 97124, USA"
"Netshop ISP","NSWAS01 Washington DC Data Center","Washington D.C., DC, USA"
"CyberNest","Los Angeles","445 North Douglas Street, El Segundo, CA 90245, USA"
"Lumos Networks","751 Chicago Ave Data Center","751 Chicago Ave, Harrisonburg, VA, USA"
"MOD Mission Critical","LA3 - CoreSite Data Center","624 South Grand Avenue, Los Angeles, CA, USA"
"Lumen","Miami 1 Data Center","49 Northwest 5th Street, Miami, FL, USA"
"TATA Communications","Herndon Data Center","2355 Dulles Corner Boulevard, Herndon, VA, USA"
"M&A Technology Inc.","Alpha Data Center","4407 Alpha Road, Dallas, TX 75244, USA"
"Fireline Broadband","Los Angeles Data Center","5900 Wilshire Blvd, Los Angeles, CA 90036, EE. UU."
"Beeks Financial Cloud Group","Washington DC4 Data Center","Washington D.C., DC, USA"
"IPTP Networks","Ashburn Data Center 14","21715 Filigree Court, Ashburn, VA, USA"
"IPTP Networks","Santa Clara Data Center 1","3030 Corvin Dr, Santa Clara, CA 95051, USA"
"CGI","Phoenix Data Center","Phoenix, Arizona 85044, USA"
"Crusoe Cloud","Abilene Data Center- Building 1","5502 Spinks Rd, Abilene, Texas 79601, USA"
"Lumen","Manchester 1 Data Center","19700 CA-1, Manchester, CA, USA"
"Zenlayer","IAD1 Washington DC Data Center","21721 Filigree Court, Ashburn, VA 20147, USA"
"NaviSite","Santa Clara Data Center","2720 Zanker Road, San Jose, CA, USA"
"OneSource Cloud Corporation","EQ DA1 Data Center","Cologix Dallas Data Centers, 1950 N Stemmons Fwy, Dallas, TX, USA"
"Comarch ICT","Comarch Mesa","3223 S Ellsworth Rd, Mesa, Arizona 85212, USA"
"Crown Castle","Crown Castle Los Angeles LA1","624 S Grand Ave, Los Ángeles, Los Angeles, California, EE. UU."
"IPTP Networks","Los Angeles Data Center 6","818 West 7th Street, Los Angeles, CA, USA"
"IPTP Networks","Ashburn Data Center 16","21715 Filigree Court, Ashburn, VA, USA"
"IPTP Networks","Vienna Data Center 2","8502-A Tyco Road, Vienna, VA, USA"
"IREN Prince George","Childress Data Center","620 Farm to Market Road 1033, Childress, Texas 79201, USA"
"COPT Defense Properties","7770 Backlick Road, Springfield","7770 Backlick Road, Springfield, VA, USA"
"Citynet","Pittsburgh Data Center","Pittsburgh, Pensilvania 15212, EE. UU."
"Sabey Data Centers","SDC New York","375 Pearl Street, Pearl Street, New York, NY 10038, USA"
"ServerPronto","Miami Data Center","3109 Grand Avenue, Miami, Coconut Grove, Florida, USA"
"IPTP Networks","Plano Data Center","6653 Pinecrest Drive, Plano, Texas 75024, United States of America"
"NYI","NY2 New York Data Center","60 Hudson Street, Hudson Street, New York, NY, USA"
"Xfernet","Ashburn Data Center DC3","44470 Chilum Place, Ashburn, VA, USA"
"CenterServ","Plano Data Center","101 E Park Blvd, Plano, TX, USA"
"HorizonIQ","Silicon Valley 1 Data Center","2151 Mission College Boulevard, Santa Clara, CA, USA"
"Krypt","Data Center Dallas, TX (DAL6)","1221 Coit Rd, Plano, TX 75075, USA"
"ServerMania","Los Angeles Data Center","530 West 6th Street suite 901, Los Angeles, CA, USA"
"Lumen","Washington DC 2 Data Center","1220 L Street Northwest, Washington, DC, USA"
"Atlantic Metro Communications","LGA13 65 Broadway Data Center","65 Broadway, New York, NY, USA"
"Atlantic Metro Communications","SJC1 55 South Market Street Data Center","55 South Market Street, South Market Street, San Jose, CA, USA"
"Innova Solutions","New York Data Center","1133 Avenue of the Americas suite 1500 & 1515, New York, NY, USA"
"Crown Castle","Datacenter, PoP","2042 Corte Del Nogal suite d, Carlsbad, CA 92011, EE. UU."
"teraswitch","Pittsburgh Data Center","Pittsburgh, PA, EE. UU."
"Total Server Solutions","Los Angeles Data Center","1920 East Maple Avenue, El Segundo, California, EE. UU."
"Gigenet","Ashburn Data Center","Ashburn, VA, EE. UU."
"IPTP Networks","Los Angeles Data Center 3","1200 West 7th Street, Los Angeles, CA 90017, USA"
"Vantage Data Centers","Santa Clara I Data Center Campus – Building 2","2820 Northwestern Pkwy, Santa Clara, CA 95051, USA"
"IPTP Networks","Ashburn Data Center 11","21715 Filigree Court, Ashburn, VA, USA"
"IPTP Networks","Ashburn Data Center 15","21715 Filigree Court, Ashburn, VA, USA"
"NFINIT","Los Angeles Data Center","One Wilshire Building, South Grand Avenue, Los Angeles, CA, USA"
"Voxility","CoreSite VA1 Reston, Virginia Data Center","12100 Sunrise Valley Drive, Reston, VA, USA"
"Lumen","Herndon 3 Data Center","524 Van Buren Street, Herndon, VA, USA"
"Atlantic Metro Communications","SI1 7 Teleport Dr Data Center","7 Teleport Dr, Staten Island, NY, USA"
"HorizonIQ","Los Angeles 6 Data Center","624 North Grand Avenue, Los Angeles, CA, USA"
"GCX (Global Cloud Xchange)","Island Park Data Center","Island Park, Nueva York, EE. UU."
"DataHOUSE","New York Data Center","New York, Nueva York, EE. UU."
"Hostoweb","New York Data Center","New York, Nueva York, EE. UU."
"Gigenet","Los Angeles Data Center","Los Ángeles, California, EE. UU."
"Zenlayer","IAD9 Washington DC Data Center","Washington D. C., Distrito de Columbia, EE. UU."
"IPTP Networks","Secaucus Data Center 3","800 Secaucus Road, Secaucus, NJ 07094, U.S."
"Hostway","DC1 Austin Data Center","417-499 Waller St, Austin, TX 78702, USA"
"Performive","LAX03 Data Center","1920 East Maple Avenue, El Segundo, CA, USA"
"Atlantic Metro Communications","IAD6 7990 Science Applications Court Data Center","7990 Science Applications Court, Vienna, VA, USA"
"Lumen","Washington DC 1 Data Center","1120 Vermont Avenue Northwest, Washington D.C., Distrito de Columbia, USA"
"Lumen","Miami 3 Data Center","200 Southeast 1st Street, Miami, FL, USA"
"Innova Solutions","Oxnard Data Center","1701 Solar Dr suite 145, Oxnard, California, USA"
"DigiCo Infrastructure REIT","Los Angeles LAX2 Data Center","Los Angeles, CA, USA"
"EdgeCore Internet Real Estate","Ashburn 1 Data Center","Maries Road, Sterling, Virginia, EE. UU."
"Vazata","Manassas MAA (Nova I) Data Center","9651 Hornbaker Road, Manassas, VA, USA"
"Subrigo","Los Angeles Data Center","Los Ángeles, California, EE. UU."
"China Telecom","CyrusOne  Wappingers Falls Data Center","155 Myers Corners Rd, Wappingers Falls, NY 12590, USA"
"Superb Internet, A CherryRoad Company","NYC3 - Manhattan Data Center","375 Pearl Street, Pearl Street, New York, NY, USA"
"Krypt","Data Center  El Segundo, CA (LAX13)","444 South Nash Street, El Segundo, CA 90245, USA"
"ServerMania","Buffalo Data Center","325 Delaware Ave #300, Buffalo, NY 14202, USA"
"Atlantic Metro Communications","LAX0 624 South Grand Avenue Data Center","624 South Grand Avenue, Los Angeles, CA, USA"
"Eveo LLC","Eveo FL1","Miami, FL, USA"
"OneSource Cloud Corporation","Digital Realty IAD39","44273 Round Table Plaza, Ashburn, VA 20147, USA"
"EdgeCore Internet Real Estate","Ashburn 2 Data Center","Moran Road, Sterling, Virginia, EE. UU."
"M&A Technology Inc.","Neutron Data Center","13616 Neutron Road, Dallas, TX 75244, USA"
"IPXON Networks","IPXON Miami","Miami, Florida, EE. UU."
"IPTP Networks","Los Angeles Data Center 1","One Wilshire Building, 624 S Grand Ave, Los Angeles, CA 90017, USA"
"ServerHosh Internet Service","SEA1 – USA","3433 South 120th Place, Tukwila, WA 98168, USA"
"IPTP Networks","Secaucus Data Center 2","800 Secaucus Road, Secaucus, NJ 07094, U.S."
"Cato Digital, Inc","us-east-2","45901 Nokes Blvd, Sterling, VA 20166, USA"
"Psychz Networks","Ashburn ASH1 Data Center","13873 Park Center Rd, Herndon, VA, USA"
"OpenMetal.io","East Coast","Performance Circle, Ashburn, VA 20147, USA"
"Cogent Communications","Washington DC 2 Data Center","1050 Connecticut Ave NW, Washington D.C., District of Columbia 20036, USA"
"Lumen","Buffalo 2 Data Center","325 Delaware Avenue, Buffalo, NY, USA"
"Innova Solutions","Northridge Data Center","8550 Balboa Blvd suite 275, Northridge, California, USA"
"Innova Solutions","Santa Maria Data Center","210 East Enos Drive suite c, Santa Maria, California, USA"
"westelcom networks","Watertown Data Center","130 Park Place, Watertown, NY 13601, EE. UU."
"M&A Technology Inc.","Carrollton Data Center","2045 Chenault Dr, Carrollton, TX 75006, USA"
"menlo digital","San Jose Data Center","300 Holger Way, San Jose, California, EE. UU."
"Northland Communications","Oneida Data Center","Oneida, Nueva York, EE. UU."
"Zenlayer","MIA3 Miami Data Center","100 Northeast 80th Terrace, Miami, FL 33138, EE. UU."
"Vantage Data Centers","Shackelford County (Frontier) Data Center Campus – Building 8","Shackelford County, Texas, USA"
"MOD Mission Critical","LA1 - LA1 Data Center PoP","600 West 7th Street, Los Angeles, CA, USA"
"Enzu","IAD2  Ashburn Data Center","21551 Beaumeade Circle, Ashburn, VA, USA"
"CyberNest","CyberNest VA","11660 Hayden Rd, Manassas, VA 20109, USA"
"Atlantic Metro Communications","IAD2 11513 Sunset Hills Road Data Center","11513 Sunset Hills Road, Reston, VA, USA"
"Lumen","Seattle 4 Data Center","223 Taylor Ave N, Seattle, WA, USA"
"Consolidated Communications Holdings, Inc.","Fargo Data Center","3312 42nd Street South suite 100, Fargo, North Dakota 58104, USA"
"Zenlayer","SJC5 Data Center","3035 Stender Way, Santa Clara, CA 95054, EE. UU."
"Planet Access Networks","Los Angeles Data Center (Wilshire Blvd)","600 West 7th Street, Los Angeles, CA, USA"
"IPTP Networks","Boca Raton Data Center","4680 Conference Way South suite 150, Boca Raton, Florida 33431, United States of America"
"IPTP Networks","Chicago Data Center 3","350 E Cermak Rd 6th floor, Chicago, Illinois 60616, United States of America"
"NETdepot","NETdepot - San Francisco","760 Mission Ct, Fremont, CA 94539, USA"
"Mosaic Data Services","Ashburn Data Center","Ashburn, VA, USA"
"HorizonIQ","Los Angeles 2 Data Center","2260 East El Segundo Boulevard, El Segundo, CA, USA"
"Krypt","Data Center Los Angeles, CA (LAX2)","600 West 7th Street suite 510, Los Angeles, CA 90017, USA"
"Lumen","New York 1 Data Center","111 8th Avenue, New York, NY, USA"
"Firstlight Fiber","Romulus Data Center","Romulus, New York, EE. UU."
"Northland Communications","Central New York Data Center","Central Park, New York, Nueva York, EE. UU."
"Omnis Network","Omnis Network","1005 W Geneva Dr, Tempe, AZ 85282, USA"
"Vantage Data Centers","Shackelford County (Frontier) Data Center Campus – Building 7","Shackelford County, Texas, USA"
"Vantage Data Centers","Shackelford County (Frontier) Data Center Campus – Building 10","Shackelford County, Texas, USA"
"IPTP Networks","Westmont Data Center","Plaza Drive, Westmont, Illinois 60559, United States of America"
"Northern Data AG","Ardent PIT1","615 McMichael Rd, Pittsburgh, PA, USA"
"Crusoe Cloud","Abilene Data Center - Building 5","5502 Spinks Rd, Abilene, Texas 79601, USA"
"Enzu","SJC2 Santa Clara Data Center","2820 Northwestern Parkway, Santa Clara, CA, USA"
"CenterServ","Miami Data Center","1221 Brickell Avenue, Miami, FL, USA"
"Superb Internet, A CherryRoad Company","DCA2 - McLean Data Center","8201 Greensboro Dr, McLean, VA, USA"
"COPT Defense Properties","16542 Commerce Dr, Dahlgren","16542 Commerce Dr, Dahlgren, VA, USA"
"Telstra","Silicon Valley SV5 Data Center","15 Great Oaks Blvd, San Jose, CA 95119, USA"
"Atlantic Metro Communications","LGA11 85 10th Avenue Data Center","85 10th Avenue, New York, NY, USA"
"Atlantic Metro Communications","IAD4 13873 Park Center Rd Data Center","13873 Park Center Rd, Herndon, VA, USA"
"VPSserver","New York Data Center","60 Hudson Street, Hudson Street, New York, NY 10013, EE. UU."
"Lincoln Data Centers","Reston Data Center","Reston, Virginia, EE. UU."
"Beeks Financial Cloud Group","Washington CU2 Data Center","Washington D.C., DC, USA"
"Vantage Data Centers","Shackelford County (Frontier) Data Center Campus – Building 6","Shackelford County, Texas, USA"
"Stack Infrastructure","POR03E Data Center","3983 Northeast Evergreen Road, Hillsboro, Oregon 97124, United States"
"Quest Technology Management","Quest Ashburn Data Center","21715 Filigree Ct, Ashburn, VA 20147, USA"
"Krypt","Data Center Chappaqua, NY (JFK2)","480 N Bedford Rd, Chappaqua, NY 10514, USA"
"COPT Defense Properties","1751 Pinnacle Drive, Tysons","1751 Pinnacle Drive, Tysons, VA, USA"
"Windstream","Los Angeles, LA Data Center","530 West 6th Street, Los Angeles, CA, USA"
"Lumen","Albany 5 Data Center","107 Hermes Rd, Ballston Spa, Malta, NY, USA"
"IPTP Networks","San Jose Data Center 5","534 Stockton Avenue, San Jose, CA 95126, USA"
"IREN Prince George","Sweetwater 2 Data Center","1782 Farm to Market Road 540, Hamlin, Texas 79520, USA"
"Crusoe Cloud","Abilene Data Center - Building 8","5502 Spinks Rd, Abilene, Texas 79601, USA"
"MOD Mission Critical","DC1 - DC1 Data Center PoP","21711 Filigree Court, Ashburn, VA, USA"
"Enzu","IAD1 Ashburn Data Center","43791 Devin Shafron Drive, Ashburn, VA, USA"
"China Telecom","Digital Realty  Santa Clara Data Center","1525 Comstock Street, Santa Clara, CA 95054, USA"
"Hostman LTD","SJ1 - San Jose Data Center","Energy Group Networks, Kenneth Street, Santa Clara, CA, USA"
"Atlantic Metro Communications","LAX4 626 Wilshire Building Data Center","626 Wilshire Building, Wilshire Boulevard, Los Angeles, CA, USA"
"Lumen","Seattle 3 Data Center","1505 5th Avenue, Seattle, WA, USA"
"Lumen","Los Angeles 4 Data Center","600 Wilshire Boulevard, Los Angeles, CA, USA"
"VPSserver","Los Angeles Data Center","Los Ángeles, California, EE. UU."
"DataHOUSE","Los Angeles Data Center","Los Ángeles, California, EE. UU."
"menlo digital","Ashburn Data Center","43790 Devin Shafron Drive, Ashburn, VA, EE. UU."
"IPTP Networks","Dallas Data Center 5","1950 North Stemmons Freeway, Dallas, Texas, United States of America"
"CenterServ","Santa Clara Data Center","2033 Gateway Place, San Jose, CA, USA"
"Krypt","Data Center Santa Clara, CA (SJC3)","3080 Raymond St, Santa Clara, CA 95054, USA"
"COPT Defense Properties","1753 Pinnacle Drive, Tysons","1753 Pinnacle Drive, Tysons, Virginia 22102, USA"
"HorizonIQ","Los Angeles 7 Data Center","1 Wilshire Boulevard, Los Angeles, CA, USA"
"menlo digital","MD-VA2 (Sterling)","22275 Pacific Blvd, Sterling, VA, EE. UU."
"Navisite","Santa Clara Data Center","2805 Lafayette Street, Santa Clara, CA 95050, EE. UU."
"IPTP Networks","New York Data Center 1","111 8th Avenue suite 524, Manhattan, New York, NY 10011, USA"
"IPTP Networks","Los Angeles Data Center 5","900 N Alameda St suite 200, Los Angeles, CA 90012, United States"
"Vantage Data Centers","Shackelford County (Frontier) Data Center Campus – Building 5","Shackelford County, Texas, USA"
"Hostway","DC2 Austin Data Center","6110 Trade Center Dr, Austin, TX 78744, USA"
"Crusoe Cloud","Abilene - Building 4 Data Center","5502 Spinks Rd, Abilene, Texas 79601, USA"
"MOD Mission Critical","SV1 Data Center PoP","11 Great Oaks Boulevard, San Jose, CA, USA"
"Metanet Hosting","25 Broadway Data Center","25 Broadway, NY, USA"
"Rogers Communications Inc.","New York Data Center","60 Hudson Street, Hudson Street, New York, NY 10013, USA"
"Smartcom telephone llc","San Jose Data Center","San Jose, CA, EE. UU."
"Vantage Data Centers","Ashburn II Data Center Campus – Building 3","22435 Glenn Drive, Sterling, VA 20164, USA"
"Vantage Data Centers","Santa Clara I Data Center Campus – Building 5","2820 Northwestern Pkwy, Santa Clara, CA 95051, USA"
"Vantage Data Centers","Shackelford County (Frontier) Data Center Campus – Building 2","Shackelford County, Texas, USA"
"Vantage Data Centers","Shackelford County (Frontier) Data Center Campus - Building 4","Shackelford County, Texas, USA"
"Vantage Data Centers","Shackelford County (Frontier) Data Center Campus – Building 9","Shackelford County, Texas, USA"
"IPTP Networks","Dallas Data Center 4","2323 Bryan St, Dallas, Texas 75201, United States of America"
"Crusoe Cloud","Abilene Data Center - Building 6","5502 Spinks Rd, Abilene, Texas 79601, USA"
"HudsonIX","60 Hudson NYC Data Center","60 Hudson Street, Hudson Street, New York, NY, USA"
"OpenMetal.io","West Coast","600 West 7th Street 5th floor suite 550, Los Angeles, CA, USA"
"Zenlayer","SJC4 Data Center","4700 Old Ironsides Drive, Santa Clara, CA 95054, EE. UU."
"Silicon Valley Colocation","SVCOLO Sunnyvale","1111 Karlstad Drive, Sunnyvale, CA 94089, United States"
"SES","SES Bristow","8050 Piney Branch Lane, Bristow, VA 20136, United States"
"Lumen","Buffalo 3 Data Center","715 Delaware Avenue, Buffalo, NY, USA"
"Kpn International","KPN International New York","111 8th Avenue, New York, NY 10011, USA"
"Northland Communications","Utica Data Center","Utica, Nueva York, EE. UU."
"Northland Communications","Mohawk Valley Data Center","Mohawk Valley Community Action, Gore Road, Rome, Nueva York, EE. UU."
"Vantage Data Centers","Shackelford County (Frontier) Data Center Campus – Building 3","Shackelford County, Texas, USA"
"Krypt","Data Center  Redondo Beach, CA (LAX14)","3690 Redondo Beach Avenue, Redondo Beach, CA 90278, USA"
"Krypt","Data Center Seattle, WA (SEA1)","140 4th Ave N, Seattle, WA 98109, USA"
"Zenlayer","LAX7 Los Angeles Data Center","600 West 7th Street, Los Angeles, CA 90017, USA"
"Zenlayer","SJC6 San Jose Data Center","11 Great Oaks Blvd, San Jose, CA 95119, USA"
"Zenlayer","SJC9 San Jose Data Center","7 Great Oaks Boulevard, San Jose, California 95119, EE. UU."
"IPTP Networks","Dallas Data Center 2","1950 North Stemmons Freeway suite 1034, Dallas, Texas, United States of America"
"Krypt","Data Center Santa Clara, CA (SJC14)","1525 Comstock Street, Santa Clara, CA 95054, USA"
"Lumen","New York Data Center","71 Clinton Road, Garden City, NY 11530, EE. UU."
"Zenlayer","IAD4 Washington DC Data Center","12100 Sunrise Valley Dr, Reston, VA, USA"
"NYSERNet","NYSERNet","NY, United States"
"Vantage Data Centers","Santa Clara I Data Center Campus - Building 4","2820 Northwestern Pkwy, Santa Clara, CA 95051, USA"
"Serverfarm","Vienna DC1 Data Center","7980 Quantum Drive, Vienna, Virginia 22182, USA"
"CenterServ","Buffalo Data Center","50 Fountain Park, Buffalo, NY, USA"
"Krypt","Data Center Los Angeles, CA (LAX16)","624 S Grand Ave, Los Angeles, CA 90017, USA"
"Krypt","Data Center San Jose, CA (SJC7)","534 Stockton Ave, San Jose, CA 95126, USA"
"Smartcom telephone llc","Ashburn Data Center","Ashburn, VA, EE. UU."
"Zenlayer","IAD2 Washington DC Data Center","21691 Filigree Court, Ashburn, VA 20147, USA"
"Zenlayer","SJC8 Data Center","2401 Walsh Avenue, Santa Clara, CA 95051, EE. UU."
"Colo Locker - Evocative","LAX01 Los Angeles Data Center","600 West 7th Street, Los Angeles, CA, USA"
"Atlantic Metro Communications","IAD3 12100 Sunrise Valley Drive Data Center","12100 Sunrise Valley Drive, Reston, VA, USA"
"IPTP Networks","El Segundo Data Center 1","445 North Douglas Street, El Segundo, CA, USA"
"IPTP Networks","Dallas Data Center 3","1950 North Stemmons Freeway suite 2027, Dallas, TX, USA"
"IPTP Networks","Doral Data Center","1525 Northwest 98th Court, Doral, Florida 33172, U.S."
"Stack Infrastructure","NAL01B Data Center","7300 Souder Road, New Albany, Ohio 43054, United States"
"CoreSpace","New York City Center","60 Hudson Street, Hudson Street, New York, NY 10013, USA"
"Vision Net","Bozeman Data Center","Bozeman, Montana, EE. UU."
"menlo digital","Ashburn 2 Data Center","21551 Beaumeade Circle, Ashburn, VA, EE. UU."
"Hines Data Center","Somerset Data Center","Manhattan, Nueva York, EE. UU."
"IPTP Networks","Los Angeles Data Center 2","Los Angeles, CA, USA"
"Shatter I.T","Buffalo, NY Data Center","Main Place Tower, 350 Main St, Buffalo, NY 14202, United States"
"HorizonIQ","Northern Virginia 2 Data Center","21715 Filigree Court, Ashburn, VA, USA"
"Krypt","Data Center El Segundo, CA (LAX15)","1920 E Maple Ave, El Segundo, CA 90245, USA"
"Lincoln Data Centers","Herndon Data Center","Herndon, Virginia, EE. UU."
"Zenlayer","IAD3 Washington DC Data Center","12098 Sunrise Valley Dr, Reston, VA 20191, USA"
"Vantage Data Centers","Santa Clara I Data Center Campus - Building 6","2820 Northwestern Pkwy, Santa Clara, CA 95051, USA"
"Cyberverse","LAX Los Angeles Data Center","600 W 7th St, Los Angeles, CA, USA"
"Krypt","Data Center Santa Clara, CA (SJC11)","2151 Mission College Blvd, Santa Clara, CA 95054, USA"
"Colo Locker - Evocative","LAX02 Las Angeles Data Center","600 West 7th Street, Los Angeles, CA, USA"
"IPTP Networks","Miami Data Center 2","36 Northeast 2nd Street, Miami, FL, USA"
"Krypt","Data Center Reston, VA (IAD2)","21701 Filigree Ct, Ashburn, VA 20147, USA"
"IPTP Networks","Sunnyvale Data Center 1","255 Caspian Drive, Sunnyvale, CA, USA"
"Goodman Group","LAX01","Los Angeles, CA, USA"
"Cyber Wurx","Cyber Wurx Atlanta Data Center.","55 Marietta Street, STE 1600, Atlanta, Georgia 30303, United States"
"Superb Internet, A CherryRoad Company","DCA3 - Springfield Data Center","6621 Electronic Drive, Springfield, VA, USA"
"Zenlayer","NYC5 New York City Data Center","111 8th Avenue, New York, NY 10011, EE. UU."
"Zenlayer","SEA5 Seattle Data Center","Westin Building Exchange, 2001 6th Avenue, Seattle, WA 98121, EE. UU."
"Victory Technology Center","victory technology center","55 Melroy Ave, Lackawanna, NY 14218, United States"
"NYSERNet","Colo@32","32 6th Avenue, New York, NY 10013, United States"
"Vantage Data Centers","Santa Clara II Data Center Campus - Building 2","737 Mathew Street, Santa Clara, CA, USA"
"Rackdog","Rackdog NJ / NYC","West New York, New Jersey, United States"
"IPTP Networks","Palo Alto Data Center","529 Bryant Court, Palo Alto, CA 94301, USA"
"Stack Infrastructure","ATL01B Data Center","3200 Webb Bridge Road, Alpharetta, Georgia 30005, United States"
"Zenlayer","IAD6 Washington, D.C. Data Center","44780 Performance Cir, Ashburn, VA 20147, USA"
"IPTP Networks","El Segundo Data Center 3","2260 E El Segundo Blvd, El Segundo, CA 90245, United States"
"IPTP Networks","San Jose Data Center 6","11 Great Oaks Boulevard, San Jose, CA, USA"
"IPTP Networks","Sunnyvale Data Center 2","444 Toyama Dr, Sunnyvale, CA 94089, USA"
"Stack Infrastructure","POR03F Data Center","25775 Northwest Evergreen Road, Hillsboro, Oregon 97124, United States"
"Crusoe Cloud","Snyder Data Center","9301 Camp Springs Rd, Hermleigh, Texas 79526, USA"
"Vantage Data Centers","Santa Clara II Data Center Campus - Building 3","737 Mathew Street, Santa Clara, CA, USA"
"IPTP Networks","El Segundo Data Center 2","445 North Douglas Street, El Segundo, CA, USA"
"Stack Infrastructure","NVA05C Data Center","8886 Wellington Road, Manassas, Virginia 20109, United States"
"Citigroup Inc.","Citigroup: 390 Greenwich","390 Greenwich St, New York, NY, USA"
"Hostway","Chicago Boeing Data Center","420 W Washington St, Chicago, IL 60606, USA"
"IPTP Networks","Ashburn Data Center 5","21715 Filigree Court, Ashburn, VA, USA"
"IPTP Networks","New York Data Center 7","60 Hudson Street, Hudson Street, New York, NY, USA"
"Stack Infrastructure","POR03A Data Center","3155 Northeast Brookwood Parkway, Hillsboro, Oregon 97124, United States"
"IPTP Networks","Ashburn Data Center 2","21715 Filigree Court, Ashburn, VA, USA"
"IPTP Networks","New York Data Center 6","65 Broadway 3rd floor, New York, NY 10006, USA"
"IPTP Networks","Seattle Data Center 2","2001 6th Avenue, Seattle, WA 98121, U.S."
"Skybox Datacenters","Santa Clara Data Center","Santa Clara, California, United States"
"IPTP Networks","New York Data Center 2","111 8th Avenue suite 303, New York, NY 10011, U.S."
"IPTP Networks","New York Data Center 5","111 8th Ave #1533, New York, NY 10011, United States of America"
"IPTP Networks","Ashburn Data Center 3","21715 Filigree Court, Ashburn, VA, USA"
"IPTP Networks","Seattle Data Center 3","2001 6th Avenue, Seattle, WA 98121, U.S."
"IPTP Networks","Ashburn Data Center 6","21715 Filigree Court, Ashburn, VA, USA"
"Stack Infrastructure","POR03C Data Center","3835 Northeast Evergreen Road, Hillsboro, Oregon 97124, United States"
"IPTP Networks","Ashburn Data Center 4","21715 Filigree Court, Ashburn, VA, USA"
"IPTP Networks","New York Data Center 8","60 Hudson Street suite 1215, New York, NY 10013, USA"
"Vantage Data Centers","Santa Clara I Data Center Campus - Building 3","2820 Northwestern Pkwy, Santa Clara, CA 95051, USA"
"IPTP Networks","New York Data Center 4","60 Hudson Street, Hudson Street, New York, NY 10013, U.S."
"OVH","VIN1 Data Center","6872 Watson Ct, Warrenton, Virginia 20187, USA"
"Stack Infrastructure","NVA06A Data Center","19275 Compass Creek Parkway Southeast, Leesburg, Virginia 20175, United States"
"Hostway","DC1 Tampa Data Center","412 E Madison St, Tampa, FL 33602, USA"
"Stack Infrastructure","POR03B Data Center","4735 Northeast Starr Boulevard, Hillsboro, Oregon 97124, United States"
"IPTP Networks","New York Data Center 3","111 8th Ave, New York, NY 10011, U.S."
"Stack Infrastructure","PHX01 Data Center","Avondale Circle, Exton, Pennsylvania 19341, United States"
"IPTP Networks","New York Data Center 10","32 6th Avenue, New York, NY 10013, USA"
"DMG Blockchain Solutions Inc.","Boardman Data Center","Boardman, Oregon 97818, United States"
"Rackdog","Rackdog Seattle","Seattle, Washington, United States"
"Stack Infrastructure","NVA06B Data Center","Compass Creek Parkway Southeast, Leesburg, Virginia 20175, United States"
"Stack Infrastructure","POR03D Data Center","25505 Northwest Evergreen Road, Hillsboro, Oregon 97124, United States"
"IPTP Networks","New York Data Center 9","60 Hudson Street, Hudson Street, New York, NY 10013, USA"
"Hostway","DC2 Tampa Data Center","412 East Madison Street, Tampa, FL, USA"
"ColocationPLUS","Rantoul 1","101 West International Avenue, Rantoul, Illinois 61866, United States"
"Stack Infrastructure","DFW01A Data Center","6653 Pinecrest Drive, Plano, Texas 75024, United States"
"Rackdog","Rackdog Ashburn","Ashburn, Virginia, United States"
"Rackdog","Rackdog Los Angeles","Los Angeles, California, United States"
"Stack Infrastructure","DFW01C Data Center","5601 West Spring Creek Parkway, Plano, Texas 75024, United States"
"Stack Infrastructure","Loudoun County - Building 1 Data Center","Evergreen Mills Rd, Aldie, Virginia 20148, United States"
"Stack Infrastructure","DFW01B DAT CENTER","6715 Pinecrest Drive, Plano, Texas 75024, United States"
"Stack Infrastructure","DFW02B Data Center","East Belt Line Road, Lancaster, Texas 75146, United States"
"Stack Infrastructure","NVA02B Data Center","9720 Hornbaker Road, Manassas, Virginia 20109, United States"
"Stack Infrastructure","NVA02H Data Center","Manassas, Virginia, United States"
"Stack Infrastructure","SVY01C Data Center","1849 Fortune Drive, San Jose, California 95131, United States"
"Stack Infrastructure","SVY02A Data Center","1200 Memorex Drive, Santa Clara, California 95050, United States"
"Oracle Cloud Infrastructure","Abilene, Texas Data Center","Abilene, Texas, United States"
"Stack Infrastructure","NVA02J Data Center","Linton Hall Road, Bristow, Virginia 20136, United States"
"Stack Infrastructure","Loudoun County - Building 2 Data Center","Evergreen Mills Rd, Aldie, Virginia 20148, United States"
"Rackdog","Rackdog Chicago","Chicago, Illinois, United States"
"Stack Infrastructure","NVA01A Data Center","22080 Pacific Boulevard, Sterling, Virginia 20166, United States"
"Stack Infrastructure","NVA02C Data Center","9730 Hornbaker Road, Manassas, Virginia 20109, United States"
"Stack Infrastructure","NVA02I Data Center","Linton Hall Road, Bristow, Virginia 20136, United States"
"Stack Infrastructure","SVY01A Data Center","2001 Fortune Drive, San Jose, California 95131, United States"
"Stack Infrastructure","SVY01D Data Center","2400 Ringwood Avenue, San Jose, California 95131, United States"
"Evocative","INAP Seattle Data Center","South 120th Place, Seattle, Washington 98178, United States"
"Stack Infrastructure","DFW02C Data Center","East Belt Line Road, Lancaster, Texas 75146, United States"
"Stack Infrastructure","DFW02E Data Center","East Belt Line Road, Lancaster, Texas 75146, United States"
"Stack Infrastructure","DFW02D Data Center","East Belt Line Road, Lancaster, Texas 75146, United States"
"Stack Infrastructure","DFW02A Data Center","East Belt Line Road, Lancaster, Texas 75146, United States"
"Stack Infrastructure","NVA02A Data Center","9720 Hornbaker Road, Manassas, Virginia 20109, United States"
"Stack Infrastructure","NVA05A Data Center","9101 Freedom Center Boulevard, Manassas, Virginia 20110, United States"
"Stack Infrastructure","NVA02G Data Center","9530 Hornbaker Road, Manassas, Virginia 20109, United States"
"Stack Infrastructure","NVA02F Data Center","Manassas, Virginia 20109, United States"
"Servpac","MTP Data Center.","200 Kahelu Avenue, Mililani, Hawaii 96789, United States"
"Stack Infrastructure","NVA05B Data Center","Freedom Center Boulevard, Manassas, Virginia 20110, United States"
"CyrusOne","Yorkville - Building 3 Data Center","Plano, Illinois 60545, United States"
"Flexential","Atlanta - Alpharetta Data Center","12655 Edison Drive, Alpharetta, GA, USA"
"Flexential","Atlanta - Norcross Data Center","2775 Northwoods Pkwy, Norcross, GA 30071, USA"
"Flexential","Jacksonville Data Center","4905 Belfort Road suite 145, Jacksonville, FL 32256, USA"
"Flexential","Fort Lauderdale Data Center","5301 Northwest 33rd Avenue, Fort Lauderdale, FL, USA"
"Flexential","Richmond Data Center","8851 Park Central Drive suite b, Richmond, VA 23227, USA"
"PhoenixNAP","Phoenix Data Center","3402 East University Drive, Phoenix, AZ, USA"
"T5 Data Centers","@Chicago Data Center","200 Innovation Drive, Elk Grove Village, IL, USA"
"Flexential","Denver - Centennial Data Center","12500 East Arapahoe Road, Centennial, CO, USA"
"Flexential","Salt Lake City - Millcreek Data Center","3949 South 200 East suite b1, Salt Lake City, UT 84115, USA"
"Flexential","Salt Lake City - South Valley Data Center","7202 S Campus View Dr, West Jordan, UT 84084, USA"
"Flexential","Nashville - Cool Springs Data Center","425 Duke Drive, Franklin, TN, USA"
"Flexential","Raleigh Data Center","5150 McCrimmon Parkway #423, Morrisville, NC 27560, USA"
"Flexential","Dallas - Plano Data Center","3500 East Plano Parkway, Plano, TX, USA"
"Flexential","Las Vegas - Downtown Data Center","304 E Carson Ave suite 370, Las Vegas, NV 89101, USA"
"Flexential","Portland - Hillsboro 3 Data Center","5419 NE Starr Blvd, Hillsboro, OR, USA"
"Flexential","Nashville - Franklin Data Center","4600 Carothers Parkway, Franklin, TN 37067, USA"
"CyrusOne","CHI6 - Wood Dale Data Center","Bensenville, Illinois 60106, United States"
"CoreSite","LA2 Los Angeles Data Center","900 Alameda Street, Los Angeles, CA, USA"
"Flexential","Las Vegas - North Data Center","3330 E Lone Mountain Rd, North Las Vegas, NV 89081, USA"
"FirstLight","Portland Data Center","340 Cumberland Ave, Portland, ME, USA"
"Equinix","DC2 Ashburn Data Center","21715 Filigree Court, Ashburn, VA, USA"
"WowRack","Seattle Data Center","12201 Tukwila International Boulevard, Tukwila, WA, USA"
"QTS Data Centers","Chicago Data Center","2800 South Ashland Avenue, Chicago, Illinois 60608, USA"
"QTS Data Centers","Santa Clara Data Center","2807 Mission College Boulevard, Santa Clara, CA, USA"
"Claranet","San Francisco Data Center","555 California Street suite 4925, San Francisco, CA 94104, USA"
"Crown Castle","Baltimore Data Center","111 Market Place suite 103, Baltimore, MD 21202, EE. UU."
"ColocationPLUS","Rantoul 2","Rantoul, Illinois, United States"
"ColocationPLUS","Champaign 1","401 South Chestnut Street, Champaign, Illinois 61820, United States"
"Accel Communications LLC","365 Data Centers Tampa","655 North Franklin Street, Tampa, Florida 33602, United States"
"GTHost","Ashburn Data Center","12100 Sunrise Valley Drive, Reston, Virginia 20191, United States"
"GTHost","Atlanta Data Center","55 Marietta Street, #16th, Atlanta, Georgia 30303, United States"
"GTHost","Chicago Data Center","427 South Lasalle Street, Chicago, Illinois 60605, United States"
"GTHost","AI-image for illustrative purposes","400 South Akard Street, Dallas, Texas 75202, United States"
"WebNX","WebNX Ogden Data Center","119 North 600 West, BLDG 3B, Ogden, Utah 84404, United States"
"WebNX","WebNX Los Angeles Data Center","530 West 6th Street, Los Angeles, California 90014, United States"
"FiberHub","FiberHub Data Center (Las Vegas)","7925 West Sahara Avenue, Las Vegas, Nevada 89117, United States"
"CyrusOne","PHX1 - Chandler Data Center","2335 South Ellis Street, #3, Chandler, Arizona 85286, United States"
"CyrusOne","PHX2 - Chandler Data Center","2305 South Ellis Street, #4, Chandler, Arizona 85286, United States"
"CyrusOne","PHX3 - Chandler Data Center","2305 South Ellis Street, #5, Chandler, Arizona 85286, United States"
"CyrusOne","PHX4 - Chandler Data Center","2495 South Ellis Street, #1, Chandler, Arizona 85286, United States"
"CyrusOne","PHX5 - Chandler Data Center","2405 South Ellis Street, #2, Chandler, Arizona 85286, United States"
"CyrusOne","PHX6 - Chandler Data Center","2605 South Ellis Street, #8, Chandler, Arizona 85286, United States"
"CyrusOne","PHX7 - Chandler Data Center","2705 South Ellis Street, #10, Chandler, Arizona 85286, United States"
"CyrusOne","PHX8 - Chandler Data Center","2705 South Ellis Street, #9, Chandler, Arizona 85286, United States"
"CyrusOne","Yorkville - Building 1 Data Center","Plano, Illinois 60545, United States"
"CyrusOne","Yorkville - Building 2 Data Center","Plano, Illinois 60545, United States"
"CyrusOne","Yorkville - Building 4 Data Center","Plano, Illinois 60545, United States"
"CyrusOne","Yorkville - Building 5 Data Center","Plano, Illinois 60545, United States"
"CyrusOne","Yorkville - Building 6 Data Center","Plano, Illinois 60545, United States"
"CyrusOne","Yorkville - Building 7 Data Center","Plano, Illinois 60545, United States"
"CyrusOne","Yorkville - Building 8 Data Center","Plano, Illinois 60545, United States"
"CyrusOne","Yorkville - Building 9 Data Center","Plano, Illinois 60545, United States"
"CyrusOne","CHI3 - Aurora Campus Data Center","2725 Bilter Road, Aurora, Illinois 60502, United States"
"CyrusOne","Talkington Township DC1 Data Center","Clark Road, Virden, Illinois 62690, United States"
"CyrusOne","Talkington Township DC2 Data Center","Clark Road, Virden, Illinois 62690, United States"
"CyrusOne","Talkington Township DC3 Data Center","Clark Road, Virden, Illinois 62690, United States"
"CyrusOne","Talkington Township DC4 Data Center","Clark Road, Virden, Illinois 62690, United States"
"CyrusOne","Talkington Township DC5 Data Center","Clark Road, Virden, Illinois 62690, United States"
"CyrusOne","Talkington Township DC6 Data Center","Clark Road, Virden, Illinois 62690, United States"
"CyrusOne","COL1 - New Albany Data Center","12181 Jug Street, Johnstown, Ohio 43031, United States"
"CyrusOne","DFW10 - Whitney Data Center","557 County Road 3610, Clifton, Texas 76634, United States"
"CyrusOne","DFW11 - Whitney Data Center","557 County Road 3610, Clifton, Texas 76634, United States"
"CyrusOne","DFW17B - Whitney Data Center","557 County Road 3610, Clifton, Texas 76634, United States"
"CyrusOne","DFW17C - Whitney Data Center","557 County Road 3610, Clifton, Texas 76634, United States"
"CyrusOne","DFW17 - Whitney Data Center","557 County Road 3610, Clifton, Texas 76634, United States"
"CyrusOne","DFW4 - Allen Data Center","2300 Chelsea Boulevard, Allen, Texas 75013, United States"
"CyrusOne","DFW5 - Allen Data Center","2300 Chelsea Boulevard, Allen, Texas 75013, United States"
"CyrusOne","DFW6 - Richardson Data Center","1510 East Lookout Drive, Richardson, Texas 75082, United States"
"CyrusOne","DFW7 - Fort Worth Data Center","Asphalt Dr, Fort Worth, Texas 76179, United States"
"CyrusOne","Houston West I Data Center","5150 Westway Park Boulevard, Houston, TX, USA"
"CyrusOne","Houston West II Data Center","5150 Westway Park Boulevard, Houston, TX, USA"
"CyrusOne","Houston West III Data Center","5150 Westway Park Boulevard, Houston, TX, USA"
"CyrusOne","Houston Galleria Data Center","4201 Southwest Freeway, Houston, TX, USA"
"CyrusOne","SAT3 - San Antonio Data Center","9554 Westover Hills Boulevard, San Antonio, Texas 78251, United States"
"CyrusOne","SAT4 - San Antonio Data Center","9655 Raba Drive, San Antonio, Texas 78251, United States"
"CyrusOne","SAT6 - San Antonio Data Center","14719 Omicron Drive, San Antonio, Texas 78245, United States"
"CyrusOne","SAT8 - San Antonio Data Center","14677 Omicron Drive, San Antonio, Texas 78245, United States"
"HostRocket","HostRocket","21 Corporate Drive, STE 203, Halfmoon, New York 12065, United States"
"CyrusOne","SAT9 - San Antonio Data Center","14815 Omicron Drive, San Antonio, Texas 78245, United States"
"CyrusOne","NVA14 Data Center","21529 Beaumeade Circle, Ashburn, Virginia 20147, United States"
"CyrusOne","Broadlands Building 1 Data Center","Broadlands, Virginia 20148, United States"
"CyrusOne","Broadlands Building 2 Data Center","Broadlands, Virginia 20148, United States"
"CyrusOne","Broadlands Building 3 Data Center","Broadlands, Virginia 20148, United States"
"CyrusOne","Broadlands Building 4 Data Center","Broadlands, Virginia 20148, United States"
"M5 Hosting","SDTC Data Center","9725 Scranton Road, San Diego, California 92121, United States"
"M5 Hosting","LWDC Data Center","9305 Lightwave Avenue, San Diego, California 92123, United States"
"M5 Hosting","Austin 2 Data Center","Austin, Texas, United States"
"Evocative","IAD1 Data Center","1807 Michael Faraday Court, Reston, Virginia 20190, United States"
"Evocative","INAP Houston Data Center","1301 Fannin Street, Houston, Texas 77002, United States"
"Overwatch","CMH II Data Center","Canal Winchester, Ohio 43110, United States"
"Overwatch","GSP Data Center","578 Robinson Road, Greer, South Carolina 29651, United States"
"24 Hour Data","Plano Data Center","811 East Plano Parkway, STE 124, Plano, Texas 75074, United States"
"24 Hour Data","Houston Data Center","723 Main Street, STE 400, Houston, Texas 77002, United States"
"COOLHOUSING","COOLHOUSING S4 Server Room Brno","Root Road, Askov, Minnesota 55704, United States"
"Stack Infrastructure","CHI02 Campus Data Center","Elk Grove Village, Illinois, United States"
"Stack Infrastructure","NVA04 Data Center","Northern, Woodbridge, Virginia 22193, United States"
"Stack Infrastructure","NVA05D Data Center","8886 Wellington Road, Manassas, Virginia 20109, United States"
"Stack Infrastructure","STC Campus","Stafford, Virginia, United States"
"Stack Infrastructure","PHX02A Data Center","Central Phoenix, Phoenix, Arizona, United States"
"Stack Infrastructure","PHX02B Data Center","Central Phoenix, Phoenix, Arizona, United States"
"Stack Infrastructure","PHX02C Data Center","Central Phoenix, Phoenix, Arizona, United States"
"Stack Infrastructure","PHX02D Data Center","Central Phoenix, Phoenix, Arizona, United States"
"Stack Infrastructure","PHX02E Data Center","Central Phoenix, Phoenix, Arizona, United States"
"Stack Infrastructure","POR02 Data Center","Hillsboro, Oregon, United States"
"Oracle Cloud Infrastructure","Shackelford County, Texas Data Center","County, Jefferson, Texas 75657, United States"
"Oracle Cloud Infrastructure","Port Washington, Wisconsin Data Center","Port Washington, Wisconsin, United States"
"Oracle Cloud Infrastructure","Saline Township, Michigan Data Center","Saline Township, Michigan, United States"
"Oracle Cloud Infrastructure","Dona Ana County / Project Jupiter Data Center","New Mexico Avenue, Las Cruces, New Mexico 88001, United States"
"Riot Platforms, Inc.","Calvert City Data Center","1542 North Main Street, Calvert City, Kentucky 42029, United States"
"Riot Platforms, Inc.","Paducah Data Center","5657 Commerce Drive, Paducah, Kentucky 42001, United States"
"Riot Platforms, Inc.","Rockdale Data Center","2721 Charles Martin Hall Rd, Thorndale, Texas 76577, United States"
"Riot Platforms, Inc.","Corsicana Data Center","6980 Fm 709, Corsicana, Texas 75110, United States"
"ServerMania","New York Data Center","101 Possumtown Road, Piscataway, New Jersey 08854, United States"
"Skybox Datacenters","Texas Campus Data Center","Wichita Falls, Texas, United States"
"Skybox Datacenters","Austin Campus Data Center","Hutto, Texas, United States"
"Skybox Datacenters","Dallas Campus Data Center","South Dallas Lane, Marion, Illinois 62959, United States"
"Consolidated Communications Holdings, Inc.","Edina Data Center","7700 France Avenue South, Edina, Minnesota 55435, United States"
"Consolidated Communications Holdings, Inc.","Mankato Data Center","221 East Hickory Street, Mankato, Minnesota 56001, United States"
"Consolidated Communications Holdings, Inc.","Dallas Data Center","400 South Akard Street, Dallas, Texas 75202, United States"
"QumulusAI","Denton Data Center","750 Precision Drive, Denton, Texas 76207, United States"
"Nexus Data Center","Hubbard Campus","Hubbard, Texas, United States"
"PowerHouse Data Centers","CTP-02 Data Center","Ashburn, Virginia, United States"
"PowerHouse Data Centers","CTP-03 Data Center","Ashburn, Virginia, United States"
"PowerHouse Data Centers","1600 Digital Drive Data Center","1600 Digital Drive, Chester, Virginia 23836, United States"
"PowerHouse Data Centers","PAX-1 Data Center","Virginia Beach, Virginia, United States"
"PowerHouse Data Centers","Hobart Campus","Virginia Beach, Virginia, United States"
"PowerHouse Data Centers","Circle T Campus","Virginia Beach, Virginia, United States"
"Windstream","Innsbrook Data Center","4551 Cox Road, Glen Allen, Virginia 23060, United States"
"Windstream","Sterling Data Center","21376 Potomac View Road, Sterling, Virginia 20164, United States"
"Windstream","Brookfield Data Center","13935 Bishops Drive, Brookfield, Wisconsin 53005, United States"
"Compass Datacenters","Illinois Campus","Illinois City, Illinois, United States"
"Compass Datacenters","Meridian Data Center","Jackson Ridge Way, Nampa, Idaho 83687, United States"
"Compass Datacenters","Boston Data Center","Boston, Massachusetts, United States"
"Compass Datacenters","Columbus 01 Data Center","Columbus, Ohio, United States"
"Compass Datacenters","Columbus 02 Data Center","Columbus, Ohio, United States"
"Compass Datacenters","Nashville Data Center","Nashville, Tennessee, United States"
"Compass Datacenters","Raleigh Data Center","Triangle Promenade Drive, Raleigh, North Carolina 27616, United States"
"Soluna","Dorothy 1A Data Center","Texas City, Texas, United States"
"Soluna","Dorothy 1B Data Center","Texas City, Texas, United States"
"Nebius","Nebius Vineland Data Center","Vineland, New Jersey, United States"
"Soluna","Dorothy 2 Data Center","West, Texas, United States"
"Soluna","Sophie Data Center","Kentucky Hills, Independence, Missouri, United States"
"Soluna","Dorothy 3 Data Center","West, Texas, United States"
"Soluna","Kati 1 Data Center","Texas City, Texas, United States"
"Soluna","Kati 2 Data Center","Texas City, Texas, United States"
"Soluna","Grace Data Center","Texas City, Texas, United States"
"Soluna","Rosa data center","Texas City, Texas, United States"
"Soluna","Hedy Data Center","Texas City, Texas, United States"
"Soluna","Ellen Data Center","Texas City, Texas, United States"
"Soluna","Fei Data Center","Texas City, Texas, United States"
"Soluna","Gladys Data Center","Texas City, Texas, United States"
"Atlas Power","Butte Data Center","200 Technology Way, Butte, Montana 59702, United States"
"Atlas Power","Willinston Data Center","5046 143rd Avenue Northwest, Williston, North Dakota 58801, United States"
"Bitzero Data Center","North Dakota Data Center","81st Street Northeast, Rochester, Minnesota 55906, United States"
"Midco Business","Grand Forks Data Center","3251 32nd Avenue South, Grand Forks, North Dakota 58201, United States"
"Midco Business","Yankton Data Center","2106 West City Limits Road, Yankton, South Dakota 57078, United States"
"Dakota Carrier Network","Bismarck Coleman Data Center","4202 Coleman Street, Bismarck, North Dakota 58503, United States"
"Dakota Carrier Network","Fargo Great Plains Data Center","3901 Great Plains Drive, Fargo, North Dakota 58104, United States"
"Applied Digital Corporation","Ellendale Data Center","Ellendale, North Dakota, United States"
"Applied Digital Corporation","Jamestown Data Center","Jamestown, North Dakota, United States"
"Core Scientific","Auburn 1 Data Center","1571 West Samford Avenue, Auburn, Alabama 36832, United States"
"Core Scientific","Dalton 1 Data Center","2205 Industrial South Road, Dalton, Georgia 30721, United States"
"Core Scientific","Dalton 2 Data Center","2205 Industrial South Road, Dalton, Georgia 30721, United States"
"Core Scientific","Dalton 3 Data Center","206 Boring Drive, Dalton, Georgia 30721, United States"
"Core Scientific","Calvert 1 Data Center","1035 Shar-Cal Road, Calvert City, Kentucky 42029, United States"
"Core Scientific","Calvert 2 Data Center","1035 Shar-Cal Road, Calvert City, Kentucky 42029, United States"
"Core Scientific","Calvert 3 Data Center","1035 Shar-Cal Road, Calvert City, Kentucky 42029, United States"
"Core Scientific","Marble Data Center","155 Palmer Lane, Marble, North Carolina 28905, United States"
"Core Scientific","Grand Forks Data Center","5601 11th Avenue South, Grand Forks, North Dakota 58201, United States"
"Core Scientific","Muskogee Data Center","1525 West Smith Ferry Road, Muskogee, Oklahoma 74401, United States"
"Core Scientific","Austin 1 Data Center","3301 Hibbetts Road, Austin, Texas 78725, United States"
"Core Scientific","Denton 1 Data Center","8171 Jim Christal Road, Denton, Texas 76207, United States"
"Core Scientific","Cottonwood 1 Data Center","2119 Texas Highway 63, Jasper, Texas 75951, United States"
"Core Scientific","Cottonwood 2 Data Center","2119 Texas Highway 63, Jasper, Texas 75951, United States"
"Iron Mountain Data Centers","VA-9 Northern Virginia Data Center","County Center, Virginia, United States"
"Sabey Data Centers","Austin Building B Q3 Data Center","Round Rock, Texas, United States"
"Sabey Data Centers","Austin Building B Progress Q1 Data Center","Austin, Texas, United States"
"Sabey Data Centers","SDC Columbia Building 2 Data Center","Quincy, Washington, United States"
"Visa Inc.","Central U.S Data Center","Central, South Carolina, United States"
"Visa Inc.","Eastern USA Data Center","Eastern, Kentucky, United States"
"Corscale","Gainesville - Bldg 1 Data Center","13760 University Boulevard, #1, Gainesville, Virginia 20155, United States"
"Corscale","Kincora VA Data Center","Kincora, Virginia, United States"
"DP Facilities","Atlanta Data Center","Atlanta, Georgia, United States"
"DP Facilities","Austin Data Center","Austin, Texas, United States"
"DP Facilities","Reno Data Center","Reno, Nevada, United States"
"DP Facilities","Denver Data Center","Denver, Colorado, United States"
"DP Facilities","Salt Lake City Data Center","Salt Lake City, Utah, United States"
"DP Facilities","Ashburn Data Center","Ashburn, Virginia, United States"
"EdgeConnex","Austin Data Center","Austin, Texas, United States"
"Tract","Buckeye Technology Park Data Center","Buckeye, Arizona, United States"
"Tract","Morris Technology Park Data Center","Morris, Illinois, United States"
"Tract","Altoona Data Center","Altoona, Iowa, United States"
"Tract","Peru Ridge Data Center","The Ridges, Las Vegas, Nevada, United States"
"Tract","Peru Shelf Data Center","Las Vegas, Nevada, United States"
"Tract","Sapphire Data Center","Sapphire Circle, Reno, Nevada 89509, United States"
"Tract","South Valley Data Center","South Valley Road, Orovada, Nevada 89425, United States"
"Tract","Virginia Highlands Data Center","Virginia City Highlands, Nevada, United States"
"Tract","Applewhite Data Center","Old Applewhite Road, Poteet, Texas 78065, United States"
"Tract","Caldwell Valley Data Center","Caldwell, Texas, United States"
"Tract","Medina Technology Park","Medina, Texas, United States"
"Tract","Pole Canyon Data Center","Pole Canyon Road, East Carbon, Utah 84539, United States"
"Tract","Pony Express Data Center","South Pony Express Road, Bluffdale, Utah 84065, United States"
"Tract","Hanover Data Center","Hanover, Virginia, United States"
"CleanArc","Caroline County Data Center","124 County Street, Bowling Green, Virginia 22427, United States"
"CleanArc","Dallas Data Center","Dallas, Texas, United States"
"CleanArc","Southern Dallas Data Center","Southern Drive, Garland, Texas 75043, United States"
"CleanArc","Chicago Data Center","Chicago, Illinois, United States"
"CleanArc","Atlanta Data Center","Atlanta, Georgia, United States"
"CleanArc","Austin Data Center","Austin, Texas, United States"