name,operator,city,state
"PDX4 Boardman, OR",Amazon AWS,79539 Rippee Road,OR
IAD23 Ashburn,Amazon AWS,43830 Devin Shafron Dr,VA
North Central US-Illinois,Microsoft Azure,601 Northwest Avenue,IL
13600 EDS Drive,Amazon AWS,13600 EDS Drive,VA
East US-Virginia,Microsoft Azure,101 Herbert Drive,VA
South Central US-Texas,Microsoft Azure,5150 Rogers Rd,TX
Des Moines Data Center,Microsoft Azure,550 White Crane Rd,IA
West US 2-Washington,Microsoft Azure,1515 Port Industrial Way,WA
Dublin OH,Amazon AWS,5895 Houchard Road,OH
Newton (Atlanta) Data Center,"Meta, Inc.",240 Shire Parkway,GA
US East us-ashburn-1,Oracle,Ashburn,VA
IAD73 Manassas,Amazon AWS,Historic District,VA
Denver - Englewood Data Center,Flexential,8636 South Peoria Street,CO
2580 Beech Rd,Amazon AWS,2580 Beech Rd NW,OH
Rippee Campus,Amazon AWS,Rippee Rd,OR
East US 2 - Virginia,Microsoft Azure,Boydton,VA
5113 Hayden Run,Amazon AWS,5113 Hayden Run Rd,OH
New Albany OH,Amazon AWS,2570 Beech Road Northwest,OH
IAD55 Haymarket,Amazon AWS,15395 John Marshall Hwy,VA
7400 Potranco Rd,Amazon AWS,7400 Potranco Rd,TX
IAD12 Sterling,Amazon AWS,22630 Dulles Summit Court,VA
Livestock Campus,Amazon AWS,28803 NW Livestock Rd,OR
11200 Thomasson Barn,Amazon AWS,11200 Thomasson Barn Road,VA
45305 Sterling,Amazon AWS,45305 West Severn Way,VA
Maiden Data Center,Apple Inc.,5977 Startown Road,NC
"Montgomery County, TN Data Center",Google,1000 Boolean Dr,TN
"Midlothian, TX Data Center",Google,3800 Railport Pkwy,TX
"Douglas County, GA Data Center",Google,300 Riverside Parkway,GA
IAD22 Chantilly,Amazon AWS,4155 Westfax Drive,VA
NY4 Secaucus Data Center,Equinix,755 Secaucus Road,NJ
New Albany Innovation Campus Way,Amazon AWS,Innovation Campus Way,OH
Scioto Campus,Amazon AWS,4120 Scioto Darby Creek Road,OH
IAD60  Ashburn,Amazon AWS,21267 Smith Switch Road,VA
CH3 Elk Grove Data Center,Equinix,1905 Lunt Avenue,IL
San Antonio (SN7) - Texas,Microsoft Azure,5200 Rogers Rd,TX
"The Dalles, OR Data Center",Google,4200 Columbia Rd,OR
Mesa Data Center,Apple Inc.,3740 South Signal Butte Road,AZ
22420 Kipper,Amazon AWS,22420 Kipper Dr,VA
IAD100 Manassas,Amazon AWS,10321 Tanner Way,VA
Dallas - Richardson Data Center,Flexential,3010 Waterview Pkwy,TX
Mesa Campus,Google,East Elliot Road & S Sossaman Rd,AZ
Prince William County Campus,Google,Wellington Road & Piney Branch Lane,VA
Switch Data Centers: CITADEL Campus,Switch Data Centers,Switch TAHOE RENO - The Citadel Campus,NV
MI1 Miami Data Center,Equinix,50 Northeast 9th Street,FL
DC2 Ashburn Data Center,Voxility,21715 Filigree Court,VA
DA1 Dallas Data Center,Equinix,1950 North Stemmons Freeway,TX
Hilliard 5109 Hayden Run,Amazon AWS,5109 Hayden Run Rd,OH
TX1 Richardson Data Center,365 Data Centers,1001 East Campbell Road,TX
2305 Mission College Blvd,Amazon AWS,2305 Mission College Blvd,CA
Fadeley II,Amazon AWS,42800 Fadeley Ln,VA
ALE061,Amazon AWS,Chive Dr,TX
Goodyear - USA (PHX70),Microsoft Azure,3785 Citrus Rd,AZ
US DoD North us-gov-chicago-1,Oracle,Chicago,IL
Dallas - Downtown Data Center,Flexential,1950 North Stemmons Freeway suite 2033,TX
Lockbourne Data Center,Google,5076 S High St,OH
"New Albany, OH Data Center",Google,1101 Beech Rd SW,OH
IAD59 Manassas,Amazon AWS,Historic District,VA
PDX80 Hermiston OR,Amazon AWS,Hermiston,OR
"Jackson County, AL Data Center",Google,48809 Alabama 277,AL
IAD71 Ashburn,Amazon AWS,21263 Smith Switch Rd,VA
Fort Worth Data Center,"Meta, Inc.",4500 Like Way,TX
ORD2 (Chicago) Elk Grove Village Data Center Campus,Csquare,2425 Busse Road,IL
US West us-phoenix-1,Oracle,Phoenix,AZ
EWR2-A Weehawken Data Center,Csquare,300 J. F. Kennedy Blvd,NJ
MNZ01,Microsoft Azure,11314 Balls Ford Rd building 2,VA
Newark Data Center,Apple Inc.,39800 Eureka Drive,CA
West US 3-Arizona,Microsoft Azure,12901 West Olive Avenue,AZ
New Albany Ohio Data Center,"Meta, Inc.",1 Community Circle,OH
PDX2 Umatilla,Amazon AWS,2400 Beach Access Road,OR
Prineville Data Center,Apple Inc.,1600 SW Baldwin Rd,OR
NYM1 Somerset Data Center,CyrusOne,800 Cottontail Lane,NJ
1125 Electron Ave,Amazon AWS,1125 Electron Ave,PA
Lyle Creek Data Center,Microsoft Azure,1521 N Nc 16 Hwy,NC
Switch Data Centers: Keep Data Center,Switch Data Centers,1 Switch Way,GA
West Central US-Wyoming,Microsoft Azure,644 Logistics Dr,WY
Arcola Campus,Google,24400 Howling Rooster Ln,VA
@Chicago 1441 West Touhy Avenue Data Center,T5 Data Centers,1441 West Touhy Avenue,IL
NY5 Secaucus Data Center,Equinix,800 Secaucus Road,NJ
Chicago ORD10 Data Center,Digital Realty,350 East Cermak Road,IL
Smith Campus,Amazon AWS,Smith Switch Rd,VA
Fort Wayne Campus,Google,Fort Wayne,IN
ATL01-01 Data Center,Edged,1800 Thomas Street Northwest,GA
CH1 Chicago Data Center,Equinix,350 East Cermak Road,IL
Los Angeles - Downtown HQ Data Center,QuadraNet,530 W 6th St,CA
NY7 North Bergen Data Center,Equinix,5851 West Side Avenue,NJ
AT4 Atlanta Data Center,Equinix,450 Interstate North Parkway,GA
Waukee IA Data Center,Apple Inc.,2995 W Hickman Rd,IA
Chicago (CH1-Lisle) Data Center,Csquare,4513 Western Ave,IL
Reno Data Center,Apple Inc.,21505 Technology Way,NV
NY11 Carteret Data Center,Equinix,1400 Federal Boulevard,NJ
CHI2 Chicago Aurora Data Center,CyrusOne,2805 Diehl Rd,IL
US Gov West us-luke-1,Oracle,Phoenix,AZ
Forest City Data Center,"Meta, Inc.",480 Social Circle,NC
Dallas (DA2-Webb Chapel) Data Center,Csquare,11830 Webb Chapel Rd,TX
Carlstadt Data Center,11:11 Systems,777 Central Blvd,NJ
West US-California,Microsoft Azure,Fresno,CA
Dallas (DA1-Allen) Data Center,Csquare,900 Guardians Way,TX
Hayward 1 Data Center,Lumen,23965 Connecticut St,CA
US West us-sanjose-1,Oracle,San Jose,CA
DFW1 Fort Worth Data Center Campus,Csquare,14901 FAA Boulevard,TX
EWR2 Weehawken Data Center Campus,Csquare,300 J F Kennedy Boulevard East,NJ
Irving - Dallas DC1 & DC2 Data Center,QTS Data Centers,6431 Longhorn Dr,TX
East Wenatchee,Microsoft Azure,875 Urban Industrial Wy,WA
5117 Hayden Run,Amazon AWS,5117 Hayden Run Rd,OH
Industrial Parkway Campus,Amazon AWS,8619 Industrial Parkway,OH
US DoD West us-gov-phoenix-1,Oracle,Phoenix,AZ
Dallas DFW10 Data Center,Digital Realty,2323 Bryan Street,TX
Atlanta 1 DC1 Data Center,QTS Data Centers,1033 Jefferson Street Northwest,GA
LA7 Torrance Data Center,Equinix,1501 Francisco Street,CA
Phoenix Data Center Campus - Building 1,Vantage Data Centers,45 South Bullard Avenue,AZ
CHI1 Chicago Aurora Data Center,CyrusOne,2905 Diehl Road,IL
Atlanta ATL11 Data Center,Digital Realty,101 Aquila Way,GA
Port of Morrow 3,Amazon AWS,73200 Lewis and Clark Drive,OR
DFW3 - Plano Data Center,DataBank,8375 Dominion Pkwy,TX
New Albany Jug and Beach Road,Amazon AWS,Beech Rd NW & Jug St Rd,OH
New York EWR21 Data Center,Digital Realty,2 Peekay Drive,NJ
Hillcrest,Microsoft Azure,South Hill,VA
Atlanta ATL13 Data Center,Digital Realty,56 Marietta Street NorthWest,GA
ATL1 Atlanta Data Center Campus,Csquare,375 Riverside Parkway,GA
AT5 Norcross Data Center,Equinix,2836 Peterson Place Northwest,GA
"Elk Grove Village, IL Data Center",Summit,2200 Busse Road,IL
PhoenixNAP  Phoenix Data Center,China Telecom,3402 E University Dr,AZ
NY2 Secaucus Data Center,Equinix,275 Hartz Way,NJ
AT1 Atlanta IBX Data Center,Equinix,180 Peachtree Street Northwest,GA
ORD-01 Chicago,Aligned Data Centers,505 Northwest Avenue,IL
Maiden - USA,Microsoft Azure,Zeb Haynes Road & Old Maiden Rd,NC
IAD10 Sterling,Amazon AWS,45360 West Severn Way,VA
CH2 Chicago Data Center,Equinix,350 East Cermak Road,IL
SV1 San Jose Data Center,Equinix,11 Great Oaks Boulevard,CA
"Loudoun County, VA Data Center",Google,Energy Park Drive,VA
Austin AUS11 Data Center,Digital Realty,7500 Metro Center Drive,TX
NNJ3 New Jersey Data Center,Cologix,200 Webro Road,NJ
Secaucus (NYC3) Data Center,Csquare,15 Enterprise Avenue North,NJ
Chicago ORD12 Data Center,Digital Realty,9333 Grand Avenue,IL
SV5 San Jose Data Center,Equinix,9 Great Oaks Boulevard,CA
Santa Clara I Data Center Campus - Building 1,Vantage Data Centers,2820 Northwestern Parkway,CA
TPA1 Tampa Data Center Campus,Csquare,9310 Florida Palm Drive,FL
Warner Campus,Amazon AWS,8567 Warner Road,OH
111 Eight Avenue,Google,111 8th Avenue,NY
One Wilshire Data Center,UnitedLayer,624 South Grand Avenue,CA
Southlands Campus,Google,10420 Bunge Ave,IA
DataBank ATL1 Data Center,DataBank,760 W Peachtree St NW,GA
Los Angeles - Century Data Center,QuadraNet,6171 West Century Boulevard,CA
Carrollton Data Center,11:11 Systems,1649 W Frankford Rd,TX
20945 Loudoun County Pkwy,Amazon AWS,20945 Loudoun County Pkwy,VA
TA1 Tampa Data Center,365 Data Centers,655 North Franklin Street,FL
Dallas DFW18 Data Center,Digital Realty,1210 Integrity Drive,TX
Henrico Data Center,"Meta, Inc.",6200 Technology Blvd,VA
ORD1 Chicago Data Center Campus,Csquare,350 East Cermak Road,IL
DFW1 Dallas Carrollton Data Center,CyrusOne,1649 West Frankford Road,TX
"Storey County, NV Data Center",Google,Sparks,NV
Sarpy Nebraska Data Center,"Meta, Inc.",S 144th St,NE
Altoona Iowa Data Center,"Meta, Inc.",100 Share Way Northwest,IA
DataBank ATL2 Data Center,DataBank,1100 White Street Southwest,GA
Temple Data Center,"Meta, Inc.",Northwest H K Dodgen Loop & Industrial Blvd,TX
US Gov East us-langley-1,Oracle,Ashburn,VA
Orlando 1 Data Center,Lumen,380 South Lake Destiny Drive,FL
6675 Crosby Court,Amazon AWS,6675 Crosby Court,OH
Prineville Data Center,"Meta, Inc.",735 S.W. Connect Way,OR
25410 Sutton Bay,Amazon AWS,25410 Sutton Bay Plz,VA
Switch Data Centers: Pyramid Data Center,Switch Data Centers,Switch GRAND RAPIDS - The Pyramid Campus,MI
Silicon Valley SFO12 Data Center,Digital Realty,365 Main Street,CA
BOS1-A Waltham Data Center,Csquare,580 Winter St,MA
ORD1  Chicago Data Center,Rackspace,2200 Busse Road,IL
CMH1 (Columbus) Lewis Center Data Center Campus,Csquare,8180 Green Meadows Dr,OH
Fayetteville Data Center,QTS Data Centers,1435 Hwy 54 W,GA
CHI02 Chicago Data Center,EdgeConnex,2021 Lunt Avenue,IL
Silicon Valley SJC14 Data Center,Digital Realty,1500 Space Park Drive,CA
Eagle Mountain Utah Data Center,"Meta, Inc.",1275 N Community Cir,UT
Fibertown – Bryan Data Center,FIBERTOWN,110 N Main St,TX
Huntsville Data Center,"Meta, Inc.",5400 Prosperity Dr NW,AL
Edged Chicago Data Center,Edged,2835 Bilter Road,IL
DeKalb Data Center,"Meta, Inc.",1510 E Gurler Rd,IL
HOU1 Houston Data Center,TRG Datacenters,2626 Spring Cypress Road,TX
AUS3 Austin Data Center,CyrusOne,7100 Metropolis Drive,TX
"PDX1 Boardman, OR",Amazon AWS,73575 Lewis and Clark Drive,OR
EWR2-D Weehawken Data Center,Csquare,1919 Park Ave,NJ
CHI01 Chicago Data Center,Stack Infrastructure,1441 Touhy Avenue,IL
US DoD East us-gov-ashburn-1,Oracle,Ashburn,VA
PDX51,Amazon AWS,Beach Access Rd,OR
Newton Campus,Amazon AWS,Newton Court,OH
PH1 Philadelphia Data Center,Equinix,401 North Broad Street,PA
Atlanta,Vultr,Atlanta,GA
NYC1 New York Metro Data Center,Rackspace,125 Belmont Drive,NJ
Santa Barbara 1 Data Center,Lumen,122 Helena Ave,CA
ORD-02 Chicago,Aligned Data Centers,501 Northwest Avenue,IL
IAD9 Chantilly,Amazon AWS,4100 Westfax Drive,VA
Texas 1 Data Center,Switch Data Centers,4100 Smith School Rd,TX
Chicago Two Data Center,Element Critical,341 Haynes Dr,IL
"East Windsor, NJ Data Center",QTS Data Centers,159 Princeton Hightstown Road,NJ
"PDX58 Boardman, OR",Amazon AWS,73579 Lewis and Clark Drive,OR
IAD1 (VDC),Amazon AWS,4101a Westfax Dr,VA
Phoenix Data Center,QTS Data Centers,1200 North 40th Street,AZ
Chicago 2 Data Center,Lumen,900 North Kingsbury Street,IL
Atlanta - Douglasville 1 Data Center,Flexential,1700 N River Rd,GA
Port Washington (Lighthouse) Data Center Campus - Building 1,Vantage Data Centers,Port Washington,WA
ATL3 Atlanta Data Center,365 Data Centers,56 Marietta Street NorthWest 5th floor,GA
Los Lunas Data Center,"Meta, Inc.",4250 Messenger Loop,NM
CH4 Chicago Data Center,Equinix,350 East Cermak Road,IL
LAX1 Los Angeles Data Center,Serverfarm,444 North Nash Street,CA
ATL1 Atlanta Data Center,365 Data Centers,55 Marietta Street,GA
COL4 Columbus Data Center,Cologix,7500 Alta View Boulevard,OH
Cedar Rapids I Data Center,QTS Data Centers,Edgewood Rd SW & 76th Ave SW,IA
Suwanee Data Center 1,QTS Data Centers,300 Satellite Boulevard,GA
Tampa 1 Data Center,Lumen,7909 Woodland Center Boulevard,FL
BCA Boca Raton Data Center,365 Data Centers,3500 Northwest Boca Raton Boulevard,FL
Scottsdale Data Center,11:11 Systems,7499 E Paradise Ln,AZ
12807 Donop Rd,Amazon AWS,12807 Donop Rd,TX
AZP - 1 - Phoenix Data Center,Iron Mountain Data Centers,615 North 48th Street,AZ
Piscataway Data Center,QTS Data Centers,101 Possumtown Road,NJ
COL3 Columbus Data Center,Cologix,585 Scherers Court,OH
New Albany 1 Data Center,QTS Data Centers,1235 Beech Road Southwest,OH
Prime Dallas - 1515 Round Table,Prime Data Centers,1515 Round Table Drive,TX
Quincy Data Center Campus - Building 1,Vantage Data Centers,2101 M Street Northeast,WA
Avondale Data Center,QTS Data Centers,S Avondale Blvd & W Lower Buckeye Rd,AZ
Dallas 1 Data Center,Lumen,3180 Irving Blvd,TX
IAD15  Sterling,Amazon AWS,22631 Dulles Summit Ct,VA
Santa Clara II Data Center Campus – Building 1,Vantage Data Centers,737 Mathew Street,CA
CoreSite LA2 data center Los Angeles,Voxility,900 North Alameda Street,CA
Shackelford County (Frontier) Data Center Campus - Building 1,Vantage Data Centers,Shackelford County,TX
Mount Pleasant,Microsoft Azure,County Rd KR & 90th St,WI
TPA1-A Tampa Data Center,Csquare,9310 Florida Palm Drive,FL
NY6 Secaucus Data Center,Equinix,105 Enterprise Avenue South,NJ
OH2 - Millersport Data Center,Vantage Data Centers,State Route 204 & State Route 37,OH
Chicago ORD23 Data Center,Digital Realty,505 North Railroad Avenue,IL
@Minneapolis Data Center,T5 Data Centers,1001 3rd Avenue South,MN
Detroit Data Center (DC1),123NET,24700 Northwestern Hwy,MI
PHX1-PHX8 Phoenix Data Center,CyrusOne,2335 South Ellis Street,AZ
MI6 Doral Data Center,Equinix,1525 Northwest 98th Court,FL
NJE - 1 - New Jersey Data Center,Iron Mountain Data Centers,3003 Woodbridge Avenue,NJ
MIA-1 - Miami Data Center,Iron Mountain Data Centers,2925 Northwest 120th Terrace,FL
Lancaster Data Center,Google,105 Whiley Rd,OH
Corpus Christi 1 Data Center,Lumen,4901 Westway Drive,TX
"PDX50 Boardman, OR",Amazon AWS,73577 Lewis and Clark Drive,OR
New Albany Data Center Campus - Building 1,Vantage Data Centers,3325 Horizon Court,OH
Orlando 2 Data Center,Lumen,510 Columbia St,FL
Edged Columbus Data Center,Edged,6525 New Albany Road East,OH
DFW3  Dallas Data Center,Rackspace,1215 Integrity Drive,TX
Silicon Valley SFO10 Data Center,Digital Realty,200 Paul Avenue,CA
IAD11 Manassas,Amazon AWS,Historic District,VA
@Charlotte Data Center Campus,T5 Data Centers,131 Riverside Ct,NC
Prime Chicago - 1701 Midway Ct.,Prime Data Centers,1701 Midway Ct,IL
Ashburn Data Center Campus - Building 1,Vantage Data Centers,Vantage Data Centers,VA
"Council Bluffs, IA Data Center",Google,1430 Veterans Memorial Hwy,IA
Dallas DFW14 Data Center,Digital Realty,4849 Alpha Road,TX
Chicago,Vultr,Chicago,IL
Cumming - USA,Microsoft Azure,5855 SW Kerry St,IA
Houston 2 Data Center,Switch Data Centers,660 Greens Parkway,TX
Miami MIA10 Data Center,Digital Realty,36 Northeast 2nd Street,FL
CMH01,5C Data Centers,Columbus,OH
Chicago CH1 Data Center,Digital Realty,2200 Busse Rd,IL
ATL02 Atlanta Data Center,EdgeConnex,1101 Donnelly Avenue Southwest,GA
Cedar Rapids Data Center,Google,Edgewood Rd SW & 76th Ave SW,IA
Sunnyvale 1 Data Center,Lumen,1380 Kifer Road,CA
Texas 2 Data Center,Switch Data Centers,4100 Smith School Road,TX
"Papillion, NE Data Center",Google,14706 Schram Road,NE
Philadelphia Data Center,11:11 Systems,401 N Broad St,PA
Columbia Data Center,Microsoft Azure,1515 Port Industrial Way,WA
Boston 1 Data Center,Lumen,1 Summer Street,MA
CH1 Chicago Data Center,365 Data Centers,350 East Cermak Road suite 240,IL
SEA3-A Lynnwood  Data Center,Csquare,17300 Hwy 99,WA
PDX111,Amazon AWS,Gar Swanson Drive,OR
Los Angeles Data Center,11:11 Systems,900 N Alameda St,CA
MI1 Miami Data Center,CoreSite,2115 Northwest 22nd Street,FL
New York EWR20 Data Center,Digital Realty,100 Delawanna Avenue,NJ
Austin Data Center,Skybox Datacenters,600 New Meister Ln,TX
Raleigh 1 Data Center,Lumen,5301 Departure Drive,NC
IAD50 Ashburn,Amazon AWS,21271 Smith Switch Road,VA
DataBank ATL4 Data Center,DataBank,200 Selig Dr SW,GA
Cheyenne,"Meta, Inc.",114 West 10th Street,WY
CIN5 Cincinnati North Cincinnati Data Center,CyrusOne,401 Kingsview Drive,OH
Atlanta - Douglasville 2 Data Center,Flexential,1750 N River Rd,GA
DUR1 Raleigh-Durham Data Center,CyrusOne,2223 Northeast Creek Parkway,NC
NYC2 New York Metro Data Center,Rackspace,202-216 Campus Drive,NJ
"Phoenix, AZ Data Center",Aligned Data Centers,2500 West Union Hills Drive,AZ
Southfield Data Center NW (DC2),123NET,24275 Northwestern Hwy,MI
IAD7 Manassas,Amazon AWS,Historic District,VA
SE4 Kent Data Center,Equinix,6906 S 204th St,WA
HIL1 Data Center,OVHCloud,1300 NE 25th Ave,OR
Penney Campus,Amazon AWS,976-994 E Penney Ave,OR
Ashburn II Data Center Campus - Building 1,Vantage Data Centers,22435 Glenn Drive,VA
Miami Data Center,QuadraNet,36 Northeast 2nd Street,FL
22945 International Dr,Amazon AWS,22945 International Dr,VA
COL1 Columbus Data Center,Cologix,535 Scherers Court,OH
AUS2 Austin Data Center,CyrusOne,7301 Metropolis Drive,TX
CH7 Westmont Data Center,Equinix,111 Plaza Drive,IL
Cosgray Campus,Amazon AWS,4600 Cosgray Road,OH
Tampa - North Data Center,Flexential,8350 Parkedge Dr,FL
AZP - 3 - Phoenix Data Center,Iron Mountain Data Centers,4802 East Van Buren Street,AZ
Southfield Data Center W (DC3),123NET,24245 Northwestern Hwy,MI
Chicago II Data Center,Stream Data Centers,1925 Busse Road,IL
Seattle,Vultr,Seattle,WA
Austin One Data Center,Element Critical,8025 N Interstate Hwy 35,TX
ORD2-A Elk Grove Village Data Center,Csquare,2425 Busse Rd,IL
Mesa Data Center,"Meta, Inc.",3841 S Ellsworth Rd,AZ
Switch Data Centers: CORE Campus,Switch Data Centers,Switch LAS VEGAS - The Core Campus,NV
Charlotte - South Data Center,Flexential,8910 Lenox Pointe Drive,NC
Chicago Data Center,SBA Edge,603 Discovery Drive,IL
DA2 Dallas Data Center,Equinix,1950 North Stemmons Freeway,TX
Denver - Aurora Data Center,Flexential,11900 East Cornell Avenue,CO
ORD4-A Lisle Data Center,Csquare,4513 Western Ave,IL
IAD76 Sterling,Amazon AWS,22520 Randolph Drive,VA
CH6 Chicago Data Center,365 Data Centers,427 South LaSalle Street,IL
Grand Rapids Data Center (DC4),123NET,400 76th St SW,MI
CH1 Chicago Data Center,NTT Global Data Centers,255 Pierce Rd,IL
20935 Loudoun County Pkwy,Amazon AWS,20935 Loudoun County Pkwy,VA
Lewis and Clark East Campus,Amazon AWS,75300 Lewis and Clark Dr,OR
ATL01 Campus Data Center,Stack Infrastructure,3200 Webb Bridge Road,GA
Reno Data Center Campus - Building 1,Vantage Data Centers,1121 USA Parkway,NV
PDX92,Amazon AWS,79388 Olson Rd,OR
5121 Hayden Run,Amazon AWS,5121 Hayden Run Rd,OH
Weehawken 1 Data Center,Lumen,300 Boulevard East,NJ
LAX3 (Los Angeles) Irvine Data Center Campus,Csquare,17836 Gillette Avenue,CA
Tustin 1 Data Center,Lumen,14452 Franklin Avenue,CA
Salt Lake City 3 Data Center,Lumen,3670 West 500 South,UT
NEO-01 Data Center,Aligned Data Centers,2509 Hayes Ave,OH
Phoenix PHX15 Data Center,Digital Realty,2121 South Price Road,AZ
2890-2970 Beech Road,Amazon AWS,Beech Road Northwest,OH
Richmond 1 Data Center,QTS Data Centers,6000 Technology Boulevard,VA
Kansas City Data Center,"Meta, Inc.",801 NW 128 St,KS
6665 Crosby Court,Amazon AWS,6665 Crosby Court,OH
Crown Castle Baltimore,Crown Castle,111 Market Place suite 103,MD
FTL Fort Lauderdale Data Center,365 Data Centers,3250 West Commercial Boulevard,FL
DataBank AUS1 Data Center,DataBank,7218 McNeil Drive,TX
Northern Virginia IAD36 Data Center,Digital Realty,43780 Digital Loudoun Plaza bldg h,VA
Olson Rd Campus,Amazon AWS,Olson Rd SE,OR
Dallas DFW28 Data Center,Digital Realty,850 East Collins Boulevard,TX
Boston BOS16 Data Center,Digital Realty,105 Cabot Street,MA
MSP1 Shakopee Data Center Campus,Csquare,4450 Dean Lakes Boulevard,MN
Phoenix ( PHX1 - Mesa) Data Center,Csquare,1301 West University Drive,AZ
Gallatin Data Centers,"Meta, Inc.",1 Meta Lp,TN
Edged Dallas Data Center,Edged,505 N Wildwood Dr,TX
Wiseman Boulevard,Microsoft Azure,3545 Wiseman Blvd,TX
CHI01 Chicago Data Center,EdgeConnex,1800 Nicholas Boulevard,IL
Beach Access,Amazon AWS,Beach Access Rd,OR
41992 John Mosby Highway,Amazon AWS,41992 John Mosby Hwy,VA
Columbus - Dublin Data Center,Expedient,5700 Innovation Drive,OH
DT1 Detroit Data Center,365 Data Centers,24660 Lahser Road,MI
Charlotte - North Data Center,Flexential,10105 David Taylor Drive,NC
"Henderson, NV Data Center",Google,Google 560 W Warm Springs Rd,NV
Seattle SEA10 Data Center,Digital Realty,Westin Building Exchange,WA
6685 Crosby Court,Amazon AWS,6685 Crosby Court,OH
New York EWR11 Data Center,Digital Realty,3 Corporate Place,NJ
CLT-1 Data Center,GIGA Data Centers,1035 Mecklenburg Hwy,NC
DET01 Detroit Data Center,EdgeConnex,21005 Lahser Road,MI
ATL2 Atlanta Data Center,365 Data Centers,56 Marietta Street NorthWest,GA
TX1 Dallas Data Center,NTT Global Data Centers,2008 Lookout Dr,TX
TX22 - San Antonio Data Center,Vantage Data Centers,5207 Rogers Rd,TX
BOS01 Boston Data Center,EdgeConnex,22 Linnell Circle,MA
NJ3 Carlstadt Data Center,365 Data Centers,410 Commerce Boulevard,NJ
Claranet San Francisco Data Center,Claranet Ltd,555 California Street suite 4925,CA
Houston 1 - The Woodlands Data Center,Stream Data Centers,4001 Technology Forest Blvd,TX
Bellevue 1 Data Center,Lumen,1514 Chandler Road,NE
NY10 New York City Data Center,365 Data Centers,65 Broadway,NY
Minneapolis 1 Data Center,Lumen,511 11th Avenue South,MN
Chicago CH2 Data Center,Digital Realty,2299 Busse Road,IL
NYM2 Totowa Data Center,CyrusOne,50 Madison Road,NJ
Boston (BO1-Watertown) Data Center,Csquare,486 Arsenal Way,MA
El Paso 2 Data Center,Lumen,201 West Main Drive,TX
Los Angeles,Vultr,Los Angeles,CA
"Frederick County, Maryland Hyperscale Campus",Aligned Data Centers,Frederick,MD
2575 Newton Court,Amazon AWS,2575 Newton Court,OH
Houston One Data Center,Element Critical,22000 Franz Road,TX
Silicon Valley SJC37 Data Center,Digital Realty,641 Walsh Ave,CA
PHX1 Phoenix Data Center Campus,Csquare,615 North 48th Street,AZ
6645 Crosby Court,Amazon AWS,6645 Crosby Court,OH
Fort Worth - Dallas Data Center,QTS Data Centers,14100 Park Vista Boulevard,TX
York County Data Center,QTS Data Centers,York,SC
SEA1 Tukwila Data Center Campus,Csquare,12301 Tukwila International Boulevard,WA
Aurora/Chicago Data Center,DataBridge Sites,4267 Meridian Parkway,IL
Stanton Springs Data Center,"Meta, Inc.",Stanton Springs Data Center,GA
AZP - 2 - Phoenix Data Center,Iron Mountain Data Centers,4802 East Van Buren Street,AZ
Glendale Data Center,QTS Data Centers,4001 N 159th Ave,AZ
2550 Beech,Amazon AWS,2550 Beech Rd NW,OH
ORD4 Chicago Tri-State Data Center,DataBank,1808 Swift Drive,IL
CA1 Rancho Cordova Data Center,365 Data Centers,11085 Sun Center Drive,CA
2020 Live Oak St Data Center,Provision Data Services,2020 Live Oak Street,TX
Dallas,Vultr,Dallas,TX
Fibertown – Houston Data Center,FIBERTOWN,12031 North Freeway,TX
77954 Cottonwood Bend PDX81,Amazon AWS,77954 Cottonwood Bend Road,OR
EWR3 Piscataway Data Center Campus,Csquare,3 Corporate Place,NJ
Minneapolis II - Chaska Data Center,Stream Data Centers,1706 West Creek Lane,MN
150 Atlantic Street Data Center,Whitelabel IT Solutions,159 Atlantic Street,NJ
Miami Data Center,QTS Data Centers,11234 Northwest 20th Street,FL
Powerline Campus,Amazon AWS,80817 Powerline Road,OR
NYM5 Norwalk Data Center,CyrusOne,6 Norden Place,CT
COL2 Columbus Data Center,Cologix,555 Scherers Court,OH
NY1 Newark Data Center,Equinix,165 Halsey Street,NJ
BOS1 Waltham Data Center Campus,Csquare,580 Winter Street,MA
Tampa - West Data Center,Flexential,9417 Corporate Lake Dr,FL
PHX1-B Phoenix Data Center,Csquare,Centersquare Phoenix Data Center,AZ
@Portland Data Center,T5 Data Centers,4915 NE Starr Blvd,OR
ATL01 Atlanta Data Center,EdgeConnex,1003 Donnelly Avenue Southwest,GA
Chicago Data Center,Summit,350 E Cermak Rd,IL
Miami,Vultr,Miami,FL
DC6 Ashburn Data Center,Equinix,21721 Filigree Court,VA
3199 Pilot Knob Rd,Irongate,3199 Pilot Knob Road,MN
Pittsboro Data Center Campus,Vantage Data Centers,1000 N,IN
Phoenix 1 Data Center,Lumen,811 South 16th Street,AZ
Chicago ORD14 Data Center,Digital Realty,9377 Grand Avenue,IL
GA2 Smyrna Data Center,365 Data Centers,5600 United Drive Southeast,GA
Raleigh Data Center,TierPoint,5301 Departure Drive,NC
CU2 Culpeper Data Center,Equinix,18155 Technology Drive,VA
Phoenix PHX10 Data Center,Digital Realty,120 East Van Buren Street,AZ
Akron Data Center,Ark data centers (Iowa),191 East Miller Avenue,OH
Edged Kansas City Data Center,Edged,3420 North Arlington Avenue,MO
Atlanta 4 DC1 Data Center,QTS Data Centers,1103 Herndon Street Northwest,GA
NY2 New Jersey Secaucus Data Center,CoreSite,2 Emerson Lane,NJ
75300 Lewis,Amazon AWS,75300 Lewis and Clark Dr,OR
111 Market Pl Data Center,DataBank,111 Market Pl,MD
Cincinnati Data Center,Flexential,5307 Muhlhauser Rd,OH
CL2 Columbus Data Center,365 Data Centers,251 Neilston Street,OH
Orlando Data Center (Coming 2024),HostDime,980 Wymore Road,FL
DEN1 (Denver) Highlands Ranch Data Center Campus,Csquare,9180 Commerce Center Circle,CO
"Silver Spring/Washington, D.C. Data Center",DataBridge Sites,12401 Prosperity Drive,MD
Harlingen 1 Data Center,Lumen,514 East Monroe Avenue,TX
Spartanburg Data Center,DartPoints,5700 N Blackstock Rd,SC
DFW2 - North Dallas Data Center,DataBank,904 Quality Way,TX
BO2 Billerica Data Center,Equinix,41 Alexander Street,MA
Detroit North Data Center,US Signal,1035 W Entrance Dr,MI
NJ1 Bridgewater New Jersey Data Center,365 Data Centers,999 Frontier Road,NJ
SEA2 Tukwila Data Center Campus,Csquare,6101 South 180th Street,WA
PTOR1 Portland Data Center,1547 Critical Systems Realty,921 Southwest Washington Street,OR
165 Halsey Street Data Center,165 Halsey Street,165 Halsey Street,NJ
SFO2 Santa Clara Data Center Campus,Csquare,4650 Old Ironsides Drive,CA
@Atlanta III Data Center,T5 Data Centers,1546 Trae Lane,GA
DEN - 1 - Denver Data Center,Iron Mountain Data Centers,4300 Brighton Blvd,CO
Chicago ORD13 Data Center,Digital Realty,9355 Grand Avenue,IL
New Jersey 1 Data Center,HorizonIQ,1 Enterprise Avenue North,NJ
CHI2 Chicago Data Center,Zenlayer,9377 Grand Ave,IL
Kansas City Data Center,Lincoln Rackhouse,11155 N Airworld Dr,MO
CLT01,5C Data Centers,Charlotte,NC
PHX01,5C Data Centers,Phoenix,AZ
Phoenix - Deer Valley Data Center,Flexential,1850 W Deer Valley Rd,AZ
SFO1-A Santa Clara Data Center,Csquare,Centersquare Silicon Valley Data Center (Santa Clara 1),CA
WPA - 1 - W. Pennsylvania & Pittsburgh Data Center,Iron Mountain Data Centers,1137 Branchton Road,PA
"Hillsboro, OR Campus",Aligned Data Centers,NE 30th Ave & Northeast Evergreen Road,OR
DEN2 (Denver) Englewood Data Center Campus,Csquare,8534 Concord Center Drive,CO
MSP2 East Twin Cities Data Center,DataBank,3255 Neil Armstrong Blvd,MN
AT3 Atlanta Data Center,Equinix,56 Marietta Street NorthWest,GA
ORD3 Mount Prospect Data Center,DataBank,800 East Business Center Drive,IL
Miami Data Center,Cogent Communications,200 Southeast 1st Street,FL
TX11 - San Antonio Data Center,Vantage Data Centers,14720 Omicron Dr,TX
Raleigh - RTP Data Center,TierPoint,99 TW Alexander Drive,NC
CIN2 Cincinnati 7th Street Data Center,CyrusOne,229 West 7th Street,OH
SE3 Seattle Data Center,Equinix,2020 5th Avenue,WA
Winston-Salem Data Center,Segra,3310 Old Lexington Road,NC
Silver Spring Data Center,Lincoln Rackhouse,12401 Prosperity Drive,MD
Santa Clara 1 Data Center,Lumen,3045 Raymond Street,CA
Boston Data Center,FirstLight,70 Inner Belt Road,MA
Dallas Data Center,Aligned Data Centers,2800 Summit Ave,TX
CO1 Aurora Data Center,365 Data Centers,3431 North Windsor Drive,CO
Sacramento Data Center,QTS Data Centers,1100 North Market Boulevard,CA
Portland - Hillsboro 2 Data Center,Flexential,5737 NE Huffman St,OR
"PDX93 Boardman, OR",Amazon AWS,Olson Rd SE,OR
10290 W 70th St Data Center,US Signal,10290 W 70th St,MN
NYC4 New York City Data Center,Zenlayer,2 Emerson Ln,NJ
Houston IAH10 Data Center,Digital Realty,12001 North Freeway,TX
Chicago ORD011 Data Center,Digital Realty,600 South Federal Street,IL
6655 Crosby Court,Amazon AWS,6655 Crosby Court,OH
New York NYC-01 Data Center,LeaseWeb,3003 Woodbridge Ave,NJ
Reston Data Center,11:11 Systems,12100 Sunrise Valley Drive,VA
Seattle (SE1-Lynnwood) Data Center,Csquare,17300 Hwy 99,WA
DC11 Ashburn Data Center,Equinix,21721 Filigree Court,VA
Sacramento 1 Data Center,Lumen,1075 Triangle Court,CA
MEM01,5C Data Centers,Memphis,TN
MIN4 Minneapolis Data Center,Cologix,511 11th Ave S,MN
Lansing Data Center,Liquid Web,4210 Creyts Road,MI
Richmond 2 Data Center,QTS Data Centers,6030 Technology Boulevard,VA
Goodyear - USA,Microsoft Azure,W Broadway Rd & S Bullard Ave,AZ
1001 Brinton Rd Data Center,CBRE,1001 Brinton Rd,PA
Silicon Valley SJC30 Data Center,Digital Realty,3105 Alfred Street,CA
SEA2 SeaTAC Data Center,DataBank,3311 South 120th Place,WA
Atlanta ATL14 Data Center,Digital Realty,250 Williams Street Northwest,GA
LA4 El Segundo Data Center,Equinix,445 North Douglas Street,CA
500 Bielenberg Drive,Irongate,500 Bielenberg Drive,MN
PA1 Philadelphia Data Center,365 Data Centers,1500 Spring Garden Street,PA
Detroit Data Center TYM2,ManagedWay,600 Executive Drive,MI
New York EWR12 Data Center,Digital Realty,365 South Randolphville Road,NJ
Ashburn III Data Center Campus - Building 1,Vantage Data Centers,19509 Belmont Ridge Road,VA
ATL3 Data Center,Lincoln Rackhouse,40 Perimeter Center East,GA
GA1 Alpharetta Data Center,365 Data Centers,11650 Great Oaks Way,GA
Austin 1 Data Center,Switch Data Centers,7401 East Ben White Boulevard,TX
EWR5-A Secaucus Data Center,Csquare,15 Enterprise Ave N,NJ
Philadelphia - Collegeville Data Center,Flexential,101 Troutman Road,PA
Eagle Mountain City Data Center,QTS Data Centers,Eagle Mountain Building Department,UT
CIN3 Cincinnati Mason Data Center,CyrusOne,4800 Parkway Dr,OH
Detroit Metro Data Center,US Signal,9275 Haggerty Rd,MI
CH3 Chicago Data Center,365 Data Centers,725 South Wells Street,IL
SV10 San Jose Data Center,Equinix,7 Great Oaks Boulevard,CA
New Jersey Data Center,QuadraNet,110 Meadowlands Pkwy,NJ
MCI1 Kansas City Data Center,Rackspace,10828 North Airworld Drive,MO
Stillwater Campus,Google,North Perkins Road & E Richmond Rd,OK
Houston I Data Center,Skybox Datacenters,22000 Franz Rd,TX
Indianapolis Carmel Data Center,Expedient,701 Congressional Blvd,IN
8675 Concord Center Dr Data Center,US Signal,8675 Concord Center Dr,CO
Phoenix I-VI Goodyear Campus,Stream Data Centers,2950 South Litchfield Road,AZ
Project Ginger East,Microsoft Azure,1475 SE Maffitt Lake Ct,IA
Valley Forge Data Center,TierPoint,1000 Adams Avenue,PA
Houston 3 Data Center,Lumen,2300 Lyons Avenue,TX
Los Angeles (LA2-Irvine) Data Center,Csquare,2681 Kelvin Ave,CA
New Jersey Data Center (EWR1),Evocative,1 Enterprise Avenue North,NJ
Minnetonka 1 Data Center,Lumen,5510 Feltl Road,MN
New Albany Data Center,EdgeConnex,9850 Innovation Campus Wy,OH
CH2 Chicago Data Center,365 Data Centers,350 East Cermak Road,IL
Westlake Data Center,Vantage Data Centers,Plummer Rd SW & Riverside Dr SW,GA
Denver Data Center,QTS Data Centers,1160 N Gun Club Rd,CO
IAD-04 Data Center,Aligned Data Centers,5601 Manor Woods Road,MD
Memphis Data Center,Expedient,3180 Players Ln,TN
DataBank BWI1 Data Center,DataBank,300 West Lexington Street,MD
BOS1-B Waltham Data Center,Csquare,115 Second Ave,MA
Raleigh Data Center,LightEdge,8020 Arco Corporate Dr,NC
Boston Data Center (BOS1),Evocative,50 Inner Belt Road,MA
Metro Detroit Data Center,Otava,6435 North Hix Road,MI
DC22 Ashburn Data Center,Equinix,22165 Beaumeade Circle,VA
Creek Campus - Virginia,Microsoft Azure,19515 Compass Creek Parkway,VA
"DAL05 Dallas, TX",IBM Cloud,4849 Alpha Road,TX
Birmingham 1 Data Center,Lumen,401 6th Street North,AL
401 North Broad Philadelphia Data Center,Netrality Data Centers,401 North Broad Street,PA
PDX132,Amazon AWS,Beach Access Rd,OR
41700 Inclusion Ln,Microsoft Azure,41700 Inclusion Ln building 1,VA
707 Wilshire Blvd Data Center,DataBank,707 Wilshire Blvd,CA
SJC2 San Jose Data Center,Rackspace,150 South 1st Street,CA
DataBank ATL3 Data Center,DataBank,1150 White Street Southwest,GA
Boydton - Virginia,Microsoft Azure,925 Ridge Rd,VA
DFW1-B Fort Worth Data Center,Csquare,Centersquare Dallas/Fort Worth Data Center,TX
ATL1-B Lithia Springs Data Center,Csquare,375 Riverside Pkwy ste 150,GA
Edged Phoenix Data Center,Edged,8811 East Warner Road,AZ
CIN6 Florence Data Center,CyrusOne,7200 Industrial Road,KY
Atlanta Data Center (ATL1),Evocative,250 Williams Street Northwest,GA
Mid Michigan Data Center,Otava,5225 Exchange Drive,MI
"DAL10 Dallas, TX",IBM Cloud,1950 North Stemmons Freeway,TX
LA2 Los Angeles Data Center,Equinix,818 West 7th Street,CA
Austin I Data Center,LightEdge,2916 Montopolis Dr,TX
PH2 Philadelphia Data Center,365 Data Centers,3701 Market,PA
Boston BOS13 Data Center,Digital Realty,55 Middlesex Turnpike,MA
Allentown - TekPark Data Center,TierPoint,9999 Hamilton Boulevard,PA
DFW1-A Fort Worth Data Center,Csquare,Centersquare Dallas/Fort Worth Data Center,TX
Ashburn-Broderick Data Center,QTS Data Centers,22271 Broderick Drive,VA
Overland Park - Kansas City Data Center,QTS Data Centers,12851 Foster Street,KS
MI3 Boca Raton Data Center,Equinix,4680 Conference Way South,FL
75294 Lewis,Amazon AWS,75294 Lewis and Clark Dr,OR
Kansas City 2 Data Center,Lumen,1212 East 19th Street,MO
SLC-01 Salt Lake City,Aligned Data Centers,3333 West 9000 South,UT
LA3 El Segundo Data Center,Equinix,1920 East Maple Avenue,CA
2540-2580 Beech South,Amazon AWS,2580 Beech Road Northwest,OH
Project Ginger West,Microsoft Azure,11100 Booneville Rd,IA
Prime Los Angeles - 4701 S. Santa Fe,Prime Data Centers,4701 South Santa Fe Avenue,CA
LA1 Los Angeles Data Center,Equinix,600 West 7th Street,CA
Greenville Data Center,DartPoints,78 Global Dr ste 100,SC
EWR2-E Weehawken Data Center,Csquare,300 JFK Boulevard East,NJ
ATL1-A Lithia Springs Data Center,Csquare,375 Riverside Pkwy ste 150,GA
Charlotte CLT10 Data Center,Digital Realty,113 North Myers Street,NC
Minneapolis - Chaska Data Center,Flexential,3500 Lyman Blvd,MN
Portland - Hillsboro 5 Data Center,Flexential,4975 NE Starr Blvd,OR
5125 Hayden Run,Amazon AWS,5125 Hayden Run Rd,OH
MIN3 Minneapolis Data Center,Cologix,511 11th Avenue South,MN
IAD78 44862 Interconnection Plaza,Amazon AWS,44862 Interconnection Plz,VA
South Seattle Data Center - (TUK),Digital Fortress,12101 Tukwila International Boulevard,WA
MIA02 Miami Data Center,EdgeConnex,475 Northeast 185th Street,FL
SAT1 San Antonio Data Center,CyrusOne,9999 Westover Hills Boulevard,TX
Denver Data Center,H5 Data Centers,5350 South Valentia Way,CO
Boston BOS14 Data Center,Digital Realty,128 1st Avenue,MA
Lubbock 1 Data Center,Lumen,1502 Avenue North,TX
PDX109,Amazon AWS,Gar Swanson Drive,OR
SV4 Sunnyvale Data Center,Equinix,255 Caspian Drive,CA
75250 Gar Swanson,Amazon AWS,75250 Gar Swanson Dr,OR
DSM1 Des Moines Data Center,Cologix,666 Walnut Street,IA
Verizon Detroit 2,Verizon,21555 Melrose Ave,MI
MIA2 Miami Data Center,Zenlayer,2115 Northwest 22nd Street,FL
IND2 Downtown Indianapolis Data Center,DataBank,650 West Henry Street,IN
Silicon Valley SC1 Data Center,Digital Realty,2220 De La Cruz Boulevard,CA
DFW2-A Allen Data Center,Csquare,900 Guardians Way,TX
North Seattle Data Center - (LYN),Digital Fortress,4200 194th St SW,WA
PHX01 Phoenix Data Center,EdgeConnex,3011 S 52nd St ste 107,AZ
ATL2 Atlanta Data Center,Serverfarm,305 Satellite Boulevard,GA
Keystone NAP,Keystone Nap,150 Roebling Rd,PA
Asheville Data Center,DartPoints,100 Technology Dr ste c,NC
28201 Van Dyke Avenue,Irongate,28201 Van Dyke Avenue,MI
"401 Bielenberg Dr, Woodbury",Irongate,401 Bielenberg Dr,MN
SDC Austin Data Center,Sabey Data Centers,1300 Louis Henna Boulevard,TX
AZS - 1 - Scottsdale Data Center,Iron Mountain Data Centers,8521 East Princess Drive,AZ
Orlando Data Center,Atlantic.net,9701 John Young Parkway,FL
Philadelphia Data Center,H5 Data Centers,1500 Spring Garden Street,PA
Phoenix Data Center (PHX1),Evocative,2500 West Union Hills Drive,AZ
EWR2 - Piscataway Data Center,DataBank,25 Corporate Place South,NJ
Milam Data  Center,SoftBank Group Corp,Texas,TX
CLT1 - Flexential Charlotte South Data Center PoP,MOD Mission Critical,8910 Lenox Pointe Drive,NC
EWR Data Center,24Shells Inc,101 Possumtown Road,NJ
Atlanta Data Center,QuadraNet,55 Marietta Street NorthWest,GA
22370 Kipper,Amazon AWS,22370 Kipper Dr,VA
Kansas City Data Center,LightEdge,9050 Northeast Underground Drive,MO
MI2 Miami Data Center,Equinix,36 Northeast 2nd Street,FL
Jacksonville Data Center,SBA Edge,421 West Church Street,FL
"PDX61 Boardman, OR",Amazon AWS,Rippee Road,OR
BO1 Boston Data Center,CoreSite,70 Inner Belt Road,MA
Los Angeles LAX10 Data Center,Digital Realty,600 West 7th Street,CA
Charlotte Two Data Center,Segra,3101 International Airport Drive,NC
EDGED DES MOINES DATA CENTER,Edged,9100 Southeast Fourmile Drive,IA
Tulsa 1 Data Center,Lumen,18 West Archer Street,OK
North Charleston Data Center,DartPoints,8480 Palmetto Commerce Pkwy,SC
2121 E 63rd St Data Center,CBRE,2121 East 63rd Street,MO
Wanapa Campus,Amazon AWS,34820 Hill Road,WI
Minneapolis Data Center,Cogent Communications,250 Marquette Avenue,MN
Atlanta Data Center,PhoenixNAP,1130 Powers Ferry Place,GA
Indianapolis 3 Data Center,Lumen,4625 W 86th St,IN
Redmond Data Center,Colocation Northwest,2457 152nd Avenue Northeast,WA
DE2 Englewood Data Center,Equinix,335 Inverness Drive South,CO
New York,Latitude.sh,60 Hudson St rm 1215,NJ
Memphis 1 Data Center,Lumen,3993 Crowfarn Drive,TN
NJ5 Secaucus Data Center,365 Data Centers,2 Emerson Lane,NJ
IAD13 Ashburn,Amazon AWS,43790 Devin Shafron Drive,VA
DC14 Manassas Data Center,Equinix,7400 Infantry Ridge Road,VA
EWR2-C Weehawken Data Center,Csquare,1919 Park Ave 2nd floor,NJ
NA1 Nashville Data Center,365 Data Centers,147 4th Avenue North,TN
Cleveland Data Center,H5 Data Centers,1625 Rockwell Avenue,OH
IAD6 (Loudoun Exchange),Amazon AWS,43831 Devin Shafron Dr building c,VA
Canton Data Center,Ark data centers (Iowa),4726 Hills and Dales Rd NW,OH
Baltimore Owings Mills Data Center,Expedient,11155 Red Run Blvd,MD
Portland - Hillsboro 1 Data Center,Flexential,3935 NE Aloclek Dr,OR
Richmond 3 Data Center,QTS Data Centers,Portugee Road,VA
ATL05 Data Center,Performive,1130 Powers Ferry Place,GA
Andover Data Center,NaviSite,400 Minuteman Road,MA
25430 Sutton Bay IAD150,Amazon AWS,25430 Sutton Bay Plz,VA
ATL1 Atlanta Data Center,Serverfarm,305 Satellite Boulevard,GA
ATL1-C Lithia Springs Data Center,Csquare,375 Riverside Pkwy ste 150,GA
ATL1-D Lithia Springs Data Center,Csquare,375 Riverside Pkwy suite 100,GA
Crosby Campus,Amazon AWS,6645 Crosby Court,OH
ORNY1 Orangeburg Data Center,1547 Critical Systems Realty,1 Ramland Road South,NY
Raleigh-Durham Data Center,Acehost Data Centers,4518 South Miami Boulevard,NC
Lakeland Data Center,DSM,6810 New Tampa Hwy,FL
Bethlehem Technology Park DC18,Amazon AWS,Historic District,VA
Southfield Data Center,US Signal,21648 Melrose Avenue,MI
SE2 Seattle Data Center,Equinix,2001 6th Avenue,WA
DC-2 Michigan Data Center,Telesystem,1240 Huber Drive,MI
NJ6 Secaucus Data Center,365 Data Centers,755 Secaucus Road,NJ
PDX69,Amazon AWS,Bonney Ln,OR
Indianapolis Data Center,US Signal,701 West Henry Street,IN
NJ10 North Bergen Data Cennter,365 Data Centers,5851 West Side Avenue,NJ
"DAL12 Dallas, TX",IBM Cloud,1950 North Stemmons Freeway,TX
DC12 Ashburn Data Center,Equinix,44790 Performance Circle,VA
Plano Data Center,Lincoln Rackhouse,1000 Coit Rd,TX
PDX67,Amazon AWS,Bonney Ln,OR
Charlotte - Center Park Data Center,TierPoint,1805 Center Park Drive,NC
2675 Newton Court,Amazon AWS,2675 Newton Court,OH
DFW1-D Fort Worth Data Center.,Csquare,Centersquare Dallas/Fort Worth Data Center,TX
2560 Beech Rd,Amazon AWS,2560 Beech Rd NW,OH
San Antonio - Texas,Microsoft Azure,15000 Lambda Dr,TX
SV2 Santa Clara Data Center,Equinix,1350 Duane Avenue,CA
25420 Sutton Bay,Amazon AWS,25420 Sutton Bay Plz,VA
Miami,Latitude.sh,36 NE 2nd St ste 400,FL
Detroit Data Center TYM1,ManagedWay,319 Executive Drive,MI
ATL2 Atlanta Data Center,Hivelocity,250 Williams Street Northwest,GA
Bombing Campus,Amazon AWS,Bombing Range Rd,OR
NJ7 Somerset Data Center,365 Data Centers,800 Cottontail Lane,NJ
Columbus - Upper Arlington Data Center,Expedient,5000 Arlington Centre Boulevard,OH
DFW-03 Data Center,Aligned Data Centers,3801 Britton Rd,TX
Boca Raton Data Center,Cogent Communications,5050 Conference Way North,FL
DataBank BOS1 Data Center,DataBank,1 Summer Street,MA
EWR2-B Weehawken Data Center,Csquare,300 J. F. Kennedy Blvd,NJ
Oklahoma City 1 Data Center,Lumen,201 East Robert S Kerr Boulevard,OK
Columbus Data Center,DartPoints,2425 Technology Blvd,IN
MIA-89P Data Center,Aptum Technologies,2300 NW 89th Pl,FL
TPA2 Tampa Data Center,Hivelocity,5908 Hampton Oaks Parkway suite d,FL
PHX1 Downtown Phoenix Data Center,DataBank,3110 North Central Avenue suite d151,AZ
St Louis Locust Data Center,TierPoint,2300 Locust Street,MO
West Memphis Data Center,Google,Bollinger Rd,AR
CIN4 Cincinnati Hamilton Data Center,CyrusOne,103 Knightsbridge Drive,OH
Columbia Data Center,DartPoints,1000 Catawba Street ste 180,SC
Cleveland Data Center,Ark data centers (Iowa),7300 E Pleasant Valley Rd,OH
Cincinnati Data Center,DartPoints,302 West Third,OH
SFO1 Santa Clara Data Center Campus,Csquare,2401 Walsh Avenue,CA
Miami 4 Data Center,Lumen,1109 Northwest 22nd Street,FL
DFW3 Dallas Data Center,CyrusOne,2300 Chelsea Boulevard,TX
Baltimore Data Center,TierPoint,1401 Russell Street,MD
TPA1 Tampa Data Center,Hivelocity,8010 Woodland Center Boulevard suite 500,FL
SEA2-A Tukwila Data Center,Csquare,6101 S 180th St,WA
Rockland Data Center,FirstLight,1050 Hingham St,MA
DEN2 Centennial Data Center,DataBank,6900 South Peoria Street,CO
Philadelphia 1 Data Center,Lumen,401 North Broad Street,PA
Grand Rapids South Data Center,US Signal,400 76th St SW,MI
EWR3-C Piscataway Data Center,Csquare,3 Corporate Place,NJ
Georgia Data Center,Summit,12655 Edison Dr,GA
TX21 - San Antonio Data Center,Vantage Data Centers,5207 Rogers Rd,TX
OCB1 Omaha-Council Bluffs IA,CyrusOne,4700 Gifford Road,IA
Grand Rapids East Data Center,US Signal,4765 Barden Drive Southeast,MI
OHS - 1 - Ohio Data Center,Iron Mountain Data Centers,3366 S Tech Blvd,OH
ATL2 Atlanta Data Center,Zenlayer,250 Williams Street Northwest,GA
East US 3,Microsoft Azure,Georgia,GA
Bell Canada 1545 Clay St,Bell Canada,1545 Clay Street,MI
Charlotte Data Center,H5 Data Centers,10105 David Taylor Drive,NC
Nashville Data Center,TierPoint,311 Eddy Lane,TN
POR01B - Portland Data Center,Stack Infrastructure,21515 NW Evergreen Pkwy,OR
LAK1 Lakeland Data Center,Cologix,2850 Interstate Drive,FL
Bluebird Underground Data Center,Bluebird Data Centers,1904 Le Compte Rd,MO
MIA 1 Miami Data Center,Hivelocity,36 Northeast 2nd Street,FL
1655 W Sunrise Blvd Data Center,US Signal,1655 West Sunrise Boulevard,AZ
PDX110,Amazon AWS,Gar Swanson Drive,OR
Fort Myers 1 Data Center,Lumen,1547 Seaboard Street,FL
IAD58 Sterling,Amazon AWS,22745 Relocation Drive,VA
"Nashville (Gallatin, TN)",Csquare,1398 Gateway Drive,TN
DC3 Ashburn Data Center,Equinix,44470 Chilum Place,VA
DAL3 Dallas Data Center,Cologix,1950 North Stemmons Freeway,TX
Boston - Marlborough Data Center,TierPoint,34 St Martin Dr,MA
Orlando Data Center,HostDime,440 W Kennedy Blvd,FL
Kannapolis Data Center,Segra,465 Charles Babbage Lane,NC
CHI5 Chicago Lombard Data Center,CyrusOne,1850 Springer Drive,IL
Pittsburgh North Shore Data Center,Expedient,100 South Commons suite 001,PA
2570 Beech Rd,Amazon AWS,2570 Beech Rd NW,OH
Dallas 2 Data Center,Lumen,1950 Stemmons Freeway,TX
Dallas DFW26 Data Center,Digital Realty,2501 Texas 121,TX
POR01 Portland Data Center,EdgeConnex,6327 NW Evergreen Pkwy building c suite c 300,OR
Gar Swanson Campus,Amazon AWS,Gar Swanson Dr,OR
Seattle Data Center,H5 Data Centers,1000 Denny Way,WA
Downtown Seattle Data Center - (SEA),Digital Fortress,3101 Western Avenue,WA
KC1 - 1102 Grand Kansas City Data Center,Netrality Data Centers,1102 Grand Blvd,MO
Philadelphia Data Center,TierPoint,4775 League Island Boulevard,PA
One Market Center,AiNET,300 W Lexington St,MD
HO1 Houston Data Center,Equinix,1515 Aldine Meadows Road,TX
Charlotte One Data Center,Segra,3100 International Airport Drive,NC
Lake Anna Tech Campus,Amazon AWS,Kentucky Springs Rd,KY
Riverside 1 Data Center,Lumen,1550 Marlborough Avenue,CA
Houston 1 Data Center,Switch Data Centers,5555 San Felipe Street,TX
Orlando Location,Skylink Data Centers,Orlando,FL
SDC Seattle Data Center,Sabey Data Centers,3355 35th Ave S,WA
Denver Data Center,Summit,5350 South Valentia Way,CO
PowerHouse Grand Prairie,PowerHouse Data Centers,Grand Prairie,TX
Portland - Hillsboro 4 Data Center,Flexential,4915 NE Starr Blvd,OR
DTW02 - FNSI - Detroit Data Center,Cogent Communications,3331 W Big Beaver Rd,MI
Verizon St. Louis 2,Verizon,2020 Westport Center Dr,MD
210 North Tucker St. Louis Data Center,Netrality Data Centers,210 North Tucker Boulevard,MO
Detroit 2 Data Center,Lumen,1965 Porter Street,MI
"NETdepot - Atlanta, GA",NETdepot,1100 White Street Southwest,GA
Raleigh Data Center,Segra,2100 Garner Station Boulevard,NC
CU1 Culpeper Data Center,Equinix,18155 Technology Drive,VA
Chicago I Data Center,Skybox Datacenters,800 E Devon Ave,IL
Portland PDX12 Data Center,Digital Realty,5870 Northeast Schaaf Street,OR
POR02 Portland Data Center,EdgeConnex,6297 NE Evergreen Pkwy building a,OR
Tampa Data Center,Acehost Data Centers,412 East Madison Street,FL
Jacksonville Road Campus,Microsoft Azure,11314 Balls Ford Rd,VA
Palmetto Data Center,Microsoft Azure,8527 Williams Rd,GA
"DAL09 Dallas, TX",IBM Cloud,1950 North Stemmons Freeway,TX
Los Angeles Data Center,Cogent Communications,530 W 6th St,CA
Minneapolis Data Center,Data Holdings Data Center,1001 3rd Ave S,MN
MIA3 Miami Data Center,365 Data Centers,100 Northeast 80th Street,FL
AU2 - DRT Austin Data Center PoP,MOD Mission Critical,7500 Metro Center Dr,TX
Mindset Campus,Microsoft Azure,41840 Growth Mindset Ln,VA
Nashville - Brentwood Data Center,Flexential,7100 Commerce Way suite 25,TN
Baltimore Tide Point Data Center,Expedient,1050 Hull Street,MD
MIN5 Minneapolis Data Center,Cologix,511 11th Avenue South,MN
Seattle SEA-11 Data Center,LeaseWeb,12201 Tukwila International Blvd #100,WA
Denver- Parker Data Center,Flexential,15255 Compark Blvd,CO
PHX2 Phoenix Sky Harbor Data Center,DataBank,615 North 48th Street,AZ
11150 Thomasson Barn,Amazon AWS,11150 Thomasson Barn Road,VA
Miami Data Center,iM Critical,100 Northeast 80th Terrace,FL
MSP1-B Shakopee Data Center,Csquare,4450 Dean Lakes Blvd,MN
DFW-01 Data Center,Aligned Data Centers,2800 Summit Ave,TX
Washington DC (WDC1-Ashburn) Data Center,Csquare,21571 Beaumeade Cir,VA
Orangeburg Campus,DataBank,2000 Corporate Dr,NY
45259 Sterling,Amazon AWS,45259 West Severn Way,VA
4442 Newcastle Rd Data Center,CBRE,4442 Newcastle Rd,OK
BOS4-A Watertown Data Center,Csquare,486 Arsenal Way,MA
Verizon Boston #2,Verizon,89 Fulkerson St,MA
IAD101 Manassas,Amazon AWS,10301 Tanner Way,VA
Hillsboro 1 Data Center,QTS Data Centers,4951 Northeast Huffman Street,OR
Indianapolis North Data Center,US Signal,6325 Morenci Trail,IN
Beltsville Data Center,AiNET,11700 Montgomery Rd,MD
PowerHouse Charlotte,PowerHouse Data Centers,Charlotte,NC
10300 6th Ave Data Center,DataBank,10300 6th Avenue North,MN
ABQ1 Albuquerque Data Center Campus,Csquare,400 Tijeras Avenue Northwest,NM
CTX2 Houston Data Center,Serverfarm,Houston,TX
Pittsurgh 2 Data Center,Lumen,200 Technology Drive,PA
KCM - 1 - Kansas City Data Center,Iron Mountain Data Centers,6301 Winchester Avenue,MO
DC7 Vienna Data Center,Equinix,7990 Science Applications Court,VA
MNZ02,Microsoft Azure,11314 Balls Ford Rd building 1,VA
Detroit 1 Data Center,Lumen,19675 West 10 Mile Road,MI
Akron 2 Data Center,Lumen,110 South Arlington Street,OH
Chattanooga CHA1 Data Center,DC BLOX,807 East 16th Street,TN
CU3 Culpeper Data Center,Equinix,18155 Technology Drive,VA
IAD52 Manassas,Amazon AWS,Historic District,VA
Phoenix Data Center,H5 Data Centers,2600 West Germann Road,AZ
IAD63 Chantilly,Amazon AWS,43701 Clubber Ln,VA
CMH1-A Columbus Data Center,Csquare,8180 Green Meadows Dr,OH
Baltimore - BWI Data Center,TierPoint,813 Pinnacle Drive,MD
Indy Telcom Center,Netrality Data Centers,701 West Henry Street,IN
DataBank IAD1 Data Center,DataBank,21635 Red Rum Drive,VA
Austin II Data Center,LightEdge,7000 Burleson Rd,TX
110 North First Street,Irongate,110 North 1st Street,MN
Cleveland - 151 NEO Data Center,Expedient,15166 Neo Parkway,OH
Phoenix-Van Buren Data Center,QTS Data Centers,120 East Van Buren Street,AZ
42010 Growth Mindset,Microsoft Azure,42010 Growth Mindset Lane,VA
MSP1 West Twin Cities Data Center,DataBank,7700 France Ave S,MN
Quincy Data Center,H5 Data Centers,1711 M Street Northeast,WA
Northern Virginia IAD44 Data Center,Digital Realty,43704 Efficiency Dr,VA
Detroit Clay St Data Center,iTel Networks Inc.,1545 Clay Street,MI
PHX3-A Mesa Data Center,Csquare,1301 West University Drive,AZ
New York Teleport Data Center,Telehouse,7 Teleport Drive,NY
7400 World Communications Dr Data Center,CBRE,7400 World Communications Drive,NE
Chicago CHI2 Oakbrook Data Center,AT&T,1000 Commerce Drive,IL
San Antonio 2 Data Center,Lumen,1203 North Frio Street,TX
Greenville GSP1 Data Center,DC BLOX,33 Global Drive,SC
Verizon Memphis,Verizon,5127 Truse Rd,TN
Mobile 1 Data Center,Lumen,50 North Lawrence Street,AL
DAL1 Dallas Data Center,Cologix,1950 North Stemmons Freeway,TX
MA1 Marlboro Data Center,365 Data Centers,250 Locke Drive,MA
Boston 2 Data Center,HorizonIQ,50 Inner Belt Road,MA
IAD24 Manassas,Amazon AWS,7610 Mason King Ct,VA
Portland PDX10 Data Center,Digital Realty,3825 Northwest Aloclek Place,OR
Boston BOS1 Watertown Data Center,AT&T,500 Arsenal Street,MA
BOS - 1 - Boston Data Center,Iron Mountain Data Centers,171 Bear Foot Road,MA
42031 Growth Mindset,Microsoft Azure,42031 Growth Mindset Lane,VA
Omaha Data Center,H5 Data Centers,10917 Harry Watanabe Pkwy,NE
Miami MIA-11 Data Center,LeaseWeb,2115 NW 22nd St,FL
Austin 2 Data Center,Lumen,500 Chicon Street,TX
Myrtle Beach Cable Landing Station,DC BLOX,1401 Howard Avenue,SC
Pittsburgh Data Center,Ark data centers (Iowa),161 Armstrong Drive,PA
22900 Platform Plz,Amazon AWS,22900 Platform Plz,VA
TX12 - San Antonio Data Center,Vantage Data Centers,14720 Omicron Dr,TX
NYM7 Wappingers Falls Data Center,CyrusOne,155 Myers Corners Rd,NY
PHX1-D Phoenix Data Center,Csquare,Centersquare Phoenix Data Center,AZ
NYM10 Stamford Data Center,CyrusOne,10 Riverbend Drive South,CT
Cleveland - 152 NEO Data Center,Expedient,15248 Neo Parkway,OH
Northeast Creek Technology Campus,Amazon AWS,Jefferson Hwy,VA
Silver Spring MDC1 Atlanta Data Center,ByteGrid,12401 Prosperity Drive,MD
15455 John Marshall,Amazon AWS,15455 John Marshall Hwy,VA
PHX1-C Phoenix Data Center,Csquare,Centersquare Phoenix Data Center,AZ
Birmingham 2 Data Center,Lumen,2001 Park Place,AL
CHIL2 Chicago Data Center,1547 Critical Systems Realty,725 South Wells Street,IL
MiamiDC1 Data Center,Colocation America,36 NE 2nd St,FL
Northern Virginia IAD39 Data Center,Digital Realty,44274 Round Table Plaza bldg l,VA
Austin 2,Data Canopy,7301 Metropolis Drive,TX
Chicago CHI-11 Data Center,LeaseWeb,1850 Springer Dr,IL
Verizon Boston,Verizon,451 D Street 3rd floor,MA
900 Walnut St. Louis Data Center,Netrality Data Centers,900 Walnut St,MO
IN1 - Indianapolis Data Center,365 Data Centers,701 W Henry St,IN
MIWI1 Wells Building Data Center,1547 Critical Systems Realty,324 East Wisconsin Avenue,WI
Winter Haven Data Center,DSM,200 Avenue B Northwest,FL
PHX1-A Phoenix Data Center,Csquare,Centersquare Phoenix Data Center,AZ
DC3 DATA CENTER,CME group,Aurora,IL
Minneapolis Data Center,H5 Data Centers,1125 Energy Park Drive,MN
"HOU04 Houston, TX",IBM Cloud,315 Capitol St,TX
Colorado Springs Data Center,QTS Data Centers,311 S Rockrimmon Blvd,CO
South Bend Data Center,US Signal,506 West South Street,IN
Edge Data Center Austin,American Tower,1601 West 10th Street,TX
Prime Bay Area - 26415 Corporate Ave,Prime Data Centers,26415 Corporate Avenue,CA
QTS Wisconsin Data Center,QTS Data Centers,Madison,WI
Phoenix Data Center,DSM,Phoenix,AZ
Cedar Rapids Data Center,Ark data centers (Iowa),5055 Rec Drive,IA
Boston DC1 Data Center,Colocation America,34 Saint Martin Drive,MA
CHWY1 Cheyenne Data Center,1547 Critical Systems Realty,340 Progress Circle,WY
DE1 Englewood Data Center,Equinix,9706 East Easter Avenue,CO
IAD4-A Ashburn Data Center,Csquare,21571 Beaumeade Circle,VA
Pittsburgh - Green Tree Data Center,Expedient,810 Parish Street,PA
Royal Oak Data Center,Everstream,4815 Delemere Ave,MI
Seattle Data Center,QuadraNet,12201 Tukwila International Blvd,WA
Chicago CH3 Data Center,Digital Realty,1400 East Devon Avenue,IL
CHIL1 MTC Data Center,1547 Critical Systems Realty,40 E Garfield Blvd,IL
Nashville TN Data Center,TierPoint,Nashville,TN
"Chester County, PA Data Center",Fifteenfortyseven critical systems realty,1547 County Street,MA
Cambridge 1 Data Center,Lumen,300 Bent Street,MA
Pittsburgh 1 Data Center,Lumen,143 South 25th Street,PA
DEN02 Denver Data Center,EdgeConnex,8451 Highfield Parkway,CO
Porter County Data Center,QTS Data Centers,Union Township,IN
Omaha Data Center,First National Technology Solutions (FNTS),201 N 16th St,NE
Indianapolis Data Center,Otava,505 West Merrill Street,IN
DA3 Dallas Data Center,Equinix,1950 North Stemmons Freeway,TX
Tennessee Data Center,Compass Datacenters,3111 Eddy Lane,TN
MIN1 Minneapolis Data Center,Cologix,511 11th Avenue South,MN
JAX2 Jacksonville Data Center,Cologix,4800 Spring Park Road,FL
Charlotte Data Center US-East 01,ScaleMatrix,1805 Center Park Drive,NC
45900 Pathfinder Plz,Amazon AWS,45900 Pathfinder Plaza,VA
NAL01A New Albany Data Center,Stack Infrastructure,7300 Souder Rd,OH
DAL2 Dallas Data Center,Cologix,1950 North Stemmons Freeway,TX
Tulsa Data Center,Compass Datacenters,Tulsa,OK
San Luis Obispo Data Center,H5 Data Centers,3610 Sacramento Dr,CA
DEN01 Denver Data Center,EdgeConnex,8535 Highfield Parkway,CO
ORD2-B Elk Grove Village Data Center,Csquare,2425 Busse Rd,IL
Tulsa - State Farm Data Center,TierPoint,12151 East State Farm Boulevard South,OK
DA7 Plano Data Center,Equinix,6653 Pinecrest Drive,TX
Tanner Way,Amazon AWS,10281 Tanner Way,VA
Charlotte Data Center,Charlotte Colocation Center,5821 Fairview Rd,NC
Nashville Data Center,H5 Data Centers,211 Commerce Street,TN
Ann Arbor Data Center,Otava,640 Avis Drive,MI
CH2 Chicago Data Center,NTT Global Data Centers,255 Pierce Rd,IL
ORD1-D Chicago Data Center,Csquare,350 E Cermak Rd,IL
McAllen 1 Data Center,Lumen,906 Beech Avenue,TX
PowerHouse Irving,PowerHouse Data Centers,Irving,TX
"Charlotte, NC Data Center",Windstream,301 S McDowell St,NC
Ann Arbor 2 Data Center,Otava,5340 Data Court,MI
NA2 Nashville Data Center,365 Data Centers,101 Molloy Street suite 300,TN
Legacy Campus,Skybox Datacenters,6800 Communications Parkway,TX
Lehigh Valley Data Center,TierPoint,3949 Schelden Circle,PA
PH1 Phoenix Data Center,NTT Global Data Centers,10256 East Elliot Road,AZ
PowerHouse Louisville,PowerHouse Data Centers,Louisville,KY
"1000 Redstone Gateway SW, Huntsville",COPT Defense Properties,1000 Redstone Gateway Southwest,AL
San Bernardino 1 Data Center,Lumen,5705 Industrial Parkway,CA
Denver Data Center,Cogent Communications,4643 S Ulster St,CO
"HOU00 Houston, TX",IBM Cloud,835 Greens Parkway suite 150,TX
Detroit 4 Data Center,Lumen,200 Galleria Officentre,MI
New York JFK10 Data Center,Digital Realty,111 8th Avenue,NY
Verizon Tampa,Verizon,5904 Hampton Oaks Pkwy a,FL
Birmingham BHM1 Data Center,DC BLOX,433 6th Street,AL
"Lexington, KY Data Center",Windstream,151 South Martin Luther King Boulevard,KY
Seattle Data Center (SEA1),Evocative,140 4th Avenue North,WA
Prime Phoenix - Lower Buckeye #1,Prime Data Centers,11753 W Lower Buckeye Rd,AZ
GRV01 Data Center,Stellar Technologies Inc.,33 Global Drive,SC
Philadelphia Data Center,Hivelocity,2401 Locust St,PA
P1 Phoenix Data Center,365 Data Centers,1850 West Deer Valley Road,AZ
CMH-02 Data Center,Aligned Data Centers,47201 Co Rd 273,OH
Charlotte,BreezeHost.io,3101 International Airport Drive,NC
Raleigh 4 Data Center,Lumen,924 Ellis Rd,NC
CH3 Chicago Data Center,NTT Global Data Centers,255 Pierce Rd,IL
Houston 1 Data Center,Lumen,12001 North Freeway,TX
Indianapolis,"Rack Bunker Data Centers, LLC",6325 Morenci Trail,IN
NY9 New York Data Center,Equinix,111 8th Avenue,NY
Minneapolis Data Center,Compass Datacenters,4450 Dean Lakes Boulevard,MN
DEN4 Westminster Data Center,DataBank,7579 West 103rd Avenue,CO
PIT01 Pittsburgh Data Center,EdgeConnex,282 Corliss Street,PA
Denver Data Center,Ntirety,888 South Broadway,CO
Boston Data Center,Cogent Communications,59 Inner Belt Road,MA
New Albany Data Center Campus – Building 2,Vantage Data Centers,3325 Horizon Court,OH
IND1 Downtown Indianapolis Data Center,DataBank,731 West Henry Street,IN
Boston North,Prov.net/IronTrust Networks,187 Billerica Road,MA
Phoenix Data Center,Liquid Web,3402 E University Dr,AZ
Riverside Data Center,CenterServ,11801 Pierce Street,CA
FirstLight Portland,Firstlight Fiber,340 Cumberland Ave,ME
73575 Lewis,Amazon AWS,73575 Lewis and Clark Dr,OR
Virginia Mallory Campu,Amazon AWS,3980 Virginia Mallory Drive,VA
Austin I Data Center,Stream Data Centers,1300 Park Center Drive,TX
Verizon Miami,Verizon,16563 NW 15th Ave,FL
Charlotte - North Myers Data Center,TierPoint,125 North Myers Street,NC
HOU2 - Westway Park II Data Center,DataBank,5170 Westway Park Blvd,TX
New Albany II Data Center,EdgeConnex,9850 Innovation Campus Wy,OH
T-Mobile 401 N Broad St,T Mobile,401 North Broad Street,PA
"SJC01 San Jose, CA",IBM Cloud,3105 Alfred Street,CA
DA6 Dallas Data Center,Equinix,1950 North Stemmons Freeway,TX
Emeryville Data Center (OAK1),Evocative,1400 65th Street,CA
San Antonio Data Center,QTS Data Centers,8535 Potranco Rd,TX
Boise Data Center,Ark data centers (Iowa),2653 South Victory View Way,ID
Dallas Data Center,QuadraNet,3004 Irving Blvd,TX
DEN1-A Highlands Ranch Data Center,Csquare,9180 Commerce Center Circle,CO
Bell Canada 250 Marquette Ave S,Bell Canada,250 South Marquette Avenue,MN
Atlanta Data Center,H5 Data Centers,345 Courtland Street Northeast,GA
Navegalo Miami Data Center,Navegalo,50 NE 8th St,FL
San Antonio II - Westover HIlls Data Center,Stream Data Centers,9550 Westover Hills Blvd,TX
East Lansing Data Center,Everstream,1515 Turf Ln,MI
Dallas DFW16 Data Center,Digital Realty,1232 Alma Road,TX
Omaha - Midlands Data Center,TierPoint,11425 South 84th Street,NE
MSP01 Minneapolis Data Center,EdgeConnex,6875 Shady Oak Road,MN
MIA2 - Miami Data Center,Volico Data Center,36 Northeast 2nd Street,FL
KC2 - 7801 Nieman Road Data Center,Netrality Data Centers,7801 Nieman Road,KS
Verizon Denver,Verizon,313 Inverness Way South,CO
CO2 Denver Data Center,365 Data Centers,8636 South Peoria Street,CO
5515 Nobel Dr Data Center,US Signal,5515 Nobel Dr,WI
Louisville - Downtown Data Center,Flexential,752 Barret Ave,KY
Oklahoma City Data Center,ValorC3,4442 Newcastle Rd,OK
MEM01 Memphis Data Center,EdgeConnex,4005 S Mendenhall Rd #6,TN
HAII1 AlohaNAP Data Center,1547 Critical Systems Realty,91-340 Farrington Hwy,HI
Quincy II Data Center,H5 Data Centers,1500 M Street Northeast,WA
Akron Data Center,Cogent Communications,120 N Broadway St,OH
DTW-D Metrobloks Data Center,Metrobloks,27350 11 Street,MI
MO1 St. Louis Data Center,365 Data Centers,900 Walnut Street,MO
BOS2 Somerville Data Center,Enzu,70 Inner Belt Road,MA
St. Louis Data Center,H5 Data Centers,710 N Tucker Blvd,MO
Phoenix (Chandler),Data Canopy,2605 South Ellis Street,AZ
Philadelphia - Locust St,Quonix,2401 Locust Street,PA
"New Kensington, PA Data Center",TECfusions,100 Technical Drive,PA
75254 Gar Swanson,Amazon AWS,75254 Gar Swanson Dr,OR
Oklahoma City 4114 Perimeter Center Data Center,TierPoint,4114 Perimeter Center Place,OK
16680 Valley View Ave Data Center,CBRE,16680 Valley View Avenue,CA
COL5 Data Center,Cologix,6787 Green Meadows Drive,OH
Hartford 1 Data Center,Lumen,155 Locust Street,CT
NNJ4 New Jersey Data Center,Cologix,16 Wing Drive,NJ
NAS01 Nashville Data Center,EdgeConnex,1841 Air Lane Drive bldg 3,TN
Los Angeles LAX-12 Data Center,LeaseWeb,1200 W 7th St,CA
MIN2 Minneapolis Data Center,Cologix,511 11th Avenue South,MN
Tacoma Data Center,Colocation Northwest,1101 A Street,WA
Dallas Data Center,Lumen,1201 Main Street,TX
Grand Rapids Data Center,CBTS LLC,River's Edge Environmental Sculpture,MI
"100 Light Street, Baltimore",COPT Defense Properties,100 Light Street,MD
Ashburn III Data Center Campus - Building 7,Vantage Data Centers,19509 Belmont Ridge Road,VA
Charlotte 3 Data Center,Lumen,1027 North Church Street,NC
Tucson Data Center,Ark data centers (Iowa),1215 East Pennsylvania Street,AZ
"SJC04 San Jose, CA",IBM Cloud,Santa Clara,CA
NA1 - 365 Data Centers Nashville Data Center PoP,MOD Mission Critical,147 4th Avenue North,TN
NNJ2 New Jersey Data Center,Cologix,9 Wing Drive,NJ
11515 Grooms Rd Data Center,CBRE,11515 Grooms Rd,OH
CTX1 Houston Data Center,Serverfarm,Houston,TX
209 10th Ave South Data Center,DataBank,209 10th Avenue North,TN
Stamford 1 Data Center,Lumen,21 Harborview Avenue,CT
MOR1 - Flexential Morrisville Data Center PoP,MOD Mission Critical,5150 McCrimmon Parkway,NC
CLT2 - Flexential Charlotte North Data Center PoP,MOD Mission Critical,10105 David Taylor Drive,NC
Kansas City - Lenexa Data Center,TierPoint,14500 West 105th Street,KS
Huntsville HSV1 Data Center,DC BLOX,333 Diamond Drive Northwest,AL
Bluebird Quad Cities Data Center,Bluebird Data Centers,2701 Devils Glen Road,IA
75288 Lewis,Amazon AWS,75288 Lewis and Clark Dr,OR
AT1 Equinix,FDCservers.net,10 Peachtree Place Northwest,GA
"Cleveland, OH Data Center",Windstream,200 W Prospect Ave,OH
2100 M St Washington DC Data Center,DataBank,2100 M Street Northwest,WA
Columbia 2 Data Center,Lumen,518 Whaley Street,SC
Boston - Andover Data Center,TierPoint,15 Shattuck Road,MA
Tulsa - Archer Data Center,TierPoint,322 East Archer Street,OK
Royal Oak MI Data Center,Liberty Center One,4815 Delemere Avenue,MI
RockPointe Data Center,Management Science,Rockpointe Community Church,MI
SAN1 San Diego World Trade Data Center,DataBank,12270 World Trade Drive suite 100,CA
Botetourt Center Industrial Park,Google,984 International Pkwy,VA
SAT2 San Antonio Data Center,CyrusOne,9554 Westover Hills Boulevard,TX
1301 Fannin Houston Data Center,Netrality Data Centers,1301 Fannin Street,TX
Phoenix PHX-01 Data Center,LeaseWeb,8521 E Princess Dr,AZ
PowerHouse Reno,PowerHouse Data Centers,Tahoe-Reno Industrial Center,NV
Spokane 23017 E Mission Data Center,TierPoint,23017 East Mission Avenue,WA
Denver Data Center,910Telecom,910 15th Street,CO
Austin Data Center,Otava,7301 Metropolis Drive,TX
24185 Upper Woodside,Amazon AWS,24185 Upper Woodside Ln,VA
ATL-01 Data Center,Aligned Data Centers,1551 N River Rd,GA
LAS1 Las Vegas Data Center,DataBank,7185 Pollock Drive,NV
Ashburn-Moran Data Center,QTS Data Centers,44874 Moran Road,VA
DEN2-A Highlands Ranch Data Center,Csquare,Centersquare Denver Data Center (Englewood),CO
San Francisco Data Center,NOVVA,400 Paul Ave,CA
ATL2 Data Center,Lincoln Rackhouse,4905 North Point Parkway,GA
Headquarters,Technology Solutions of SC Inc,Technology Solutions of SC Inc,SC
Las Vegas Data Center,NOVVA,Novva Data Centers - Las Vegas,NV
75242 Gar Swanson,Amazon AWS,75242 Gar Swanson Dr,OR
43920 Lone Cedar,Amazon AWS,43920 Lone Cedar Ln,VA
Austin 1 Data Center,Lumen,4207 Smith School Road,TX
CA3 Sacramento Data Center,NTT Global Data Centers,1625 West National Drive,CA
Raleigh Data Center,CenterServ,421 Fayetteville Street,NC
San Francisco SFO-12 Data Center,LeaseWeb,1735 Lundy Ave,CA
SLC-02 Salt Lake City,Aligned Data Centers,3333 West 9000 South,UT
Grand Rapids Data Center,Everstream,3950 Sparks Drive Southeast,MI
Honolulu,Vultr,Honolulu,HI
Duluth Data Center,Ark data centers (Iowa),Duluth,MN
HOU01 Houston Data Center,EdgeConnex,1510 Primewest Parkway,TX
Wilmington 1 Data Center,Lumen,1603 Jessup Street,DE
Omaha Data Center,LightEdge,1148 American Parkway,NE
Des Moines II Data Center,LightEdge,1401 Northridge Circle,IA
Portland Data Center 2 - (PTL2),Digital Fortress,9705 Southwest Sunshine Court,OR
BO1 Waltham Data Center,Equinix,74 West Street,MA
Charlotte 1 Data Center,Lumen,4021 Rose Lake Drive,NC
Lansing 1 Data Center,Lumen,1206 May Street,MI
Denver Data Center,Stream Data Centers,7579 W 103rd Ave,CO
BOS1 Needham Data Center,Enzu,128 1st Avenue,MA
Dumfries Rd & Colchester Park,Amazon AWS,Dumfries Road & Colchester Park Dr,VA
MEM1 - Memphis Data Center,DataBank,7620 Appling Center Drive,TN
Jersey City Data Center,QTS Data Centers,95 Christopher Columbus Drive,NJ
PDX112,Amazon AWS,Gar Swanson Drive,OR
"Indianapolis, IN Data Center",Windstream,701 West Henry Street,IN
Los Angeles Data Center,Lumen,818 W 7th St,CA
Minneapolis Morquette Ave Data Center,iTel Networks Inc.,250 Marquette Avenue,MN
King of Prussia Data Center,"DaSTOR, LLC",3400 Horizon Drive,PA
Greensboro 2 Data Center,Lumen,496 Gallimore Dairy Rd,NC
PH1 Philadelphia Data Center,365 Data Centers,401 North Broad Street,PA
HOU5 -Houston Galleria Data Center,DataBank,4201 Southwest Freeway,TX
Dublin Data Center,DartPoints,565 Metro Pl S #300,OH
251 Neilston St Data Center,DataBank,251 Neilston St,OH
Brooklyn Data Center,DataVerge,882 3rd Avenue,NY
NVA5 Northern Virginia Sterling Data Center,CyrusOne,21350 Pacific Blvd,VA
Tahoe Reno Data Center,NOVVA,3399 Peru Drive,NV
St George 1 Data Center,ValorC3,1108 West 1600 South,UT
Indianapolis 1 Data Center,Lumen,1902 South East Street,IN
Las Vegas North Data Center,UnitedLayer,7135 South Decatur Boulevard,NV
IAD4-B Ashburn Data Center,Csquare,21561 Beaumeade Circle,VA
Verizon Houston,Verizon,2401 Portsmouth St,TX
Greensboro Data Center,CenterServ,717 Green Valley Road,NC
SLC-03 Data Center,Aligned Data Centers,3333 West 9000 South,UT
Cavern LightEdge,LightEdge,17501 West 98th Street,KS
East Syracuse Data Center,Lumen,6007 Fair Lakes Road,NY
Dallas Data Center (DAL6),Evocative,1221 Coit Road,TX
Prime Sacramento - 2408 AK Street,Prime Data Centers,2408 Ak Street,CA
Central Ohio Powered Land,CBRE,500 N 4th St,OH
Westfax Campus,Amazon AWS,4100 Westfax Dr,VA
"Atlanta, GA Data Center",Windstream,1593 Northeast Expressway,GA
73579 Lewis,Amazon AWS,73579 Lewis and Clark Dr,OR
MCI1 - South Lake Data Center,DataBank,15721 College Blvd,KS
College Park Data Center,Vantage Data Centers,4380 Stacks Rd,GA
Prime Sacramento - 2407 AK Street,Prime Data Centers,2407 Ak St,CA
"400 National Business Parkway, Annapolis Junction",COPT Defense Properties,400 National Business Parkway,MD
"Tulsa, OK Data Center",Windstream,110 W 7th St,OK
Cincinnati,Data Canopy,229 W 7th St,OH
LAS01 Las Vegas Data Center,EdgeConnex,1541 East Pama Lane,NV
Omaha Data Center,CenterServ,1299 Farnam Street,NE
South Bend Data Center I,CBTS LLC,123 Sycamore St,IN
Baltimore Data Center,Mosaic Data Services,Baltimore,MD
Verizon Atlanta,Verizon,4000 Highlands Parkway Southeast,GA
Fadeley III,Amazon AWS,24178 Upper Woodside Ln,VA
Reading PA Data Center,Direct LTx,2561 Bernville Road,PA
75246 Gar Swanson,Amazon AWS,75246 Gar Swanson Dr,OR
8158 Sudley,Amazon AWS,8158 Sudley Manor Drive,VA
LGA3 - Orangeburg Data Center,DataBank,2000 Corporate Drive,NY
EWR1 Data Center,24Shells Inc,165 Halsey Street,NJ
Prime Phoenix - Lower Buckeye #4,Prime Data Centers,11753 West Lower Buckeye Road,AZ
VIN1 Data Center,OVHCloud,6872 Watson Ct,VA
73577 Lewis,Amazon AWS,73577 Lewis and Clark Dr,OR
Des Moines I Data Center,LightEdge,1435 Northridge Circle,IA
St. Louis - Olive Data Center,TierPoint,1111 Olive Street,MO
Phoenix 3 Data Center,HorizonIQ,2500 West Frye Road,AZ
"SJC03 San Jose, CA",IBM Cloud,Santa Clara,CA
San Diego 1 Data Center,Lumen,8929 Aero Drive,CA
Pittsburgh Data Center,H5 Data Centers,2202 Liberty Avenue,PA
"Brentwood, TN Data Center",Windstream,105 Westwood Pl,TN
Oklahoma City 4121 Perimeter Center Data Center,TierPoint,4121 Perimeter Center Place,OK
Winston-Salem Data Center,CenterServ,615 St George Square Ct,NC
"HOU02 Houston, TX",IBM Cloud,855 Greens Parkway,TX
MSP1-A Shakopee Data Center,Csquare,4450 Dean Lakes Blvd,MN
South Bend Data Center II,CBTS LLC,22 Maple Street,IN
3804 Helios Way Data Center,Thin-nology,3804 Helios Way,TX
SEA1-A Tukwila Data Center,Csquare,12301 Tukwila International Blvd,WA
DSM2 Des Moines Data Center,Cologix,1205 Technology Parkway,IA
DFW10 - Red Oak Data Center,DataBank,Batchler Road & Stainback Rd,TX
Baton Rouge Data Center 1,DartPoints,7127 Florida Boulevard,LA
MSP4 Downtown Minneapolis Data Center,DataBank,511 11th Avenue South,MN
Prime Santa Clara - 1111 Comstock,Prime Data Centers,1111 Comstock Street,CA
Silicon Valley SJC16 Data Center,Digital Realty,1525 Comstock Street,CA
Fadeley & Woodside Campus,Amazon AWS,Fadeley Ln,VA
Piscataway PNJ1 Data Center,AT&T,3 Corporate Place,NJ
HOU3 -Westway Park III Data Center,DataBank,11003 Corporate Centre Dr,TX
Oklahoma Data Center,RACK59 Data Center,7725 West Reno Avenue,OK
@Atlanta 3200 Webb Bridge Rd Data Center,T5 Data Centers,3200 Webb Bridge Rd,GA
Bethlehem Data Center,TierPoint,3864 Courtney Street ste 130,PA
Dallas DAL-13 Data Center,LeaseWeb,1950 North Stemmons Freeway,TX
DA9 Irving Data Center,Equinix,2222 East Grauwyler Road,TX
Downtown Data Center,Aureon,616 10th Street,IA
8621 Robert Fulton Drive,COPT Defense Properties,8621 Robert Fulton Drive,MD
Port Washington (Lighthouse) Data Center Campus – Building 4,Vantage Data Centers,Port Washington,NY
Salt Lake City - Downtown Data Center,Flexential,572 Delong St suite 100,UT
45111 Loudoun Downs,Amazon AWS,45111 Loudoun Downs Ln,VA
Phoenix-North Mountain Data Center,Expedient,2475 West Townley Avenue,AZ
Shreveport Data Center,DartPoints,601 Milam St,LA
SV16 Silicon Valley Data Center,Equinix,3000 Corvin Drive,CA
DFW11 - Red Oak Data Center,DataBank,Batchler Road & Stainback Rd,TX
Albuquerque Data Center,H5 Data Centers,505 Marquette Avenue Northwest,NM
Wilmington Data Center,"DaSTOR, LLC",1201 North Market Street,DE
Milwaukee 1 Data Center,Cogent Communications,324 East Wisconsin Avenue,WI
5959 Corporate Dr Data Center,CBRE,5959 Corporate Drive,TX
Utah Data Center,NOVVA,Novva Data Centers,UT
MSP Campus United States,CloudHQ,Chaska,MN
75282 Lewis,Amazon AWS,75282 Lewis and Clark Dr,OR
SEA1-B Tukwila Data Center,Csquare,3355 South 120th Place,WA
Redwood City RWC1 Data Center,AT&T,3175 Spring St,CA
@Cincinnati Data Center,T5 Data Centers,925 Dalton Avenue,OH
Louisville - East Data Center,Flexential,2101 Nelson Miller Parkway,KY
411 Swedeland Road Data Center,"DaSTOR, LLC",411 Swedeland Road,PA
Clubber & Prediction Campus,Amazon AWS,Prediction Ln,VA
DFW1-C Fort Worth Data Center,Csquare,14902 FAA Blvd,TX
Internet 123 Data Center,MOD Mission Critical,24245 Northwestern Highway,MI
MA2 Marlboro Data Center,365 Data Centers,250 Locke Drive,MA
CH1 Chicago Data Center,CoreSite,427 South LaSalle Street,IL
PHL1 - Philadelphia Data Center,DataBank,401 North Broad Street,PA
Austin 3,Data Canopy,7100 Metropolis Drive,TX
Tulsa Data Center,CenterServ,321 South Boston Avenue,OK
Minneapolis Data Center,US Signal,10290 W 70th St,MN
"Des Moines IA, Data Center",Windstream,701 West Henry Street,IN
2500 Allegheny Center Mall Data Center,DataBank,2500 Allegheny Avenue,PA
Prime Santa Clara - 2215 Martin,Prime Data Centers,2215 Martin Avenue,CA
KCM-01 Kansas City Data Center,EvoSwitch,6301 Winchester Avenue,MO
2301 Maguire Data Center,CBRE,2301 Maguire Boulevard,MO
Green Bay Data Center,Ark data centers (Iowa),W6149 Old Highway Road,WI
Lansing Data Center - B,Liquid Web,4428 South Creyts Road,MI
PIT1 - Downtown Pittsburgh Data Center,DataBank,100 South Commons,PA
HI1 Hillsboro Data Center,NTT Global Data Centers,4050 NE Evergreen Rd,OR
1500 Champa (Denver) Data Center,RadiusDC,1500 Champa Street,CO
EWR3-A Piscataway Data Center,Csquare,3 Corporate Place,NJ
Red Oak Campus,DataBank,Batchler Road & Stainback Rd,TX
Silicon Valley OAK10 Data Center,Digital Realty,720 2nd Street,CA
CL1 Cleveland Data Center,365 Data Centers,1625 Rockwell Avenue,OH
Southfield SFJ1 Data Center,ManagedWay,24700 Northwestern Highway,MI
Jacksonville Data Center,TierPoint,8324 Baymeadows Way,FL
Downtown Seattle Data Center,Colocation Northwest,2001 6th Avenue,WA
LA1 Los Angeles Data Center,CoreSite,624 South Grand Avenue,CA
Phoenix Data Center Campus – Building 5,Vantage Data Centers,45 South Bullard Avenue,AZ
Milwaukee Data Center,Expedient,4777 Ironwood Drive,WI
JAX1 Jacksonville Data Center,Cologix,421 West Church Street,FL
Charlotte Data Center,Cogent Communications,701 East Trade Street,NC
EXA Infrastructure Lynn CLS Data Center,EXA Infrastructure,91 Commercial St,MA
Rockville Data Center,Mosaic Data Services,Rockville,MD
Elkridge Data Center,Cogent Communications,6050 Race Rd,MD
Minneapolis 2 Data Center,Lumen,715 N 2nd St,MN
DataBank MSP3 Data Center,DataBank,8111 Oxbow Creek Drive North,MN
Amarillo 1 Data Center,Lumen,512 SE 8th Ave,TX
PhillyDC1 - Philadelphia Data Center,Colocation America,9999 Hamilton Blvd,PA
Kansas City Data Center,Lincoln Data Centers,Lincoln Rackhouse KC (Airworld) Data Center,KS
Data Bank SLC2 Data Center,DataBank,14944 Pony Express Rd,UT
SV14 Silicon Valley Data Center,Equinix,2960 Corvin Drive,CA
Cleveland Data Center,Summit,1625 Rockwell Ave,OH
Charlotte 2 Data Center,Lumen,112 North Myers Street,NC
Saint Louis Data Center,LightEdge,210 Tucker Blvd,MO
SEA4 Seattle Data Center,Zenlayer,Westin Building Exchange,WA
PhillyDC3 - Philadelphia Data Center,Colocation America,3949 Schelden Circle,PA
CA1 Sacramento Data Center,NTT Global Data Centers,1200 Striker Avenue,CA
New York Chelsea Data Center,Telehouse,85 10th Avenue,NY
LAX3-B Irvine Data Center,Csquare,17836 Gillette Ave,CA
PA2 Pittsburgh Data Center,365 Data Centers,100 South Commons suite 126,PA
DE1 Denver Data Center,CoreSite,910 15th Street,CO
Lancaster 1 Data Center,Lumen,1720 Hempstead Rd,PA
Chesapeake Data Center,CenterServ,1545 Crossways Blvd,VA
"Evansville, IN Data Center",Windstream,Midwest Telecom Communications,IN
@Cleveland Data Center,T5 Data Centers,4150 West 150th Street,OH
WA2 Seattle Data Center,365 Data Centers,2001 6th Avenue,WA
MN1 - Cologix Minneapolis Data Center PoP,MOD Mission Critical,511 11th Avenue South,MN
IAD57 (Prologis building 10),Amazon AWS,22755 Relocation Drive,VA
SLI01 New Orleans Data Center,EdgeConnex,2070 Gause Blvd E,LA
NY12 Piscataway Data Center,Equinix,201b Centennial Avenue,NJ
Burbank Data Center,Cogent Communications,100 S Flower St,CA
Edge Data Center Boulder,American Tower,9110 Interlocken Loop,CO
Pittsburgh Data Center,CenterServ,One Oxford Centre,PA
"Boston, MA",Centrilogic,31 Hayward St,MA
"Phoenix, Arizona",Zayo,3110 N Central Ave suite 151,AZ
Dulles Campus,Amazon AWS,22651 Dulles Summit Ct,VA
ATL02 Atlanta Data Center,Stack Infrastructure,808 Factory Shoals Rd,GA
DEN1 Englewood Data Center,DataBank,393 Inverness Parkway,CO
SFO2 San Francisco Data Center,Enzu,201 Paul Ave,CA
Pittsburgh Data Center,iM Critical,900 Brinton Road,PA
Raleigh 3 Data Center,Lumen,3440 Tarheel Drive,NC
Chicago CHI1 Lisle Data Center,AT&T,4513 Western Avenue,IL
"Nashville, TN Data Center",Windstream,105 Westwood Trce,TN
Charlotte 2,Cogent Communications,1310 S Mint St,NC
IND-A Metrobloks Data Center,Metrobloks,2505 N Sherman Dr,IN
Arlington Data Center,CenterServ,2000 East Lamar Boulevard,TX
Catawba County Data Center,Data Journey,2436 Penny Road,NC
ORD-03 Data Center,Aligned Data Centers,50 NW Point Blvd,IL
"WDC07 Ashburn, VA",IBM Cloud,Ashburn,VA
DataBank DEN5 Data Center,DataBank,6961 South Quentin Street,CO
DC-1 Ohio Data Center,Telesystem,4818 Angola Road,OH
90 Beta Drive - Pittsburgh Data Center,Ascent Data,90 Beta Drive,PA
Crown Castle Stamford 2,Crown Castle,5 Landmark Square,CT
South Bend Data Center,Tech Vault Inc,South Bend,IN
Coresite LA2 Data Center,China Telecom,900 N Alameda St,CA
Denver 3 Data Center,Lumen,910 15th Street,CO
IAD14 Manassas,Amazon AWS,Brewers Spring Road,VA
Hillsboro Data Center,Opus Interactive,8135 Northeast Evergreen Parkway,OR
Ashburn Data Center,H5 Data Centers,21800 Beaumeade Circle,VA
Cheyenne Data Center,Lunavi,340 Progress Circle,WY
Nap Of Virginia Beach,PointOne,1893 Corporate Landing Pkwy,VA
NYC1 New York City Data Center,Hivelocity,7 Teleport Drive,NY
7880 Milestone Parkway,COPT Defense Properties,7880 Milestone Parkway,MD
44854 Interconnection,Amazon AWS,44854 Interconnection Plz,VA
Denver-Centennial Data Center,Expedient,7347 South Revere Parkway,CO
CIN97 Cincinnati Blue Ash Data Center,CyrusOne,4600 McAuley Place,OH
Silicon Valley 6 Data Center,HorizonIQ,365 Main Street,CA
RCH - 1 - Richmond Data Center,Iron Mountain Data Centers,Technology Creek Drive,VA
FLL1 - Broward Data Center,Volico Data Center,500 Green Road,FL
Rochester 3 Data Center,Lumen,150 Mile Crossing Blvd,NY
Reading Data Center,"DaSTOR, LLC",2561 Bernville Road,PA
200 Paul Data Center,UnitedLayer,200 Paul Avenue,CA
TN-1 Data Center,Sentinel Data Centers,3180 Players Lane,TN
Northern Virginia IAD40 Data Center,Digital Realty,44372 Round Table Plaza bldg m,VA
Des Moines 1 Data Center,Lumen,4550 Carlisle Road,IA
Minnesota Data Center II,Innova Solutions,2131 Lindau Lane suite 800,MN
SAT5 San Antonio Data Center,CyrusOne,14719 Omicron Drive,TX
SV17 Silicon Valley Data Center,Equinix,3030 Corvin Drive,CA
Boise Data Center,CenterServ,950 West Bannock Street,ID
Dallas DAL1 Allen Data Center,AT&T,900 Guardians Way,TX
"Rideout Rd, Huntsville",COPT Defense Properties,Rideout Rd,AL
Rockland Data Center,Colospace,1050 Hingham Street,MA
Indianapolis 2 Data Center,Lumen,700 West Henry Street,IN
Crown Castle Marlborough (MA2),Crown Castle,Crown Castle,MA
IAD1 Sterling Data Center Campus,Csquare,45901 Nokes Boulevard,VA
MDC2 Silver Spring Atlanta Data Center,ByteGrid,12401 Prosperity Dr,MD
25020 Willard Road,Amazon AWS,25020 Willard Rd,VA
MCI3 South Lake Campus Data Center,DataBank,11200 Lakeview Avenue,KS
PIT2 - Summit Park Data Center,DataBank,35 Summit Park Drive,PA
El Segundo Data Center (LAX10),Evocative,2260 East El Segundo Boulevard,CA
"310 The Bridge Street, Huntsville",COPT Defense Properties,310 The Bridge Street,AL
"Oklahoma City, OK Data Center",Windstream,825 N Broadway Ave,OK
Indianapolis Data Center,Global Access Point (GAP),Indianápolis,IN
SDC Quincy Data Center,Sabey Data Centers,2200 M St NE,WA
DFW2 Dallas Lewisville Data Center,CyrusOne,,TX
Westin Seattle Data Center,Lunavi,2001 6th Avenue,WA
Chicago One Data Center,Element Critical,711 North Edgewood Avenue,IL
DEN1-B Highlands Ranch Data Center,Csquare,9110 Commerce Center Circle,CO
"Louisville, KY Data Center",Windstream,929 Mason Avenue,KY
Byron Data Center,ManagedWay,700 76th Street Southwest,MI
OR1 Orlando Data Center,CoreSite,9701 South John Young Parkway,FL
Silicon Valley SJC15 Data Center,Digital Realty,1201 Comstock Street,CA
Miami MIA1 Data Center,AT&T,444 Northwest 79th Avenue,FL
Stratford 1 Data Center,Lumen,501 Texas Street,TX
NJ2 Newark Data Center,365 Data Centers,165 Halsey Street,NJ
LV2 - Flexential Las Vegas Data Center PoP,MOD Mission Critical,3330 East Lone Mountain Road,NV
DEN3 Downtown Denver Data Center,DataBank,1500 Champa Street,CO
Baton Rouge 2 Data Center,Lumen,9826 Burbank Dr,LA
St. Louis - Millpark Data Center,TierPoint,2315 Millpark Drive,MO
Houston,Data Canopy,11003 Corporate Centre Drive,TX
Mt. Prospect,Apotech Group,1331 East Business Center Drive,IL
Omaha - Bellevue Data Center,TierPoint,1001 Fort Crook Road North,NE
Washington WDC-02 Data Center,LeaseWeb,Historic District,VA
"8100 Rideout Road, Huntsville",COPT Defense Properties,8100 Rideout Drive Northwest,AL
DataBank MIA1 Data Center,DataBank,36 Northeast 2nd Street,FL
SDC Columbia Data Center,Sabey Data Centers,4405 Grant Rd,WA
Madison Data Center,US Signal,222 West Washington Avenue,WI
Spokane Data Center,Neutron Colocation,422 West Riverside Avenue,WA
Minneapolis I Data Center,LightEdge,1708 West Creek Lane,MN
Rialto Data Center,Cogent Communications,282 North Sycamore Avenue,CA
IAD16 Sterling,Amazon AWS,22651 Dulles Summit Ct,VA
Los Angeles Data Center,Telehouse,626 Wilshire Boulevard,CA
St. Paul Data Center,CenterServ,445 Minnesota Street,MN
Auburn Data Center,AUBix,1571 W Samford Ave,AL
St. Louis Data Center,Cogent Communications,1925 Chouteau Ave,MO
LA3 Los Angeles Data center,365 Data Centers,626 Wilshire Boulevard,CA
IAD3 Ashburn I Data Center,Rackspace,44461 Chilum Place,VA
7500 Bethlehem,Amazon AWS,Historic District,VA
Prediction Lane,Amazon AWS,25311 Prediction Ln,VA
MAD01 Madison Data Center,EdgeConnex,4916 East Broadway,WI
Baton Rouge Data Center 2,DartPoints,7139 Florida Blvd,LA
Phoenix 1 Data Center,HorizonIQ,2121 South Price Road,AZ
350 East Cermak Data Center,Hivelocity,350 East Cermak Road,IL
Verizon Seattle,Verizon,1100 2nd Ave,WA
Waterbury Data Center,TierPoint,108 Bank Street,CT
Chicago Data Center,QuadraNet,1905 Lunt Avenue,IL
Las Vegas Data Center,TPx Communications,1181 Grier Dr,NV
Gainesville Campus,NTT Global Data Centers,Gainesville,VA
"Colorado Springs, CO Data Center",Windstream,1780 Jet Stream Dr,CO
SEA2 Seattle Data Center,Zenlayer,Westin Building Exchange,WA
Bedford Data Center,FirstLight,8 Commerce Drive,NH
NOR01 Norfolk Data Center,EdgeConnex,3800 Village Ave suite c,VA
South Hill Data Center,Colocation Northwest,1023 39th Avenue Southeast,WA
Huntsville Data Center,Simple Helix,165 West Park Loop Northwest,AL
Lithia Springs Data Center,AT&T,375 Riverside Parkway,GA
Secaucus NYC3 Data Center,AT&T,15 Enterprise Avenue North,NJ
Kansas City 1 Data Center,Lumen,1100 Walnut Street,MO
Crown Castle Springfield (MA1),Crown Castle,1 Federal St,MA
Philadelphia 3 Data Center,Lumen,3020 Market Street,PA
PhillyDC2 - Philadelphia Data Center,Colocation America,1000 Adams Ave,PA
HartfordDC1 Data Center,Colocation America,108 Bank St,CT
CHI-1 - Chicago Data Center,Iron Mountain Data Centers,1680 Touhy Avenue,IL
Silver Spring Data Center,Mosaic Data Services,Silver Spring,MD
Kansas Data Center,Opti9 Technologies,12022 Blue Valley Pkwy,KS
"Little Rock, AR Data Center",Windstream,4001 N Rodney Parham Rd,AR
NJ11 Edison Data Center,365 Data Centers,3003 Woodbridge Avenue,NJ
Louisville 3 Data Center,Lumen,332 West Broadway,KY
Baltimore 1 Data Center,Lumen,300 West Lexington Street,MD
Chicago – West Data Center,TierPoint,9333 West Grand Avenue,IL
The Data Ranch,Data Foundry,4100 Smith School Rd,TX
Chicago,Latitude.sh,2200 Busse Rd,IL
5945 Wellington,Amazon AWS,5945 Wellington Rd,VA
EWR1 - Downtown Newark Data Center,DataBank,165 Halsey Street,NJ
Newark Data Center,Ntirety,350 Pencader Drive,DE
LA3 Los Angeles Data Center,CoreSite,200 Bauchet Street,CA
New Jersey Data Center - (PNJ),Digital Fortress,201 Centennial Avenue,NJ
Norfolk Data Center,CenterServ,999 Waterside Drive,VA
Las Vegas Data Center,CenterServ,400 S 4th St,NV
Boston Data Center,Synoptek,313 Boston Post Rd W suite 130,MA
Nebraska Data Center,Opti9 Technologies,1010 N 96th St ste 100,NE
San Diego SD01 Koll Data Center,AT&T,5732 Pacific Center Boulevard,CA
St. Paul Data Center,Cogent Communications,847 Earl St,MN
SLC-04 Data Center,Aligned Data Centers,6368 W Beagley Rd,UT
NVA01 - Northern Virginia Data Center,Stack Infrastructure,22080 Pacific Blvd,VA
Fresno 1 Data Center,Lumen,305 W Napa Ave,CA
Rochester Data Center,FirstLight,28 East Main Street,NY
"Lenoir, North Carolina",Centrilogic,801 N Main St,NC
"Lafayette, IN Data Center",Windstream,2304 Brothers Drive,IN
"Omaha NE, Data Center",Windstream,1721 St Marys Ave,NE
OR1 Portland Data Center,365 Data Centers,6058 Northeast 78th Court,OR
CH2 Chicago Data Center,CoreSite,1432 South Clinton Street,IL
Seattle 2 Data Center,HorizonIQ,3355 South 120th Place,WA
RCH‐2 Iron Mountain Data,Iron Mountain Data Centers,Henrico County,VA
WA3 Tukwila Data Center,365 Data Centers,3433 South 120th Place,WA
8190 Bethlehem,Amazon AWS,8190 Bethlehem Rd,VA
LAS1 Las Vegas Data Center,Enzu,302 E Carson Ave,NV
LAX-600W7 Data Center,Aptum Technologies,360 East 2nd Street,CA
Austin Data Center,Logix,1905 East 6th Street,TX
EVE1 - Ziply Everett WA Data Center PoP,MOD Mission Critical,426 East Casino Road,WA
Romulus Data Center,FirstLight,7890 Lehigh Crossing,NY
Redondo Beach Data Center (LAX14),Evocative,3690 Redondo Beach Avenue,CA
Cincinnati Data Center,H5 Data Centers,360 Gest Street,OH
DC1 Ashburn Data Center,Equinix,21711 Filigree Court,VA
Red Oak 1 Data Center,Compass Datacenters,Houston School Rd,TX
Los Angeles Data Center (LAX2),Evocative,600 West 7th Street,CA
West7Center Data Center,Dynascale,1200 West 7th Street,CA
"CTP-02 Campus, Richmond, VA",Chirisa Technology Parks,1401 Meadowville Technology Parkway,VA
"CTP-04 Campus, Richmond, VA",Chirisa Technology Parks,1401 Meadowville Technology Parkway,VA
NJDC1 - New Jersey Data Center,Colocation America,100 Delawanna Avenue,NJ
VA1 Ashburn Data Center,NTT Global Data Centers,44664 Guilford Drive,VA
Dallas DFW12 Data Center,Digital Realty,2440 Marsh Lane,TX
SF1: San Francisco,Fortress Data Centers,274 Brannan Street,CA
South Eastern Wyoming - Cheyenne Data Center,Mountain West Technology Networks,6101 Yellowstone Rd,WY
Atlanta 2 Data Center,HorizonIQ,40 Perimeter Center East,GA
SE1 - DRT Westin MMR Seattle Data Center PoP,MOD Mission Critical,2001 6th Avenue,WA
Brunswick Data Center,FirstLight,14 Resilient Circle,ME
NYC-01 New Jersey Data Center,EvoSwitch,3003 Woodbridge Avenue,NJ
Louisville 1 Data Center,Lumen,848 South 8th Street,KY
IAD61 South Riding,Amazon AWS,43736 Clubber Lane,VA
60590 Decatur Rd Data Center,Midwest Energy & Communications,60590 Decatur Rd,MI
SV3 San Jose Data Center,Equinix,1735 Lundy Avenue,CA
"Chicago, Illinois",Zayo,800 E Business Center Dr,IL
Crown Castle Stamford 1,Crown Castle,1351 Washington Blvd #6902,CT
DFW V,Stream Data Centers,1811 East Renner Road,TX
WA4 Tukwila Data Center,365 Data Centers,3311 South 120th Place,WA
Ohio Data Center,SoftBank Group Corp,Ohio,OH
Boise 1 Data Center,ValorC3,10215 W Emerald St,ID
Ontario CA Data Center,One Data Center America,3833 Ebony Street,CA
Davenport Data Center,South Front Networks,2814 North Clark Street,IA
Casper Wyoming - Data Center of the Rockies,Mountain West Technology Networks,851 Werner Court,WY
717 South Wells Chicago Data Center,Netrality Data Centers,717 South Wells Street,IL
Jersey City Data Center,CenterServ,2500 5th Street,NJ
Texas 1 Data Center,Data Foundry,4100 Smith School Road,TX
Denver 1 Data Center,Lumen,1850 Pearl St,CO
DE1 CoreSite,FDCservers.net,910 15th Street,CO
Quincy Data Center Campus – Building 2,Vantage Data Centers,2101 M Street Northeast,WA
SEA1 - Seattle Data Center,ColoCrossing,12201 Tukwila International Blvd,WA
Quail Campus,Amazon AWS,24214 Quail Ridge Lane,VA
New Haven 1 Data Center,Lumen,54 Meadow Street,CT
Greensboro 1 Data Center,Lumen,413-445 Creek Ridge Road,NC
WA4 Spokane Data Center,365 Data Centers,422 West Riverside Avenue,WA
PHX-07 Data Center,Aligned Data Centers,8907 N Reems Rd,AZ
Montgomery Data Center,Southern Telecom,Montgomery,AL
Synergy Fiber Data Center,Synergy Fiber,3131 South State Street suite 306,MI
SDG01 San Diego Data Center,EdgeConnex,5761 Copley Drive suite 150b,CA
CHI1 - Chicago Data Center,ColoCrossing,2200 Busse Rd,IL
IAD2 Sterling Data Center Campus,Csquare,22810 International Drive,VA
Telehouse Chelsea Data Center,China Telecom,85 10th Avenue,NY
Kansas City Data Center,Cogent Communications,101 Holmes St,KS
Birmingham Data Center,Southern Telecom,Birmingham,AL
Louisville 2 Data Center,Lumen,715 S 7th St,KY
SFDC1 - San Francisco Data Center,Colocation America,200 Paul Avenue,CA
San Diego Data Center US-West 01,ScaleMatrix,5775 Kearny Villa Road,CA
IAD51 (Prologis building #9),Amazon AWS,45220 Prologis Plaza,VA
Waltham Data Center,Colospace,265 Winter St,MA
Metairie 1 Data Center,Lumen,3220 Lausat Street,LA
TulsaConnect DC3 – East Tulsa,TulsaConnect,4500 S 129th E Ave,OK
NVA9 Northern Virginia Data Center,CyrusOne,43290 Old Ox Road,VA
BOS-1 Boston Data Center,EvoSwitch,171 Bearfoot Rd,MA
Import Campus,Amazon AWS,44254 Import Plaza,VA
Reno Data Center Campus – Building 2,Vantage Data Centers,1121 USA Parkway,NV
Coeur d' Alene Data Center,Neutron Colocation,600 West Appleway Avenue,ID
Bethlehem Technology Park DC20,Amazon AWS,Bethlehem Road,VA
DEN1 Denver Data Center,Lunavi,4300 Brighton Blvd,CO
CH1 Chicago Data Center,Serverfarm,840 South Canal Street,IL
New Orleans Data Center,Cogent Communications,650 Poydras Street,LA
Boston Data Center,CenterServ,60 State Street,MA
Zhongjingyun Data Center,OneSource Cloud Corporation,15 North 9th Street,IL
Irving Data Center,Cloudnium LLC,6431 Longhorn Drive,TX
Wyoming Data Center,Prometheus Hyperscale,Evanston,WY
Oklahoma Data Center,SATOKIE,Oklahoma City,OK
Houston 2 Data Center,Lumen,7060 Empire Central Drive,TX
IAD88 Sterling,Amazon AWS,Loudoun Downs Ln,VA
Northern Virginia IAD37 Data Center,Digital Realty,44060 Digital Loudoun Plaza bldg k,VA
Rochester Data Center,CenterServ,510 Clinton Square,NY
Colorado Data Center,NOVVA,650 Sybilla Lane,CO
360TCS Lombard - Chicago,360TCS,360 E 22nd St,IL
Portsmouth Data Center,FirstLight,359 Corporate Drive,NH
IAD74 Manassas,Amazon AWS,Historic District,VA
LAX1 Data Center,24Shells Inc,One Wilshire Building,CA
Los Angeles Data Center,China Telecom,600 West 7th Street,CA
"CTP-01 Campus, Richmond, VA",Chirisa Technology Parks,1401 Meadowville Technology Parkway,VA
Compass PHX II Campus,Compass Datacenters,W Peoria Ave & North El Mirage Road,AZ
ABQ1-A Albuquerque Data Center,Csquare,400 Tijeras Ave NW,NM
"7000 Redstone Gateway, Huntsville",COPT Defense Properties,7000 Redstone Gateway Southwest,AL
"Ephrata, PA Data Center",Windstream,140 Akron Rd,PA
LA1 Los Angeles Data center,365 Data Centers,900 North Alameda Street,CA
"WDC03 (Federal) Ashburn, VA",IBM Cloud,Ashburn,VA
Bethlehem Technology Park DC19,Amazon AWS,Historic District,VA
Sacramento CA1 & CA2 & CA3 Data Center,NTT DOCOMO BUSSINESS,1625 West National Drive,CA
Chicago Cermak Data Center,Hivelocity,350 East Cermak Road,IL
"Data Center Boston, MA (BOS1)",Krypt,50 Inner Belt Rd,MA
St Louis 2 Data Center,Lumen,900 Walnut Street,MO
5NINES Data Center,5nines,8420 Frederick Street,NE
McAllen TX Data Center,1547 Critical Systems Realty,Chase Bank,TX
SV15 Silicon Valley Data Center,Equinix,2970 Corvin Drive,CA
Anaheim 1 Data Center,Cogent Communications,300 S Harbor Blvd,CA
NY1 Data Center,China Telecom,165 Halsey Street,NJ
Westerville Data Center,WeConnect Data Center,35 Collegeview Road,OH
Lynnwood Data Center,Lincoln Rackhouse,4200 194th Street Southwest,WA
Oklahoma City Data Center,Cogent Communications,630 Southwest 7th Street,OK
Jeffersonville Data Center,Innova Solutions,2760 Jefferson Centre Way,IN
BU1 Buffalo Data Center,365 Data Centers,350 Main Street,NY
Atlantic Station Data Center,Skybox Datacenters,2300 West Plano Parkway,TX
IAD69 Sterling (CyrusOne),Amazon AWS,21111 Ridgetop Circle,VA
"1501 South Clinton Street, Baltimore",COPT Defense Properties,1501 South Clinton Street,MD
"206 Research Boulevard, Aberdeen",COPT Defense Properties,206 Research Boulevard,MD
Indianapolis Data Center,Cogent Communications,13 S Davidson St,IN
South Bend Data Center,Global Access Point (GAP),South Bend,IN
DE2 Denver Data Center,CoreSite,639 East 18th Avenue,CO
PNW1 Quincy Data Center,CyrusOne,D Street,WA
IAD67 Ashburn,Amazon AWS,43940 Digital Loudoun Plaza,VA
Nashville Data Center,Cogent Communications,338 Woodycrest Ave,TN
Nashville 3 Data Center,Lumen,2208 9th Avenue North,TN
IAD32 Sterling,Amazon AWS,1304 Squire Ct,VA
Bellevue Data Center,Colocation Northwest,15400 Southeast 30th Place,WA
Spokane 23403 East Mission Data Center,TierPoint,23403 East Mission Avenue,WA
HOU1 - Westway Park I Data Center,DataBank,5150 Westway Park Blvd,TX
DC-6 Manassas Data Center,COPT Data Center,9651 Hornbaker Road,VA
Minneapolis Data Center,CenterServ,100 South 5th Street,MN
TX3 Dallas Data Center,NTT Global Data Centers,2008 Lookout Dr,TX
LGA4 - Orangeburg Data Center,DataBank,2000 Corporate Dr,NY
Verizon Manassas,Verizon,Historic District,VA
PDX-01 Data Center,Aligned Data Centers,NE 30th Ave & NE Evergreen Rd,OR
VA-2 - Northern Virginia Data Center,Iron Mountain Data Centers,11660 Hayden Road,VA
Dallas DFW36 Data Center,Digital Realty,8435 North Stemmons Freeway,TX
AUS1 Austin Data Center,Enzu,7620 Metro Center Dr,TX
AUS2 Austin Data Center,Enzu,7401 E Ben White Blvd,TX
"SV1, SV5 Data Center",China Telecom,11 Great Oaks Blvd,CA
SFO1 San Francisco Data Center,Enzu,200 Paul Avenue,CA
"San Diego, California",Zayo,12270 World Trade Drive,CA
St. Louis Data Center,multacom inc,St. Louis,MO
Michigan Data Center,Secant Technologies,6395 Technology Avenue,MI
DE2 - Morgan Reed Data Center PoP,MOD Mission Critical,1500 Champa Street,CO
New York JFK12 Data Center,Digital Realty,60 Hudson Street,NY
Albuquerque Data Center,CenterServ,6565 Americas Parkway,NM
6940 Columbia Gateway Drive,COPT Defense Properties,6940 Columbia Gateway Drive,MD
Boston Data Center,Colospace,70 Inner Belt Road,MA
Broadview 1 Data Center,Lumen,2101 Roberts Drive,IL
Orlando 3 Data Center,Lumen,7003 Presidents Drive,FL
11300 NW (Miami) Data Center,RadiusDC,11300 Northwest 25th Street,FL
Doane Campus,Amazon AWS,Doane Dr,VA
Cheyenne Data Center,Cogent Communications,114 West 10th Street,WY
Portland 2 Data Center,Lumen,707 SW Washington Ave,OR
NA1 - Flexential Franklin TN Data Center PoP,MOD Mission Critical,4600 Carothers Parkway,TN
Phoenix Data Center,LightEdge,120 East Van Buren Street,AZ
Aurora Data Center,ByteGrid,4267 Meridian Parkway,IL
Totowa,Data Canopy,50 Madison Rd,NJ
"HOU01 Houston, TX",IBM Cloud,390 Benmar Drive,TX
Hillsboro 3 Data Center,QTS Data Centers,5419 NE Starr Blvd,OR
Phoenix Data Center,Compass Datacenters,400 South Bullard Avenue,AZ
New York Data Center,Kyndryl,One Vanderbilt,NY
Connecticut Danbury Data Center,HorizonIQ,60 Backus Avenue,CT
Indianapolis Data Center,Crown Castle,800 Oliver Avenue,IN
Columbus Data Center,MadeIt,Columbus,OH
Dallas - Allen Data Center,TierPoint,840 Allen Commerce Parkway,TX
Atlanta 2 DC1 Data Center,QTS Data Centers,1025 Jefferson Street Northwest,GA
New Albany 2 Data Center,QTS Data Centers,785 Beech Road Southwest,OH
"Tucson, AZ Data Center",TECfusions,3701 East Columbia Street,AZ
"DAL13 Dallas, TX",IBM Cloud,1950 North Stemmons Freeway,TX
Manchester Data Center,FirstLight,77 Sundial Avenue,NH
Portland Data Center,H5 Data Centers,1233 Northwest 12th Avenue,OR
New York JFK13 Data Center,Digital Realty,32 Avenue of the Americas,NY
St Louis 1 Data Center,Lumen,1015 Locust Street,MO
SVC02 Santa Clara Data Center,EdgeConnex,1700 Richard Avenue,CA
North Carolina Data Center,Innova Solutions,129 W Trade St suite 1225,NC
Riverside Data Center,Innova Solutions,1650 Iowa Avenue,CA
HOU2 Houston Data Center,TRG Datacenters,2626 Spring Cypress Road,TX
Phoenix Data Center Campus - Building 3,Vantage Data Centers,45 South Bullard Avenue,AZ
DE3 - Flexential Aurora Data Center PoP,MOD Mission Critical,11900 East Cornell Avenue,CO
20845 Sockeye Pl Data Center,US Signal,20845 Sockeye Pl,OR
SFO3 Sunnyvale Data Center Campus,Csquare,1400 Kifer Rd,CA
Nashville Data Center,CenterServ,424 Church Street,TN
Springfield Data Center,Cogent Communications,400 Taylor St,MA
Pennsauken Data Center,Cogent Communications,4101 Maple Ave,NJ
NJ7 Clifton Data Center,365 Data Centers,100 Delawanna Avenue,NJ
Atlanta 3 DC1 Data Center,QTS Data Centers,953 Herndon Street Northwest,GA
Quest Las Vegas Data Center,Quest Technology Management,3330 E Lone Mountain Rd,NV
South Dallas Data Center,QTS Data Centers,Wilmer,TX
St. Louis Data Center,Global Access Point (GAP),St. Louis,MO
Syaala Memphis Modular Campus (The Vault),Syaala Infra LLC,1047 Florida Street,TN
OM1 - Lightedge Omaha NE Data Center PoP,MOD Mission Critical,1148 American Parkway,NE
ChicagoDC5 Data Center,Colocation America,2200 Busse Rd,IL
Portland Data Center 3 - (PTL3),Digital Fortress,9610 Southwest Sunshine Court,OR
Oak Brook Data Center,US Signal,810 Jorie Blvd,IL
Atlanta Data Center,DSM,2030 Powers Ferry Road,GA
Phoenix 2 Data Center,HorizonIQ,615 North 48th Street,AZ
SV1 Silicon Valley Data Center,NTT Global Data Centers,1160 Walsh Ave,CA
Tampa 4 Data Center,Lumen,400 North Tampa Street,FL
NOVA Data Center,Skybox Datacenters,22675 Dulles Summit Court,VA
SV3 Silicon Valley Data Center,CoreSite,2901 Coronado Drive,CA
Milwaukee Data Center,TierPoint,3701 West Burnham Street,WI
MCI2 Pine Ridge Data Center,DataBank,10605 West 84th Terrace,KS
Missouri Data Center,Opti9 Technologies,Richard R. Lozano,MO
Memphis 2 Data Center,Lumen,5425 E Raines Rd,TN
SBIN1 / Union Station Data Center,Fifteenfortyseven critical systems realty,South Bend,IN
NJ4 Parsippany Data Center,365 Data Centers,200 Webro Road,NJ
Chattanooga Data Center,Peace Communications,1100 East 11th Street,TN
JAX01 Jacksonville Data Center,EdgeConnex,6602 Executive Park Court North,FL
IAD56 Sterling,Amazon AWS,45210 Prologis Plaza,VA
San Antonio Data Center,H5 Data Centers,100 Taylor Street,TX
Providence 2,Prov.net/IronTrust Networks,1155 Westminster Street,RI
Chicago Oak Brook Data Center,NYI,800 Jorie Boulevard,IL
Chicago (Aurora),Data Canopy,2905 Diehl Rd,IL
Quest High Availability Business Center,Quest Technology Management,9000 Foothills Boulevard,CA
Lightwave Data Center,NFINIT,9305 Lightwave Avenue,CA
Louisville Data Center,CenterServ,312 South 4th Street,KY
CyberNest NYC,CyberNest,5851 West Side Ave,NJ
Texas 2 Data Center,Data Foundry,4100 Smith School Road,TX
639 Cloud - DC1,639 Solar,106 NM-113,NM
H5 Colo Facility,H5 Colo,12712 Park Central Drive,TX
San Diego 3 Data Center,Cogent Communications,1402 K St,CA
Anniston Data Center,Southern Telecom,Anniston,AL
AU1 - Data Foundry Data Center PoP,MOD Mission Critical,7401 East Ben White Boulevard,TX
IAD103 10261 Tanner,Amazon AWS,10261 Tanner Way,VA
Milwaukee Data Center,Data Holdings Data Center,3135 W Highland Blvd,WI
San Diego B Street Data center,Cogent Communications,525 B Street,CA
Prime San Jose - 6580 Via Del Oro,Prime Data Centers,6580 Vía del Oro,CA
Monmouth Junction 1 Data Center,Lumen,4260 U.S. 1,NJ
Nashville 1 Data Center,Lumen,2990 Sidco Dr,TN
Minneapolis I Data Center,Stream Data Centers,1708 West Creek Lane,MN
"DAL08 (Federal) Dallas, TX",IBM Cloud,1950 North Stemmons Freeway,TX
IAD01 Ashburn Data Center,Aligned Data Centers,21890 Uunet Drive,VA
Lexington Data Center,CenterServ,2333 Alexandria Drive,KY
St Louis Data Center,CenterServ,100 South 4th Street,MO
FiberState SLC1,Fiberstate,106 East 13200 South,UT
Newark 1 Data Center,Lumen,165 Halsey Street,NJ
DFW4 - Dallas Empire Central Data Center,DataBank,1100 Empire Central Place,TX
SAT Campus United States,CloudHQ,15255 Lambda Dr,TX
Florida Data Center II,Innova Solutions,The Loft at Midtown,FL
New Jersey Data Center,Innova Solutions,377 Hoes Lane suite 100,NJ
North Shadeland Data Center,Lifeline data centers,401 North Shadeland Avenue,IN
TulsaConnect DC1 – Downtown Tulsa,TulsaConnect,321 S Boston Ave,OK
DA4 Dallas Data Center,Equinix,2323 Bryan Street,TX
Austin 1 Data Center,Data Foundry,7401 East Ben White Boulevard,TX
Miami Data Center,HorizonIQ,50 Northeast 9th Street,FL
HTX1 Houston Data Center,Serverfarm,7747 Katy Hockley Road,TX
Omaha Data Center,Cogent Communications,810 S 7th St,NE
T-Mobile 50 NE 9th St,T Mobile,50 Northeast 9th Street,FL
Salt Lake City 2 Data Center,Lumen,5035 Harold Gatty Drive,UT
New York 2 (JFK2),Limestone Networks,100 Delawanna Ave,NJ
Matawan Data Center,TATA Communications,90 Matawan Road,NJ
Salt Lake City - Fair Park Data Center,Flexential,118 South 1000 West,UT
IAD02 Ashburn VA Data Center,Aligned Data Centers,21821 Uunet Drive,VA
Quest Business Resumption Center,Quest Technology Management,4235 Forcum Ave,CA
AT2 Atlanta IBX Data Center,Equinix,56 Marietta Street NorthWest,GA
New York Data Center,Atlantic.net,100 Delawanna Avenue,NJ
Newark Data Center,CenterServ,One Gateway Center,NJ
Chicago Data Center,First National Technology Solutions (FNTS),4513 Western Ave 1st floor,IL
ORD Campus United States - Chicago,CloudHQ,1200 E Algonquin Rd,IL
Denver Data Center,Synoptek,8181 E Tufts Ave suite 530,CO
Dallas Fort Worth Data Center,TierPoint,13701 Independence Parkway,TX
Cheyenne WY | CHWY1,Fifteenfortyseven critical systems realty,340 Progress Circle,WY
Gadsden Data Center,Southern Telecom,Gadsden,AL
45930 Pathfinder Plz,Amazon AWS,45930 Pathfinder Plz,VA
Cincinnati II Data Center,H5 Data Centers,925 Dalton Avenue,OH
DFW1 - Dallas Data Center,ColoCrossing,3004 Irving Blvd,TX
DEN-01 Denver Data Center,EvoSwitch,4300 Brighton Boulevard,CO
"New Orleans, LA",FOGO Solutions,935 Gravier Street 10th floor,LA
LAX3-A Irvine Data Center,Csquare,17836 Gillette Ave,CA
Kansas City 3 Data Center,Lumen,1100 Main Street,MO
DC4 Ashburn Data Center,Equinix,21691 Filigree Court,VA
Reno Data Center,Roller Network,3545 Airway Dr,NV
DE1 - Coresite DE1 Denver Data Center PoP,MOD Mission Critical,910 15th Street,CO
ChicagoDC4 Data Center,Colocation America,1808 Swift Drive,IL
New Jersey Data Center,H5 Data Centers,200b Meadowlands Parkway,NJ
Remington Technology Park,PointOne,12270 Lucky Hill Road,VA
Kansas City Data Center 02,Wholesale Internet INC.,2401 Holly St,MO
Dallas / Fort Worth (DFW400),Atomic Data,Dallas-Fort Worth,TX
SDG1 San Diego Data Center,MDC Data Centers,7014 Manya Circle,CA
DEN1 Englewood Data Center,Enzu,8636 S Peoria St,CO
Austin Data Center,Lumen,1825 Kramer Lane,TX
T-Mobile Everglades MSO,T Mobile,4850 Northwest 103rd Avenue,FL
TulsaConnect DC2 – Downtown Tulsa,TulsaConnect,10 W 7th St,OK
IAD54 Ashburn,Amazon AWS,43791 Devin Shafron Drive,VA
DC5 Ashburn Data Center,Equinix,21701 Filigree Court,VA
AUS3 Austin Data Center,Enzu,7500 Metro Center Dr,TX
Prime Phoenix - Lower Buckeye #2,Prime Data Centers,11753 West Lower Buckeye Road,AZ
725 S. Wells St. Data Center,Hivelocity,725 South Wells Street,IL
"210 Research Boulevard, Aberdeen",COPT Defense Properties,210 Research Boulevard,MD
Falcon Data Center,Layer 9 Data Center,6225 North 24th Street,AZ
IDA1 - Ziply Idaho Data Center PoP,MOD Mission Critical,2115 North Government Way,ID
IAD77 Manassas (COPT DC-6),Amazon AWS,Historic District,VA
SLC5 Granite Point Data Center,DataBank,Sl Co,UT
DFW1 - Downtown Dallas Data Center,DataBank,400 South Akard Street,TX
EWR2 Clifton Data Center,Enzu,2 Peekay Drive,NJ
Dallas DFW25 Data Center,Digital Realty,1215 Integrity Drive,TX
MDC Campus United States - Northern VA,CloudHQ,Historic District,VA
PowerHouse 95,PowerHouse Data Centers,Spotsylvania County,VA
Newark 2 Data Center,Lumen,1085 Raymond Boulevard,NJ
LVG1 Las Vegas Data Center,365 Data Centers,7135 South Decatur Boulevard,NV
Portland 1 Data Center,Lumen,1335 Northwest Northrup Street,OR
Dallas DFW35 Data Center,Digital Realty,907 Security Row,TX
Reston Data Center,Lincoln Rackhouse,1807 Michael Faraday Court,VA
Atlanta 1,Data Canopy,2480 Rock House Road,GA
EWR6 800 Cottontail Lane Data Center,Atlantic Metro Communications,800 Cottontail Lane,NJ
Kansas City KCM1 Data Center,DigiCo Infrastructure REIT,Kansas City,MO
Louisville Data Center,Cogent Communications,332 West Broadway,KY
Columbus 1 Data Center,Cogent Communications,240 N 5th St,OH
204 Red Rd Data Center,LiteWire Data,204 Red Rd,TN
"DAL07 Dallas, TX",IBM Cloud,1700 Summit Ave,TX
"Seattle, Washington",Zayo,12201 Tukwila International Boulevard suite 200,WA
6716 Alexander Bell Drive,COPT Defense Properties,6716 Alexander Bell Drive,MD
Las Vegas 1 Data Center,Lumen,1 Aerojet Way,NV
Reno Data Center Campus – Building 3,Vantage Data Centers,1121 USA Parkway,NV
McLean 1 Data Center,Lumen,1755 Old Meadow Road,VA
Chicago – Polk Data Center,TierPoint,601 West Polk Street,IL
MSP1 Chaska Data Center,Enzu,3500 Lyman Blvd,MN
LAX4-A Hawthorne Data Center,Csquare,2301 West 120th Street,CA
Emeryville 1 Data Center,Lumen,5000 Hollis Street,CA
Tampa 3 Data Center,Lumen,1700 North 25th Street,FL
Irving Data Center,Innova Solutions,8505 Freeport Parkway suite 205,TX
DFW4 Dallas Data Center,Zenlayer,2008 Lookout Dr,TX
MN2 - Flexential Chaska MN Data Center PoP,MOD Mission Critical,3500 Lyman Blvd,MN
CU4 Culpeper Data Center,Equinix,18155 Technology Drive,VA
Sacramento Data Center,TPx Communications,1099 15th Street,CA
"Carrollton, GA",FOGO Solutions,Carrollton,GA
New Castle Delaware Data Center,"DaSTOR, LLC",3 Boulden Circle,DE
Chicago I Data Center,Stream Data Centers,2080 Lunt Avenue,IL
JFK1 Newark NJ,Hivelocity,165 Halsey Street floor 9 suite 9053,NJ
639 Cloud - DC2,639 Solar,106 NM-113,NM
South Bend 1 Data Center,Lumen,1140 Franklin Street,IN
Lynnwood Data Center,AT&T,17300 Washington 99,WA
San Francisco 1 Data Center,Lumen,185 Berry Street,CA
Naples location,Skylink Data Centers,Naples,FL
Charlotte 4 Data Center,Lumen,5001 Airport Center Pkwy,NC
Tuscaloosa Data Center,Southern Telecom,Tuscaloosa,AL
PIT-01 Pittsburgh Data Center,EvoSwitch,1137 Branchton Road,PA
Coresite LA1 Data Center,China Telecom,624 S Grand Ave,CA
Resilience ATL,Overwatch,8 Corporate Ridge Pkwy,GA
"Sugar Land, TX Data Center",Windstream,8306 Hwy 90 Alt,TX
Nashville 2 Data Center,Lumen,2530 Perimeter Place Drive,TN
Germantown,Recovery Point Systems,20441 Century Boulevard,MD
22868 International Dr,Amazon AWS,22868 International Dr,VA
NJDC2 - New Jersey Data Center,Colocation America,275 Hartz Way,NJ
Los Angeles (LAX1-Hawthorne) Data Center,Csquare,2301 W 120th St,CA
"NETdepot - Newark, NJ",NETdepot,165 Halsey Street,NJ
Dallas Data Center,Cogent Communications,400 South Akard Street,TX
Mason Campus,Amazon AWS,Mason King Ct,VA
7134 Columbia Gateway Drive,COPT Defense Properties,7134 Columbia Gateway Drive,MD
"New York, NY Data Center",Windstream,401 North Broad Street,PA
Orlando Data Center,Cogent Communications,17401 Wewahootee Rd,FL
Cincinnati 1 Data Center,Lumen,400 Pike Street,OH
MIA2 Miami Data Center,365 Data Centers,50 Northeast 9th Street 2nd floor,FL
New Mexico Data Center,SoftBank Group Corp,New Mexico,NM
"WDC01 Chantilly, VA",IBM Cloud,4030 Lafayette Center Drive,VA
44858 Interconnection Plaza,Amazon AWS,44858 Interconnection Plz,VA
1 Branford Data Center,Cloudsmart,4 Pin Oak Drive,CT
JAX2 Edge Data Center,EdgePresence,15180 Bartram Park Blvd,FL
Columbus OH Data Center,Racksquared Data Center,325 East Spring Street,OH
Wichita Data Center,CenterServ,801 East Douglas Avenue,KS
Englewood Data Center,Massive Networks,382 South Arthur Avenue,CO
Fort Worth Data Center,Logix,307-309 W 7th St,TX
Buffalo Data Center II,H5 Data Centers,5319 Enterprise Dr,NY
Atlanta 6 Data Center,Lumen,874 DeKalb Avenue Northeast,GA
"1201 Winterson Road, Linthicum Heights",COPT Defense Properties,1201 Winterson Road,MD
Danbury Data Center,HorizonIQ,70 Backus Avenue,CT
Bangor Data Center,FirstLight,60 Summer St,ME
TAL01 Tallahassee Data Center,EdgeConnex,1531 Commonwealth Business Drive,FL
Chicago 1 Data Center,Lumen,111 North Canal Street,IL
Rochester Data Center,Synoptek,1100 Pittsford Victor Rd,NY
"Clarksville, VA Data Center",TECfusions,250 Burlington Drive,VA
Medina DC1,"LightSpeed Hosting, LLC",387 Medina Road ste 200,OH
3EX Hosting Data Center – Boca Raton,3EX Hosting,6601 Park of Commerce Blvd,FL
Hamilton Data Center,CBTS LLC,123 Pine St,OH
Lawrenceville Data Center,Ricoh Americas Corporation,Lawrenceville,GA
CA2 Sacramento Data Center,NTT Global Data Centers,1312 Striker Avenue,CA
RIC01 Richmond Data Center,EdgeConnex,1450 East Parham Road suite c,VA
VA-7 - Northern Virginia Data Center,Iron Mountain Data Centers,8330 Bethlehem Road,VA
ORD1-C Chicago Data Center,Csquare,350 E Cermak Rd ste 410 8th floor,IL
Reno 1 Data Center,Lumen,220 Gardner Street,NV
Baltimore 4 Data Center,Lumen,601 East Pratt Street,MD
"Knoxville, TN Data Center",Windstream,2333 Lovell Rd,TN
Lombard Data Center I,CBTS LLC,1850 Springer Drive,IL
SV1 Santa Clara Data Center,Cologix,2050 Martin Avenue,CA
Willard Road (Land),Amazon AWS,Willard Rd,VA
Jersey City Data Center,DataVerge,111 Town Square Place,NJ
Resilience DFW,Overwatch,6815 Communications Parkway,TX
7067 Columbia Gateway Dr,COPT Defense Properties,7067 Columbia Gateway Dr,MD
WOW Data Center,MOD Mission Critical,400 North Tampa Street,FL
Austin Data Center,Innova Solutions,12357a Riata Trace Parkway building 5,TX
SCV1 Silicon Valley Data Center,CyrusOne,2600 De La Cruz Boulevard,CA
LA1 - Los Angeles Data Center,ColoCrossing,530 West 6th Street,CA
Atlanta 1 Data Center,HorizonIQ,250 Williams Street Northwest,GA
"DAL01 Dallas, TX",IBM Cloud,1950 North Stemmons Freeway,TX
Las Vegas Data Center,Synoptek,6795 S Edmond St 3rd floor,NV
Cincinnati Data Center,CBTS LLC,1 Main St,OH
JFK1 NYC Data Center,Limestone Networks,5851 West Side Avenue,NJ
San Antonio 1 Data Center,Lumen,5130 Service Center Drive,TX
NY13 Elmsford Data Center,Equinix,401 Fieldcrest Drive,NY
SAC01 Sacramento Data Center,EdgeConnex,10980 Gold Center Dr,CA
New Jersey 2 Data Center,HorizonIQ,755 Secaucus Road,NJ
Miami Data Center,Hivelocity,36 Northeast 2nd Street,FL
College Park 1 Data Center,Lumen,4311 Best Rd,GA
Quincy Data Center Campus – Building 3,Vantage Data Centers,2101 M Street Northeast,WA
Scottsdale Data Center,CenterServ,7272 East Indian School Road,AZ
HTX2 Houston Data Center,Serverfarm,28401 Betka Rd,TX
SV2 Milpitas Silicon Valley Data Center,CoreSite,1656 McCarthy Boulevard,CA
DC13 Ashburn Data Center,Equinix,21830 Uunet Drive,VA
Downtown Portland Data Center 1 - (PTL),Digital Fortress,511 Southwest 10th Avenue,OR
"Rochester, New York",Centrilogic,28 Mansfield St,NY
Irvine LA2 Data Center,AT&T,2681 Kelvin Avenue,CA
7000 Columbia Gateway Drive,COPT Defense Properties,7000 Columbia Gateway Drive,MD
Fort Worth 1 Data Center,Lumen,1601 Jones Street,TX
Newark (DE) 1 Data Center,Lumen,442 Interchange Boulevard,DE
Waterloo Data Center,South Front Networks,206 West 13th Street,IA
Virginia Beach Data Center,Telxius,Corporate Landing Parkway,VA
Dallas Data Center (DAL1),Evocative,2800 Summit Avenue,TX
Manassas Data Center 1,QTS Data Centers,9400 Godwin Court,VA
Prime Chicago - 1501 Midway Ct.,Prime Data Centers,1501 Midway Ct,IL
VA-6 - Northern Virginia Data Center,Iron Mountain Data Centers,11891 Sudley Manor Drive,VA
Tampa 2 Data Center,Lumen,5907 Hampton Oaks Parkway,FL
New Jersey Data Center,Telstra,15 Enterprise Ave N,NJ
"Lenexa KS, Data Center",Windstream,7945 Bond Street,KS
Anaheim 2 Data Center,Cogent Communications,1750 West Penhall Way,CA
DataBank CLE1 Data Center,DataBank,1255 Euclid Avenue,OH
"SEA01 Seatlle, WA",IBM Cloud,Sabey Data Centers - Seattle Building 5,WA
"250 West Pratt Street, Baltimore",COPT Defense Properties,250 West Pratt Street,MD
Gold Coast Data Center,CBTS LLC,Cincinnati,OH
Florida Data Center I,Innova Solutions,5421 Beaumont Center Boulevard suite 685,FL
Burlingame Data Center,TATA Communications,700 Airport Blvd.,CA
California Data Center,multacom inc,California,CA
New Jersey Data Center,BuyVM,New Jersey Performing Arts Center (NJPAC),NJ
Dallas Data Center,TPx Communications,717 North Harwood Street,TX
Providence 3,Prov.net/IronTrust Networks,304 Carpenter Street,RI
Chicago 1 Data Center,HorizonIQ,350 West Cermak Road,IL
SV6 Sunnyvale Data Center,Equinix,444 Toyama Drive,CA
SV13 Silicon Valley Data Center,Equinix,2030 Fortune Drive,CA
"Silicon Valley, CA",H5 Data Centers,1360 Kifer Rd,CA
Worcester 1 Data Center,Lumen,504 Interchange Blvd,DE
Roseville Data Center,Innova Solutions,1544 Eureka Road suite 100,CA
San Diego Data Center,Innova Solutions,3333 Camino del Rio South suite 110,CA
Garfield Heights Data Center,Crown Castle,15565 Neo Parkway,OH
DFW VII Data Center,Stream Data Centers,1813 Lookout Drive,TX
Austin Data Center,LOGIX Fiber Networks,905 East 6th Street,TX
Phoenix 2 Data Center,Lumen,17 East Virginia Avenue,AZ
Little Rock Data Center,TierPoint,15707 Chenal Parkway,AR
Providence 1,Prov.net/IronTrust Networks,935 Westminster Street,RI
Albany Data Center,TurnKey Internet,175 Old Loudon Rd,NY
Statesboro Edge Data Center,EdgePresence,695 Brannen St,GA
Virginia Beach Data Center,CenterServ,780 Lynnhaven Parkway,VA
"The Hannibal, Ohio Data Center Campus",DP Facilities,43840 State Route 7,OH
SFO2-A Santa Clara Data Center,Csquare,Centersquare Silicon Valley Data Center (Santa Clara 2),CA
Verizon Los Angeles,Verizon,600 West 7th Street,CA
Santa Clara VI,Stream Data Centers,3011 Lafayette Street,CA
Kansas City Data Center,IP Pathways,Kansas City,KS
15465 John Marshall,Amazon AWS,15465 John Marshall Hwy,VA
Albany Data Center,FirstLight,11 North Pearl Street,NY
AT2 Atlanta Data Center,CoreSite,1130 Powers Ferry Place,GA
San Diego I Data Center,LightEdge,9305 Lightwave Avenue,CA
Columbus Ohio Data Center,Dedicated Solutions,535 Scherers Ct,OH
Houston 1 Data Center,Cogent Communications,12061 North Fwy,TX
Henderson Data Center,CenterServ,170 South Green Valley Parkway,NV
Tampa Data Center,CenterServ,100 Ashley Drive South,FL
CoreSite LA1 (One Wilshire) data center Los Angeles,Voxility,624 South Grand Avenue,CA
Richmond Data Center Campus,PointOne,2840 Roxbury Rd,VA
Los Angeles,Latitude.sh,900 N Alameda St ste 200,CA
Tier 3 by the Subsea Data Center,NJFX LLC,1410 Wall Church Road,NJ
Dayton 1 Data Center,Lumen,600 South Broadway Street,OH
Rochester 2 Data Center,Lumen,1 West Main Street,NY
Raleigh Data Center,Cogent Communications,608 W Hargett St,NC
Santa Rosa Data Center,Innova Solutions,100 Stony Point Road suite 100,CA
NJ9 Piscataway Data Center,365 Data Centers,365 South Randolphville Road,NJ
"Hackensack, NJ Datacenter","Carroll-Net, Inc.",905 Main St,NJ
Sioux Falls - West Data Center,TierPoint,5300 North La Mesa Drive,SD
Pasadena Data Center,Cogent Communications,2947 Bradley Street,CA
ACT1 - Waco Data Center,DataBank,700 Austin Avenue,TX
"DAL04 Dallas, TX",IBM Cloud,400 South Akard Street,TX
New York NY4 Data Center,Telstra,755 Secaucus Road,NJ
Hackensack Data Center,Cogent Communications,280 State Street,NJ
Lombard Data Center II,CBTS LLC,564 Winter Lane,IL
"WDC06 Ashburn, VA",IBM Cloud,Ashburn,VA
SNA2 Irvine Data Center,DataBank,17400 Von Karman Avenue,CA
San Jose Data Center (SJC7),Evocative,534 Stockton Avenue,CA
John Marshall Campus,Amazon AWS,John Marshall Hwy,VA
Wellington Campus (Bristow),Amazon AWS,Wellington Rd,VA
Hawthorne LAX1 Data Center,AT&T,2301 West 120th Street,CA
Connecticut Data Center,HorizonIQ,6 Berkshire Blvd,CT
Kansas City Data Center 01,Wholesale Internet INC.,324 E 11th St,MO
Burlington Data Center,FirstLight,45 Krupp Drive,VT
Oakland Data Center,Cogent Communications,1624 Franklin Street,CA
Atlanta 1 Data Center,Cogent Communications,55 Marietta St NW,GA
Dallas TX1 Data Center,NTT DOCOMO BUSSINESS,2008 Lookout Drive,TX
Freedom Campus,Amazon AWS,9020 Freedom Center Boulevard,VA
Kipper Campus,Amazon AWS,22420 Kipper Dr,VA
6841 Benjamin Franklin Drive,COPT Defense Properties,6841 Benjamin Franklin Drive,MD
Austin Data Center,Cogent Communications,7301 Metro Center Dr,TX
DFW-04 Data Center,Aligned Data Centers,401 North Star Road,TX
Keene Data Center,FirstLight,310 Marlboro Street,NH
New Orleans Data Center,CenterServ,201 St Charles Ave,LA
Katy Data Center,Logix,1510 Primewest Parkway,TX
LAX5-A Irvine Data Center,Csquare,2681 Kelvin Ave,CA
6950 Columbia Gateway Drive,COPT Defense Properties,6950 Columbia Gateway Drive,MD
EWR3 5851 West Side Avenue Data Center,Atlantic Metro Communications,5851 West Side Avenue,NJ
EWR7 365 South Randolphville Road Data Center,Atlantic Metro Communications,365 South Randolphville Road,NJ
Mason Data Center,CBTS LLC,784 South Forest Avenue,OH
New Orleans 2 Data Center,Lumen,1250 Poydras Street,LA
Nashville 4 Data Center,Lumen,708 Melrose Ave,TN
Atlanta Data Center,Aptum Technologies,760 W Peachtree St NW,GA
NJ8 Weehawken Data  Center,365 Data Centers,300 Boulevard East,NJ
PHX-06 Data Center,Aligned Data Centers,2501 S Price Rd,AZ
VA-3 - Northern Virginia Data Center,Iron Mountain Data Centers,Historic District,VA
LAX Data Center,24Shells Inc,6171 West Century Boulevard,CA
NY-1 Data Center,Sentinel Data Centers,155 Corporate Drive,NY
Cleveland 1 Data Center,Cogent Communications,1621 Euclid Avenue,OH
Boise Data Center,Synoptek,412 E Parkcenter Blvd #300,ID
DFW3-A Dallas Data Center,Csquare,11830 Webb Chapel Rd suite 200,TX
Quincy III Data Center,H5 Data Centers,1500 M Street Northeast,WA
California Data Center,Crane LLC,California,CA
Bakersfield 2 Data Center,Lumen,1430 Truxtun Ave,CA
Jacksonville 1 Data Center,Lumen,4814 Philips Highway,FL
Atlanta Data Center,Innova Solutions,HireGenics Inc.,GA
DFW-02 Data Center,Aligned Data Centers,2800 Summit Ave,TX
Silver Spring Data Center,Lincoln Data Centers,Silver Spring,MD
Bitfarms Panther Creek Data Center,Bitfarms Ltd.,4 Dennison Rd,PA
PO1 - Pittock Bldg 1547 Portland Data Center PoP,MOD Mission Critical,921 Southwest Washington Street,OR
ChicagoDC1 Data Center,Colocation America,350 E Cermak Rd,IL
Los Angeles BUR10 Data Center,Digital Realty,3015 Winona Avenue,CA
Dallas Data Center,LightEdge,2501 State Hwy 121 building 5 suite 500,TX
Raleigh Data Center,Innova Solutions,5171 Glenwood Avenue suite 443,NC
SVY01B - Silicon Valley Data Center,Stack Infrastructure,2001 Fortune Drive,CA
AT2 - Flexential Alpharetta Data Center PoP,MOD Mission Critical,12655 Edison Drive,GA
DataBank SLC3 Data Center,DataBank,14926 Pony Express Rd,UT
Orlando Data Center,IT Solutions Group,Orlando,FL
45950 Pathfinder Plz,Amazon AWS,45950 Pathfinder Plz,VA
324 East Wisconsin Ave Data Center,"TSR Solutions, Inc.",324 East Wisconsin Avenue,WI
DC16 Ashburn Data Center,Equinix,44740 Performance Circle,VA
"901 Elkridge Landing Road, Linthicum Heights",COPT Defense Properties,901 Elkridge Landing Road,MD
"Harrison, AR Data Center",Windstream,202 Graham St,AR
SMY2 Data Center,Coloblox,900 Circle 75 Parkway,GA
AQ1 - Big Byte Albuquerque Data Center PoP,MOD Mission Critical,123 Central Ave NW,NM
PO2 - Flexential Hillsboro 2 Data Center PoP,MOD Mission Critical,5737 Northeast Huffman Street,OR
Northern Virginia One Data Center,Element Critical,7990 Quantum Drive,VA
LAS2 Las Vegas Data Center,Enzu,3330 E Lone Mountain Rd,NV
Dallas 1 Data Center,Carrier One Inc,1515 Round Table Drive,TX
Cincinnati Data Center,CenterServ,201 East 5th Street,OH
Santa Teresa 1 Data Center,Lumen,175 Harrier Drive,NM
Providence 1 Data Center,Lumen,375 Promenade Street,RI
"209 Research Boulevard, Aberdeen",COPT Defense Properties,209 Research Boulevard,MD
TX4 Dallas Data Center,NTT Global Data Centers,2008 Lookout Dr,TX
"Houston, TX Data Center",Windstream,12105 I-45,TX
Franklin Data Center,Cogent Communications,254 State Highway 23,NJ
DA1 (Dallas) Data Center,CDS Global,400 South Akard Street,TX
Lebanon Data Center,FirstLight,16 Cavendish Court,NH
SAN1 - H5 San Antonio Data Center PoP,MOD Mission Critical,100 Taylor Street,TX
LV1 - Switch Las Vegas Data Center PoP,MOD Mission Critical,7135 South Decatur Boulevard,NV
DAY-01 Springboro Data Center,EvoSwitch,3366 South Tech Boulevard,OH
Northern Virginia IAD12 Data Center,Digital Realty,43881 Devin Shafron Drive bldg b,VA
West Palm Beach 1 Data Center,Lumen,410 Hampton Road,FL
Milwaukee Data Center,CenterServ,250 E Wisconsin Ave,WI
MCC2 Campus United States - Northern VA,CloudHQ,Historic District,VA
"6750 Alexander Bell Drive, Columbia",COPT Defense Properties,6750 Alexander Bell Drive,MD
LI1 Commack Data Center,365 Data Centers,500 Commack Road,NY
Prime Chicago - 1601 Midway Ct.,Prime Data Centers,1601 Midway Ct,IL
NY8 New York Data Center,Equinix,60 Hudson Street,NY
Lebanon Data Center,CBTS LLC,4433 Tree Top Court South,OH
Swift Data Center,Nocix LLC,1530 Swift St,KS
ORI.NET Noblesville,On-Ramp Indiana,859 Conner Street,IN
"WDC04 Ashburn, VA",IBM Cloud,Ashburn,VA
SNA1 Irvine Data Center,DataBank,17222 Von Karman Avenue,CA
LAX1 Los Angeles One Wilshire Data Center,DataBank,624 South Grand Avenue,CA
Jacksonville Data Center US-South 02,ScaleMatrix,8324 Baymeadows Way,FL
Buffalo Data Center,H5 Data Centers,5319 Enterprise Dr,NY
"939 Elkridge Landing Road, Linthicum Heights",COPT Defense Properties,939 Elkridge Landing Road,MD
"Lincoln, NE Data Center",Windstream,1440 M Street,NE
Svetlaya Data Center,Selectel ltd,21 Sky Street,CT
SND2 - Lightedge San Diego Data Center PoP,MOD Mission Critical,9305 Lightwave Avenue,CA
Dallas Data Center,TierPoint,3004 Irving Boulevard,TX
bigbyte,bigbyte.cc,123 Central Avenue Northwest,NM
CyberNest Atlanta,CyberNest,345 Courtland Street Northeast,GA
NJ1 - New York Data Center,Hostman LTD,101 Possumtown Rd,NJ
"PowerHouse Arcola (Arcola, VA)",PowerHouse Data Centers,Arcola Boulevard,VA
"Hobbs, NM Data Center",Windstream,320 North Shipp Street,NM
Santa Clara III,Stream Data Centers,3075 Raymond Street,CA
Washington Data Center,Summit,3355 35th Ave S,WA
CHI01B Chicago Data Center,Stack Infrastructure,1301 Touhy Ave,IL
"NVA1, NVA2 & NVA3 Northern Virginia Sterling Data Center",CyrusOne,21111 Ridgetop Circle,VA
Dallas Data Center,Atlantic.net,2323 Bryan Street,TX
Doral Data Center,Cogent Communications,3701 Northwest 82nd Avenue,FL
Lincoln Data Center,Binary Net,134 South 13th Street,NE
Chandler Data Center,CenterServ,3100 West Ray Road,AZ
Portland Metro Data Center,Crane LLC,Forest Grove,OR
US Internet Data Center (Minnetonka facility),US Internet (USI),12450 Wayzata Blvd suite 100,MN
NY2 - NY2 New York Data Center PoP,MOD Mission Critical,275 Hartz Way,NJ
NY1 New York Data Center,CoreSite,32 Avenue of the Americas,NY
Ashburn-Shellhorn ASH3 Data Center 1,QTS Data Centers,22291 Shellhorn Road,VA
AT1 Atlanta Data Center,Lunavi,180 Peachtree Street Northeast,GA
ATL2 Norcross Data Center,Enzu,2775 Northwoods Parkway,GA
"Atlanta, GA",FOGO Solutions,56 Marietta St NW,GA
Chicago 4 Data Center,HorizonIQ,9333 West Grand Avenue,IL
Albany Data Center,Hivelocity,175 Old Loudon Road,NY
SV8 Palo Alto Data Center,Equinix,529 Bryant Street,CA
Las Vegas 2 Data Center,Lumen,4485 East Sahara Avenue,NV
IAH2 Houston Data Center,Enzu,660 Greens Parkway,TX
PDX1 Portland Data Center,Limestone Networks,3935 Northeast Aloclek Drive,OR
Edge Data Center Atlanta,American Tower,2374 Fairburn Road Southwest,GA
Herndon Data Center,Lincoln Rackhouse,251 Exchange Place,VA
ABQ1-B Albuquerque Data Center,Csquare,400 Tijeras Ave NW,NM
6731 Columbia Gateway Drive,COPT Defense Properties,6731 Columbia Gateway Drive,MD
EWR1 300 Boulevard East Data Center,Atlantic Metro Communications,300 Boulevard East,NJ
ATL1 Data Center,Coloblox,55 Marietta Street,GA
PX2 - DRT Phoenix Data Center PoP,MOD Mission Critical,120 East Van Buren Street,AZ
HNl01 Data Center,Stellar Technologies Inc.,3375 Koapaka Street,HI
Dallas DFW17 Data Center,Digital Realty,900 Quality Way,TX
SFO4 Santa Clara Data Center Campus,Csquare,1500 Space Park Drive,CA
Dallas DFW11 Data Center,Digital Realty,4025 Midway Road,TX
"Davenport, IA",DC Mining,Davenport,IA
Hawaii Data Center,DRFortress,3375 Koapaka Street suite d 198,HI
Gainesville VA10 Data Center,NTT Global Data Centers,Gainesville,VA
Anaheim 1 Data Center,Lumen,2461 West La Palma Avenue,CA
Ridgefield Data Center,Fidelity National Information Services fis,1008 Virgil Avenue,NJ
SMF1 Sacramento Rancho Cordova Data Center,"Datacate, Inc",2999 Gold Canal Drive,CA
Chicago LaSalle Data Center,Cogent Communications,427 South LaSalle Street,IL
CHI1 Chicago Data Center,Zenlayer,1905 Lunt Avenue,IL
Chicago E Randolph Data Center,iTel Networks Inc.,130 East Randolph Street,IL
PDX2 Hillsboro Data Center,Enzu,3825 Northwest Aloclek Place,OR
SALEM-NH,Dynamic Internet,10 Delaware Drive,NH
Tampa Data Center,Cogent Communications,400 North Tampa Street,FL
Kansas City 4 Data Center,Lumen,1102 Grand Blvd,MO
California Data Center,Alchemy Data Centers LLC,2640 Main Street,CA
New Albany Data Center Campus - Building 3,Vantage Data Centers,3325 Horizon Court,OH
TAM1 - Flexential Tampa North Data Center PoP,MOD Mission Critical,8350 Park Edge Drive,FL
MIA01 Miami Data Center,EdgeConnex,2132 Northwest 114th Avenue,FL
SLC6 Granite Point Data Center,DataBank,14870 Pony Express Road,UT
SV1 San Jose Silicon Valley Data Center,CoreSite,55 South Market Street,CA
Northern Virginia Data Center,Compass Datacenters,20632 Sycolin Rd,VA
Kansas City Data Center,CenterServ,107 West 9th Street,MO
Prime Dallas - 1517 Round Table,Prime Data Centers,1517 Round Table Drive,TX
Pearl Technology Data Center,Pearl Technology,1003 E Toledo Ave,IL
Dallas DAL2 Webb Chapel Data Center,AT&T,11830 Webb Chapel Road,TX
Ogden 1 Data Center,Lumen,526 West 17th Street,UT
ASH1 Ashburn Data Center,Cologix,21745 Beaumeade Circle,VA
DFW5 - Dallas Infomart Data Center,DataBank,1950 North Stemmons Freeway,TX
DFW1 Dallas Data Center,Limestone Networks,400 S Akard St,TX
DFW1 Dallas Data Center,Zenlayer,1950 North Stemmons Freeway,TX
GA1 - Atlanta Data Center,ColoCrossing,1130 Powers Ferry Place,GA
Fresno Data Center,unWired Broadband LLC,215 W Fallbrook Ave suite 203,CA
Cincinnati Datacenter,Liberty Center One,229 West 7th Street,OH
LC1 United States - Northern VA,CloudHQ,21955 Loudoun County Pkwy,VA
Data Center Secaucus NJ (EWR1),Krypt,1 Enterprise Ave N,NJ
Sparta Data Center,Cogent Communications,500 Weldon Rd,NJ
MI2 Miami Data Center,CoreSite,2100 Northwest 84th Avenue,FL
Manchester Data Center,Firstlight Fiber,77 Sundial Avenue,NH
POR01A - Portland Data Center,Stack Infrastructure,3145 NE Brookwood Pkwy,OR
Bandon 1 Data Center,Lumen,96614 Wickizer Way,OR
SEA2 Seattle Data Center,HopOne @CherryRoad,3311 South 120th Place,WA
Verus Corportation,Verus Corporation,201 85th Avenue Northwest,MN
IA1 - Involta Marion IA Data Center PoP,MOD Mission Critical,5055 Rec Drive,IA
Atlanta 1 Data Center,Lumen,345 Courtland Street Northeast,GA
VA-1 - Northern Virginia Data Center,Iron Mountain Data Centers,Historic District,VA
AT1 Atlanta Data Center,CoreSite,55 Marietta Street NorthWest,GA
Uptown Data Center - ALB3,INOC Data Centers,4 Tower Place,NY
Santa Clara Data Center (SJC3),Evocative,3080 Raymond St,CA
Bakersfield Data Center,CenterServ,Regus - California,CA
OpenColo - SC1,OpenColo,3223 Kenneth St,CA
Culpeper Campus,Equinix,18155 Technology Drive,VA
TX2 Dallas Data Center,NTT Global Data Centers,2008 Lookout Dr,TX
Houston 2 Data Center,Cogent Communications,8902 Point 6 Circle,TX
SDC Ashburn Data Center,Sabey Data Centers,21741 Red Rum Dr,VA
Cincinnati Data Center,MadeIt,Cincinnati,OH
Ashburn Data Center,PhoenixNAP,21635 Red Rum Drive,VA
SEA1 Seattle Data Center,Enzu,Westin Building Exchange,WA
ORD2 Elk Grove Data Center,Enzu,1905 Lunt Avenue,IL
Zimcom Office,Liberty Center One,1080 Nimitzview Dr #400,OH
Houston Data Center - 1.0,Logix,1510 Primewest Parkway,TX
ORD1-A Chicago Data Center,Csquare,350 E Cermak Rd ste 700,IL
IAD-03 Data Center,Aligned Data Centers,22715 Relocation Dr,VA
Atlanta Data Center,Southern Telecom,Atlanta,GA
Las Vegas Data Center,BuyVM,Las Vegas,NV
Lansing (DG06),Deep Green,Lansing,MI
IAD3 Sterling Data Center Campus,Csquare,22860 International Drive,VA
Richmond 2 Data Center,Lumen,8145 Old Staples Mill Road,VA
Portland Data Center,Cogent Communications,2953 NW St Helens Rd,OR
Austin 3 Data Center,Lumen,2916 Montopolis Dr,TX
Milwaukee 1 Data Center,Lumen,3235 Intertech Dr,WI
Binary Net – The Vault / First Trust Building Data Center,Binary Net,134 South 13th Street,NE
NVA8 Northern Virginia Data Center,CyrusOne,45905 Maries Road,VA
DC1 Washington DC Data Center,CoreSite,1275 K Street Northwest,DC
Union Station Data Center,Iron Rails Data Centers,575 Broadway,NY
LADC2 - Los Angeles Data Center,Colocation America,Aon Center,CA
Baton Rouge Data Center,CenterServ,Baton Rouge Tax Attorney IRS Tax Settlement,LA
Phoenix PHX1 Data Center,AT&T,1301 West University Drive,AZ
JaxNAP Data Center,SBA Edge,421 West Church Street,FL
Bangor Data Center,Firstlight Fiber,60 Summer Street,ME
Netrix Alsip,netrix llc,12620 South Holiday Drive,IL
LAX5 Los Angeles Data Center,Zenlayer,600 W 7th St,CA
VA-4 - Northern Virginia Data Center,Iron Mountain Data Centers,11600 Hayden Road,VA
Columbus 2 Data Center,Cogent Communications,161 E Goodale St,OH
DataBank ATL6 Data Center,DataBank,4764 Bakers Ferry Rd SW,GA
Alerify Data Center,Alerify Inc,2330 Vartan Way suite 185,PA
LA3 Data Center,China Telecom,1920 East Maple Avenue,CA
MCC Campus United States - Northern VA,CloudHQ,Airman Ave,VA
Dallas Data Center,Compass Datacenters,820 Allen Commerce Parkway,TX
Miami Data Center,Aptum Technologies,2300 Northwest 89th Place,FL
Wells Interconnection – 324 E Wisconsin,Wells Interconnection,324 E Wisconsin Ave,WI
Reno Data Center Campus – Building 4,Vantage Data Centers,1121 USA Parkway,NV
DC2 Washington DC Data Center,CoreSite,1099 14th Street Northwest,DC
New York 7 Data Center,Lumen,601 West 26th Street,NY
PDX1 Hillsboro Data Center,Enzu,23605 Northeast Huffman Street,OR
ATL1 Atlanta Data Center,Enzu,56 Marietta Street NorthWest,GA
Bend Data Center,Cascade Divide Data Centers,207 Southwest Columbia Street,OR
Prime Phoenix - Lower Buckeye #5,Prime Data Centers,11753 West Lower Buckeye Road,AZ
New York Data Center,Hivelocity,1 Ramland Rd,NY
ORD1-B Chicago Data Center,Csquare,350 E Cermak Rd ste 410 4th floor,IL
"PowerHouse ABX-1 (Ashburn, VA)",PowerHouse Data Centers,21529 Beaumeade Circle,VA
Chicago 3 Data Center,Cogent Communications,4200 W 40th St,IL
Fort Worth Data Center,Cogent Communications,1400 E Presidio St,TX
Fresno 2 Data Center,Lumen,7576 North Del Mar Avenue,CA
TX2 Dallas Data Center,365 Data Centers,2323 Bryan Street,TX
SDC Seattle East 4,Sabey Data Centers,3433 South 120th Place,WA
California,DataVolt,101 California Street,CA
SEA1 Downtown Seattle Data Center,DataBank,2001 6th Avenue,WA
Dallas,Latitude.sh,1950 N Stemmons Fwy #1032,TX
Columbus 3 Data Center,Lumen,226 North 5th Street,OH
Santa Clara IV,Stream Data Centers,870 Duane Avenue,CA
PHX-04 Data Center,Aligned Data Centers,2501 S Price Rd,AZ
UnReal Servers (North Kansas City),"UnReal Servers, LLC",1321 Burlington St,MO
Chicago Federal St Data Center,iTel Networks Inc.,600/700 South Federal Street,IL
Silicon Valley SJC11 Data Center,Digital Realty,3011 Lafayette Street,CA
Value Way Data Center,Racksquared Data Center,2560 Value Way Drive,OH
Gainesville VA13 Data Center,NTT Global Data Centers,Gainesville,VA
Denver Data Center,"Handy Networks, LLC",5350 South Valentia Way,CO
Fresno Data Center,Innova Solutions,7330 North Palm Avenue suite 105,CA
MIA1 - Miami Data Center,Volico Data Center,100 Biscayne Boulevard,FL
"PowerHouse Pacific (Sterling, VA)",PowerHouse Data Centers,22070 Broderick Drive,VA
DA11 Equinix,FDCservers.net,1990 North Stemmons Freeway,TX
Houston Data Center,HorizonIQ,1301 Fannin Street,TX
"Columbus, OH Data Center",Windstream,180 E Broad St,OH
Tampa Data Center,Crown Castle,717 U.S. 301,FL
Atomic Data Minneapolis East (MSP511),Atomic Data,511 11th Avenue South,MN
DA1 - DA6 Data Center PoP,MOD Mission Critical,1950 North Stemmons Freeway,TX
San Diego Data Center,NFINIT,9725 Scranton Rd,CA
SLC01 Salt Lake City Data Center,EdgeConnex,2302 South Presidents Drive,UT
Netrix Deerfield,netrix llc,2801 Lakeside Drive,IL
Fort Lauderdale 1 Data Center,Lumen,200 Northwest 2nd Street,FL
Sioux Falls - East Data Center,TierPoint,700 East 54th Street North,SD
Seattle Data Center US-West 02,ScaleMatrix,1023 39th Avenue Southeast,WA
Chicago 2 Data Center,Cogent Communications,216 W Jackson Blvd,IL
Bellingham Data Center,Lunavi,851 Coho Way,WA
Honolulu Data Center,CenterServ,7 Waterfront Street,HI
Lakes Data Center,Aventus Data Centers,7901 West Clinton Avenue,WI
Sacramento Data Center,Synoptek,3200 Douglas Boulevard,CA
SE4 Equinix,FDCservers.net,6906 South 204th Street,WA
"Dubuque, IA Data Center",Windstream,3501 Digital Dr,IA
DFW VIII – X,Stream Data Centers,Wilmer,TX
PHX-05 Data Center,Aligned Data Centers,2500 West Union Hills Drive,AZ
Fayetteville Data Center,OzarksGo,3641 West Wedington Drive,AR
Dallas (Carrollton),Data Canopy,1649 West Frankford Road,TX
New York Broad Street Connect Data Center,NYI,75 Broad St,NY
San Francisco 3 Data Center,Lumen,200 Paul Avenue,CA
Fadeley I,Amazon AWS,42949 Fadeley Ln,VA
Monticello Data Center,US Secure Hosting Center,117 E 1st St,IA
CLP Campus United States - Northern VA,CloudHQ,14521 McDevitt Drive,VA
UTH1 Salt Lake City Data Center,365 Data Centers,572 Delong Street,UT
Sacramento,Conscious Data Centers,Sacramento,CA
MIA1 (Terremark NAP) Miami Data Center,Voxility,50 Northeast 9th Street,FL
Ridgelands Data Center,C-Spire,1018 Highland Colony Parkway,MS
Houston 2 Data Center,Data Foundry,660 Greens Parkway,TX
CA3 Santa Clara Data Center,Vantage Data Centers,2590 Walsh Avenue,CA
PTOR1 (Portland OR) Data center,Fifteenfortyseven critical systems realty,The Pittock Block,WA
VA1 Reston Data Center,CoreSite,12100 Sunrise Valley Drive,VA
LADC1 - Los Angeles Data Center,Colocation America,One Wilshire Building,CA
Ashburn-Lockridge Data Center,QTS Data Centers,44675 Quality Tech Lane,VA
Santa Clara Data Center (SJC11),Evocative,2151 Mission College Blvd,CA
LA4 Data Center,China Telecom,445 North Douglas Street,CA
Orangeburg Data Center,Hivelocity,1 Ramland Rd,NY
Tallahassee 2 Data Center,Lumen,1416 S Adams St,FL
Atlanta 2 Data Center,Cogent Communications,1190 Allene Ave SW,GA
334 Gest St Data Center,DataBank,334 Gest St,OH
Las Vegas Data Center,Subrigo,Las Vegas,NV
VA2 Ashburn Data Center,NTT Global Data Centers,44664 Guilford Drive,VA
Albany Washington Ave Data Center,iTel Networks Inc.,194 Washington Avenue,NY
New Orleans 1 Data Center,Lumen,639 Loyola Avenue,LA
DataBank SLC5 Data Center,DataBank,14926 Pony Express Road,UT
SMY1 Data Center,Coloblox,1100 Circle 75th Parkway Southeast,GA
Binary Net – Sharp Annex,Binary Net,200 South 13th Street,NE
PHX-01 Phoenix Data Center,EvoSwitch,615 North 48th Street,AZ
NVA4 Northern Virginia Sterling Data Center,CyrusOne,22811 International Drive,VA
ChicagoDC2 Data Center,Colocation America,600 South Federal Street,IL
IAD1-C Sterling Data Center,Csquare,21110 Ridgetop Circle,VA
Ashburn WDC1 Data Center,AT&T,21571 Beaumeade Circle,VA
Gainesville VA12 Data Center,NTT Global Data Centers,Gainesville,VA
Fort Worth Data Center,menlo digital,14901 FAA Boulevard,TX
Ashburn I Data Center Campus – Building 5,Vantage Data Centers,Vantage Data Centers,VA
FTL1 - Flexential Ft. Lauderdale Data Center PoP,MOD Mission Critical,5301 Northwest 33rd Avenue,FL
Fremont 2 Data Center,Hurricane Electric,48233 Warm Springs Boulevard,CA
ColoHouse MIA2 Miami Data Center,Voxility,36 NE 2nd St,FL
Prime Santa Clara - 1231 Comstock,Prime Data Centers,1231 Comstock Street,CA
Chicago Wells Data Center,Hivelocity,725 S Wells St,IL
Bakersfield 1 Data Center,Lumen,2020 P Street,CA
"Jacksonville, FL Data Center",Windstream,421 East Church Street,FL
"Portland, OR Data Center",Windstream,707 SW Washington St,OR
Chicago CHI1 Data Center,DigiCo Infrastructure REIT,Chicago,IL
Phoenix Data Center,Hivelocity,2335 S Ellis St,AZ
Manchester Data Center,"Consolidated Communications Holdings, Inc.",770 Elm Street,NH
Minneapolis Central (MSP250),Atomic Data,250 South Marquette Avenue,MN
Elk Grove Data Center,IPTP Networks,1905 Lunt Ave,IL
Atlanta 2 Data Center,Lumen,180 Peachtree Street Northwest,GA
77 Highland Ave Data Center,Lumos Networks,77 Highland Ave,PA
Hawaii Data Center,Cogent Communications,96-1402 Waihona Pl,HI
Cleveland 2 Data Center,Cogent Communications,2650 Rockefeller Ave,OH
DFW12 - Red Oak Data Center,DataBank,Batchler Road & Stainback Rd,TX
Columbia 1 Data Center,Lumen,3201 Falling Leaf Court,MO
NY8 New York City Data Center,365 Data Centers,375 Pearl Street,NY
Bresco Broadband Columbus 2,Bresco Broadband,423 East Town Street,OH
IL02 Aurora Data Center,US Signal,4267 Meridian Parkway,IL
MIA1 Miami Data Center,Limestone Networks,36 Northeast 2nd Street,FL
DEN2 Aurora Data Center,Enzu,11900 East Cornell Avenue,CO
Aurora Data Center,CenterServ,8354 Northfield Blvd,CO
MegaGate Data Center,C-Spire,4200 Mamie Street,MS
Houston Data Center - 2.0,Logix,811 Louisiana St,LA
Milwaukee WI | MIWI1 Data center,Fifteenfortyseven critical systems realty,324 East Wisconsin Avenue,WI
Bedford Data Center,Firstlight Fiber,8 Commerce Drive,NH
Secaucus Data Center 1,IPTP Networks,755 Secaucus Road,NJ
Ashburn I Data Center Campus - Building 4,Vantage Data Centers,Vantage Data Centers,VA
SLC1 SLC Data Center,Limestone Networks,179 Social Hall Avenue,UT
"Cyxtera SC4, SC5, SC9 Data Center",China Telecom,4650 Old Ironsides Dr,CA
Downtown Data Center  - ALB1,INOC Data Centers,80 State Street,NY
Santa Clara Data Center (SJC14),Evocative,1525 Comstock Street,CA
Plano Data Center,Innova Solutions,6111 West Plano Parkway,TX
T-Mobile New York,T Mobile,60 Hudson Street,NY
Illinois Data Center,ExcalTech,1625 Winnetka Circle,IL
CyberNest Portland,CyberNest,3935 Northeast Aloclek Drive,OR
DC97 Herndon Data Center,Equinix,460 Springpark Place,VA
Houston 4 Data Center,Lumen,1124 Hardy Street,TX
MI6 Equinix,FDCservers.net,1525 Northwest 98th Court,FL
SEA3 Seattle Data Center,Zenlayer,2020 5th Avenue,WA
VA3 Reston Data Center,CoreSite,12369 Sunrise Valley Drive,VA
SLC4 Granite Point Data Center,DataBank,14860 Pony Express Road,UT
DataBank ORD1 Data Center,DataBank,600 South Federal Street,IL
NYC Data Center,24Shells Inc,60 Hudson Street,NY
New York NYC2 Data Center,AT&T,811 10th Avenue,NY
CT cage Data Center,OneSource Cloud Corporation,600 West 7th Street suite 570,CA
Fort Worth 2 Data Center,Lumen,1101 East 9th Street,TX
DataBank SLC1 Data Center,DataBank,179 Social Hall Avenue,UT
Colorado Springs Data Center,Hivelocity,102 South Tejon Street,CO
Pittsburgh (Evergreen) Data Center,"Consolidated Communications Holdings, Inc.",Consolidated communications,ME
Miami Data Center,Dade2,Miami,FL
SEA01 Seattle Data Center,EdgeConnex,3425 South 116th Street building 6 suite 133,WA
Arizona Data Center,NOVVA,Ellsworth Road,AZ
ORD1 Chicago Data Center,Hivelocity,350 East Cermak Road,IL
San Jose SJC1 Silicon Valley Data Center,AT&T,400 Holger Way,CA
Richmond 1 Data Center,Lumen,8851 Park Central Drive,VA
DA10 Richardson Data Center,Equinix,1232 Alma Road,TX
MIA-A1 Metrobloks Data Center,Metrobloks,500 Northwest 137th Avenue,FL
NY2 New York City Data Center,365 Data Centers,121 Varick Street 4th floor,NY
Eugene 2 Data Center,Lumen,90470 Prairie Rd,OR
Mesa Data Center,CenterServ,1910 South Stapley Drive,AZ
VA8 Ashburn Data Center,NTT Global Data Centers,21583 Megawatt Dr,VA
Andover Data Center,menlo digital,15 Shattuck Road,MA
Bresco Broadband Columbus 1,Bresco Broadband,180 East Broad Street suite 806,OH
SCF-01 Scottsdale Data Center,EvoSwitch,8521 East Princess Drive,AZ
Seattle 1 Data Center,Lumen,1000 Denny Way,WA
Chicago Data Center,Psychz Networks,600 South Federal Street,IL
BUF1 - Buffalo Data Center,ColoCrossing,325 Delaware Avenue,NY
Tallahassee 1 Data Center,Lumen,619 Mabry Street,FL
Chicago 3 Data Center,Lumen,200 North LaSalle Street,IL
Sacramento Data Center,Lumen,1075 Triangle Court,CA
Tempe Data Center,Innova Solutions,950 West Elliot Road suite 216,AZ
Santa Clara V Data Center,Stream Data Centers,39800 Eureka Dr,CA
NY3 New York City Data Center,365 Data Centers,111 8th Avenue suite 723,NY
Andover Data Center,Navisite,400 Minuteman Road,MA
Quest Roseville HABC,Quest Technologies,9000 Foothills Boulevard,CA
San Diego 2 Data Center,Lumen,8923 Complex Drive,CA
San Diego II Data Center,LightEdge,9725 Scranton Road,CA
Atlanta Data Center,CenterServ,260 Peachtree Street Northwest,GA
IAD3-A Dulles Data Center,Csquare,22995 Wilder Court,VA
NY5 New York City Data Center,365 Data Centers,60 Hudson Street suite 1001,NY
BlueBridge Columbus Data Center,BlueBridge Networks,Columbus,OH
Trinity Campus,Northgate by Elemental,Texas City,TX
SEA1 Seattle Data Center,Zenlayer,3433 South 120th Place,WA
Chicago Data Center,IT Solutions Group,Chicago,IL
ORD3 Chicago Data Center,Enzu,500 S Federal St,IL
Orlando Data Center,CenterServ,618 East South Street,FL
Chicago Data Center,Synoptek,935 Lakeview Pkwy ste 105,IL
"Milwaukee, WI Data Center",Windstream,401 West North Avenue,WI
Viridio Data Center,Viridio,25655 Louisa Lane,CA
Dallas Data Center,Ntirety,1807 Ross Avenue,TX
DFW6 - Dallas Love Field Data Center,DataBank,8600 Harry Hines Boulevard,TX
"NETdepot - Spring, TX",NETdepot,2626 Spring Cypress Road,TX
LA2 Data Center,China Telecom,818 West 7th Street,CA
Quest Mount Prospect Data Center,Quest Technology Management,800 East Business Center Drive,IL
Minnesota Data Center I,Innova Solutions,421 1st Avenue Southwest,MN
Atlanta Data Center,VPSserver,Atlanta,GA
SV4 Silicon Valley Data Center,CoreSite,2972 Stender Way,CA
MI1 - MI1 Data Center PoP,MOD Mission Critical,50 NE 9th St,FL
ORD1 Chicago Data Center,Enzu,350 East Cermak Road,IL
NY8 Data Center,China Telecom,60 Hudson Street,NY
Dallas DFW29 Data Center,Digital Realty,950 East Collins Boulevard,TX
Colorado Springs Data Center,CenterServ,102 South Tejon Street,CO
Portland Data Center,CenterServ,111 SW 5th Ave,OR
IAD1-B Sterling Data Center,Csquare,45845 Nokes Blvd,VA
Sacramento 2 Data Center,Lumen,1005 North B Street,CA
Denver 5 Data Center,Lumen,14200 East Jewell Avenue,CO
ORD2 427 South LaSalle Street Data Center,Atlantic Metro Communications,427 South LaSalle Street,IL
DFW1 1950 North Stemmons Freeway Data Center,Atlantic Metro Communications,1950 North Stemmons Freeway,TX
Cleveland Data Center,"Handy Networks, LLC",1625 Rockwell Ave,OH
Mattoon Data Center,"Consolidated Communications Holdings, Inc.",1501 Charleston Avenue,IL
Chicago IL | CHIL1 Data Center,Fifteenfortyseven critical systems realty,40 E Garfield Blvd,IL
Illinois Data Center,Global Access Point (GAP),Chicago,IL
Boca Raton Data Center,Telxius,6503 West Rogers Circle,FL
SupraNet Communications Madison,SupraNet Communications,8000 Excelsior Drive,WI
SJC01 Santa Clara Data Center,"Colovore, LLC",1101 Space Park Drive,CA
VA-5 - Northern Virginia Data Center,Iron Mountain Data Centers,11580 Hayden Road,VA
IAD2-A Sterling Data Center,Csquare,22810 International Drive,VA
Daytona Beach 1 Data Center,Lumen,111 North Segrave Street,FL
Dayton 3 Data Center,Lumen,1 South Main Street,OH
Fort Worth 3 Data Center,Lumen,515 Houston Street,TX
Denver 4 Data Center,Lumen,950 17th Street,CO
Cincinnati 4 Data Center,Lumen,9490 Meridian Way,OH
Worthington Data Center,Crown Castle,720 B Lakeview Plaza Boulevard,OH
Clarksville Data Center,Serverfarm,Clarksville,AR
LDO1 Laredo Data Center,MDC Data Centers,13619 Cabezut Dr,TX
"Silicon Valley, CA Data Center",Summit,2820 Northwestern Parkway,CA
ChicagoDC3 Data Center,Colocation America,800 E Business Center Dr,IL
Alsip IL,DC Mining,12300 South Keeler Avenue,IL
Stockton 1 Data Center,Nautilus Data Technologies,1002 Embarcadero,CA
Sacramento Data Center,CenterServ,980 9th Street (Park Towers),CA
"Data Center Honolulu, HI (HNL1)",Krypt,3375 Koapaka Street,HI
Aurora 1 Data Center,Lumen,23901 East 6th Avenue,CO
Heights Data Center,"Consolidated Communications Holdings, Inc.",7656 Old Auburn Road,CA
McClellan Data Center,"Consolidated Communications Holdings, Inc.",5115 Arnold Avenue,CA
NY6 New York City Data Center,365 Data Centers,60 Hudson Street suite 1211,NY
Illinois DC3 Data Center,Beeks Financial Cloud Group,Chicago,IL
"Racksquared Data Centers — Columbus, Ohio",Racksquared,Racksquared Data Centers,OH
HOU1 - Switch Houston Data Center PoP,MOD Mission Critical,660 Greens Parkway,TX
DC10 Ashburn Data Center,Equinix,21551 Beaumeade Circle,VA
Los Angeles LAX12 Data Center,Digital Realty,2260 E El Segundo Blvd,CA
715 Data Center,Aventus Data Centers,901 Commerce Drive,WI
SEA1 Seattle Data Center,Hivelocity,20001 6th Ave,WA
Ohio Data Center,Crane LLC,Ohio,OH
Cambridge 2 Data Center,Lumen,1 Main Street,MA
Tarentum (Rockpointe) Data Center,"Consolidated Communications Holdings, Inc.",400 MSA Drive,PA
SAN02 Data Center,i2b Networks,8830 Complex Drive,CA
LAX8 Los Angeles Data Center,Zenlayer,17836 Gillette Avenue,CA
XMission - Salt Lake City - Utah,XMission,67 East 400 South,UT
@Silicon Valley Data Center,T5 Data Centers,39800 Eureka Drive,CA
DFW7 - Dallas LBJ Data Center,DataBank,6606 Lyndon B Johnson Freeway,TX
Ashburn VA2 Virginia Data Center,NTT DOCOMO BUSSINESS,22451 Shaw Road,VA
LC Campus United States - Northern VA,CloudHQ,21955 Loudoun County Pkwy,VA
Spokane Data Center,Innova Solutions,304 West Pacific Avenue suite 210,WA
Chicago IL | CHIL2 Data Center,Fifteenfortyseven critical systems realty,725 South Wells Street,IL
Rockland Data Center,Firstlight Fiber,1050 Hingham Street,MA
Brunswick Data Center,Firstlight Fiber,14 Resilient Circle,ME
Chicago Data Center,Total Server Solutions,Chicago,IL
LAX9 Los Angeles Data Center,Zenlayer,200 Bauchet Street,CA
Medford Data Center,Data Center West,Medford,OR
PIT01 — New Castle,ServaxNet,Pittsburgh,PA
Chicago Data Center CH1 (Cermak Rd),Xfernet,350 East Cermak Road,IL
CH1 - CH1 Chicago Data Center PoP,MOD Mission Critical,350 East Cermak Road,IL
MCA2 McAllen Data Center,MDC Data Centers,422 S 11th St,TX
SEA2 Seattle Data Center,Enzu,12201 Tukwila International Boulevard,WA
IAH1 Houston Data Center,Enzu,1301 Fannin Street,TX
Northern Virginia IAD35 Data Center,Digital Realty,43940 Digital Loudoun Plaza bldg g,VA
Madison Data Center,CenterServ,8383 Greenway Boulevard,WI
Ohio Data Center,Watch Communications,3225 West Elm Street,OH
Chicago 3 Data Center,HorizonIQ,1905 Lunt Avenue,IL
IAD1-E Sterling Data Center,Csquare,21110 Ridgetop Circle,VA
Dayton 2 Data Center,Lumen,130 West 2nd Street,OH
Richmond Data Center,Cogent Communications,1001 Oliver Hill Way,VA
WA1 Quincy Data Center,365 Data Centers,2200 M Street Northeast,WA
SAN01 Data Center,i2b Networks,8971 Complex Drive,CA
Chicago Data Center 1,IPTP Networks,350 E Cermak Rd,IL
BlueBridge Mayfield Heights Data Center,BlueBridge Networks,6154 Mayfield Road,OH
ORD1 Chicago Data Center,Limestone Networks,427 South LaSalle Street,IL
Northern Virginia ACC4 Data Center,Digital Realty,44480 Hastings Drive,VA
CH2 CoreSite,FDCservers.net,CoreSite Chicago Data Center (CH2),IL
Bedford Data Center,Colospace,8 Commerce Drive,NH
El Paso Data Center,Cogent Communications,151 North Boone Street,TX
Florence Data Center,CBTS LLC,987 South Central Avenue,CA
Honolulu 1 Data Center,Lumen,3375 Koapaka St,HI
Colorado Springs Data Center,Innova Solutions,5625 Delmonico Dr suite 320 office 324,CO
West Palm Beach Data Center,CloudSouth,424 Hampton Road,FL
Los Angeles Data Center,HostDime,600 W 7th St,CA
New York - 11 Skyline -  Hawthorne Data Center,TierPoint,11 Skyline Drive,NY
MIA1 Miami Data Center,Enzu,50 NE 9th St,FL
Vienna Data Center,Cogent Communications,1921 Gallows Rd,VA
Northern Virginia VA3 Data Center,Digital Realty,1780 Business Center Drive,VA
Northern Virginia IAD38 Data Center,Digital Realty,44100 Digital Loudoun Plaza bldg j,VA
CyberNest Chicago,CyberNest,427 S La Salle St,IL
SFO1-B Santa Clara Data Center,Csquare,2403 Walsh Ave,CA
Cleveland 6 Data Center,Lumen,4000 Chester Avenue,OH
Spokane Data Center,Cogent Communications,4725 S Spotted Rd,WA
DFW VI – Legacy Business Park,Stream Data Centers,8375 Dominion Parkway,TX
Los Angeles Data Center,CDS Global,600 West 7th Street,CA
Keene Data Center,Firstlight Fiber,310 Marlboro Street,NH
Shackelford Data Center,SoftBank Group Corp,Texas,TX
Tucson 1 Data Center,Lumen,135 North 6th Avenue,AZ
701 River Street Data Center,Iron Rails Data Centers,701 River Street,NY
Silicon Valley SJC31 Data Center,Digital Realty,2805 Lafayette Street,CA
New York Data Centre,EXA Infrastructure,60 Hudson Street,NY
Gulfport Data Center,C-Spire,10394 Express Dr,MS
DAL1 Dallas Data Center,Hivelocity,1515 Round Table Drive,TX
SJC Campus United States,CloudHQ,552 Reed St,CA
Quasar Data Center,Quasar Data Center,1001 Texas Street suite 310,TX
Houston Data Center,Data Journey,552 Club Drive,TX
Waco 1 Data Center,Lumen,1417 Air Base Rd,TX
211 Leon Sullivan Way Data Center,Lumos Networks,211 Leon Sullivan Way,WV
La Mirada Data Center,Cogent Communications,16680 Valley View Avenue,CA
Chicago Data Center,CoreSpace,350 East Cermak Road,IL
Williston Data Center,Firstlight Fiber,Burlington,VT
SDC Manhattan Data Center,Sabey Data Centers,375 Pearl Street,NY
Redding Data Center,Data Center West,Redding,CA
Torrance Data Center,IPTP Networks,1501 Francisco Street,CA
Silicon Valley SJC34 Data Center,Digital Realty,2820 Northwestern Parkway,CA
Chicago,BreezeHost.io,427 South La Salle Street,IL
"Herndon, VA",H5 Data Centers,470 Springpark Pl,VA
Silicon Valley Data Center,VPSserver,San Francisco Bay Area,CA
Chicago Data Center,menlo digital,601 West Polk Street,IL
New York -  17 Skyline Dr - Hawthorne Data Center,TierPoint,17 Skyline Drive,NY
DataBank IAD5 Data Center,DataBank,14601 Germanna Hwy,VA
Miami,CyberNest,36 Northeast 2nd Street,FL
"Data Center Emeryville, CA (OAK1)",Krypt,1400 65th Street suite 150,CA
ORM1 Data Center,Fibernet,1145 South 800 East,UT
Chicago 6 Data Center,Lumen,101 North Wacker Drive,IL
Jacksonville 2 Data Center,Lumen,608 West Adams Street,FL
Houston Data Center,LOGIX Fiber Networks,811 Louisiana Street,LA
NY4 New York City Data Center,365 Data Centers,60 Hudson Street suite 1101,NY
Seattle Data Center 1,IPTP Networks,2001 6th Ave #300,WA
Chicago Data Center 4,IPTP Networks,600 South Federal Street,IL
Dallas 3 Data Center,Lumen,1150 Regal Row,TX
San Diego Town Center Data Center,Cogent Communications,9530 Towne Centre Drive,CA
San Francisco Data Center,Atlantic.net,2820 Northwestern Pkwy,CA
Florida Data Center,ColoBarn,3225 Jordan Boulevard,FL
"Englewood, CO",SD Data Center,8636 South Peoria Street,CO
Dalla Data Center,Acronis,1950 N Stemmons Fwy,TX
SFO4-A Santa Clara Data Center,Csquare,Centersquare Silicon Valley Data Center (Santa Clara 4),CA
Cleveland 4 Data Center,Lumen,1621 Euclid Avenue,OH
DFW9 - Red Oak Data Center,DataBank,Batchler Road & Stainback Rd,TX
Arlington Heights 1 Data Center,Lumen,1305 East Algonquin Road,IL
DataBank SLC6 Data Center,DataBank,14870 Pony Express Road,UT
LA2 Los Angeles Data center,365 Data Centers,600 West 7th Street,CA
TX3 Dallas Data Center,365 Data Centers,1950 North Stemmons Freeway,TX
SDC West C,Sabey Data Centers,12101 Tukwila International Boulevard,WA
SDC Seattle East 1,Sabey Data Centers,3411 South 120th Place,WA
Data Center - TJAX01 Jacksonville,Telxius,402 2nd Avenue South,FL
DataBank ORD2 Data Center,DataBank,840 South Canal Street,IL
Dallas Data Center US-South 01,ScaleMatrix,820 Allen Commerce Parkway,TX
Los Angeles Data Center LA1 (600 W 7th St),Xfernet,600 W 7th St,CA
ATL1 - Atlanta Data Center,Volico Data Center,55 Marietta Street NorthWest,GA
Herndon Data Center,Cogent Communications,510 Huntmar Park Drive,VA
Seattle Data Center,Cogent Communications,32275 32nd Avenue South,WA
Silicon Valley SJC29 Data Center,Digital Realty,1725 Comstock Street,CA
CyberNest Salt Lake,CyberNest,179 Social Hall Avenue,UT
Milwaukee 2 Data Center,Cogent Communications,2915 S 5th Ct,WI
DA0 Data Center,OneSource Cloud Corporation,900 North Dorothy Drive,TX
Cincinnati 3 Data Center,Lumen,1428 West 8th Street,OH
SJ1 San Jose Data Center,365 Data Centers,55 South Market Street,CA
Chicago Data Center 5,IPTP Networks,350 East Cermak Road,IL
Bitfarms Sharon Data Center,Bitfarms Ltd.,Sharon Fire Department,PA
TU1 - Involta Tucson Data Center PoP,MOD Mission Critical,1215 East Pennsylvania Street,AZ
New York Data Center (JFK2),Evocative,480 N Bedford Rd,NY
Digital Realty NYC1 Data Center,China Telecom,60 Hudson Street,NY
Dallas 1 Data Center,HorizonIQ,1221 Coit Road,TX
DAL2 Dallas TX,Hivelocity,1950 North Stemmons Freeway,TX
VA4 Ashburn Data Center,NTT Global Data Centers,21583 Megawatt Dr,VA
Albany 4 Data Center,Lumen,10 Airline Drive,NY
Eugene 1 Data Center,Lumen,1745 W 5th Ave,OR
Dallas 2 Data Center,Cogent Communications,146 Parkhouse St,TX
IAD6 - Culpepper Data Center,DataBank,14601 Germanna Hwy,VA
Atlanta 5 Data Center,Lumen,953 Donnelly Avenue Southwest,GA
Atlanta 4 Data Center,Lumen,250 Williams Street Northwest,GA
Bakersfield Data Center,Innova Solutions,4560 California Avenue suite 100,CA
Sacramento Data Center,Innova Solutions,1104 Corporate Way suite 100,CA
Chicago Data Center,VPSserver,427 South LaSalle Street,IL
KEN1 Ziply Kennewick WA Data Center PoP,MOD Mission Critical,4916 West Clearwater Avenue,WA
AT1 - DRT ATL14 Data Center PoP,MOD Mission Critical,250 Williams Street Northwest,GA
Ashburn Data Center,Summit,43830 Devin Shafron Drive,VA
LGA2 - Downtown New York City Data Center,DataBank,111 8th Avenue,NY
Asburn Data Center,Atlantic.net,1807 Michael Faraday Ct,VA
New York Data Center,Cogent Communications,25 Broadway,NY
New York Data Center,Lunavi,1 Ramland Road,NY
Chula Vista Data Center,CenterServ,333 H Street,CA
Denver Data Center,CenterServ,1600 South Broadway,CO
Phoenix Data Center,Comarch ICT,3223 S Ellsworth Rd,AZ
"Data Center Santa Ana, CA (SNA1)",Krypt,1400 South Grand Avenue,CA
Chicago CH4 Data Center,Telstra,2101-2199 S Calumet Ave,IL
ORD3 725 South Wells Street Data Center,Atlantic Metro Communications,725 South Wells Street,IL
VA1 Herndon Data Center,365 Data Centers,13873 Park Center Rd,VA
NY12 New York City Data Center,365 Data Centers,7 Teleport Drive,NY
LAX1 Los Angeles Data Center,Zenlayer,624 South Grand Avenue,CA
Albany 1 Data Center,Lumen,316 North Pearl Street,NY
"DAL02/06 Dallas, TX",IBM Cloud,1333 North Stemmons Freeway suite 110,TX
Salt Lake City 1 Data Center,Lumen,572 South Delong Street,UT
Livermore Data Center,Cogent Communications,8851 Manning Rd,CA
Cleveland 2 Data Center,Lumen,1228 Euclid Avenue,OH
Dallas Data Center,CoreSpace,7505 John W. Carpenter Freeway,TX
NY1 New York City Data Center,365 Data Centers,32 6th Avenue 7th floor,NY
Ashburn III Data Center Campus – Building 4,Vantage Data Centers,19509 Belmont Ridge Road,VA
Seattle Data Center,TierPoint,100 4th Avenue North,WA
MCA1 McAllen Data Center,MDC Data Centers,200 S 10th St,TX
SEA2  - Seattle Data Center,"Superb Internet, A CherryRoad Company",3311 South 120th Place,WA
Los Angeles,BreezeHost.io,2947 Bradley Street,CA
IAD2 Ashburn VA,Hivelocity,21715 Filigree Court building f,VA
Ashburn,Latitude.sh,43830 Devin Shafron Drive,VA
Dallas Data Center,Hivelocity,1649 West Frankford Road,TX
Sioux Falls Data Center,Midco Business,5401 South Solberg Avenue,SD
Springfield 1 Data Center,Lumen,1 Federal Street,MA
1200 Greenbrier St Data Center,Lumos Networks,1200 Greenbrier Street,WV
ORD0 350 E Cermak Rd Data Center,Atlantic Metro Communications,350 E Cermak Rd,IL
DFW8 - Plano Data Center,DataBank,8375 Dominion Pkwy,TX
VA8 Vienna Data Center,365 Data Centers,7990 Quantum Drive,VA
DataYard Data Center,DataYard,130 West 2nd Street LLC,OH
Ashburn III Data Center Campus – Building 2,Vantage Data Centers,19509 Belmont Ridge Road,VA
Kent Data Center,IPTP Networks,6906 South 204th Street,WA
BND1 - One Neck Data Center PoP,MOD Mission Critical,20845 Sockeye Place,OR
Downtown Seattle Data Center,WowRack,2001 6th Avenue,WA
Cleveland Data Center,CenterServ,600 Superior Avenue,OH
85 Tenth Avenue Data Center,Metanet Hosting,85 10th Avenue,NY
"Melbourne, FL",SD Data Center,8635 Holiday Springs Road,FL
South Holland 1 Data Center,Lumen,200 East 166th Street,IL
1145 River Rd Data Center,Lumos Networks,1145 River Rd,VA
DFW2 2323 Bryan Street Data Center,Atlantic Metro Communications,2323 Bryan Street,TX
Irving Data Center,Cogent Communications,2511 E Grauwyler Rd,TX
SDC East 5,Sabey Data Centers,3355 South 120th Place,WA
SDC Seattle West B,Sabey Data Centers,12201 Tukwila International Boulevard,WA
Sterling Data Center,NTT DOCOMO BUSSINESS,22451 Shaw Road,VA
Silicon Valley SJC10 Data Center,Digital Realty,1100 Space Park Drive,CA
Arizona Data Center,ColoBarn,8905 South Beck Avenue,AZ
SFO2-B Santa Clara Data Center,Csquare,4650 Old Ironsides Drive,CA
Data Bank Data Centers,MOD Mission Critical,100 South Commons,PA
Cleveland 1 Data Center,Lumen,4000 Chester Avenue,OH
Crown Castle Worcester (MA3),Crown Castle,474 Main Street #1608,MA
West Coast Seattle Data Center,westelcom networks,Seattle,WA
"UMS Data Center – Neville Hall, Orono",University of Maine System,University of Maine,ME
us-west-2,"Cato Digital, Inc",17836 Gillette Ave,CA
VA2 Reston Data Center,CoreSite,12098 Sunrise Valley Drive,VA
DC-6 9751 Hornbaker Data Center,COPT Data Center,9751 Hornbaker Road,VA
Atlanta GA,Shift Hosting,250 Williams Street Northwest,GA
Oakland Data Center,HorizonIQ,720 2nd St,CA
SFO1-C Santa Clara Data Center,Csquare,Centersquare Silicon Valley Data Center (Santa Clara 1),CA
524 W Broad St Data Center,Lumos Networks,524 W Broad St,VA
Garden City 1 Data Center,Lumen,71 Clinton Rd,NY
El Paso 1 Data Center,Lumen,501 West Overland Avenue,TX
ELP1 El Paso Data Center,MDC Data Centers,11455 Cedar Oak Dr,TX
Virginia Data Center,H5 Data Centers,4050 Lafayette Center Dr,VA
Washington DC 1 Data Center,Cogent Communications,1120 Vermont Ave NW,DC
Fremont 1 Data Center,Hurricane Electric,760 Mission Ct,CA
Garland Data Center,CenterServ,675 Town Square Blvd,TX
FLL1 Ft Lauderdale FL,Hivelocity,36 Northeast 2nd Street suite 600,FL
SFO3-A Sunnyvale Data Center,Csquare,1400 Kifer Rd,CA
Dallas DAL1 Data Center,DigiCo Infrastructure REIT,Dallas,TX
Atlanta Data Center,CoreSpace,56 Marietta Street NorthWest,GA
SJ2 San Jose Data Center,365 Data Centers,11 Great Oaks Boulevard,CA
Coresite SV7 Data Center,China Telecom,3020 Coronado Dr,CA
New York Data Center,H5 Data Centers,325 Hudson Street,NY
QTS SC2 Data Center,China Telecom,2807 Mission College Boulevard,CA
Chicago IL,Shift Hosting,350 East Cermak Road,IL
Los Angeles 1 Data Center,HorizonIQ,3690 Redondo Beach Avenue,CA
New York 1 Data Center,Netrality Data Centers,111 8th Avenue,NY
"Albany, ALB Data Center",Windstream,Home Savings Bank Building,NY
PHX-A1 Metrobloks Data Center,Metrobloks,625 East Grant Street,AZ
SJC7 San Jose Data Center,Zenlayer,11 Great Oaks Blvd,CA
BlueBridge Cleveland Data Center,BlueBridge Networks,1255 Euclid Avenue suite 500,OH
HOU2 - Netrality Houston Data Center PoP,MOD Mission Critical,1301 Fannin Street,TX
SVC01 Santa Clara Data Center,EdgeConnex,1700 Richard Avenue,CA
PHX01 Data Center,Stellar Technologies Inc.,3011 South 52nd Street,AZ
PHX2 Phoenix Data Center,Enzu,1850 W Deer Valley Rd,AZ
LADC3 - Los Angeles Data Center,Colocation America,600 W 7th St,CA
500 Summers St Data Center,Lumos Networks,500 Summers Street,WV
"Bristol, TN Data Center",Windstream,112 6th St,TN
Hollywood Data Center,Cogent Communications,3924 Pembroke Rd,FL
Fort Lauderdale Data Center,IPXON Networks,Fort Lauderdale,FL
Northern Virginia IAD14 Data Center,Digital Realty,43791 Devin Shafron Drive,VA
SNV1 Sunnyvale CA,Hivelocity,444 Toyama Drive,CA
Chicago 2,Shift Hosting,Netrality Data Centers Chicago - 717 S. Wells - Colocation & Interconnection,IL
Port Edwards Data Center,Cloudnium LLC,141 Market Avenue,WI
Texas Data Center,SATOKIE,West,TX
SJC2 San Jose Data Center,Zenlayer,1350 Duane Ave,CA
SND1 - Databank San Diego Data Center PoP,MOD Mission Critical,12270 World Trade Drive,CA
PHX1  Phoenix Data Center,Enzu,120 East Van Buren Street,AZ
Telehouse Teleport Data Center,China Telecom,7 Teleport Dr,NY
Van Buren Data Center,NFINIT,120 E Van Buren St,AZ
Long Beach Data Center,CenterServ,111 W Ocean Blvd,CA
Mineral Gap Data Center Campus,DP Facilities,5978 Windswept Blvd,VA
Silicon Valley SJC35 Data Center,Digital Realty,3205 Alfred Street,CA
Pittsburgh Data Center,Cogent Communications,3126 Liberty Ave,PA
Anaheim 2 Data Center,Lumen,2463 West La Palma Avenue,CA
Ashburn I Data Center Campus – Building 2,Vantage Data Centers,Vantage Data Centers,VA
Ashburn I Data Center Campus – Building 3,Vantage Data Centers,Vantage Data Centers,VA
Ashburn III Data Center Campus – Building 5,Vantage Data Centers,19509 Belmont Ridge Road,VA
Ashburn 1 Data Center,China Telecom,21111 Ridgetop Circle,VA
Northern Virginia ACC7 Data Center,Digital Realty,21625 Gresham Drive,VA
Oakland Data Center,CenterServ,505 14th Street,CA
Prime Phoenix - Lower Buckeye #3,Prime Data Centers,11753 West Lower Buckeye Road,AZ
Miami Data Center,NetcroHosting,36 NE 2nd St #400,FL
IAD1-A Sterling Data Center,Csquare,45901 Nokes Blvd,VA
IAD1-F Sterling Data Center,Csquare,45901 Nokes Blvd,VA
St. Cloud Data Center,vaultas,3701 18th St S,MN
Ashburn Data Center 1,IPTP Networks,21701 Filigree Court,VA
Dallas Data Center 1,IPTP Networks,Equinix Data Center,TX
DataPro IV,DataPro,MIT Building 4,MA
Anaheim Data Center,CenterServ,2400 East Katella Avenue,CA
Dallas Data Center,Logix,2323 Bryan St,TX
Ashburn Data Center,LightEdge,21721 Filigree Ct building 5 suite 500,VA
DC8 Vienna Data Center,Equinix,8502 Tyco Road,VA
CH6 - 365 Data Centers PoP,MOD Mission Critical,427 South LaSalle Street,IL
Dallas 4 Data Center,Lumen,400 South Akard Street,TX
Cleveland 3 Data Center,Lumen,1621 Euclid Avenue,OH
Laconia Data Center,"Consolidated Communications Holdings, Inc.",Laconia,NH
VA2 Manassas Data Center,365 Data Centers,9651 Hornbaker Road,VA
"SLC01 — Salt Lake City, Utah",ServaxNet,Salt Lake City,UT
Fredericksburg VA4-Building 1 Data Cente,Vantage Data Centers,225 Centreport Parkway,VA
Dallas DAA (Dal I )Data Center,Vazata,4025 Midway Road,TX
VA3 Ashburn Data Center,NTT Global Data Centers,44664 Guilford Drive,VA
SLC1 510 Technology Ave Data Center,"Voonami, LLC",510 Technology Ave,UT
LADC4 - Los Angeles Data Center,Colocation America,530 W 6th St,CA
New York Data Center,Opti9 Technologies,501 Franklin Avenue suite 200,NY
Chicago 4 Data Center,Lumen,600 West Chicago Avenue,IL
Visalia Data Center,Innova Solutions,2906 West Main Street,CA
Reston Data Center,multacom inc,Virginia,VA
San Angelo Data Center,Cloudnium LLC,2701 S Johnson St,TX
702 Communications Data,702 Communications,1300 West Warner Avenue,CA
Citigroup: Georgetown,Citigroup Inc.,201 Blue Ridge Drive,TX
"Texarkana, TX Data Center",Windstream,507 Olive St,TX
Evergreen Heights Data Center,Management Science,Evergreen Heights Elementary School,WA
SL1 - Flexential SLC Data Center PoP,MOD Mission Critical,3949 South 200 East,UT
Northern Virginia Data Center,Opus Interactive,11680 Hayden Rd,VA
NOG1 Nogales Data Center,MDC Data Centers,81 North Sonoita Avenue,AZ
Cyxtera LA1 Data Center,China Telecom,200 N Nash St,CA
Stockton Data Center,Cogent Communications,3807 Coronado Ave,CA
Chicago 5 Data Center,Lumen,600 South Federal Street,IL
New York 2a Data Center,Lumen,85 Tenth Ave,NY
Chicago Data Center,Lumen,600 West Chicago Avenue,IL
Santa Clara I – II Data center,Stream Data Centers,1350 Duane Avenue,CA
NY11 New York City Data Center,365 Data Centers,475 Vanderbilt Avenue,NY
Dallas data center,VPSserver,Dallas,TX
Dallas Data Center,teraswitch,Dallas,TX
DFW2 Dallas Data Center,Zenlayer,1950 N Stemmons Fwy #2049,TX
ATL9 Atlanta Data Center,Zenlayer,1800 Thomas St,GA
Dallas,Yondr Group,Dallas,TX
Lynnwood Data Center,ByteGrid,4200 194th Street Southwest,WA
Northern Virginia ACC6 Data Center,Digital Realty,44461 Chilum Place,VA
IAD2-B Sterling Data Center,Csquare,22860 International Drive,VA
AT2 - POP,MOD Mission Critical,56 Marietta Street NorthWest,GA
Los Angeles LAX1 Data Center,DigiCo Infrastructure REIT,Los Angeles,CA
Herndon Data Center,Aptum Technologies,2350 Corporate Park Dr,VA
San Jose (SJ1) Data Center,ColoCrossing,55 South Market Street,CA
SV8 Silicon Valley Data Center,CoreSite,3035 Stender Way,CA
DataBank IAD3 Data Center,DataBank,21630 Red Rum Drive,VA
SLC2 2302 Presidents Drive Data Center,"Voonami, LLC",2302 Presidents Drive,UT
DFW3 Dallas Data Center,Enzu,2323 Bryan Street,TX
Northern Virginia ACC5 Data Center,Digital Realty,44521 Hastings Drive,VA
San Luis Obispo 1 Data Center,Lumen,775 Capitolio Way,CA
NOVA I & II,Stream Data Centers,Northern Va Building Industry Association,VA
VA5 Ashburn Data Center,365 Data Centers,21715 Filigree Court,VA
Orange County Data Center,Planet Access Networks,Irvine,CA
Ashburn III Data Center Campus – Building 6,Vantage Data Centers,19509 Belmont Ridge Road,VA
Port Washington (Lighthouse) Data Center Campus – Building 3,Vantage Data Centers,Port Washington,NY
Project Jade - Building 1,Crusoe Cloud,Terry Ranch Rd & CanAm Hwy,WY
Dallas Data Center,Psychz Networks,1515 Round Table Drive,TX
Ashburn 2 Data Center,China Telecom,21721 Filigree Court,VA
Washington Data Center,CenterServ,1050 Connecticut Ave NW,DC
Los Angeles LAX11 Data Center,Digital Realty,200 North Nash Street,CA
Ashburn III Data Center Campus - Building 3,Vantage Data Centers,19509 Belmont Ridge Road,VA
CyberNest Dallas,CyberNest,400 S Akard St,TX
Dallas,BreezeHost.io,1515 Round Table Drive,TX
Equinix SV12x,Equinix,Great Oaks Boulevard,CA
Buffalo 1 Data Center,Lumen,240 Scott Street,NY
SV1 Sunnyvale Data Center,365 Data Centers,1360 Kifer Road,CA
Boston Data Center,menlo digital,TierPoint - Boston Data Center (Marlborough),MA
Ft. Pierce (SRN Edge Data Center),South Reach Networks,353 Florida Avenue,FL
Modesto 1 Data Center,Lumen,1224 13th Street,CA
Ashburn 3 Data Center,China Telecom,44790 Performance Circle,VA
LGA1 - Downtown New York City Data Center,DataBank,60 Hudson Street,NY
IAD2 - McLean Data Center,DataBank,1764a Old Meadow Lane,VA
NYDC3 - New York Data Center,Colocation America,11 Skyline Dr,NY
Dallas Data Center,Opus Interactive,400 South Akard Street,TX
Orangeburg NY Data Center,Frontline Data Services,100 Dutch Hill Rd,NY
LADC5 - Los Angeles Data Center,Colocation America,650 South Grand Avenue,CA
Tacoma Data Center,Cogent Communications,2210 South 35th Street,WA
Syracuse Data Center,NaviSite,125 Elwood Davis Road,NY
Atlanta 3 Data Center,Lumen,250 Williams Street Northwest,GA
OGB1 Orangeburg Data Center,365 Data Centers,1 Ramland Road,NY
ATL3 Atlanta Data Center,Zenlayer,1150 White St SW,GA
NVA02E Northern Virginia Data Center,Stack Infrastructure,Historic District,VA
SL2 - Databank SLC1 Salt Lake City Data Center PoP,MOD Mission Critical,179 Social Hall Avenue,UT
PX3 - Flexential Phoenix Data Center PoP,MOD Mission Critical,1850 W Deer Valley Rd,AZ
DFW1 Dallas Data Center,Enzu,1950 North Stemmons Freeway,TX
DFW2 Dallas Data Center,Enzu,8600 Harry Hines Boulevard,TX
Northern Virginia IAD24 Data Center,Digital Realty,43830 Devin Shafron Drive,VA
Worchester Data Center,Crown Castle,474 Main Street,MA
Quincy Data Center - Trinidad Campus,Wacolo (Columbia Colocation),Quincy,WA
Dallas DAB (DAL II) Date Center,Vazata,2440 Marsh Lane,TX
NYDC1 - New York Data Center,Colocation America,60 Hudson Street,NY
Seattle Data Center,Neutron Colocation,2001 6th Avenue,WA
Worcester Data Center,Cogent Communications,52 Lagrange St,MA
Buffalo Data Center,Cogent Communications,271 Bristol St,NY
Irvine Data Center,Innova Solutions,111 Pacifica suite 110,CA
West Covina Data Center,Innova Solutions,100 North Citrus Street suite 150,CA
Fredericksburg VA4 – Building 2 Data Cente,Vantage Data Centers,225 Centreport Parkway,VA
LA2 Los Angeles Data Center,Hivelocity,600 West 7th Street suite 510,CA
VA5 Ashburn Data Center,NTT Global Data Centers,21583 Megawatt Dr,VA
"Scottsdale, Arizona",Centrilogic,9316 E Raintree Dr,AZ
LAX1 Los Angeles Data Center,Edgeuno,One Wilshire Building,CA
"15049 Conference Center Drive, Chantilly",COPT Defense Properties,15049 Conference Center Drive,VA
DC15 Equinix,FDCservers.net,44780 Performance Circle,VA
LA3 Equinix,FDCservers.net,1920 East Maple Avenue,CA
Syracuse Data Center,Cogent Communications,402 N Midler Ave,NY
Virginia Data Center,Innova Solutions,8229 Boone Boulevard,VA
Portsmouth Data Center,Firstlight Fiber,359 Corporate Drive,NH
Utah Data Center,Strata Networks,Uintah Basin Medical Center,UT
San Jose Data Center 3,IPTP Networks,11 Great Oaks Boulevard,CA
Project Jade - Building 3,Crusoe Cloud,Terry Ranch Rd & CanAm Hwy,WY
us-west-1,"Cato Digital, Inc",4700 Old Ironsides Dr,CA
SV7 Silicon Valley Data Center,CoreSite,3020 Coronado Drive,CA
DCA2 McLean Data Center,HopOne @CherryRoad,8201 Greensboro Drive,VA
Ashburn VA1 Virginia Data Center,NTT DOCOMO BUSSINESS,21715 Filigree Court,VA
Northern Virginia Data Center,HorizonIQ,21711 Filigree Court,VA
DAL1 Cologix Data Center,MOD Mission Critical,1950 North Stemmons Freeway,TX
"Phoenix, AZ Data Center",Windstream,1710 E Grant St,AZ
Flo Networks ELP01,Flõ Networks,500 West Overland Avenue,TX
Lynnwood Data Center,Lincoln Data Centers,Lynnwood,WA
Project Jade - Building 5,Crusoe Cloud,Terry Ranch Rd & CanAm Hwy,WY
NY1 - Telehouse New York Data Center PoP,MOD Mission Critical,85 10th Avenue,NY
SFO1 Silicon Valley Data Center,DataBank,5101 Lafayette Street,CA
PX1 - PhoenixNAP Phoenix Data Center PoP,MOD Mission Critical,3402 East University Drive,AZ
Dallas Data Center,Lunavi,1950 North Stemmons Freeway,TX
Fargo Data Center,Midco Business,4624 28th Ave S,ND
Laredo 1 Data Center,Lumen,504 Farragut Street,TX
Oroville Data Center,Cogent Communications,2405 Bird St,CA
VA4 Reston Data Center,365 Data Centers,11513 Sunset Hills Road,VA
WA. DC. Washington Data Center,365 Data Centers,1275 K Street Northwest,DC
San Jose Data Center 2,IPTP Networks,1735 Lundy Ave,CA
MIS1 - VisionNet-MSO Missoula Data Center PoP,MOD Mission Critical,110 East Broadway Street,MT
SV3 Data Center,China Telecom,1735 Lundy Avenue,CA
Tucson Data Center,CenterServ,One South Church,AZ
Dallas (Allen),Data Canopy,2300 Chelsea Boulevard,TX
New York 2 Data Center,HorizonIQ,375 Pearl Street,NY
SFO4-B Santa Clara Data Center,Csquare,1550 Space Park Dr,CA
Wichita Falls 1 Data Center,Lumen,301 Lee Street,TX
SJC2 1360 Kifer Road Data Center,Atlantic Metro Communications,1360 Kifer Road,CA
EQ DA1,OneSource Cloud Corporation,1949 N Stemmons Fwy,TX
Seattle Data Center,Optic Fusion,Seattle,WA
Phoenix Data Center Campus - Building 2,Vantage Data Centers,45 South Bullard Avenue,AZ
NVA02D Northern Virginia Data Center,Stack Infrastructure,9590 Hornbaker Road,VA
JFK1 New York Data Center,Enzu,111 8th Avenue,NY
NYC1 New York Data Center,Zenlayer,60 Hudson St,NY
San Jose (Silicon Valley) Data Center,Hurricane Electric,55 South Market Street,CA
Ashburn,Data Canopy,44664 Guilford Drive,VA
Phoenix 1 Data Center,Cogent Communications,3410 East University Drive,AZ
800 Main St Data Center,Lumos Networks,800 Main St,VA
Texas Data Center,Crane LLC,Texas,TX
Plano Data Center,Lincoln Data Centers,Plano,TX
Northern Virginia,Yondr Group,Northern Virginia,VA
Phoenix Data Center Campus - Building 4,Vantage Data Centers,45 South Bullard Avenue,AZ
Project Jade - Building 4,Crusoe Cloud,Terry Ranch Rd & CanAm Hwy,WY
"Washington, DC (IAD1)",Limestone Networks,11660 Hayden Rd,VA
SJC1 Bay Area Santa Clara Data Center,"Datacate, Inc",2151 Mission College Blvd,CA
Phoenix 3 Data Center,Lumen,801 South 16th Street,AZ
SDC East 2,Sabey Data Centers,3311 South 120th Place,WA
Port Washington (Lighthouse) Data Center Campus - Building 2,Vantage Data Centers,Port Washington,NY
Newark Data Center,IPTP Networks,165 Halsey Street,NJ
EGP1 Eagle Pass Data Center,MDC Data Centers,464 Bliss St,TX
Dallas TX,Shift Hosting,1515 Round Table Drive,TX
Washington Data Center,Mosaic Data Services,Washington D.C.,DC
"Buffalo, New York",Centrilogic,Main Place Tower,NY
Phoenix 2 Data Center,Cogent Communications,1530 E Roeser Rd,AZ
Bitfarms Washington Data Center,Bitfarms Ltd.,Old Moses Lake Highway,WA
Project Jade - Building 2,Crusoe Cloud,Terry Ranch Rd & CanAm Hwy,WY
Washington DC Data Center,WowRack,9651 Hornbaker Road,VA
LAX2 Los Angeles Data Center,Zenlayer,900 Alameda Street,CA
Buffalo Main St Data Center,iTel Networks Inc.,350 Main Street,NY
EC101 Los Angeles Data Center,Edge Centres,Sheraton Grand Los Angeles,CA
LA1 Los Angeles Data Center,Hivelocity,624 South Grand Avenue,CA
IAD4 Reston VA,Hivelocity,12100 Sunrise Valley Drive,VA
"Data Center Dallas, TX (DAL1)",Krypt,2800 Summit Ave,TX
Databank MI1,OneSource Cloud Corporation,50 Northeast 8th Street,FL
Tacoma Data Center,Optic Fusion,Tacoma,WA
Bitfarms Scrubgrass Data Center,Bitfarms Ltd.,2151 Lisbon Road,PA
New York 8th Ave Data Center,iTel Networks Inc.,111 8th Avenue,NY
Dallas Data Center,MadeIt,Dallas,TX
Virginia Data Center,Otava,44664 Guilford Drive,VA
DFW2 Dallas Data Center,Limestone Networks,1950 North Stemmons Freeway,TX
MIA2 Miami Data Center,Enzu,36 NE 2nd St,FL
"Dallas, TX 2",Shift Hosting,2323 Bryan Street,TX
IAD3 Ashburn VA,Hivelocity,21635 Red Rum Dr,VA
MIA2 36 Northeast 2nd Street Data Center,Atlantic Metro Communications,36 Northeast 2nd Street,FL
Databank DFW2,OneSource Cloud Corporation,903 Quality Way,TX
Albany 3 Data Center,Lumen,Home Savings Bank Building,NY
Santa Clara Data Center,TATA Communications,5201 Great America Parkway,CA
Palo Alto Data Center,menlo digital,529 Bryant Street,CA
Rick Jones Way,Sabey Data Centers,Butte,MT
"DFW02 — Dallas, Texas",ServaxNet,Dallas,TX
Horizon 1 Data Center,IREN Prince George,620 Farm to Market Road 1033,TX
Citigroup Fort Worth (Dallas–Fort Worth area),Citigroup Inc.,931 Litsey Road,TX
Abilene - Building 3 Data Center,Crusoe Cloud,5502 Spinks Rd,TX
PHX Phoenix Data Center,Cyberverse,2500 West Union Hills Drive,AZ
Dallas DAC (DAL III) Data Center,Vazata,4025 Midway Road,TX
Sterling,Data Canopy,21350 Pacific Blvd,VA
Plano Data Center,Cyberverse,2800 Summit Avenue,TX
DAL1 Dallas Data Center,Edgeuno,1990 North Stemmons Freeway,TX
Albany Data Center,Cogent Communications,89 Hannay Ln,NY
Miami Data Center,VPSserver,Miami,FL
Chicago CH1 Data Centre,Beeks Financial Cloud Group,350 Southeast Cermak Lane,WA
Fredericksburg VA4-BUILDING 3 Data Center,Vantage Data Centers,225 Centreport Parkway,VA
Los Angeles Data Center 8,IPTP Networks,600 West 7th Street 3rd floor,CA
NYDC2 - New York Data Center,Colocation America,111 8th Avenue,NY
WDC-02 Manassas Data Center,EvoSwitch,Historic District,VA
New York Data Center,Epsilon Telecommunications,60 Hudson Street,NY
NYKEC Data Center,Telia Company,111 8th Avenue,NY
Palm Springs Data Center,Cogent Communications,3601 N Indian Canyon Dr,CA
Dallas Data Center,Dedicated Solutions,Dallas,TX
Dallas Data Center,WowRack,1950 North Stemmons Freeway,TX
SEA3 Seattle Data Center,Enzu,140 4th Avenue North,WA
Miami 2 Data Center,HorizonIQ,36 Northeast 2nd Street,FL
SJC02 Santa Clara Data Center,"Colovore, LLC",3060 Raymond St,CA
Torrance Data Center,Innova Solutions,19191 S Vermont Ave,CA
SH1 Data Center,the benaroya company,Puyallup,WA
Sunnyvale Data Center,menlo digital,444 Toyama Drive,CA
LAX10 Los Angeles Data Center,Zenlayer,One Wilshire Building,CA
IAD8 Washington DC Data Center,Zenlayer,Washington D. C.,WA
SDC Intergate Ashburn Building B,Sabey Data Centers,21745 Red Rum Drive,VA
North Bergen Data Center,IPTP Networks,5851 West Side Ave,NJ
LA2 - Evocative Data Center PoP,MOD Mission Critical,600 West 7th Street,CA
Los Angeles Data Center,Telstra,600 7th St,CA
DA2 - Flexential Dallas Plano Data Center PoP,MOD Mission Critical,3500 East Plano Parkway,TX
JFK3 New York Data Center,Enzu,32 Avenue of the Americas,NY
Seattle Data Center,CenterServ,800 5th Avenue,WA
Herndon 1 Data Center,Lumen,520 Van Buren Street,VA
LAX1 600 West 7th Street Data Center,Atlantic Metro Communications,600 West 7th Street,CA
DFL - Deerfield Data Center,Volico Data Center,500 Northwest 48 Street,FL
Databank DB,OneSource Cloud Corporation,400 South Akard Street,TX
ORNY1 Data Center,Fifteenfortyseven critical systems realty,Orangeburg,NY
MD-SV1 (Sunnyvale),menlo digital,888-894 Ross Drive,CA
Santa Clara Data Center,menlo digital,4650 Old Ironsides Drive,CA
Fremont Data Center,Subrigo,Fremont,CA
Miami Data Center 1,IPTP Networks,50 Northeast 9th Street,FL
NYC3 New York City Data Center,Zenlayer,60 Hudson Street,NY
SDC Seattle East 3,Sabey Data Centers,3333 South 120th Place,WA
Vienna Data Center 1,IPTP Networks,7990 Quantum Drive,VA
Sweetwater 1 Data Center,IREN Prince George,883 Farm to Market Road 611,TX
SJC1 Santa Clara Data Center,Enzu,2151 Mission College Boulevard,CA
Seattle 1 Data Center,HorizonIQ,140 4th Avenue South,WA
Ashburn Data Center,Acronis,21701 Filigree Ct bldg d,VA
IAD1 Ashburn Data Center,Edgeuno,44470 Chilum Place,VA
DataBank IAD4 Data Center,DataBank,21625 Red Rum Drive,VA
VA3 Reston Data Center,365 Data Centers,12100 Sunset Hills Road,VA
Ashburn I Data Center Campus – Building 6,Vantage Data Centers,Vantage Data Centers,VA
Ashburn II Data Center Campus – Building 2,Vantage Data Centers,22435 Glenn Drive,VA
Abilene Data Center - Building 7,Crusoe Cloud,5502 Spinks Rd,TX
Los Angeles Data Center,Psychz Networks,700 Wilshire Boulevard,CA
Los Angeles Data Center (Wilshire Blvd),Xfernet,3250 Wilshire Boulevard,CA
Silicon Valley 3 Data Center,HorizonIQ,11 Great Oaks Blvd,CA
JFK1 New York Data Center,Edgeuno,60 Hudson St,NY
Seattle 5 Data Center,Lumen,22722 29th Avenue South,WA
342 N Court Ave Data Center,Lumos Networks,342 North Court Avenue,VA
San Jose Data Center,Cogent Communications,801 Newhall St,CA
Miami 2 Data Center,Lumen,50 Northeast 9th Street,FL
Costa Mesa Data Center,Innova Solutions,950 South Coast Drive,CA
New York Data Center,TATA Communications,551 5th Avenue,NY
Bridgeport Data Center,Citynet,100 Platinum Drive,VA
Seattle Data Center,VPSserver,Seattle,WA
Santa Clara 2 Data Center,menlo digital,4700 Old Ironsides Drive,CA
Los Angeles Data Center,teraswitch,Los Ángeles,CA
Athens Data Center,Synapsecom,Athens Grecian Delight Inc,FL
USA 001,Be Company,Pennsylvania,PA
Ashburn Data Center 7,IPTP Networks,21715 Filigree Court,VA
Washington DC Data Center,Conscious Networks,44464 Guilford Drive,VA
JFK2 New York Data Center,Enzu,60 Hudson Street,NY
Dallas 3 Data Center,HorizonIQ,1950 North Stemmons Freeway,TX
MIA1 Miami Data Center,Edgeuno,50 NE 9th St,FL
San Jose Data Center,LightEdge,7 Great Oaks Blvd,CA
Washington DC 4,Lumen,1828 L St NW,DC
NYC2 New York City Data Center,Zenlayer,32 Avenue of the Americas,NY
Ashburn Data Center 13,IPTP Networks,21715 Filigree Court,VA
Abilene  Data Center - Building 2,Crusoe Cloud,5502 Spinks Rd,TX
us-east1,"Cato Digital, Inc",60 Hudson Street,NY
SJC1 San Jose Data Center,Zenlayer,9 Great Oaks Blvd,CA
MIA1 2115 Northwest 22nd Avenue Data Center,Atlantic Metro Communications,2115 Northwest 22nd Avenue,FL
Crown Castle Los Angeles LA2,Crown Castle,609 W 7th St,CA
CSCVA1 Data Center,DXC Technology,14120 Newbrook Drive,VA
San Jose Data Center 1,IPTP Networks,11 Great Oaks Boulevard,CA
Los Angeles Data Center,Planet Access Networks,One Wilshire Building,CA
Dallas Data Center 6,IPTP Networks,1990 North Stemmons Freeway,TX
New York Ave of the Americas Data Center,iTel Networks Inc.,32 Ave of the Americas,NY
Cyxtera SC8 Data Center,China Telecom,4700 Old Ironsides Dr,CA
IAD1 21715 Filigree Court Data Center,Atlantic Metro Communications,21715 Filigree Court,VA
LAX3 900 North Alameda Street Data Center,Atlantic Metro Communications,900 North Alameda Street,CA
Fremont Data Center,Innova Solutions,42840 Christy Street,CA
Los Angeles Data Center 4,IPTP Networks,600 West 7th Street,CA
Santa Clara Data Center 2,IPTP Networks,1350 Duane Ave,CA
Ashburn Data Center 10,IPTP Networks,21715 Filigree Court,VA
Warrenton DC1 Data Center,Crusoe Cloud,22151 NW Service Rd,MO
Warrenton DC2 Data Center,Crusoe Cloud,22151 NW Service Rd,MO
Los Angeles Data Center (Grand Ave),Xfernet,624 South Grand Avenue,CA
LAX1 Los Angeles Data Center,Limestone Networks,44 North Douglas Street,CA
611 Wilshire Blvd Data Center,Xyvest,611 Wilshire Boulevard,CA
Los Angeles Data Center,TurnKey Internet,530 West 6th Street,CA
111 8th Ave Data Center,Metanet Hosting,111 8th Avenue,NY
LA2 Digital Realty,Hivelocity,600 W 7th St suite 550,CA
Los Angeles 5 Data Center,HorizonIQ,600 West 7th Street,CA
Albany 2 Data Center,Lumen,194 Washington Avenue,NY
Carlsbad Data Center,Innova Solutions,5050 Avenida Encinas suite 100,CA
NY9 New York City Data Center,365 Data Centers,85 10th Avenue 7th floor suite z,NY
New York Data Center,WowRack,Buffalo,NY
Glendale Data Center,CenterServ,450 North Brand Boulevard,CA
Buffalo Main Place Tower Data Center,Shatter IT,350 Main Street,NY
"Data Center Phoenix, AZ (PHX1)",Krypt,2500 W Union Hills Dr,AZ
Dallas Data Center,LOGIX Fiber Networks,2323 Bryan Street,TX
Ashburn Data Center 8,IPTP Networks,21715 Filigree Court,VA
Chicago Data Center 2,IPTP Networks,350 E Cermak Rd 5th floor,IL
Dallas Data Center 7,IPTP Networks,1950 North Stemmons Freeway,TX
HIL1 Data Center,OVH,1300 NE 25th Ave,OR
NSWAS01 Washington DC Data Center,Netshop ISP,Washington D.C.,DC
Los Angeles,CyberNest,445 North Douglas Street,CA
751 Chicago Ave Data Center,Lumos Networks,751 Chicago Ave,VA
LA3 - CoreSite Data Center,MOD Mission Critical,624 South Grand Avenue,CA
Miami 1 Data Center,Lumen,49 Northwest 5th Street,FL
Herndon Data Center,TATA Communications,2355 Dulles Corner Boulevard,VA
Alpha Data Center,M&A Technology Inc.,4407 Alpha Road,TX
Washington DC4 Data Center,Beeks Financial Cloud Group,Washington D.C.,DC
Ashburn Data Center 14,IPTP Networks,21715 Filigree Court,VA
Santa Clara Data Center 1,IPTP Networks,3030 Corvin Dr,CA
Phoenix Data Center,CGI,Phoenix,AZ
Abilene Data Center- Building 1,Crusoe Cloud,5502 Spinks Rd,TX
Manchester 1 Data Center,Lumen,19700 CA-1,CA
IAD1 Washington DC Data Center,Zenlayer,21721 Filigree Court,VA
Santa Clara Data Center,NaviSite,2720 Zanker Road,CA
EQ DA1 Data Center,OneSource Cloud Corporation,Cologix Dallas Data Centers,TX
Comarch Mesa,Comarch ICT,3223 S Ellsworth Rd,AZ
Crown Castle Los Angeles LA1,Crown Castle,624 S Grand Ave,CA
Los Angeles Data Center 6,IPTP Networks,818 West 7th Street,CA
Ashburn Data Center 16,IPTP Networks,21715 Filigree Court,VA
Vienna Data Center 2,IPTP Networks,8502-A Tyco Road,VA
Childress Data Center,IREN Prince George,620 Farm to Market Road 1033,TX
"7770 Backlick Road, Springfield",COPT Defense Properties,7770 Backlick Road,VA
SDC New York,Sabey Data Centers,375 Pearl Street,NY
Miami Data Center,ServerPronto,3109 Grand Avenue,FL
Plano Data Center,IPTP Networks,6653 Pinecrest Drive,TX
NY2 New York Data Center,NYI,60 Hudson Street,NY
Ashburn Data Center DC3,Xfernet,44470 Chilum Place,VA
Plano Data Center,CenterServ,101 E Park Blvd,TX
Silicon Valley 1 Data Center,HorizonIQ,2151 Mission College Boulevard,CA
"Data Center Dallas, TX (DAL6)",Krypt,1221 Coit Rd,TX
Los Angeles Data Center,ServerMania,530 West 6th Street suite 901,CA
Washington DC 2 Data Center,Lumen,1220 L Street Northwest,DC
LGA13 65 Broadway Data Center,Atlantic Metro Communications,65 Broadway,NY
SJC1 55 South Market Street Data Center,Atlantic Metro Communications,55 South Market Street,CA
New York Data Center,Innova Solutions,1133 Avenue of the Americas suite 1500 & 1515,NY
Los Angeles Data Center,Total Server Solutions,1920 East Maple Avenue,CA
Los Angeles Data Center 3,IPTP Networks,1200 West 7th Street,CA
Santa Clara I Data Center Campus – Building 2,Vantage Data Centers,2820 Northwestern Pkwy,CA
Ashburn Data Center 11,IPTP Networks,21715 Filigree Court,VA
Ashburn Data Center 15,IPTP Networks,21715 Filigree Court,VA
Los Angeles Data Center,NFINIT,One Wilshire Building,CA
"CoreSite VA1 Reston, Virginia Data Center",Voxility,12100 Sunrise Valley Drive,VA
Herndon 3 Data Center,Lumen,524 Van Buren Street,VA
SI1 7 Teleport Dr Data Center,Atlantic Metro Communications,7 Teleport Dr,NY
Los Angeles 6 Data Center,HorizonIQ,624 North Grand Avenue,CA
New York Data Center,DataHOUSE,New York,NY
New York Data Center,Hostoweb,New York,NY
Los Angeles Data Center,Gigenet,Los Ángeles,CA
IAD9 Washington DC Data Center,Zenlayer,Washington D. C.,WA
DC1 Austin Data Center,Hostway,417-499 Waller St,TX
LAX03 Data Center,Performive,1920 East Maple Avenue,CA
IAD6 7990 Science Applications Court Data Center,Atlantic Metro Communications,7990 Science Applications Court,VA
Washington DC 1 Data Center,Lumen,1120 Vermont Avenue Northwest,VT
Miami 3 Data Center,Lumen,200 Southeast 1st Street,FL
Oxnard Data Center,Innova Solutions,1701 Solar Dr suite 145,CA
Los Angeles LAX2 Data Center,DigiCo Infrastructure REIT,Los Angeles,CA
Ashburn 1 Data Center,EdgeCore Internet Real Estate,Maries Road,VA
Manassas MAA (Nova I) Data Center,Vazata,9651 Hornbaker Road,VA
Los Angeles Data Center,Subrigo,Los Ángeles,CA
CyrusOne  Wappingers Falls Data Center,China Telecom,155 Myers Corners Rd,NY
NYC3 - Manhattan Data Center,"Superb Internet, A CherryRoad Company",375 Pearl Street,NY
"Data Center  El Segundo, CA (LAX13)",Krypt,444 South Nash Street,CA
Buffalo Data Center,ServerMania,325 Delaware Ave #300,NY
LAX0 624 South Grand Avenue Data Center,Atlantic Metro Communications,624 South Grand Avenue,CA
Eveo FL1,Eveo LLC,Miami,FL
Digital Realty IAD39,OneSource Cloud Corporation,44273 Round Table Plaza,VA
Ashburn 2 Data Center,EdgeCore Internet Real Estate,Moran Road,VA
Neutron Data Center,M&A Technology Inc.,13616 Neutron Road,TX
IPXON Miami,IPXON Networks,Miami,FL
Los Angeles Data Center 1,IPTP Networks,One Wilshire Building,CA
SEA1 – USA,ServerHosh Internet Service,3433 South 120th Place,WA
us-east-2,"Cato Digital, Inc",45901 Nokes Blvd,VA
Ashburn ASH1 Data Center,Psychz Networks,13873 Park Center Rd,VA
East Coast,OpenMetal.io,Performance Circle,VA
Washington DC 2 Data Center,Cogent Communications,1050 Connecticut Ave NW,CT
Buffalo 2 Data Center,Lumen,325 Delaware Avenue,NY
Northridge Data Center,Innova Solutions,8550 Balboa Blvd suite 275,CA
Santa Maria Data Center,Innova Solutions,210 East Enos Drive suite c,CA
Carrollton Data Center,M&A Technology Inc.,2045 Chenault Dr,TX
San Jose Data Center,menlo digital,300 Holger Way,CA
Shackelford County (Frontier) Data Center Campus – Building 8,Vantage Data Centers,Shackelford County,TX
LA1 - LA1 Data Center PoP,MOD Mission Critical,600 West 7th Street,CA
IAD2  Ashburn Data Center,Enzu,21551 Beaumeade Circle,VA
CyberNest VA,CyberNest,11660 Hayden Rd,VA
IAD2 11513 Sunset Hills Road Data Center,Atlantic Metro Communications,11513 Sunset Hills Road,VA
Seattle 4 Data Center,Lumen,223 Taylor Ave N,WA
Fargo Data Center,"Consolidated Communications Holdings, Inc.",3312 42nd Street South suite 100,ND
Los Angeles Data Center (Wilshire Blvd),Planet Access Networks,600 West 7th Street,CA
Boca Raton Data Center,IPTP Networks,4680 Conference Way South suite 150,FL
Chicago Data Center 3,IPTP Networks,350 E Cermak Rd 6th floor,IL
NETdepot - San Francisco,NETdepot,760 Mission Ct,CA
Ashburn Data Center,Mosaic Data Services,Ashburn,VA
Los Angeles 2 Data Center,HorizonIQ,2260 East El Segundo Boulevard,CA
"Data Center Los Angeles, CA (LAX2)",Krypt,600 West 7th Street suite 510,CA
New York 1 Data Center,Lumen,111 8th Avenue,NY
Romulus Data Center,Firstlight Fiber,Romulus,NY
Central New York Data Center,Northland Communications,Central Park,NY
Omnis Network,Omnis Network,1005 W Geneva Dr,AZ
Shackelford County (Frontier) Data Center Campus – Building 7,Vantage Data Centers,Shackelford County,TX
Shackelford County (Frontier) Data Center Campus – Building 10,Vantage Data Centers,Shackelford County,TX
Westmont Data Center,IPTP Networks,Plaza Drive,IL
Ardent PIT1,Northern Data AG,615 McMichael Rd,PA
Abilene Data Center - Building 5,Crusoe Cloud,5502 Spinks Rd,TX
SJC2 Santa Clara Data Center,Enzu,2820 Northwestern Parkway,CA
Miami Data Center,CenterServ,1221 Brickell Avenue,FL
DCA2 - McLean Data Center,"Superb Internet, A CherryRoad Company",8201 Greensboro Dr,VA
"16542 Commerce Dr, Dahlgren",COPT Defense Properties,16542 Commerce Dr,VA
Silicon Valley SV5 Data Center,Telstra,15 Great Oaks Blvd,CA
LGA11 85 10th Avenue Data Center,Atlantic Metro Communications,85 10th Avenue,NY
IAD4 13873 Park Center Rd Data Center,Atlantic Metro Communications,13873 Park Center Rd,VA
New York Data Center,VPSserver,60 Hudson Street,NY
Reston Data Center,Lincoln Data Centers,Reston,VA
Washington CU2 Data Center,Beeks Financial Cloud Group,Washington D.C.,DC
Shackelford County (Frontier) Data Center Campus – Building 6,Vantage Data Centers,Shackelford County,TX
POR03E Data Center,Stack Infrastructure,3983 Northeast Evergreen Road,OR
Quest Ashburn Data Center,Quest Technology Management,21715 Filigree Ct,VA
"Data Center Chappaqua, NY (JFK2)",Krypt,480 N Bedford Rd,NY
"1751 Pinnacle Drive, Tysons",COPT Defense Properties,1751 Pinnacle Drive,VA
"Los Angeles, LA Data Center",Windstream,530 West 6th Street,CA
Albany 5 Data Center,Lumen,107 Hermes Rd,NY
San Jose Data Center 5,IPTP Networks,534 Stockton Avenue,CA
Sweetwater 2 Data Center,IREN Prince George,1782 Farm to Market Road 540,TX
Abilene Data Center - Building 8,Crusoe Cloud,5502 Spinks Rd,TX
DC1 - DC1 Data Center PoP,MOD Mission Critical,21711 Filigree Court,VA
IAD1 Ashburn Data Center,Enzu,43791 Devin Shafron Drive,VA
Digital Realty  Santa Clara Data Center,China Telecom,1525 Comstock Street,CA
SJ1 - San Jose Data Center,Hostman LTD,Energy Group Networks,CA
LAX4 626 Wilshire Building Data Center,Atlantic Metro Communications,626 Wilshire Building,CA
Seattle 3 Data Center,Lumen,1505 5th Avenue,WA
Los Angeles 4 Data Center,Lumen,600 Wilshire Boulevard,CA
Los Angeles Data Center,VPSserver,Los Ángeles,CA
Los Angeles Data Center,DataHOUSE,Los Ángeles,CA
Dallas Data Center 5,IPTP Networks,1950 North Stemmons Freeway,TX
Santa Clara Data Center,CenterServ,2033 Gateway Place,CA
"Data Center Santa Clara, CA (SJC3)",Krypt,3080 Raymond St,CA
"1753 Pinnacle Drive, Tysons",COPT Defense Properties,1753 Pinnacle Drive,VA
Los Angeles 7 Data Center,HorizonIQ,1 Wilshire Boulevard,CA
New York Data Center 1,IPTP Networks,111 8th Avenue suite 524,NY
Shackelford County (Frontier) Data Center Campus – Building 5,Vantage Data Centers,Shackelford County,TX
DC2 Austin Data Center,Hostway,6110 Trade Center Dr,TX
Abilene - Building 4 Data Center,Crusoe Cloud,5502 Spinks Rd,TX
SV1 Data Center PoP,MOD Mission Critical,11 Great Oaks Boulevard,CA
25 Broadway Data Center,Metanet Hosting,25 Broadway,NY
New York Data Center,Rogers Communications Inc.,60 Hudson Street,NY
Ashburn II Data Center Campus – Building 3,Vantage Data Centers,22435 Glenn Drive,VA
Santa Clara I Data Center Campus – Building 5,Vantage Data Centers,2820 Northwestern Pkwy,CA
Shackelford County (Frontier) Data Center Campus – Building 2,Vantage Data Centers,Shackelford County,TX
Shackelford County (Frontier) Data Center Campus - Building 4,Vantage Data Centers,Shackelford County,TX
Shackelford County (Frontier) Data Center Campus – Building 9,Vantage Data Centers,Shackelford County,TX
Dallas Data Center 4,IPTP Networks,2323 Bryan St,TX
Abilene Data Center - Building 6,Crusoe Cloud,5502 Spinks Rd,TX
60 Hudson NYC Data Center,HudsonIX,60 Hudson Street,NY
West Coast,OpenMetal.io,600 West 7th Street 5th floor suite 550,CA
Buffalo 3 Data Center,Lumen,715 Delaware Avenue,NY
KPN International New York,Kpn International,111 8th Avenue,NY
Shackelford County (Frontier) Data Center Campus – Building 3,Vantage Data Centers,Shackelford County,TX
"Data Center  Redondo Beach, CA (LAX14)",Krypt,3690 Redondo Beach Avenue,CA
"Data Center Seattle, WA (SEA1)",Krypt,140 4th Ave N,WA
LAX7 Los Angeles Data Center,Zenlayer,600 West 7th Street,CA
SJC6 San Jose Data Center,Zenlayer,11 Great Oaks Blvd,CA
SJC9 San Jose Data Center,Zenlayer,7 Great Oaks Boulevard,CA
Dallas Data Center 2,IPTP Networks,1950 North Stemmons Freeway suite 1034,TX
"Data Center Santa Clara, CA (SJC14)",Krypt,1525 Comstock Street,CA
IAD4 Washington DC Data Center,Zenlayer,12100 Sunrise Valley Dr,VA
Santa Clara I Data Center Campus - Building 4,Vantage Data Centers,2820 Northwestern Pkwy,CA
Vienna DC1 Data Center,Serverfarm,7980 Quantum Drive,VA
Buffalo Data Center,CenterServ,50 Fountain Park,NY
"Data Center Los Angeles, CA (LAX16)",Krypt,624 S Grand Ave,CA
"Data Center San Jose, CA (SJC7)",Krypt,534 Stockton Ave,CA
IAD2 Washington DC Data Center,Zenlayer,21691 Filigree Court,VA
LAX01 Los Angeles Data Center,Colo Locker - Evocative,600 West 7th Street,CA
IAD3 12100 Sunrise Valley Drive Data Center,Atlantic Metro Communications,12100 Sunrise Valley Drive,VA
El Segundo Data Center 1,IPTP Networks,445 North Douglas Street,CA
Dallas Data Center 3,IPTP Networks,1950 North Stemmons Freeway suite 2027,TX
Doral Data Center,IPTP Networks,1525 Northwest 98th Court,FL
NAL01B Data Center,Stack Infrastructure,7300 Souder Road,OH
New York City Center,CoreSpace,60 Hudson Street,NY
Bozeman Data Center,Vision Net,Bozeman,MT
Los Angeles Data Center 2,IPTP Networks,Los Angeles,CA
Northern Virginia 2 Data Center,HorizonIQ,21715 Filigree Court,VA
"Data Center El Segundo, CA (LAX15)",Krypt,1920 E Maple Ave,CA
Herndon Data Center,Lincoln Data Centers,Herndon,VA
IAD3 Washington DC Data Center,Zenlayer,12098 Sunrise Valley Dr,VA
Santa Clara I Data Center Campus - Building 6,Vantage Data Centers,2820 Northwestern Pkwy,CA
LAX Los Angeles Data Center,Cyberverse,600 W 7th St,CA
"Data Center Santa Clara, CA (SJC11)",Krypt,2151 Mission College Blvd,CA
LAX02 Las Angeles Data Center,Colo Locker - Evocative,600 West 7th Street,CA
Miami Data Center 2,IPTP Networks,36 Northeast 2nd Street,FL
"Data Center Reston, VA (IAD2)",Krypt,21701 Filigree Ct,VA
Sunnyvale Data Center 1,IPTP Networks,255 Caspian Drive,CA
LAX01,Goodman Group,Los Angeles,CA
Cyber Wurx Atlanta Data Center.,Cyber Wurx,55 Marietta Street,GA
DCA3 - Springfield Data Center,"Superb Internet, A CherryRoad Company",6621 Electronic Drive,VA
NYC5 New York City Data Center,Zenlayer,111 8th Avenue,NY
Colo@32,NYSERNet,32 6th Avenue,NY
Santa Clara II Data Center Campus - Building 2,Vantage Data Centers,737 Mathew Street,CA
Rackdog NJ / NYC,Rackdog,West New York,NJ
Palo Alto Data Center,IPTP Networks,529 Bryant Court,CA
ATL01B Data Center,Stack Infrastructure,3200 Webb Bridge Road,GA
"IAD6 Washington, D.C. Data Center",Zenlayer,44780 Performance Cir,VA
San Jose Data Center 6,IPTP Networks,11 Great Oaks Boulevard,CA
Sunnyvale Data Center 2,IPTP Networks,444 Toyama Dr,CA
POR03F Data Center,Stack Infrastructure,25775 Northwest Evergreen Road,OR
Snyder Data Center,Crusoe Cloud,9301 Camp Springs Rd,TX
Santa Clara II Data Center Campus - Building 3,Vantage Data Centers,737 Mathew Street,CA
El Segundo Data Center 2,IPTP Networks,445 North Douglas Street,CA
NVA05C Data Center,Stack Infrastructure,8886 Wellington Road,VA
Citigroup: 390 Greenwich,Citigroup Inc.,390 Greenwich St,NY
Chicago Boeing Data Center,Hostway,420 W Washington St,IL
Ashburn Data Center 5,IPTP Networks,21715 Filigree Court,VA
New York Data Center 7,IPTP Networks,60 Hudson Street,NY
POR03A Data Center,Stack Infrastructure,3155 Northeast Brookwood Parkway,OR
Ashburn Data Center 2,IPTP Networks,21715 Filigree Court,VA
New York Data Center 6,IPTP Networks,65 Broadway 3rd floor,NY
Santa Clara Data Center,Skybox Datacenters,Santa Clara,CA
New York Data Center 2,IPTP Networks,111 8th Avenue suite 303,NY
New York Data Center 5,IPTP Networks,111 8th Ave #1533,NY
Ashburn Data Center 3,IPTP Networks,21715 Filigree Court,VA
Ashburn Data Center 6,IPTP Networks,21715 Filigree Court,VA
POR03C Data Center,Stack Infrastructure,3835 Northeast Evergreen Road,OR
Ashburn Data Center 4,IPTP Networks,21715 Filigree Court,VA
New York Data Center 8,IPTP Networks,60 Hudson Street suite 1215,NY
Santa Clara I Data Center Campus - Building 3,Vantage Data Centers,2820 Northwestern Pkwy,CA
New York Data Center 4,IPTP Networks,60 Hudson Street,NY
VIN1 Data Center,OVH,6872 Watson Ct,VA
NVA06A Data Center,Stack Infrastructure,19275 Compass Creek Parkway Southeast,VA
DC1 Tampa Data Center,Hostway,412 E Madison St,FL
POR03B Data Center,Stack Infrastructure,4735 Northeast Starr Boulevard,OR
New York Data Center 3,IPTP Networks,111 8th Ave,NY
PHX01 Data Center,Stack Infrastructure,Avondale Circle,PA
New York Data Center 10,IPTP Networks,32 6th Avenue,NY
Boardman Data Center,DMG Blockchain Solutions Inc.,Boardman,OR
Rackdog Seattle,Rackdog,Seattle,WA
NVA06B Data Center,Stack Infrastructure,Compass Creek Parkway Southeast,VA
POR03D Data Center,Stack Infrastructure,25505 Northwest Evergreen Road,OR
New York Data Center 9,IPTP Networks,60 Hudson Street,NY
DC2 Tampa Data Center,Hostway,412 East Madison Street,FL
Rantoul 1,ColocationPLUS,101 West International Avenue,IL
DFW01A Data Center,Stack Infrastructure,6653 Pinecrest Drive,TX
Rackdog Ashburn,Rackdog,Ashburn,VA
Rackdog Los Angeles,Rackdog,Los Angeles,CA
DFW01C Data Center,Stack Infrastructure,5601 West Spring Creek Parkway,TX
Loudoun County - Building 1 Data Center,Stack Infrastructure,Evergreen Mills Rd,VA
DFW01B DAT CENTER,Stack Infrastructure,6715 Pinecrest Drive,TX
DFW02B Data Center,Stack Infrastructure,East Belt Line Road,TX
NVA02B Data Center,Stack Infrastructure,9720 Hornbaker Road,VA
NVA02H Data Center,Stack Infrastructure,Manassas,VA
SVY01C Data Center,Stack Infrastructure,1849 Fortune Drive,CA
SVY02A Data Center,Stack Infrastructure,1200 Memorex Drive,CA
"Abilene, Texas Data Center",Oracle Cloud Infrastructure,Abilene,TX
NVA02J Data Center,Stack Infrastructure,Linton Hall Road,VA
Loudoun County - Building 2 Data Center,Stack Infrastructure,Evergreen Mills Rd,VA
Rackdog Chicago,Rackdog,Chicago,IL
NVA01A Data Center,Stack Infrastructure,22080 Pacific Boulevard,VA
NVA02C Data Center,Stack Infrastructure,9730 Hornbaker Road,VA
NVA02I Data Center,Stack Infrastructure,Linton Hall Road,VA
SVY01A Data Center,Stack Infrastructure,2001 Fortune Drive,CA
SVY01D Data Center,Stack Infrastructure,2400 Ringwood Avenue,CA
INAP Seattle Data Center,Evocative,South 120th Place,WA
DFW02C Data Center,Stack Infrastructure,East Belt Line Road,TX
DFW02E Data Center,Stack Infrastructure,East Belt Line Road,TX
DFW02D Data Center,Stack Infrastructure,East Belt Line Road,TX
DFW02A Data Center,Stack Infrastructure,East Belt Line Road,TX
NVA02A Data Center,Stack Infrastructure,9720 Hornbaker Road,VA
NVA05A Data Center,Stack Infrastructure,9101 Freedom Center Boulevard,VA
NVA02G Data Center,Stack Infrastructure,9530 Hornbaker Road,VA
NVA02F Data Center,Stack Infrastructure,Manassas,VA
MTP Data Center.,Servpac,200 Kahelu Avenue,HI
NVA05B Data Center,Stack Infrastructure,Freedom Center Boulevard,VA
Yorkville - Building 3 Data Center,CyrusOne,Plano,IL
Atlanta - Alpharetta Data Center,Flexential,12655 Edison Drive,GA
Atlanta - Norcross Data Center,Flexential,2775 Northwoods Pkwy,GA
Jacksonville Data Center,Flexential,4905 Belfort Road suite 145,FL
Fort Lauderdale Data Center,Flexential,5301 Northwest 33rd Avenue,FL
Richmond Data Center,Flexential,8851 Park Central Drive suite b,VA
Phoenix Data Center,PhoenixNAP,3402 East University Drive,AZ
@Chicago Data Center,T5 Data Centers,200 Innovation Drive,IL
Denver - Centennial Data Center,Flexential,12500 East Arapahoe Road,CO
Salt Lake City - Millcreek Data Center,Flexential,3949 South 200 East suite b1,UT
Salt Lake City - South Valley Data Center,Flexential,7202 S Campus View Dr,UT
Nashville - Cool Springs Data Center,Flexential,425 Duke Drive,TN
Raleigh Data Center,Flexential,5150 McCrimmon Parkway #423,NC
Dallas - Plano Data Center,Flexential,3500 East Plano Parkway,TX
Las Vegas - Downtown Data Center,Flexential,304 E Carson Ave suite 370,NV
Portland - Hillsboro 3 Data Center,Flexential,5419 NE Starr Blvd,OR
Nashville - Franklin Data Center,Flexential,4600 Carothers Parkway,TN
CHI6 - Wood Dale Data Center,CyrusOne,Bensenville,IL
LA2 Los Angeles Data Center,CoreSite,900 Alameda Street,CA
Las Vegas - North Data Center,Flexential,3330 E Lone Mountain Rd,NV
Portland Data Center,FirstLight,340 Cumberland Ave,ME
DC2 Ashburn Data Center,Equinix,21715 Filigree Court,VA
Seattle Data Center,WowRack,12201 Tukwila International Boulevard,WA
Chicago Data Center,QTS Data Centers,2800 South Ashland Avenue,IL
Santa Clara Data Center,QTS Data Centers,2807 Mission College Boulevard,CA
San Francisco Data Center,Claranet,555 California Street suite 4925,CA
Rantoul 2,ColocationPLUS,Rantoul,IL
Champaign 1,ColocationPLUS,401 South Chestnut Street,IL
365 Data Centers Tampa,Accel Communications LLC,655 North Franklin Street,FL
Ashburn Data Center,GTHost,12100 Sunrise Valley Drive,VA
Atlanta Data Center,GTHost,55 Marietta Street,GA
Chicago Data Center,GTHost,427 South Lasalle Street,IL
AI-image for illustrative purposes,GTHost,400 South Akard Street,TX
WebNX Ogden Data Center,WebNX,119 North 600 West,UT
WebNX Los Angeles Data Center,WebNX,530 West 6th Street,CA
FiberHub Data Center (Las Vegas),FiberHub,7925 West Sahara Avenue,NV
PHX1 - Chandler Data Center,CyrusOne,2335 South Ellis Street,AZ
PHX2 - Chandler Data Center,CyrusOne,2305 South Ellis Street,AZ
PHX3 - Chandler Data Center,CyrusOne,2305 South Ellis Street,AZ
PHX4 - Chandler Data Center,CyrusOne,2495 South Ellis Street,AZ
PHX5 - Chandler Data Center,CyrusOne,2405 South Ellis Street,AZ
PHX6 - Chandler Data Center,CyrusOne,2605 South Ellis Street,AZ
PHX7 - Chandler Data Center,CyrusOne,2705 South Ellis Street,AZ
PHX8 - Chandler Data Center,CyrusOne,2705 South Ellis Street,AZ
Yorkville - Building 1 Data Center,CyrusOne,Plano,IL
Yorkville - Building 2 Data Center,CyrusOne,Plano,IL
Yorkville - Building 4 Data Center,CyrusOne,Plano,IL
Yorkville - Building 5 Data Center,CyrusOne,Plano,IL
Yorkville - Building 6 Data Center,CyrusOne,Plano,IL
Yorkville - Building 7 Data Center,CyrusOne,Plano,IL
Yorkville - Building 8 Data Center,CyrusOne,Plano,IL
Yorkville - Building 9 Data Center,CyrusOne,Plano,IL
CHI3 - Aurora Campus Data Center,CyrusOne,2725 Bilter Road,IL
Talkington Township DC1 Data Center,CyrusOne,Clark Road,IL
Talkington Township DC2 Data Center,CyrusOne,Clark Road,IL
Talkington Township DC3 Data Center,CyrusOne,Clark Road,IL
Talkington Township DC4 Data Center,CyrusOne,Clark Road,IL
Talkington Township DC5 Data Center,CyrusOne,Clark Road,IL
Talkington Township DC6 Data Center,CyrusOne,Clark Road,IL
COL1 - New Albany Data Center,CyrusOne,12181 Jug Street,OH
DFW10 - Whitney Data Center,CyrusOne,557 County Road 3610,TX
DFW11 - Whitney Data Center,CyrusOne,557 County Road 3610,TX
DFW17B - Whitney Data Center,CyrusOne,557 County Road 3610,TX
DFW17C - Whitney Data Center,CyrusOne,557 County Road 3610,TX
DFW17 - Whitney Data Center,CyrusOne,557 County Road 3610,TX
DFW4 - Allen Data Center,CyrusOne,2300 Chelsea Boulevard,TX
DFW5 - Allen Data Center,CyrusOne,2300 Chelsea Boulevard,TX
DFW6 - Richardson Data Center,CyrusOne,1510 East Lookout Drive,TX
DFW7 - Fort Worth Data Center,CyrusOne,Asphalt Dr,TX
Houston West I Data Center,CyrusOne,5150 Westway Park Boulevard,TX
Houston West II Data Center,CyrusOne,5150 Westway Park Boulevard,TX
Houston West III Data Center,CyrusOne,5150 Westway Park Boulevard,TX
Houston Galleria Data Center,CyrusOne,4201 Southwest Freeway,TX
SAT3 - San Antonio Data Center,CyrusOne,9554 Westover Hills Boulevard,TX
SAT4 - San Antonio Data Center,CyrusOne,9655 Raba Drive,TX
SAT6 - San Antonio Data Center,CyrusOne,14719 Omicron Drive,TX
SAT8 - San Antonio Data Center,CyrusOne,14677 Omicron Drive,TX
HostRocket,HostRocket,21 Corporate Drive,NY
SAT9 - San Antonio Data Center,CyrusOne,14815 Omicron Drive,TX
NVA14 Data Center,CyrusOne,21529 Beaumeade Circle,VA
Broadlands Building 1 Data Center,CyrusOne,Broadlands,VA
Broadlands Building 2 Data Center,CyrusOne,Broadlands,VA
Broadlands Building 3 Data Center,CyrusOne,Broadlands,VA
Broadlands Building 4 Data Center,CyrusOne,Broadlands,VA
SDTC Data Center,M5 Hosting,9725 Scranton Road,CA
LWDC Data Center,M5 Hosting,9305 Lightwave Avenue,CA
Austin 2 Data Center,M5 Hosting,Austin,TX
IAD1 Data Center,Evocative,1807 Michael Faraday Court,VA
INAP Houston Data Center,Evocative,1301 Fannin Street,TX
CMH II Data Center,Overwatch,Canal Winchester,OH
GSP Data Center,Overwatch,578 Robinson Road,SC
Plano Data Center,24 Hour Data,811 East Plano Parkway,TX
Houston Data Center,24 Hour Data,723 Main Street,TX
COOLHOUSING S4 Server Room Brno,COOLHOUSING,Root Road,MN
CHI02 Campus Data Center,Stack Infrastructure,Elk Grove Village,IL
NVA04 Data Center,Stack Infrastructure,Northern,VA
NVA05D Data Center,Stack Infrastructure,8886 Wellington Road,VA
STC Campus,Stack Infrastructure,Stafford,VA
PHX02A Data Center,Stack Infrastructure,Central Phoenix,AZ
PHX02B Data Center,Stack Infrastructure,Central Phoenix,AZ
PHX02C Data Center,Stack Infrastructure,Central Phoenix,AZ
PHX02D Data Center,Stack Infrastructure,Central Phoenix,AZ
PHX02E Data Center,Stack Infrastructure,Central Phoenix,AZ
POR02 Data Center,Stack Infrastructure,Hillsboro,OR
"Shackelford County, Texas Data Center",Oracle Cloud Infrastructure,County,TX
"Port Washington, Wisconsin Data Center",Oracle Cloud Infrastructure,Port Washington,WA
"Saline Township, Michigan Data Center",Oracle Cloud Infrastructure,Saline Township,MI
Dona Ana County / Project Jupiter Data Center,Oracle Cloud Infrastructure,New Mexico Avenue,NM
Calvert City Data Center,"Riot Platforms, Inc.",1542 North Main Street,KY
Paducah Data Center,"Riot Platforms, Inc.",5657 Commerce Drive,KY
Rockdale Data Center,"Riot Platforms, Inc.",2721 Charles Martin Hall Rd,TX
Corsicana Data Center,"Riot Platforms, Inc.",6980 Fm 709,TX
New York Data Center,ServerMania,101 Possumtown Road,NJ
Texas Campus Data Center,Skybox Datacenters,Wichita Falls,TX
Austin Campus Data Center,Skybox Datacenters,Hutto,TX
Dallas Campus Data Center,Skybox Datacenters,South Dallas Lane,IL
Edina Data Center,"Consolidated Communications Holdings, Inc.",7700 France Avenue South,MN
Mankato Data Center,"Consolidated Communications Holdings, Inc.",221 East Hickory Street,MN
Dallas Data Center,"Consolidated Communications Holdings, Inc.",400 South Akard Street,TX
Denton Data Center,QumulusAI,750 Precision Drive,TX
Hubbard Campus,Nexus Data Center,Hubbard,TX
CTP-02 Data Center,PowerHouse Data Centers,Ashburn,VA
CTP-03 Data Center,PowerHouse Data Centers,Ashburn,VA
1600 Digital Drive Data Center,PowerHouse Data Centers,1600 Digital Drive,VA
PAX-1 Data Center,PowerHouse Data Centers,Virginia Beach,VA
Hobart Campus,PowerHouse Data Centers,Virginia Beach,VA
Circle T Campus,PowerHouse Data Centers,Virginia Beach,VA
Innsbrook Data Center,Windstream,4551 Cox Road,VA
Sterling Data Center,Windstream,21376 Potomac View Road,VA
Brookfield Data Center,Windstream,13935 Bishops Drive,WI
Illinois Campus,Compass Datacenters,Illinois City,IL
Meridian Data Center,Compass Datacenters,Jackson Ridge Way,ID
Boston Data Center,Compass Datacenters,Boston,MA
Columbus 01 Data Center,Compass Datacenters,Columbus,OH
Columbus 02 Data Center,Compass Datacenters,Columbus,OH
Nashville Data Center,Compass Datacenters,Nashville,TN
Raleigh Data Center,Compass Datacenters,Triangle Promenade Drive,NC
Dorothy 1A Data Center,Soluna,Texas City,TX
Dorothy 1B Data Center,Soluna,Texas City,TX
Nebius Vineland Data Center,Nebius,Vineland,NJ
Dorothy 2 Data Center,Soluna,West,TX
Sophie Data Center,Soluna,Kentucky Hills,KY
Dorothy 3 Data Center,Soluna,West,TX
Kati 1 Data Center,Soluna,Texas City,TX
Kati 2 Data Center,Soluna,Texas City,TX
Grace Data Center,Soluna,Texas City,TX
Rosa data center,Soluna,Texas City,TX
Hedy Data Center,Soluna,Texas City,TX
Ellen Data Center,Soluna,Texas City,TX
Fei Data Center,Soluna,Texas City,TX
Gladys Data Center,Soluna,Texas City,TX
Butte Data Center,Atlas Power,200 Technology Way,MT
Willinston Data Center,Atlas Power,5046 143rd Avenue Northwest,ND
North Dakota Data Center,Bitzero Data Center,81st Street Northeast,MN
Grand Forks Data Center,Midco Business,3251 32nd Avenue South,ND
Yankton Data Center,Midco Business,2106 West City Limits Road,SD
Bismarck Coleman Data Center,Dakota Carrier Network,4202 Coleman Street,ND
Fargo Great Plains Data Center,Dakota Carrier Network,3901 Great Plains Drive,ND
Ellendale Data Center,Applied Digital Corporation,Ellendale,ND
Jamestown Data Center,Applied Digital Corporation,Jamestown,ND
Auburn 1 Data Center,Core Scientific,1571 West Samford Avenue,AL
Dalton 1 Data Center,Core Scientific,2205 Industrial South Road,GA
Dalton 2 Data Center,Core Scientific,2205 Industrial South Road,GA
Dalton 3 Data Center,Core Scientific,206 Boring Drive,GA
Calvert 1 Data Center,Core Scientific,1035 Shar-Cal Road,KY
Calvert 2 Data Center,Core Scientific,1035 Shar-Cal Road,KY
Calvert 3 Data Center,Core Scientific,1035 Shar-Cal Road,KY
Marble Data Center,Core Scientific,155 Palmer Lane,NC
Grand Forks Data Center,Core Scientific,5601 11th Avenue South,ND
Muskogee Data Center,Core Scientific,1525 West Smith Ferry Road,OK
Austin 1 Data Center,Core Scientific,3301 Hibbetts Road,TX
Denton 1 Data Center,Core Scientific,8171 Jim Christal Road,TX
Cottonwood 1 Data Center,Core Scientific,2119 Texas Highway 63,TX
Cottonwood 2 Data Center,Core Scientific,2119 Texas Highway 63,TX
VA-9 Northern Virginia Data Center,Iron Mountain Data Centers,County Center,VA
Austin Building B Q3 Data Center,Sabey Data Centers,Round Rock,TX
Austin Building B Progress Q1 Data Center,Sabey Data Centers,Austin,TX
SDC Columbia Building 2 Data Center,Sabey Data Centers,Quincy,WA
Central U.S Data Center,Visa Inc.,Central,SC
Eastern USA Data Center,Visa Inc.,Eastern,KY
Gainesville - Bldg 1 Data Center,Corscale,13760 University Boulevard,VA
Kincora VA Data Center,Corscale,Kincora,VA
Atlanta Data Center,DP Facilities,Atlanta,GA
Austin Data Center,DP Facilities,Austin,TX
Reno Data Center,DP Facilities,Reno,NV
Denver Data Center,DP Facilities,Denver,CO
Salt Lake City Data Center,DP Facilities,Salt Lake City,UT
Ashburn Data Center,DP Facilities,Ashburn,VA
Austin Data Center,EdgeConnex,Austin,TX
Buckeye Technology Park Data Center,Tract,Buckeye,AZ
Morris Technology Park Data Center,Tract,Morris,IL
Altoona Data Center,Tract,Altoona,IA
Peru Ridge Data Center,Tract,The Ridges,NV
Peru Shelf Data Center,Tract,Las Vegas,NV
Sapphire Data Center,Tract,Sapphire Circle,NV
South Valley Data Center,Tract,South Valley Road,NV
Virginia Highlands Data Center,Tract,Virginia City Highlands,NV
Applewhite Data Center,Tract,Old Applewhite Road,TX
Caldwell Valley Data Center,Tract,Caldwell,TX
Medina Technology Park,Tract,Medina,TX
Pole Canyon Data Center,Tract,Pole Canyon Road,UT
Pony Express Data Center,Tract,South Pony Express Road,UT
Hanover Data Center,Tract,Hanover,VA
Caroline County Data Center,CleanArc,124 County Street,VA
Dallas Data Center,CleanArc,Dallas,TX
Southern Dallas Data Center,CleanArc,Southern Drive,TX
Chicago Data Center,CleanArc,Chicago,IL
Atlanta Data Center,CleanArc,Atlanta,GA
Austin Data Center,CleanArc,Austin,TX
